solid ASCII
  facet normal -6.800301e-01 7.331842e-01 0.000000e+00
    outer loop
      vertex   1.454589e+03 1.030712e+03 1.500000e+00
      vertex   1.454589e+03 1.030712e+03 0.000000e+00
      vertex   1.454216e+03 1.030366e+03 1.500000e+00
    endloop
  endfacet
  facet normal -6.800301e-01 7.331842e-01 8.057221e-15
    outer loop
      vertex   1.454216e+03 1.030366e+03 1.500000e+00
      vertex   1.454589e+03 1.030712e+03 0.000000e+00
      vertex   1.454216e+03 1.030366e+03 0.000000e+00
    endloop
  endfacet
  facet normal -4.730605e-01 8.810299e-01 6.184101e-14
    outer loop
      vertex   1.454216e+03 1.030366e+03 1.500000e+00
      vertex   1.454216e+03 1.030366e+03 0.000000e+00
      vertex   1.453768e+03 1.030125e+03 1.500000e+00
    endloop
  endfacet
  facet normal -4.730605e-01 8.810299e-01 -7.170767e-14
    outer loop
      vertex   1.453768e+03 1.030125e+03 1.500000e+00
      vertex   1.454216e+03 1.030366e+03 0.000000e+00
      vertex   1.453768e+03 1.030125e+03 0.000000e+00
    endloop
  endfacet
  facet normal -2.354863e-01 9.718777e-01 -3.569560e-14
    outer loop
      vertex   1.453768e+03 1.030125e+03 1.500000e+00
      vertex   1.453768e+03 1.030125e+03 0.000000e+00
      vertex   1.453273e+03 1.030005e+03 1.500000e+00
    endloop
  endfacet
  facet normal -2.354863e-01 9.718777e-01 -7.139119e-14
    outer loop
      vertex   1.453273e+03 1.030005e+03 1.500000e+00
      vertex   1.453768e+03 1.030125e+03 0.000000e+00
      vertex   1.453273e+03 1.030005e+03 0.000000e+00
    endloop
  endfacet
  facet normal 1.732257e-02 9.998500e-01 5.251595e-15
    outer loop
      vertex   1.453273e+03 1.030005e+03 1.500000e+00
      vertex   1.453273e+03 1.030005e+03 0.000000e+00
      vertex   1.452765e+03 1.030014e+03 1.500000e+00
    endloop
  endfacet
  facet normal 1.732257e-02 9.998500e-01 2.625797e-15
    outer loop
      vertex   1.452765e+03 1.030014e+03 1.500000e+00
      vertex   1.453273e+03 1.030005e+03 0.000000e+00
      vertex   1.452765e+03 1.030014e+03 0.000000e+00
    endloop
  endfacet
  facet normal 2.690108e-01 9.631372e-01 4.077732e-14
    outer loop
      vertex   1.452765e+03 1.030014e+03 1.500000e+00
      vertex   1.452765e+03 1.030014e+03 0.000000e+00
      vertex   1.452275e+03 1.030151e+03 1.500000e+00
    endloop
  endfacet
  facet normal 2.690108e-01 9.631372e-01 4.077732e-14
    outer loop
      vertex   1.452275e+03 1.030151e+03 1.500000e+00
      vertex   1.452765e+03 1.030014e+03 0.000000e+00
      vertex   1.452275e+03 1.030151e+03 0.000000e+00
    endloop
  endfacet
  facet normal 5.032954e-01 8.641144e-01 7.629075e-14
    outer loop
      vertex   1.452275e+03 1.030151e+03 1.500000e+00
      vertex   1.452275e+03 1.030151e+03 0.000000e+00
      vertex   1.451835e+03 1.030407e+03 1.500000e+00
    endloop
  endfacet
  facet normal 5.032954e-01 8.641144e-01 0.000000e+00
    outer loop
      vertex   1.451835e+03 1.030407e+03 1.500000e+00
      vertex   1.452275e+03 1.030151e+03 0.000000e+00
      vertex   1.451835e+03 1.030407e+03 0.000000e+00
    endloop
  endfacet
  facet normal 7.050195e-01 7.091880e-01 0.000000e+00
    outer loop
      vertex   1.451835e+03 1.030407e+03 1.500000e+00
      vertex   1.451835e+03 1.030407e+03 0.000000e+00
      vertex   1.451475e+03 1.030766e+03 1.500000e+00
    endloop
  endfacet
  facet normal 7.050195e-01 7.091880e-01 0.000000e+00
    outer loop
      vertex   1.451475e+03 1.030766e+03 1.500000e+00
      vertex   1.451835e+03 1.030407e+03 0.000000e+00
      vertex   1.451475e+03 1.030766e+03 0.000000e+00
    endloop
  endfacet
  facet normal 8.611324e-01 5.083807e-01 0.000000e+00
    outer loop
      vertex   1.451475e+03 1.030766e+03 1.500000e+00
      vertex   1.451475e+03 1.030766e+03 0.000000e+00
      vertex   1.451216e+03 1.031204e+03 1.500000e+00
    endloop
  endfacet
  facet normal 8.611324e-01 5.083807e-01 1.305326e-13
    outer loop
      vertex   1.451216e+03 1.031204e+03 1.500000e+00
      vertex   1.451475e+03 1.030766e+03 0.000000e+00
      vertex   1.451216e+03 1.031204e+03 0.000000e+00
    endloop
  endfacet
  facet normal 9.615346e-01 2.746839e-01 1.457518e-13
    outer loop
      vertex   1.451216e+03 1.031204e+03 1.500000e+00
      vertex   1.451216e+03 1.031204e+03 0.000000e+00
      vertex   1.451076e+03 1.031693e+03 1.500000e+00
    endloop
  endfacet
  facet normal 9.615346e-01 2.746839e-01 0.000000e+00
    outer loop
      vertex   1.451076e+03 1.031693e+03 1.500000e+00
      vertex   1.451216e+03 1.031204e+03 0.000000e+00
      vertex   1.451076e+03 1.031693e+03 0.000000e+00
    endloop
  endfacet
  facet normal 9.997305e-01 2.321649e-02 0.000000e+00
    outer loop
      vertex   1.451076e+03 1.031693e+03 1.500000e+00
      vertex   1.451076e+03 1.031693e+03 0.000000e+00
      vertex   1.451064e+03 1.032201e+03 1.500000e+00
    endloop
  endfacet
  facet normal 9.997305e-01 2.321649e-02 -3.519213e-15
    outer loop
      vertex   1.451064e+03 1.032201e+03 1.500000e+00
      vertex   1.451076e+03 1.031693e+03 0.000000e+00
      vertex   1.451064e+03 1.032201e+03 0.000000e+00
    endloop
  endfacet
  facet normal 9.732490e-01 -2.297529e-01 3.482651e-14
    outer loop
      vertex   1.451064e+03 1.032201e+03 1.500000e+00
      vertex   1.451064e+03 1.032201e+03 0.000000e+00
      vertex   1.451181e+03 1.032697e+03 1.500000e+00
    endloop
  endfacet
  facet normal 9.732490e-01 -2.297529e-01 -2.602284e-13
    outer loop
      vertex   1.451181e+03 1.032697e+03 1.500000e+00
      vertex   1.451064e+03 1.032201e+03 0.000000e+00
      vertex   1.451181e+03 1.032697e+03 0.000000e+00
    endloop
  endfacet
  facet normal 8.838034e-01 -4.678585e-01 -1.970190e-13
    outer loop
      vertex   1.451181e+03 1.032697e+03 1.500000e+00
      vertex   1.451181e+03 1.032697e+03 0.000000e+00
      vertex   1.451419e+03 1.033146e+03 1.500000e+00
    endloop
  endfacet
  facet normal 8.838034e-01 -4.678585e-01 -2.679382e-13
    outer loop
      vertex   1.451419e+03 1.033146e+03 1.500000e+00
      vertex   1.451181e+03 1.032697e+03 0.000000e+00
      vertex   1.451419e+03 1.033146e+03 0.000000e+00
    endloop
  endfacet
  facet normal 7.371803e-01 -6.756961e-01 -2.234872e-13
    outer loop
      vertex   1.451419e+03 1.033146e+03 1.500000e+00
      vertex   1.451419e+03 1.033146e+03 0.000000e+00
      vertex   1.451763e+03 1.033521e+03 1.500000e+00
    endloop
  endfacet
  facet normal 7.371803e-01 -6.756961e-01 -1.117436e-13
    outer loop
      vertex   1.451763e+03 1.033521e+03 1.500000e+00
      vertex   1.451419e+03 1.033146e+03 0.000000e+00
      vertex   1.451763e+03 1.033521e+03 0.000000e+00
    endloop
  endfacet
  facet normal 5.428655e-01 -8.398197e-01 -8.228888e-14
    outer loop
      vertex   1.451763e+03 1.033521e+03 1.500000e+00
      vertex   1.451763e+03 1.033521e+03 0.000000e+00
      vertex   1.452190e+03 1.033797e+03 1.500000e+00
    endloop
  endfacet
  facet normal 5.428655e-01 -8.398197e-01 0.000000e+00
    outer loop
      vertex   1.452190e+03 1.033797e+03 1.500000e+00
      vertex   1.451763e+03 1.033521e+03 0.000000e+00
      vertex   1.452190e+03 1.033797e+03 0.000000e+00
    endloop
  endfacet
  facet normal 3.134301e-01 -9.496113e-01 0.000000e+00
    outer loop
      vertex   1.452190e+03 1.033797e+03 1.500000e+00
      vertex   1.452190e+03 1.033797e+03 0.000000e+00
      vertex   1.452673e+03 1.033957e+03 1.500000e+00
    endloop
  endfacet
  facet normal 3.134301e-01 -9.496113e-01 0.000000e+00
    outer loop
      vertex   1.452673e+03 1.033957e+03 1.500000e+00
      vertex   1.452190e+03 1.033797e+03 0.000000e+00
      vertex   1.452673e+03 1.033957e+03 0.000000e+00
    endloop
  endfacet
  facet normal 6.371740e-02 -9.979680e-01 0.000000e+00
    outer loop
      vertex   1.452673e+03 1.033957e+03 1.500000e+00
      vertex   1.452673e+03 1.033957e+03 0.000000e+00
      vertex   1.453181e+03 1.033989e+03 1.500000e+00
    endloop
  endfacet
  facet normal 6.371740e-02 -9.979680e-01 0.000000e+00
    outer loop
      vertex   1.453181e+03 1.033989e+03 1.500000e+00
      vertex   1.452673e+03 1.033957e+03 0.000000e+00
      vertex   1.453181e+03 1.033989e+03 0.000000e+00
    endloop
  endfacet
  facet normal -1.901175e-01 -9.817614e-01 -0.000000e+00
    outer loop
      vertex   1.453181e+03 1.033989e+03 1.500000e+00
      vertex   1.453181e+03 1.033989e+03 0.000000e+00
      vertex   1.453680e+03 1.033892e+03 1.500000e+00
    endloop
  endfacet
  facet normal -1.901175e-01 -9.817614e-01 -0.000000e+00
    outer loop
      vertex   1.453680e+03 1.033892e+03 1.500000e+00
      vertex   1.453181e+03 1.033989e+03 0.000000e+00
      vertex   1.453680e+03 1.033892e+03 0.000000e+00
    endloop
  endfacet
  facet normal -4.316527e-01 -9.020399e-01 -0.000000e+00
    outer loop
      vertex   1.453680e+03 1.033892e+03 1.500000e+00
      vertex   1.453680e+03 1.033892e+03 0.000000e+00
      vertex   1.454139e+03 1.033673e+03 1.500000e+00
    endloop
  endfacet
  facet normal -4.316527e-01 -9.020399e-01 -0.000000e+00
    outer loop
      vertex   1.454139e+03 1.033673e+03 1.500000e+00
      vertex   1.453680e+03 1.033892e+03 0.000000e+00
      vertex   1.454139e+03 1.033673e+03 0.000000e+00
    endloop
  endfacet
  facet normal -6.452623e-01 -7.639611e-01 -0.000000e+00
    outer loop
      vertex   1.454139e+03 1.033673e+03 1.500000e+00
      vertex   1.454139e+03 1.033673e+03 0.000000e+00
      vertex   1.454528e+03 1.033345e+03 1.500000e+00
    endloop
  endfacet
  facet normal -6.452623e-01 -7.639611e-01 -0.000000e+00
    outer loop
      vertex   1.454528e+03 1.033345e+03 1.500000e+00
      vertex   1.454139e+03 1.033673e+03 0.000000e+00
      vertex   1.454528e+03 1.033345e+03 0.000000e+00
    endloop
  endfacet
  facet normal -8.171267e-01 -5.764580e-01 -0.000000e+00
    outer loop
      vertex   1.454528e+03 1.033345e+03 1.500000e+00
      vertex   1.454528e+03 1.033345e+03 0.000000e+00
      vertex   1.454821e+03 1.032929e+03 1.500000e+00
    endloop
  endfacet
  facet normal -8.171267e-01 -5.764580e-01 -0.000000e+00
    outer loop
      vertex   1.454821e+03 1.032929e+03 1.500000e+00
      vertex   1.454528e+03 1.033345e+03 0.000000e+00
      vertex   1.454821e+03 1.032929e+03 0.000000e+00
    endloop
  endfacet
  facet normal -9.361274e-01 -3.516611e-01 -0.000000e+00
    outer loop
      vertex   1.454821e+03 1.032929e+03 1.500000e+00
      vertex   1.454821e+03 1.032929e+03 0.000000e+00
      vertex   1.455000e+03 1.032453e+03 1.500000e+00
    endloop
  endfacet
  facet normal -9.361274e-01 -3.516611e-01 -0.000000e+00
    outer loop
      vertex   1.455000e+03 1.032453e+03 1.500000e+00
      vertex   1.454821e+03 1.032929e+03 0.000000e+00
      vertex   1.455000e+03 1.032453e+03 0.000000e+00
    endloop
  endfacet
  facet normal 0.000000e+00 0.000000e+00 1.000000e+00
    outer loop
      vertex   1.407248e+03 1.094940e+03 1.500000e+00
      vertex   1.412248e+03 1.106440e+03 1.500000e+00
      vertex   1.407248e+03 1.108940e+03 1.500000e+00
    endloop
  endfacet
  facet normal -0.000000e+00 0.000000e+00 1.000000e+00
    outer loop
      vertex   1.407248e+03 1.108940e+03 1.500000e+00
      vertex   1.412248e+03 1.106440e+03 1.500000e+00
      vertex   1.429439e+03 1.111981e+03 1.500000e+00
    endloop
  endfacet
  facet normal 0.000000e+00 0.000000e+00 1.000000e+00
    outer loop
      vertex   1.407248e+03 1.108940e+03 1.500000e+00
      vertex   1.429439e+03 1.111981e+03 1.500000e+00
      vertex   1.429791e+03 1.112361e+03 1.500000e+00
    endloop
  endfacet
  facet normal -0.000000e+00 0.000000e+00 1.000000e+00
    outer loop
      vertex   1.393248e+03 1.094940e+03 1.500000e+00
      vertex   1.407248e+03 1.089940e+03 1.500000e+00
      vertex   1.407248e+03 1.094940e+03 1.500000e+00
    endloop
  endfacet
  facet normal 0.000000e+00 0.000000e+00 1.000000e+00
    outer loop
      vertex   1.407248e+03 1.094940e+03 1.500000e+00
      vertex   1.407248e+03 1.089940e+03 1.500000e+00
      vertex   1.412248e+03 1.092440e+03 1.500000e+00
    endloop
  endfacet
  facet normal -0.000000e+00 0.000000e+00 1.000000e+00
    outer loop
      vertex   1.407248e+03 1.094940e+03 1.500000e+00
      vertex   1.412248e+03 1.092440e+03 1.500000e+00
      vertex   1.412248e+03 1.106440e+03 1.500000e+00
    endloop
  endfacet
  facet normal 0.000000e+00 0.000000e+00 1.000000e+00
    outer loop
      vertex   1.393248e+03 1.108940e+03 1.500000e+00
      vertex   1.388248e+03 1.097440e+03 1.500000e+00
      vertex   1.393248e+03 1.094940e+03 1.500000e+00
    endloop
  endfacet
  facet normal 0.000000e+00 0.000000e+00 1.000000e+00
    outer loop
      vertex   1.393248e+03 1.094940e+03 1.500000e+00
      vertex   1.388248e+03 1.097440e+03 1.500000e+00
      vertex   1.388248e+03 1.092440e+03 1.500000e+00
    endloop
  endfacet
  facet normal 0.000000e+00 0.000000e+00 1.000000e+00
    outer loop
      vertex   1.393248e+03 1.094940e+03 1.500000e+00
      vertex   1.388248e+03 1.092440e+03 1.500000e+00
      vertex   1.393248e+03 1.089940e+03 1.500000e+00
    endloop
  endfacet
  facet normal 0.000000e+00 0.000000e+00 1.000000e+00
    outer loop
      vertex   1.393248e+03 1.089940e+03 1.500000e+00
      vertex   1.388248e+03 1.092440e+03 1.500000e+00
      vertex   1.388248e+03 1.078440e+03 1.500000e+00
    endloop
  endfacet
  facet normal 0.000000e+00 0.000000e+00 1.000000e+00
    outer loop
      vertex   1.393248e+03 1.089940e+03 1.500000e+00
      vertex   1.388248e+03 1.078440e+03 1.500000e+00
      vertex   1.393248e+03 1.075940e+03 1.500000e+00
    endloop
  endfacet
  facet normal 0.000000e+00 0.000000e+00 1.000000e+00
    outer loop
      vertex   1.393248e+03 1.075940e+03 1.500000e+00
      vertex   1.388248e+03 1.078440e+03 1.500000e+00
      vertex   1.388315e+03 1.073440e+03 1.500000e+00
    endloop
  endfacet
  facet normal 0.000000e+00 0.000000e+00 1.000000e+00
    outer loop
      vertex   1.393248e+03 1.075940e+03 1.500000e+00
      vertex   1.388315e+03 1.073440e+03 1.500000e+00
      vertex   1.393248e+03 1.070940e+03 1.500000e+00
    endloop
  endfacet
  facet normal 0.000000e+00 0.000000e+00 1.000000e+00
    outer loop
      vertex   1.393248e+03 1.070940e+03 1.500000e+00
      vertex   1.388315e+03 1.073440e+03 1.500000e+00
      vertex   1.388248e+03 1.059440e+03 1.500000e+00
    endloop
  endfacet
  facet normal 0.000000e+00 0.000000e+00 1.000000e+00
    outer loop
      vertex   1.393248e+03 1.070940e+03 1.500000e+00
      vertex   1.388248e+03 1.059440e+03 1.500000e+00
      vertex   1.393248e+03 1.056940e+03 1.500000e+00
    endloop
  endfacet
  facet normal 0.000000e+00 0.000000e+00 1.000000e+00
    outer loop
      vertex   1.393248e+03 1.056940e+03 1.500000e+00
      vertex   1.388248e+03 1.059440e+03 1.500000e+00
      vertex   1.388248e+03 1.054440e+03 1.500000e+00
    endloop
  endfacet
  facet normal 0.000000e+00 0.000000e+00 1.000000e+00
    outer loop
      vertex   1.393248e+03 1.056940e+03 1.500000e+00
      vertex   1.388248e+03 1.054440e+03 1.500000e+00
      vertex   1.393248e+03 1.051940e+03 1.500000e+00
    endloop
  endfacet
  facet normal 0.000000e+00 0.000000e+00 1.000000e+00
    outer loop
      vertex   1.393248e+03 1.051940e+03 1.500000e+00
      vertex   1.388248e+03 1.054440e+03 1.500000e+00
      vertex   1.388248e+03 1.040440e+03 1.500000e+00
    endloop
  endfacet
  facet normal 0.000000e+00 0.000000e+00 1.000000e+00
    outer loop
      vertex   1.393248e+03 1.051940e+03 1.500000e+00
      vertex   1.388248e+03 1.040440e+03 1.500000e+00
      vertex   1.393248e+03 1.037940e+03 1.500000e+00
    endloop
  endfacet
  facet normal 0.000000e+00 0.000000e+00 1.000000e+00
    outer loop
      vertex   1.393248e+03 1.037940e+03 1.500000e+00
      vertex   1.388248e+03 1.040440e+03 1.500000e+00
      vertex   1.383748e+03 1.032940e+03 1.500000e+00
    endloop
  endfacet
  facet normal 0.000000e+00 0.000000e+00 1.000000e+00
    outer loop
      vertex   1.393248e+03 1.037940e+03 1.500000e+00
      vertex   1.383748e+03 1.032940e+03 1.500000e+00
      vertex   1.397748e+03 1.032940e+03 1.500000e+00
    endloop
  endfacet
  facet normal 0.000000e+00 0.000000e+00 1.000000e+00
    outer loop
      vertex   1.388248e+03 1.097440e+03 1.500000e+00
      vertex   1.393248e+03 1.108940e+03 1.500000e+00
      vertex   1.388248e+03 1.111440e+03 1.500000e+00
    endloop
  endfacet
  facet normal 0.000000e+00 0.000000e+00 1.000000e+00
    outer loop
      vertex   1.388248e+03 1.111440e+03 1.500000e+00
      vertex   1.393248e+03 1.108940e+03 1.500000e+00
      vertex   1.407248e+03 1.108940e+03 1.500000e+00
    endloop
  endfacet
  facet normal -0.000000e+00 -0.000000e+00 1.000000e+00
    outer loop
      vertex   1.388248e+03 1.111440e+03 1.500000e+00
      vertex   1.407248e+03 1.108940e+03 1.500000e+00
      vertex   1.381248e+03 1.117440e+03 1.500000e+00
    endloop
  endfacet
  facet normal 1.126726e-15 3.446455e-15 1.000000e+00
    outer loop
      vertex   1.381248e+03 1.117440e+03 1.500000e+00
      vertex   1.407248e+03 1.108940e+03 1.500000e+00
      vertex   1.430229e+03 1.112638e+03 1.500000e+00
    endloop
  endfacet
  facet normal -2.785232e-14 1.835615e-13 1.000000e+00
    outer loop
      vertex   1.430229e+03 1.112638e+03 1.500000e+00
      vertex   1.407248e+03 1.108940e+03 1.500000e+00
      vertex   1.429791e+03 1.112361e+03 1.500000e+00
    endloop
  endfacet
  facet normal -0.000000e+00 0.000000e+00 1.000000e+00
    outer loop
      vertex   1.426248e+03 1.073440e+03 1.500000e+00
      vertex   1.452874e+03 1.061586e+03 1.500000e+00
      vertex   1.426248e+03 1.087440e+03 1.500000e+00
    endloop
  endfacet
  facet normal 0.000000e+00 0.000000e+00 1.000000e+00
    outer loop
      vertex   1.426248e+03 1.087440e+03 1.500000e+00
      vertex   1.452874e+03 1.061586e+03 1.500000e+00
      vertex   1.453392e+03 1.061563e+03 1.500000e+00
    endloop
  endfacet
  facet normal -0.000000e+00 0.000000e+00 1.000000e+00
    outer loop
      vertex   1.426248e+03 1.087440e+03 1.500000e+00
      vertex   1.453392e+03 1.061563e+03 1.500000e+00
      vertex   1.426248e+03 1.092440e+03 1.500000e+00
    endloop
  endfacet
  facet normal -0.000000e+00 0.000000e+00 1.000000e+00
    outer loop
      vertex   1.426248e+03 1.092440e+03 1.500000e+00
      vertex   1.453392e+03 1.061563e+03 1.500000e+00
      vertex   1.432672e+03 1.109625e+03 1.500000e+00
    endloop
  endfacet
  facet normal 0.000000e+00 0.000000e+00 1.000000e+00
    outer loop
      vertex   1.426248e+03 1.092440e+03 1.500000e+00
      vertex   1.432672e+03 1.109625e+03 1.500000e+00
      vertex   1.432311e+03 1.109254e+03 1.500000e+00
    endloop
  endfacet
  facet normal -0.000000e+00 0.000000e+00 1.000000e+00
    outer loop
      vertex   1.412248e+03 1.073440e+03 1.500000e+00
      vertex   1.412248e+03 1.068440e+03 1.500000e+00
      vertex   1.426248e+03 1.073440e+03 1.500000e+00
    endloop
  endfacet
  facet normal 0.000000e+00 0.000000e+00 1.000000e+00
    outer loop
      vertex   1.426248e+03 1.073440e+03 1.500000e+00
      vertex   1.412248e+03 1.068440e+03 1.500000e+00
      vertex   1.426315e+03 1.068440e+03 1.500000e+00
    endloop
  endfacet
  facet normal 0.000000e+00 0.000000e+00 1.000000e+00
    outer loop
      vertex   1.426248e+03 1.073440e+03 1.500000e+00
      vertex   1.426315e+03 1.068440e+03 1.500000e+00
      vertex   1.451905e+03 1.061239e+03 1.500000e+00
    endloop
  endfacet
  facet normal 0.000000e+00 0.000000e+00 1.000000e+00
    outer loop
      vertex   1.451905e+03 1.061239e+03 1.500000e+00
      vertex   1.426315e+03 1.068440e+03 1.500000e+00
      vertex   1.451520e+03 1.060891e+03 1.500000e+00
    endloop
  endfacet
  facet normal 0.000000e+00 0.000000e+00 1.000000e+00
    outer loop
      vertex   1.451520e+03 1.060891e+03 1.500000e+00
      vertex   1.426315e+03 1.068440e+03 1.500000e+00
      vertex   1.447000e+03 1.058000e+03 1.500000e+00
    endloop
  endfacet
  facet normal 0.000000e+00 0.000000e+00 1.000000e+00
    outer loop
      vertex   1.451520e+03 1.060891e+03 1.500000e+00
      vertex   1.447000e+03 1.058000e+03 1.500000e+00
      vertex   1.451237e+03 1.060456e+03 1.500000e+00
    endloop
  endfacet
  facet normal 0.000000e+00 0.000000e+00 1.000000e+00
    outer loop
      vertex   1.451237e+03 1.060456e+03 1.500000e+00
      vertex   1.447000e+03 1.058000e+03 1.500000e+00
      vertex   1.451076e+03 1.059963e+03 1.500000e+00
    endloop
  endfacet
  facet normal 0.000000e+00 0.000000e+00 1.000000e+00
    outer loop
      vertex   1.451076e+03 1.059963e+03 1.500000e+00
      vertex   1.447000e+03 1.058000e+03 1.500000e+00
      vertex   1.451047e+03 1.059444e+03 1.500000e+00
    endloop
  endfacet
  facet normal 0.000000e+00 0.000000e+00 1.000000e+00
    outer loop
      vertex   1.451047e+03 1.059444e+03 1.500000e+00
      vertex   1.447000e+03 1.058000e+03 1.500000e+00
      vertex   1.451153e+03 1.058936e+03 1.500000e+00
    endloop
  endfacet
  facet normal 0.000000e+00 0.000000e+00 1.000000e+00
    outer loop
      vertex   1.451153e+03 1.058936e+03 1.500000e+00
      vertex   1.447000e+03 1.058000e+03 1.500000e+00
      vertex   1.451385e+03 1.058472e+03 1.500000e+00
    endloop
  endfacet
  facet normal 0.000000e+00 0.000000e+00 1.000000e+00
    outer loop
      vertex   1.451385e+03 1.058472e+03 1.500000e+00
      vertex   1.447000e+03 1.058000e+03 1.500000e+00
      vertex   1.451730e+03 1.058084e+03 1.500000e+00
    endloop
  endfacet
  facet normal 0.000000e+00 0.000000e+00 1.000000e+00
    outer loop
      vertex   1.451730e+03 1.058084e+03 1.500000e+00
      vertex   1.447000e+03 1.058000e+03 1.500000e+00
      vertex   1.452162e+03 1.057797e+03 1.500000e+00
    endloop
  endfacet
  facet normal 0.000000e+00 0.000000e+00 1.000000e+00
    outer loop
      vertex   1.452162e+03 1.057797e+03 1.500000e+00
      vertex   1.447000e+03 1.058000e+03 1.500000e+00
      vertex   1.447000e+03 1.044000e+03 1.500000e+00
    endloop
  endfacet
  facet normal 0.000000e+00 0.000000e+00 1.000000e+00
    outer loop
      vertex   1.452162e+03 1.057797e+03 1.500000e+00
      vertex   1.447000e+03 1.044000e+03 1.500000e+00
      vertex   1.452654e+03 1.057631e+03 1.500000e+00
    endloop
  endfacet
  facet normal 0.000000e+00 0.000000e+00 1.000000e+00
    outer loop
      vertex   1.452654e+03 1.057631e+03 1.500000e+00
      vertex   1.447000e+03 1.044000e+03 1.500000e+00
      vertex   1.453172e+03 1.057598e+03 1.500000e+00
    endloop
  endfacet
  facet normal -0.000000e+00 0.000000e+00 1.000000e+00
    outer loop
      vertex   1.453172e+03 1.057598e+03 1.500000e+00
      vertex   1.447000e+03 1.044000e+03 1.500000e+00
      vertex   1.453681e+03 1.057698e+03 1.500000e+00
    endloop
  endfacet
  facet normal -0.000000e+00 0.000000e+00 1.000000e+00
    outer loop
      vertex   1.453681e+03 1.057698e+03 1.500000e+00
      vertex   1.447000e+03 1.044000e+03 1.500000e+00
      vertex   1.454147e+03 1.057927e+03 1.500000e+00
    endloop
  endfacet
  facet normal 0.000000e+00 0.000000e+00 1.000000e+00
    outer loop
      vertex   1.454147e+03 1.057927e+03 1.500000e+00
      vertex   1.447000e+03 1.044000e+03 1.500000e+00
      vertex   1.454139e+03 1.033673e+03 1.500000e+00
    endloop
  endfacet
  facet normal 0.000000e+00 0.000000e+00 1.000000e+00
    outer loop
      vertex   1.454147e+03 1.057927e+03 1.500000e+00
      vertex   1.454139e+03 1.033673e+03 1.500000e+00
      vertex   1.454528e+03 1.033345e+03 1.500000e+00
    endloop
  endfacet
  facet normal 0.000000e+00 0.000000e+00 1.000000e+00
    outer loop
      vertex   1.412248e+03 1.087440e+03 1.500000e+00
      vertex   1.407248e+03 1.075940e+03 1.500000e+00
      vertex   1.412248e+03 1.073440e+03 1.500000e+00
    endloop
  endfacet
  facet normal 0.000000e+00 0.000000e+00 1.000000e+00
    outer loop
      vertex   1.412248e+03 1.073440e+03 1.500000e+00
      vertex   1.407248e+03 1.075940e+03 1.500000e+00
      vertex   1.407315e+03 1.070940e+03 1.500000e+00
    endloop
  endfacet
  facet normal 0.000000e+00 0.000000e+00 1.000000e+00
    outer loop
      vertex   1.412248e+03 1.073440e+03 1.500000e+00
      vertex   1.407315e+03 1.070940e+03 1.500000e+00
      vertex   1.412248e+03 1.068440e+03 1.500000e+00
    endloop
  endfacet
  facet normal 0.000000e+00 0.000000e+00 1.000000e+00
    outer loop
      vertex   1.412248e+03 1.068440e+03 1.500000e+00
      vertex   1.407315e+03 1.070940e+03 1.500000e+00
      vertex   1.407248e+03 1.056940e+03 1.500000e+00
    endloop
  endfacet
  facet normal 0.000000e+00 0.000000e+00 1.000000e+00
    outer loop
      vertex   1.412248e+03 1.068440e+03 1.500000e+00
      vertex   1.407248e+03 1.056940e+03 1.500000e+00
      vertex   1.412248e+03 1.054440e+03 1.500000e+00
    endloop
  endfacet
  facet normal 0.000000e+00 0.000000e+00 1.000000e+00
    outer loop
      vertex   1.412248e+03 1.054440e+03 1.500000e+00
      vertex   1.407248e+03 1.056940e+03 1.500000e+00
      vertex   1.407248e+03 1.051940e+03 1.500000e+00
    endloop
  endfacet
  facet normal 0.000000e+00 0.000000e+00 1.000000e+00
    outer loop
      vertex   1.412248e+03 1.054440e+03 1.500000e+00
      vertex   1.407248e+03 1.051940e+03 1.500000e+00
      vertex   1.412248e+03 1.049440e+03 1.500000e+00
    endloop
  endfacet
  facet normal 0.000000e+00 0.000000e+00 1.000000e+00
    outer loop
      vertex   1.412248e+03 1.049440e+03 1.500000e+00
      vertex   1.407248e+03 1.051940e+03 1.500000e+00
      vertex   1.407248e+03 1.037940e+03 1.500000e+00
    endloop
  endfacet
  facet normal 0.000000e+00 0.000000e+00 1.000000e+00
    outer loop
      vertex   1.412248e+03 1.049440e+03 1.500000e+00
      vertex   1.407248e+03 1.037940e+03 1.500000e+00
      vertex   1.412248e+03 1.035440e+03 1.500000e+00
    endloop
  endfacet
  facet normal 0.000000e+00 0.000000e+00 1.000000e+00
    outer loop
      vertex   1.412248e+03 1.035440e+03 1.500000e+00
      vertex   1.407248e+03 1.037940e+03 1.500000e+00
      vertex   1.402748e+03 1.030440e+03 1.500000e+00
    endloop
  endfacet
  facet normal 0.000000e+00 0.000000e+00 1.000000e+00
    outer loop
      vertex   1.412248e+03 1.035440e+03 1.500000e+00
      vertex   1.402748e+03 1.030440e+03 1.500000e+00
      vertex   1.416748e+03 1.030440e+03 1.500000e+00
    endloop
  endfacet
  facet normal 0.000000e+00 0.000000e+00 1.000000e+00
    outer loop
      vertex   1.426248e+03 1.087440e+03 1.500000e+00
      vertex   1.412248e+03 1.092440e+03 1.500000e+00
      vertex   1.412248e+03 1.087440e+03 1.500000e+00
    endloop
  endfacet
  facet normal 0.000000e+00 -0.000000e+00 1.000000e+00
    outer loop
      vertex   1.412248e+03 1.087440e+03 1.500000e+00
      vertex   1.412248e+03 1.092440e+03 1.500000e+00
      vertex   1.407248e+03 1.089940e+03 1.500000e+00
    endloop
  endfacet
  facet normal 0.000000e+00 0.000000e+00 1.000000e+00
    outer loop
      vertex   1.412248e+03 1.087440e+03 1.500000e+00
      vertex   1.407248e+03 1.089940e+03 1.500000e+00
      vertex   1.407248e+03 1.075940e+03 1.500000e+00
    endloop
  endfacet
  facet normal -0.000000e+00 0.000000e+00 1.000000e+00
    outer loop
      vertex   1.355248e+03 1.056940e+03 1.500000e+00
      vertex   1.369248e+03 1.051940e+03 1.500000e+00
      vertex   1.369248e+03 1.056940e+03 1.500000e+00
    endloop
  endfacet
  facet normal 0.000000e+00 0.000000e+00 1.000000e+00
    outer loop
      vertex   1.369248e+03 1.056940e+03 1.500000e+00
      vertex   1.369248e+03 1.051940e+03 1.500000e+00
      vertex   1.374248e+03 1.054440e+03 1.500000e+00
    endloop
  endfacet
  facet normal -0.000000e+00 0.000000e+00 1.000000e+00
    outer loop
      vertex   1.369248e+03 1.056940e+03 1.500000e+00
      vertex   1.374248e+03 1.054440e+03 1.500000e+00
      vertex   1.374248e+03 1.059440e+03 1.500000e+00
    endloop
  endfacet
  facet normal 0.000000e+00 0.000000e+00 1.000000e+00
    outer loop
      vertex   1.374248e+03 1.059440e+03 1.500000e+00
      vertex   1.374248e+03 1.054440e+03 1.500000e+00
      vertex   1.388248e+03 1.054440e+03 1.500000e+00
    endloop
  endfacet
  facet normal -0.000000e+00 0.000000e+00 1.000000e+00
    outer loop
      vertex   1.374248e+03 1.059440e+03 1.500000e+00
      vertex   1.388248e+03 1.054440e+03 1.500000e+00
      vertex   1.388248e+03 1.059440e+03 1.500000e+00
    endloop
  endfacet
  facet normal 0.000000e+00 0.000000e+00 1.000000e+00
    outer loop
      vertex   1.355248e+03 1.070940e+03 1.500000e+00
      vertex   1.350315e+03 1.066440e+03 1.500000e+00
      vertex   1.355248e+03 1.056940e+03 1.500000e+00
    endloop
  endfacet
  facet normal 0.000000e+00 0.000000e+00 1.000000e+00
    outer loop
      vertex   1.355248e+03 1.056940e+03 1.500000e+00
      vertex   1.350315e+03 1.066440e+03 1.500000e+00
      vertex   1.350248e+03 1.052440e+03 1.500000e+00
    endloop
  endfacet
  facet normal 0.000000e+00 0.000000e+00 1.000000e+00
    outer loop
      vertex   1.355248e+03 1.056940e+03 1.500000e+00
      vertex   1.350248e+03 1.052440e+03 1.500000e+00
      vertex   1.355248e+03 1.051940e+03 1.500000e+00
    endloop
  endfacet
  facet normal 0.000000e+00 0.000000e+00 1.000000e+00
    outer loop
      vertex   1.355248e+03 1.051940e+03 1.500000e+00
      vertex   1.350248e+03 1.052440e+03 1.500000e+00
      vertex   1.350248e+03 1.047440e+03 1.500000e+00
    endloop
  endfacet
  facet normal 0.000000e+00 0.000000e+00 1.000000e+00
    outer loop
      vertex   1.355248e+03 1.051940e+03 1.500000e+00
      vertex   1.350248e+03 1.047440e+03 1.500000e+00
      vertex   1.355248e+03 1.037940e+03 1.500000e+00
    endloop
  endfacet
  facet normal 0.000000e+00 0.000000e+00 1.000000e+00
    outer loop
      vertex   1.355248e+03 1.037940e+03 1.500000e+00
      vertex   1.350248e+03 1.047440e+03 1.500000e+00
      vertex   1.350248e+03 1.033440e+03 1.500000e+00
    endloop
  endfacet
  facet normal 0.000000e+00 0.000000e+00 1.000000e+00
    outer loop
      vertex   1.355248e+03 1.037940e+03 1.500000e+00
      vertex   1.350248e+03 1.033440e+03 1.500000e+00
      vertex   1.364748e+03 1.032940e+03 1.500000e+00
    endloop
  endfacet
  facet normal 0.000000e+00 0.000000e+00 1.000000e+00
    outer loop
      vertex   1.364748e+03 1.032940e+03 1.500000e+00
      vertex   1.350248e+03 1.033440e+03 1.500000e+00
      vertex   1.364748e+03 1.018940e+03 1.500000e+00
    endloop
  endfacet
  facet normal 0.000000e+00 0.000000e+00 1.000000e+00
    outer loop
      vertex   1.364748e+03 1.018940e+03 1.500000e+00
      vertex   1.350248e+03 1.033440e+03 1.500000e+00
      vertex   1.336248e+03 1.033440e+03 1.500000e+00
    endloop
  endfacet
  facet normal 0.000000e+00 0.000000e+00 1.000000e+00
    outer loop
      vertex   1.364748e+03 1.018940e+03 1.500000e+00
      vertex   1.336248e+03 1.033440e+03 1.500000e+00
      vertex   1.313597e+03 1.027087e+03 1.500000e+00
    endloop
  endfacet
  facet normal 0.000000e+00 0.000000e+00 1.000000e+00
    outer loop
      vertex   1.313597e+03 1.027087e+03 1.500000e+00
      vertex   1.336248e+03 1.033440e+03 1.500000e+00
      vertex   1.313999e+03 1.027367e+03 1.500000e+00
    endloop
  endfacet
  facet normal 0.000000e+00 0.000000e+00 1.000000e+00
    outer loop
      vertex   1.313999e+03 1.027367e+03 1.500000e+00
      vertex   1.336248e+03 1.033440e+03 1.500000e+00
      vertex   1.331248e+03 1.033440e+03 1.500000e+00
    endloop
  endfacet
  facet normal 0.000000e+00 0.000000e+00 1.000000e+00
    outer loop
      vertex   1.313999e+03 1.027367e+03 1.500000e+00
      vertex   1.331248e+03 1.033440e+03 1.500000e+00
      vertex   1.314321e+03 1.027737e+03 1.500000e+00
    endloop
  endfacet
  facet normal 0.000000e+00 0.000000e+00 1.000000e+00
    outer loop
      vertex   1.314321e+03 1.027737e+03 1.500000e+00
      vertex   1.331248e+03 1.033440e+03 1.500000e+00
      vertex   1.314543e+03 1.028174e+03 1.500000e+00
    endloop
  endfacet
  facet normal 0.000000e+00 0.000000e+00 1.000000e+00
    outer loop
      vertex   1.314543e+03 1.028174e+03 1.500000e+00
      vertex   1.331248e+03 1.033440e+03 1.500000e+00
      vertex   1.314652e+03 1.028652e+03 1.500000e+00
    endloop
  endfacet
  facet normal 0.000000e+00 0.000000e+00 1.000000e+00
    outer loop
      vertex   1.314652e+03 1.028652e+03 1.500000e+00
      vertex   1.331248e+03 1.033440e+03 1.500000e+00
      vertex   1.317248e+03 1.033440e+03 1.500000e+00
    endloop
  endfacet
  facet normal 0.000000e+00 -0.000000e+00 1.000000e+00
    outer loop
      vertex   1.314652e+03 1.028652e+03 1.500000e+00
      vertex   1.317248e+03 1.033440e+03 1.500000e+00
      vertex   1.314642e+03 1.029142e+03 1.500000e+00
    endloop
  endfacet
  facet normal 0.000000e+00 -0.000000e+00 1.000000e+00
    outer loop
      vertex   1.314642e+03 1.029142e+03 1.500000e+00
      vertex   1.317248e+03 1.033440e+03 1.500000e+00
      vertex   1.314512e+03 1.029615e+03 1.500000e+00
    endloop
  endfacet
  facet normal 0.000000e+00 -0.000000e+00 1.000000e+00
    outer loop
      vertex   1.314512e+03 1.029615e+03 1.500000e+00
      vertex   1.317248e+03 1.033440e+03 1.500000e+00
      vertex   1.314272e+03 1.030042e+03 1.500000e+00
    endloop
  endfacet
  facet normal 0.000000e+00 -0.000000e+00 1.000000e+00
    outer loop
      vertex   1.314272e+03 1.030042e+03 1.500000e+00
      vertex   1.317248e+03 1.033440e+03 1.500000e+00
      vertex   1.313935e+03 1.030398e+03 1.500000e+00
    endloop
  endfacet
  facet normal 0.000000e+00 -0.000000e+00 1.000000e+00
    outer loop
      vertex   1.313935e+03 1.030398e+03 1.500000e+00
      vertex   1.317248e+03 1.033440e+03 1.500000e+00
      vertex   1.313521e+03 1.030661e+03 1.500000e+00
    endloop
  endfacet
  facet normal 0.000000e+00 -0.000000e+00 1.000000e+00
    outer loop
      vertex   1.313521e+03 1.030661e+03 1.500000e+00
      vertex   1.317248e+03 1.033440e+03 1.500000e+00
      vertex   1.313055e+03 1.030816e+03 1.500000e+00
    endloop
  endfacet
  facet normal 0.000000e+00 -0.000000e+00 1.000000e+00
    outer loop
      vertex   1.313055e+03 1.030816e+03 1.500000e+00
      vertex   1.317248e+03 1.033440e+03 1.500000e+00
      vertex   1.312567e+03 1.030852e+03 1.500000e+00
    endloop
  endfacet
  facet normal 0.000000e+00 -0.000000e+00 1.000000e+00
    outer loop
      vertex   1.312567e+03 1.030852e+03 1.500000e+00
      vertex   1.317248e+03 1.033440e+03 1.500000e+00
      vertex   1.312083e+03 1.030769e+03 1.500000e+00
    endloop
  endfacet
  facet normal 0.000000e+00 0.000000e+00 1.000000e+00
    outer loop
      vertex   1.312083e+03 1.030769e+03 1.500000e+00
      vertex   1.317248e+03 1.033440e+03 1.500000e+00
      vertex   1.317248e+03 1.047440e+03 1.500000e+00
    endloop
  endfacet
  facet normal 0.000000e+00 -0.000000e+00 1.000000e+00
    outer loop
      vertex   1.312083e+03 1.030769e+03 1.500000e+00
      vertex   1.317248e+03 1.047440e+03 1.500000e+00
      vertex   1.311635e+03 1.030571e+03 1.500000e+00
    endloop
  endfacet
  facet normal 0.000000e+00 -0.000000e+00 1.000000e+00
    outer loop
      vertex   1.311635e+03 1.030571e+03 1.500000e+00
      vertex   1.317248e+03 1.047440e+03 1.500000e+00
      vertex   1.311248e+03 1.030269e+03 1.500000e+00
    endloop
  endfacet
  facet normal 0.000000e+00 0.000000e+00 1.000000e+00
    outer loop
      vertex   1.311248e+03 1.030269e+03 1.500000e+00
      vertex   1.317248e+03 1.047440e+03 1.500000e+00
      vertex   1.317248e+03 1.052440e+03 1.500000e+00
    endloop
  endfacet
  facet normal 0.000000e+00 0.000000e+00 1.000000e+00
    outer loop
      vertex   1.311248e+03 1.030269e+03 1.500000e+00
      vertex   1.317248e+03 1.052440e+03 1.500000e+00
      vertex   1.317248e+03 1.066440e+03 1.500000e+00
    endloop
  endfacet
  facet normal 0.000000e+00 0.000000e+00 1.000000e+00
    outer loop
      vertex   1.369315e+03 1.070940e+03 1.500000e+00
      vertex   1.369248e+03 1.075940e+03 1.500000e+00
      vertex   1.355248e+03 1.070940e+03 1.500000e+00
    endloop
  endfacet
  facet normal 0.000000e+00 0.000000e+00 1.000000e+00
    outer loop
      vertex   1.355248e+03 1.070940e+03 1.500000e+00
      vertex   1.369248e+03 1.075940e+03 1.500000e+00
      vertex   1.355248e+03 1.075940e+03 1.500000e+00
    endloop
  endfacet
  facet normal 0.000000e+00 -0.000000e+00 1.000000e+00
    outer loop
      vertex   1.355248e+03 1.070940e+03 1.500000e+00
      vertex   1.355248e+03 1.075940e+03 1.500000e+00
      vertex   1.350183e+03 1.071440e+03 1.500000e+00
    endloop
  endfacet
  facet normal 0.000000e+00 0.000000e+00 1.000000e+00
    outer loop
      vertex   1.350183e+03 1.071440e+03 1.500000e+00
      vertex   1.355248e+03 1.075940e+03 1.500000e+00
      vertex   1.350183e+03 1.085440e+03 1.500000e+00
    endloop
  endfacet
  facet normal -0.000000e+00 0.000000e+00 1.000000e+00
    outer loop
      vertex   1.350183e+03 1.085440e+03 1.500000e+00
      vertex   1.355248e+03 1.075940e+03 1.500000e+00
      vertex   1.355248e+03 1.089940e+03 1.500000e+00
    endloop
  endfacet
  facet normal 0.000000e+00 0.000000e+00 1.000000e+00
    outer loop
      vertex   1.350183e+03 1.085440e+03 1.500000e+00
      vertex   1.355248e+03 1.089940e+03 1.500000e+00
      vertex   1.350183e+03 1.090440e+03 1.500000e+00
    endloop
  endfacet
  facet normal -0.000000e+00 0.000000e+00 1.000000e+00
    outer loop
      vertex   1.350183e+03 1.090440e+03 1.500000e+00
      vertex   1.355248e+03 1.089940e+03 1.500000e+00
      vertex   1.355248e+03 1.094940e+03 1.500000e+00
    endloop
  endfacet
  facet normal 0.000000e+00 0.000000e+00 1.000000e+00
    outer loop
      vertex   1.350183e+03 1.090440e+03 1.500000e+00
      vertex   1.355248e+03 1.094940e+03 1.500000e+00
      vertex   1.350183e+03 1.104440e+03 1.500000e+00
    endloop
  endfacet
  facet normal -0.000000e+00 0.000000e+00 1.000000e+00
    outer loop
      vertex   1.350183e+03 1.104440e+03 1.500000e+00
      vertex   1.355248e+03 1.094940e+03 1.500000e+00
      vertex   1.355248e+03 1.108940e+03 1.500000e+00
    endloop
  endfacet
  facet normal 0.000000e+00 -0.000000e+00 1.000000e+00
    outer loop
      vertex   1.350183e+03 1.104440e+03 1.500000e+00
      vertex   1.355248e+03 1.108940e+03 1.500000e+00
      vertex   1.336183e+03 1.104440e+03 1.500000e+00
    endloop
  endfacet
  facet normal 0.000000e+00 -0.000000e+00 1.000000e+00
    outer loop
      vertex   1.336183e+03 1.104440e+03 1.500000e+00
      vertex   1.355248e+03 1.108940e+03 1.500000e+00
      vertex   1.313769e+03 1.110692e+03 1.500000e+00
    endloop
  endfacet
  facet normal 0.000000e+00 0.000000e+00 1.000000e+00
    outer loop
      vertex   1.336183e+03 1.104440e+03 1.500000e+00
      vertex   1.313769e+03 1.110692e+03 1.500000e+00
      vertex   1.331248e+03 1.104440e+03 1.500000e+00
    endloop
  endfacet
  facet normal 0.000000e+00 0.000000e+00 1.000000e+00
    outer loop
      vertex   1.331248e+03 1.104440e+03 1.500000e+00
      vertex   1.313769e+03 1.110692e+03 1.500000e+00
      vertex   1.314156e+03 1.110356e+03 1.500000e+00
    endloop
  endfacet
  facet normal 0.000000e+00 0.000000e+00 1.000000e+00
    outer loop
      vertex   1.331248e+03 1.104440e+03 1.500000e+00
      vertex   1.314156e+03 1.110356e+03 1.500000e+00
      vertex   1.314445e+03 1.109933e+03 1.500000e+00
    endloop
  endfacet
  facet normal 0.000000e+00 0.000000e+00 1.000000e+00
    outer loop
      vertex   1.369248e+03 1.056940e+03 1.500000e+00
      vertex   1.374248e+03 1.059440e+03 1.500000e+00
      vertex   1.369315e+03 1.070940e+03 1.500000e+00
    endloop
  endfacet
  facet normal -0.000000e+00 0.000000e+00 1.000000e+00
    outer loop
      vertex   1.369315e+03 1.070940e+03 1.500000e+00
      vertex   1.374248e+03 1.059440e+03 1.500000e+00
      vertex   1.374248e+03 1.073440e+03 1.500000e+00
    endloop
  endfacet
  facet normal 0.000000e+00 -0.000000e+00 1.000000e+00
    outer loop
      vertex   1.369315e+03 1.070940e+03 1.500000e+00
      vertex   1.374248e+03 1.073440e+03 1.500000e+00
      vertex   1.369248e+03 1.075940e+03 1.500000e+00
    endloop
  endfacet
  facet normal -0.000000e+00 0.000000e+00 1.000000e+00
    outer loop
      vertex   1.369248e+03 1.075940e+03 1.500000e+00
      vertex   1.374248e+03 1.073440e+03 1.500000e+00
      vertex   1.374248e+03 1.078440e+03 1.500000e+00
    endloop
  endfacet
  facet normal 0.000000e+00 0.000000e+00 1.000000e+00
    outer loop
      vertex   1.369248e+03 1.075940e+03 1.500000e+00
      vertex   1.374248e+03 1.078440e+03 1.500000e+00
      vertex   1.369248e+03 1.089940e+03 1.500000e+00
    endloop
  endfacet
  facet normal -0.000000e+00 0.000000e+00 1.000000e+00
    outer loop
      vertex   1.369248e+03 1.089940e+03 1.500000e+00
      vertex   1.374248e+03 1.078440e+03 1.500000e+00
      vertex   1.374248e+03 1.092440e+03 1.500000e+00
    endloop
  endfacet
  facet normal 0.000000e+00 0.000000e+00 1.000000e+00
    outer loop
      vertex   1.369248e+03 1.089940e+03 1.500000e+00
      vertex   1.374248e+03 1.092440e+03 1.500000e+00
      vertex   1.369248e+03 1.094940e+03 1.500000e+00
    endloop
  endfacet
  facet normal -0.000000e+00 0.000000e+00 1.000000e+00
    outer loop
      vertex   1.369248e+03 1.094940e+03 1.500000e+00
      vertex   1.374248e+03 1.092440e+03 1.500000e+00
      vertex   1.374248e+03 1.097440e+03 1.500000e+00
    endloop
  endfacet
  facet normal 0.000000e+00 0.000000e+00 1.000000e+00
    outer loop
      vertex   1.369248e+03 1.094940e+03 1.500000e+00
      vertex   1.374248e+03 1.097440e+03 1.500000e+00
      vertex   1.369248e+03 1.108940e+03 1.500000e+00
    endloop
  endfacet
  facet normal -0.000000e+00 0.000000e+00 1.000000e+00
    outer loop
      vertex   1.369248e+03 1.108940e+03 1.500000e+00
      vertex   1.374248e+03 1.097440e+03 1.500000e+00
      vertex   1.374248e+03 1.111440e+03 1.500000e+00
    endloop
  endfacet
  facet normal 0.000000e+00 -0.000000e+00 1.000000e+00
    outer loop
      vertex   1.369248e+03 1.108940e+03 1.500000e+00
      vertex   1.374248e+03 1.111440e+03 1.500000e+00
      vertex   1.355248e+03 1.108940e+03 1.500000e+00
    endloop
  endfacet
  facet normal 0.000000e+00 0.000000e+00 1.000000e+00
    outer loop
      vertex   1.355248e+03 1.108940e+03 1.500000e+00
      vertex   1.374248e+03 1.111440e+03 1.500000e+00
      vertex   1.381248e+03 1.117440e+03 1.500000e+00
    endloop
  endfacet
  facet normal 0.000000e+00 -0.000000e+00 1.000000e+00
    outer loop
      vertex   1.355248e+03 1.108940e+03 1.500000e+00
      vertex   1.381248e+03 1.117440e+03 1.500000e+00
      vertex   1.313769e+03 1.110692e+03 1.500000e+00
    endloop
  endfacet
  facet normal 0.000000e+00 0.000000e+00 1.000000e+00
    outer loop
      vertex   1.433000e+03 1.058000e+03 1.500000e+00
      vertex   1.426248e+03 1.049440e+03 1.500000e+00
      vertex   1.433000e+03 1.044000e+03 1.500000e+00
    endloop
  endfacet
  facet normal 0.000000e+00 0.000000e+00 1.000000e+00
    outer loop
      vertex   1.433000e+03 1.044000e+03 1.500000e+00
      vertex   1.426248e+03 1.049440e+03 1.500000e+00
      vertex   1.426248e+03 1.035440e+03 1.500000e+00
    endloop
  endfacet
  facet normal 0.000000e+00 0.000000e+00 1.000000e+00
    outer loop
      vertex   1.433000e+03 1.044000e+03 1.500000e+00
      vertex   1.426248e+03 1.035440e+03 1.500000e+00
      vertex   1.429770e+03 1.030267e+03 1.500000e+00
    endloop
  endfacet
  facet normal 0.000000e+00 0.000000e+00 1.000000e+00
    outer loop
      vertex   1.429770e+03 1.030267e+03 1.500000e+00
      vertex   1.426248e+03 1.035440e+03 1.500000e+00
      vertex   1.416748e+03 1.030440e+03 1.500000e+00
    endloop
  endfacet
  facet normal 0.000000e+00 0.000000e+00 1.000000e+00
    outer loop
      vertex   1.429770e+03 1.030267e+03 1.500000e+00
      vertex   1.416748e+03 1.030440e+03 1.500000e+00
      vertex   1.423509e+03 1.017745e+03 1.500000e+00
    endloop
  endfacet
  facet normal 0.000000e+00 0.000000e+00 1.000000e+00
    outer loop
      vertex   1.423509e+03 1.017745e+03 1.500000e+00
      vertex   1.416748e+03 1.030440e+03 1.500000e+00
      vertex   1.416748e+03 1.016440e+03 1.500000e+00
    endloop
  endfacet
  facet normal 0.000000e+00 0.000000e+00 1.000000e+00
    outer loop
      vertex   1.423509e+03 1.017745e+03 1.500000e+00
      vertex   1.416748e+03 1.016440e+03 1.500000e+00
      vertex   1.433532e+03 9.960981e+02 1.500000e+00
    endloop
  endfacet
  facet normal 0.000000e+00 0.000000e+00 1.000000e+00
    outer loop
      vertex   1.433532e+03 9.960981e+02 1.500000e+00
      vertex   1.416748e+03 1.016440e+03 1.500000e+00
      vertex   1.433181e+03 9.957397e+02 1.500000e+00
    endloop
  endfacet
  facet normal 0.000000e+00 0.000000e+00 1.000000e+00
    outer loop
      vertex   1.433181e+03 9.957397e+02 1.500000e+00
      vertex   1.416748e+03 1.016440e+03 1.500000e+00
      vertex   1.432929e+03 9.953050e+02 1.500000e+00
    endloop
  endfacet
  facet normal 0.000000e+00 0.000000e+00 1.000000e+00
    outer loop
      vertex   1.432929e+03 9.953050e+02 1.500000e+00
      vertex   1.416748e+03 1.016440e+03 1.500000e+00
      vertex   1.432794e+03 9.948214e+02 1.500000e+00
    endloop
  endfacet
  facet normal 0.000000e+00 0.000000e+00 1.000000e+00
    outer loop
      vertex   1.432794e+03 9.948214e+02 1.500000e+00
      vertex   1.416748e+03 1.016440e+03 1.500000e+00
      vertex   1.402748e+03 1.016440e+03 1.500000e+00
    endloop
  endfacet
  facet normal 0.000000e+00 0.000000e+00 1.000000e+00
    outer loop
      vertex   1.432794e+03 9.948214e+02 1.500000e+00
      vertex   1.402748e+03 1.016440e+03 1.500000e+00
      vertex   1.432784e+03 9.943194e+02 1.500000e+00
    endloop
  endfacet
  facet normal 0.000000e+00 0.000000e+00 1.000000e+00
    outer loop
      vertex   1.432784e+03 9.943194e+02 1.500000e+00
      vertex   1.402748e+03 1.016440e+03 1.500000e+00
      vertex   1.432899e+03 9.938307e+02 1.500000e+00
    endloop
  endfacet
  facet normal -1.665268e-13 -2.220686e-13 1.000000e+00
    outer loop
      vertex   1.432899e+03 9.938307e+02 1.500000e+00
      vertex   1.402748e+03 1.016440e+03 1.500000e+00
      vertex   1.433132e+03 9.933859e+02 1.500000e+00
    endloop
  endfacet
  facet normal -4.139523e-16 -3.146038e-15 1.000000e+00
    outer loop
      vertex   1.433132e+03 9.933859e+02 1.500000e+00
      vertex   1.402748e+03 1.016440e+03 1.500000e+00
      vertex   1.383748e+03 1.018940e+03 1.500000e+00
    endloop
  endfacet
  facet normal 0.000000e+00 -2.346075e-15 1.000000e+00
    outer loop
      vertex   1.433132e+03 9.933859e+02 1.500000e+00
      vertex   1.383748e+03 1.018940e+03 1.500000e+00
      vertex   1.378748e+03 1.018940e+03 1.500000e+00
    endloop
  endfacet
  facet normal 0.000000e+00 0.000000e+00 1.000000e+00
    outer loop
      vertex   1.378748e+03 1.018940e+03 1.500000e+00
      vertex   1.383748e+03 1.018940e+03 1.500000e+00
      vertex   1.378748e+03 1.032940e+03 1.500000e+00
    endloop
  endfacet
  facet normal -0.000000e+00 0.000000e+00 1.000000e+00
    outer loop
      vertex   1.378748e+03 1.032940e+03 1.500000e+00
      vertex   1.383748e+03 1.018940e+03 1.500000e+00
      vertex   1.383748e+03 1.032940e+03 1.500000e+00
    endloop
  endfacet
  facet normal 0.000000e+00 -0.000000e+00 1.000000e+00
    outer loop
      vertex   1.378748e+03 1.032940e+03 1.500000e+00
      vertex   1.383748e+03 1.032940e+03 1.500000e+00
      vertex   1.374248e+03 1.040440e+03 1.500000e+00
    endloop
  endfacet
  facet normal -0.000000e+00 0.000000e+00 1.000000e+00
    outer loop
      vertex   1.374248e+03 1.040440e+03 1.500000e+00
      vertex   1.383748e+03 1.032940e+03 1.500000e+00
      vertex   1.388248e+03 1.040440e+03 1.500000e+00
    endloop
  endfacet
  facet normal 0.000000e+00 0.000000e+00 1.000000e+00
    outer loop
      vertex   1.447000e+03 1.058000e+03 1.500000e+00
      vertex   1.426315e+03 1.068440e+03 1.500000e+00
      vertex   1.433000e+03 1.058000e+03 1.500000e+00
    endloop
  endfacet
  facet normal 0.000000e+00 0.000000e+00 1.000000e+00
    outer loop
      vertex   1.433000e+03 1.058000e+03 1.500000e+00
      vertex   1.426315e+03 1.068440e+03 1.500000e+00
      vertex   1.426248e+03 1.054440e+03 1.500000e+00
    endloop
  endfacet
  facet normal 0.000000e+00 0.000000e+00 1.000000e+00
    outer loop
      vertex   1.433000e+03 1.058000e+03 1.500000e+00
      vertex   1.426248e+03 1.054440e+03 1.500000e+00
      vertex   1.426248e+03 1.049440e+03 1.500000e+00
    endloop
  endfacet
  facet normal 0.000000e+00 -0.000000e+00 1.000000e+00
    outer loop
      vertex   1.426248e+03 1.049440e+03 1.500000e+00
      vertex   1.426248e+03 1.054440e+03 1.500000e+00
      vertex   1.412248e+03 1.054440e+03 1.500000e+00
    endloop
  endfacet
  facet normal 0.000000e+00 0.000000e+00 1.000000e+00
    outer loop
      vertex   1.426248e+03 1.049440e+03 1.500000e+00
      vertex   1.412248e+03 1.054440e+03 1.500000e+00
      vertex   1.412248e+03 1.049440e+03 1.500000e+00
    endloop
  endfacet
  facet normal -0.000000e+00 0.000000e+00 1.000000e+00
    outer loop
      vertex   1.433000e+03 1.044000e+03 1.500000e+00
      vertex   1.429770e+03 1.030267e+03 1.500000e+00
      vertex   1.447000e+03 1.044000e+03 1.500000e+00
    endloop
  endfacet
  facet normal 0.000000e+00 0.000000e+00 1.000000e+00
    outer loop
      vertex   1.447000e+03 1.044000e+03 1.500000e+00
      vertex   1.429770e+03 1.030267e+03 1.500000e+00
      vertex   1.451181e+03 1.032697e+03 1.500000e+00
    endloop
  endfacet
  facet normal 0.000000e+00 0.000000e+00 1.000000e+00
    outer loop
      vertex   1.447000e+03 1.044000e+03 1.500000e+00
      vertex   1.451181e+03 1.032697e+03 1.500000e+00
      vertex   1.451419e+03 1.033146e+03 1.500000e+00
    endloop
  endfacet
  facet normal -0.000000e+00 0.000000e+00 1.000000e+00
    outer loop
      vertex   1.383748e+03 1.018940e+03 1.500000e+00
      vertex   1.402748e+03 1.016440e+03 1.500000e+00
      vertex   1.397748e+03 1.018940e+03 1.500000e+00
    endloop
  endfacet
  facet normal -0.000000e+00 0.000000e+00 1.000000e+00
    outer loop
      vertex   1.397748e+03 1.018940e+03 1.500000e+00
      vertex   1.402748e+03 1.016440e+03 1.500000e+00
      vertex   1.402748e+03 1.030440e+03 1.500000e+00
    endloop
  endfacet
  facet normal 0.000000e+00 0.000000e+00 1.000000e+00
    outer loop
      vertex   1.397748e+03 1.018940e+03 1.500000e+00
      vertex   1.402748e+03 1.030440e+03 1.500000e+00
      vertex   1.397748e+03 1.032940e+03 1.500000e+00
    endloop
  endfacet
  facet normal -0.000000e+00 0.000000e+00 1.000000e+00
    outer loop
      vertex   1.397748e+03 1.032940e+03 1.500000e+00
      vertex   1.402748e+03 1.030440e+03 1.500000e+00
      vertex   1.407248e+03 1.037940e+03 1.500000e+00
    endloop
  endfacet
  facet normal 0.000000e+00 -0.000000e+00 1.000000e+00
    outer loop
      vertex   1.397748e+03 1.032940e+03 1.500000e+00
      vertex   1.407248e+03 1.037940e+03 1.500000e+00
      vertex   1.393248e+03 1.037940e+03 1.500000e+00
    endloop
  endfacet
  facet normal 0.000000e+00 0.000000e+00 1.000000e+00
    outer loop
      vertex   1.374248e+03 1.054440e+03 1.500000e+00
      vertex   1.369248e+03 1.051940e+03 1.500000e+00
      vertex   1.374248e+03 1.040440e+03 1.500000e+00
    endloop
  endfacet
  facet normal 0.000000e+00 0.000000e+00 1.000000e+00
    outer loop
      vertex   1.374248e+03 1.040440e+03 1.500000e+00
      vertex   1.369248e+03 1.051940e+03 1.500000e+00
      vertex   1.369248e+03 1.037940e+03 1.500000e+00
    endloop
  endfacet
  facet normal 0.000000e+00 0.000000e+00 1.000000e+00
    outer loop
      vertex   1.374248e+03 1.040440e+03 1.500000e+00
      vertex   1.369248e+03 1.037940e+03 1.500000e+00
      vertex   1.378748e+03 1.032940e+03 1.500000e+00
    endloop
  endfacet
  facet normal 0.000000e+00 0.000000e+00 1.000000e+00
    outer loop
      vertex   1.378748e+03 1.032940e+03 1.500000e+00
      vertex   1.369248e+03 1.037940e+03 1.500000e+00
      vertex   1.364748e+03 1.032940e+03 1.500000e+00
    endloop
  endfacet
  facet normal 0.000000e+00 -0.000000e+00 1.000000e+00
    outer loop
      vertex   1.364748e+03 1.032940e+03 1.500000e+00
      vertex   1.369248e+03 1.037940e+03 1.500000e+00
      vertex   1.355248e+03 1.037940e+03 1.500000e+00
    endloop
  endfacet
  facet normal 0.000000e+00 0.000000e+00 1.000000e+00
    outer loop
      vertex   1.355248e+03 1.051940e+03 1.500000e+00
      vertex   1.369248e+03 1.051940e+03 1.500000e+00
      vertex   1.355248e+03 1.056940e+03 1.500000e+00
    endloop
  endfacet
  facet normal 0.000000e+00 0.000000e+00 1.000000e+00
    outer loop
      vertex   1.355248e+03 1.089940e+03 1.500000e+00
      vertex   1.369248e+03 1.089940e+03 1.500000e+00
      vertex   1.355248e+03 1.094940e+03 1.500000e+00
    endloop
  endfacet
  facet normal -0.000000e+00 0.000000e+00 1.000000e+00
    outer loop
      vertex   1.355248e+03 1.094940e+03 1.500000e+00
      vertex   1.369248e+03 1.089940e+03 1.500000e+00
      vertex   1.369248e+03 1.094940e+03 1.500000e+00
    endloop
  endfacet
  facet normal -0.000000e+00 0.000000e+00 1.000000e+00
    outer loop
      vertex   1.374248e+03 1.078440e+03 1.500000e+00
      vertex   1.374248e+03 1.073440e+03 1.500000e+00
      vertex   1.388248e+03 1.078440e+03 1.500000e+00
    endloop
  endfacet
  facet normal 0.000000e+00 0.000000e+00 1.000000e+00
    outer loop
      vertex   1.388248e+03 1.078440e+03 1.500000e+00
      vertex   1.374248e+03 1.073440e+03 1.500000e+00
      vertex   1.388315e+03 1.073440e+03 1.500000e+00
    endloop
  endfacet
  facet normal 0.000000e+00 0.000000e+00 1.000000e+00
    outer loop
      vertex   1.317248e+03 1.047440e+03 1.500000e+00
      vertex   1.331248e+03 1.047440e+03 1.500000e+00
      vertex   1.317248e+03 1.052440e+03 1.500000e+00
    endloop
  endfacet
  facet normal -0.000000e+00 0.000000e+00 1.000000e+00
    outer loop
      vertex   1.317248e+03 1.052440e+03 1.500000e+00
      vertex   1.331248e+03 1.047440e+03 1.500000e+00
      vertex   1.331248e+03 1.052440e+03 1.500000e+00
    endloop
  endfacet
  facet normal 0.000000e+00 0.000000e+00 1.000000e+00
    outer loop
      vertex   1.331248e+03 1.052440e+03 1.500000e+00
      vertex   1.331248e+03 1.047440e+03 1.500000e+00
      vertex   1.336248e+03 1.047440e+03 1.500000e+00
    endloop
  endfacet
  facet normal -0.000000e+00 0.000000e+00 1.000000e+00
    outer loop
      vertex   1.331248e+03 1.052440e+03 1.500000e+00
      vertex   1.336248e+03 1.047440e+03 1.500000e+00
      vertex   1.336248e+03 1.052440e+03 1.500000e+00
    endloop
  endfacet
  facet normal 0.000000e+00 0.000000e+00 1.000000e+00
    outer loop
      vertex   1.336248e+03 1.052440e+03 1.500000e+00
      vertex   1.336248e+03 1.047440e+03 1.500000e+00
      vertex   1.350248e+03 1.047440e+03 1.500000e+00
    endloop
  endfacet
  facet normal -0.000000e+00 0.000000e+00 1.000000e+00
    outer loop
      vertex   1.336248e+03 1.052440e+03 1.500000e+00
      vertex   1.350248e+03 1.047440e+03 1.500000e+00
      vertex   1.350248e+03 1.052440e+03 1.500000e+00
    endloop
  endfacet
  facet normal 0.000000e+00 0.000000e+00 1.000000e+00
    outer loop
      vertex   1.336248e+03 1.047440e+03 1.500000e+00
      vertex   1.331248e+03 1.047440e+03 1.500000e+00
      vertex   1.336248e+03 1.033440e+03 1.500000e+00
    endloop
  endfacet
  facet normal 0.000000e+00 0.000000e+00 1.000000e+00
    outer loop
      vertex   1.336248e+03 1.033440e+03 1.500000e+00
      vertex   1.331248e+03 1.047440e+03 1.500000e+00
      vertex   1.331248e+03 1.033440e+03 1.500000e+00
    endloop
  endfacet
  facet normal 0.000000e+00 0.000000e+00 1.000000e+00
    outer loop
      vertex   1.331248e+03 1.052440e+03 1.500000e+00
      vertex   1.336248e+03 1.052440e+03 1.500000e+00
      vertex   1.331248e+03 1.066440e+03 1.500000e+00
    endloop
  endfacet
  facet normal -0.000000e+00 0.000000e+00 1.000000e+00
    outer loop
      vertex   1.331248e+03 1.066440e+03 1.500000e+00
      vertex   1.336248e+03 1.052440e+03 1.500000e+00
      vertex   1.336248e+03 1.066440e+03 1.500000e+00
    endloop
  endfacet
  facet normal 0.000000e+00 0.000000e+00 1.000000e+00
    outer loop
      vertex   1.331248e+03 1.066440e+03 1.500000e+00
      vertex   1.336248e+03 1.066440e+03 1.500000e+00
      vertex   1.336183e+03 1.071440e+03 1.500000e+00
    endloop
  endfacet
  facet normal -0.000000e+00 0.000000e+00 1.000000e+00
    outer loop
      vertex   1.336183e+03 1.071440e+03 1.500000e+00
      vertex   1.336248e+03 1.066440e+03 1.500000e+00
      vertex   1.350183e+03 1.071440e+03 1.500000e+00
    endloop
  endfacet
  facet normal 0.000000e+00 0.000000e+00 1.000000e+00
    outer loop
      vertex   1.350183e+03 1.071440e+03 1.500000e+00
      vertex   1.336248e+03 1.066440e+03 1.500000e+00
      vertex   1.350315e+03 1.066440e+03 1.500000e+00
    endloop
  endfacet
  facet normal 0.000000e+00 0.000000e+00 1.000000e+00
    outer loop
      vertex   1.350183e+03 1.071440e+03 1.500000e+00
      vertex   1.350315e+03 1.066440e+03 1.500000e+00
      vertex   1.355248e+03 1.070940e+03 1.500000e+00
    endloop
  endfacet
  facet normal 0.000000e+00 0.000000e+00 1.000000e+00
    outer loop
      vertex   1.374248e+03 1.092440e+03 1.500000e+00
      vertex   1.388248e+03 1.092440e+03 1.500000e+00
      vertex   1.374248e+03 1.097440e+03 1.500000e+00
    endloop
  endfacet
  facet normal -0.000000e+00 0.000000e+00 1.000000e+00
    outer loop
      vertex   1.374248e+03 1.097440e+03 1.500000e+00
      vertex   1.388248e+03 1.092440e+03 1.500000e+00
      vertex   1.388248e+03 1.097440e+03 1.500000e+00
    endloop
  endfacet
  facet normal 0.000000e+00 0.000000e+00 1.000000e+00
    outer loop
      vertex   1.426248e+03 1.092440e+03 1.500000e+00
      vertex   1.431368e+03 1.108845e+03 1.500000e+00
      vertex   1.426248e+03 1.106440e+03 1.500000e+00
    endloop
  endfacet
  facet normal 0.000000e+00 0.000000e+00 1.000000e+00
    outer loop
      vertex   1.426248e+03 1.106440e+03 1.500000e+00
      vertex   1.431368e+03 1.108845e+03 1.500000e+00
      vertex   1.430851e+03 1.108835e+03 1.500000e+00
    endloop
  endfacet
  facet normal 0.000000e+00 0.000000e+00 1.000000e+00
    outer loop
      vertex   1.426248e+03 1.106440e+03 1.500000e+00
      vertex   1.430851e+03 1.108835e+03 1.500000e+00
      vertex   1.430347e+03 1.108958e+03 1.500000e+00
    endloop
  endfacet
  facet normal 0.000000e+00 0.000000e+00 1.000000e+00
    outer loop
      vertex   1.426248e+03 1.092440e+03 1.500000e+00
      vertex   1.412248e+03 1.092440e+03 1.500000e+00
      vertex   1.426248e+03 1.087440e+03 1.500000e+00
    endloop
  endfacet
  facet normal 0.000000e+00 -0.000000e+00 1.000000e+00
    outer loop
      vertex   1.426248e+03 1.106440e+03 1.500000e+00
      vertex   1.429080e+03 1.111018e+03 1.500000e+00
      vertex   1.412248e+03 1.106440e+03 1.500000e+00
    endloop
  endfacet
  facet normal 0.000000e+00 0.000000e+00 1.000000e+00
    outer loop
      vertex   1.412248e+03 1.106440e+03 1.500000e+00
      vertex   1.429080e+03 1.111018e+03 1.500000e+00
      vertex   1.429197e+03 1.111523e+03 1.500000e+00
    endloop
  endfacet
  facet normal 0.000000e+00 0.000000e+00 1.000000e+00
    outer loop
      vertex   1.412248e+03 1.106440e+03 1.500000e+00
      vertex   1.429197e+03 1.111523e+03 1.500000e+00
      vertex   1.429439e+03 1.111981e+03 1.500000e+00
    endloop
  endfacet
  facet normal 0.000000e+00 0.000000e+00 1.000000e+00
    outer loop
      vertex   1.407315e+03 1.070940e+03 1.500000e+00
      vertex   1.407248e+03 1.075940e+03 1.500000e+00
      vertex   1.393248e+03 1.070940e+03 1.500000e+00
    endloop
  endfacet
  facet normal 0.000000e+00 0.000000e+00 1.000000e+00
    outer loop
      vertex   1.393248e+03 1.070940e+03 1.500000e+00
      vertex   1.407248e+03 1.075940e+03 1.500000e+00
      vertex   1.393248e+03 1.075940e+03 1.500000e+00
    endloop
  endfacet
  facet normal 0.000000e+00 0.000000e+00 1.000000e+00
    outer loop
      vertex   1.393248e+03 1.089940e+03 1.500000e+00
      vertex   1.407248e+03 1.089940e+03 1.500000e+00
      vertex   1.393248e+03 1.094940e+03 1.500000e+00
    endloop
  endfacet
  facet normal 0.000000e+00 0.000000e+00 1.000000e+00
    outer loop
      vertex   1.426248e+03 1.035440e+03 1.500000e+00
      vertex   1.412248e+03 1.035440e+03 1.500000e+00
      vertex   1.416748e+03 1.030440e+03 1.500000e+00
    endloop
  endfacet
  facet normal 0.000000e+00 0.000000e+00 1.000000e+00
    outer loop
      vertex   1.374248e+03 1.111440e+03 1.500000e+00
      vertex   1.388248e+03 1.111440e+03 1.500000e+00
      vertex   1.381248e+03 1.117440e+03 1.500000e+00
    endloop
  endfacet
  facet normal 0.000000e+00 -2.346075e-15 1.000000e+00
    outer loop
      vertex   1.378748e+03 1.018940e+03 1.500000e+00
      vertex   1.364748e+03 1.018940e+03 1.500000e+00
      vertex   1.433132e+03 9.933859e+02 1.500000e+00
    endloop
  endfacet
  facet normal -6.177648e-16 -3.999224e-15 1.000000e+00
    outer loop
      vertex   1.433132e+03 9.933859e+02 1.500000e+00
      vertex   1.364748e+03 1.018940e+03 1.500000e+00
      vertex   1.313139e+03 1.026912e+03 1.500000e+00
    endloop
  endfacet
  facet normal -0.000000e+00 0.000000e+00 1.000000e+00
    outer loop
      vertex   1.313139e+03 1.026912e+03 1.500000e+00
      vertex   1.364748e+03 1.018940e+03 1.500000e+00
      vertex   1.313597e+03 1.027087e+03 1.500000e+00
    endloop
  endfacet
  facet normal 0.000000e+00 0.000000e+00 1.000000e+00
    outer loop
      vertex   1.451181e+03 1.032697e+03 1.500000e+00
      vertex   1.429770e+03 1.030267e+03 1.500000e+00
      vertex   1.451064e+03 1.032201e+03 1.500000e+00
    endloop
  endfacet
  facet normal 0.000000e+00 0.000000e+00 1.000000e+00
    outer loop
      vertex   1.451064e+03 1.032201e+03 1.500000e+00
      vertex   1.429770e+03 1.030267e+03 1.500000e+00
      vertex   1.442292e+03 1.024006e+03 1.500000e+00
    endloop
  endfacet
  facet normal 0.000000e+00 0.000000e+00 1.000000e+00
    outer loop
      vertex   1.451064e+03 1.032201e+03 1.500000e+00
      vertex   1.442292e+03 1.024006e+03 1.500000e+00
      vertex   1.451076e+03 1.031693e+03 1.500000e+00
    endloop
  endfacet
  facet normal 0.000000e+00 0.000000e+00 1.000000e+00
    outer loop
      vertex   1.451076e+03 1.031693e+03 1.500000e+00
      vertex   1.442292e+03 1.024006e+03 1.500000e+00
      vertex   1.451216e+03 1.031204e+03 1.500000e+00
    endloop
  endfacet
  facet normal 0.000000e+00 0.000000e+00 1.000000e+00
    outer loop
      vertex   1.451216e+03 1.031204e+03 1.500000e+00
      vertex   1.442292e+03 1.024006e+03 1.500000e+00
      vertex   1.451475e+03 1.030766e+03 1.500000e+00
    endloop
  endfacet
  facet normal 0.000000e+00 0.000000e+00 1.000000e+00
    outer loop
      vertex   1.451475e+03 1.030766e+03 1.500000e+00
      vertex   1.442292e+03 1.024006e+03 1.500000e+00
      vertex   1.451835e+03 1.030407e+03 1.500000e+00
    endloop
  endfacet
  facet normal 0.000000e+00 0.000000e+00 1.000000e+00
    outer loop
      vertex   1.451835e+03 1.030407e+03 1.500000e+00
      vertex   1.442292e+03 1.024006e+03 1.500000e+00
      vertex   1.452275e+03 1.030151e+03 1.500000e+00
    endloop
  endfacet
  facet normal 0.000000e+00 0.000000e+00 1.000000e+00
    outer loop
      vertex   1.452275e+03 1.030151e+03 1.500000e+00
      vertex   1.442292e+03 1.024006e+03 1.500000e+00
      vertex   1.452765e+03 1.030014e+03 1.500000e+00
    endloop
  endfacet
  facet normal 0.000000e+00 0.000000e+00 1.000000e+00
    outer loop
      vertex   1.452765e+03 1.030014e+03 1.500000e+00
      vertex   1.442292e+03 1.024006e+03 1.500000e+00
      vertex   1.453273e+03 1.030005e+03 1.500000e+00
    endloop
  endfacet
  facet normal -0.000000e+00 0.000000e+00 1.000000e+00
    outer loop
      vertex   1.453273e+03 1.030005e+03 1.500000e+00
      vertex   1.442292e+03 1.024006e+03 1.500000e+00
      vertex   1.453768e+03 1.030125e+03 1.500000e+00
    endloop
  endfacet
  facet normal 0.000000e+00 0.000000e+00 1.000000e+00
    outer loop
      vertex   1.453768e+03 1.030125e+03 1.500000e+00
      vertex   1.442292e+03 1.024006e+03 1.500000e+00
      vertex   1.436031e+03 1.011484e+03 1.500000e+00
    endloop
  endfacet
  facet normal 0.000000e+00 0.000000e+00 1.000000e+00
    outer loop
      vertex   1.453768e+03 1.030125e+03 1.500000e+00
      vertex   1.436031e+03 1.011484e+03 1.500000e+00
      vertex   1.436549e+03 9.954490e+02 1.500000e+00
    endloop
  endfacet
  facet normal 0.000000e+00 0.000000e+00 1.000000e+00
    outer loop
      vertex   1.436549e+03 9.954490e+02 1.500000e+00
      vertex   1.436031e+03 1.011484e+03 1.500000e+00
      vertex   1.436264e+03 9.958624e+02 1.500000e+00
    endloop
  endfacet
  facet normal 0.000000e+00 0.000000e+00 1.000000e+00
    outer loop
      vertex   1.436264e+03 9.958624e+02 1.500000e+00
      vertex   1.436031e+03 1.011484e+03 1.500000e+00
      vertex   1.435885e+03 9.961917e+02 1.500000e+00
    endloop
  endfacet
  facet normal 0.000000e+00 -0.000000e+00 1.000000e+00
    outer loop
      vertex   1.435885e+03 9.961917e+02 1.500000e+00
      vertex   1.436031e+03 1.011484e+03 1.500000e+00
      vertex   1.435436e+03 9.964162e+02 1.500000e+00
    endloop
  endfacet
  facet normal 0.000000e+00 -0.000000e+00 1.000000e+00
    outer loop
      vertex   1.435436e+03 9.964162e+02 1.500000e+00
      vertex   1.436031e+03 1.011484e+03 1.500000e+00
      vertex   1.434945e+03 9.965219e+02 1.500000e+00
    endloop
  endfacet
  facet normal 0.000000e+00 -0.000000e+00 1.000000e+00
    outer loop
      vertex   1.434945e+03 9.965219e+02 1.500000e+00
      vertex   1.436031e+03 1.011484e+03 1.500000e+00
      vertex   1.434443e+03 9.965019e+02 1.500000e+00
    endloop
  endfacet
  facet normal 0.000000e+00 -0.000000e+00 1.000000e+00
    outer loop
      vertex   1.434443e+03 9.965019e+02 1.500000e+00
      vertex   1.436031e+03 1.011484e+03 1.500000e+00
      vertex   1.433962e+03 9.963576e+02 1.500000e+00
    endloop
  endfacet
  facet normal 0.000000e+00 -0.000000e+00 1.000000e+00
    outer loop
      vertex   1.433962e+03 9.963576e+02 1.500000e+00
      vertex   1.436031e+03 1.011484e+03 1.500000e+00
      vertex   1.433532e+03 9.960981e+02 1.500000e+00
    endloop
  endfacet
  facet normal 0.000000e+00 -0.000000e+00 1.000000e+00
    outer loop
      vertex   1.433532e+03 9.960981e+02 1.500000e+00
      vertex   1.436031e+03 1.011484e+03 1.500000e+00
      vertex   1.423509e+03 1.017745e+03 1.500000e+00
    endloop
  endfacet
  facet normal 0.000000e+00 0.000000e+00 1.000000e+00
    outer loop
      vertex   1.393248e+03 1.051940e+03 1.500000e+00
      vertex   1.407248e+03 1.051940e+03 1.500000e+00
      vertex   1.393248e+03 1.056940e+03 1.500000e+00
    endloop
  endfacet
  facet normal -0.000000e+00 0.000000e+00 1.000000e+00
    outer loop
      vertex   1.393248e+03 1.056940e+03 1.500000e+00
      vertex   1.407248e+03 1.051940e+03 1.500000e+00
      vertex   1.407248e+03 1.056940e+03 1.500000e+00
    endloop
  endfacet
  facet normal 0.000000e+00 0.000000e+00 1.000000e+00
    outer loop
      vertex   1.336183e+03 1.104440e+03 1.500000e+00
      vertex   1.331248e+03 1.104440e+03 1.500000e+00
      vertex   1.336183e+03 1.090440e+03 1.500000e+00
    endloop
  endfacet
  facet normal 0.000000e+00 0.000000e+00 1.000000e+00
    outer loop
      vertex   1.336183e+03 1.090440e+03 1.500000e+00
      vertex   1.331248e+03 1.104440e+03 1.500000e+00
      vertex   1.331248e+03 1.090440e+03 1.500000e+00
    endloop
  endfacet
  facet normal 0.000000e+00 0.000000e+00 1.000000e+00
    outer loop
      vertex   1.336183e+03 1.090440e+03 1.500000e+00
      vertex   1.331248e+03 1.090440e+03 1.500000e+00
      vertex   1.336183e+03 1.085440e+03 1.500000e+00
    endloop
  endfacet
  facet normal 0.000000e+00 0.000000e+00 1.000000e+00
    outer loop
      vertex   1.336183e+03 1.085440e+03 1.500000e+00
      vertex   1.331248e+03 1.090440e+03 1.500000e+00
      vertex   1.331248e+03 1.085440e+03 1.500000e+00
    endloop
  endfacet
  facet normal 0.000000e+00 0.000000e+00 1.000000e+00
    outer loop
      vertex   1.336183e+03 1.085440e+03 1.500000e+00
      vertex   1.331248e+03 1.085440e+03 1.500000e+00
      vertex   1.336183e+03 1.071440e+03 1.500000e+00
    endloop
  endfacet
  facet normal 0.000000e+00 0.000000e+00 1.000000e+00
    outer loop
      vertex   1.336183e+03 1.071440e+03 1.500000e+00
      vertex   1.331248e+03 1.085440e+03 1.500000e+00
      vertex   1.331248e+03 1.071440e+03 1.500000e+00
    endloop
  endfacet
  facet normal 0.000000e+00 0.000000e+00 1.000000e+00
    outer loop
      vertex   1.336183e+03 1.071440e+03 1.500000e+00
      vertex   1.331248e+03 1.071440e+03 1.500000e+00
      vertex   1.331248e+03 1.066440e+03 1.500000e+00
    endloop
  endfacet
  facet normal 0.000000e+00 -0.000000e+00 1.000000e+00
    outer loop
      vertex   1.331248e+03 1.066440e+03 1.500000e+00
      vertex   1.331248e+03 1.071440e+03 1.500000e+00
      vertex   1.317248e+03 1.071440e+03 1.500000e+00
    endloop
  endfacet
  facet normal 0.000000e+00 0.000000e+00 1.000000e+00
    outer loop
      vertex   1.331248e+03 1.066440e+03 1.500000e+00
      vertex   1.317248e+03 1.071440e+03 1.500000e+00
      vertex   1.317248e+03 1.066440e+03 1.500000e+00
    endloop
  endfacet
  facet normal 0.000000e+00 -0.000000e+00 1.000000e+00
    outer loop
      vertex   1.317248e+03 1.066440e+03 1.500000e+00
      vertex   1.317248e+03 1.071440e+03 1.500000e+00
      vertex   1.311248e+03 1.030269e+03 1.500000e+00
    endloop
  endfacet
  facet normal 0.000000e+00 0.000000e+00 1.000000e+00
    outer loop
      vertex   1.350183e+03 1.090440e+03 1.500000e+00
      vertex   1.336183e+03 1.090440e+03 1.500000e+00
      vertex   1.350183e+03 1.085440e+03 1.500000e+00
    endloop
  endfacet
  facet normal 0.000000e+00 0.000000e+00 1.000000e+00
    outer loop
      vertex   1.350183e+03 1.085440e+03 1.500000e+00
      vertex   1.336183e+03 1.090440e+03 1.500000e+00
      vertex   1.336183e+03 1.085440e+03 1.500000e+00
    endloop
  endfacet
  facet normal 0.000000e+00 0.000000e+00 1.000000e+00
    outer loop
      vertex   1.311248e+03 1.030269e+03 1.500000e+00
      vertex   1.317248e+03 1.071440e+03 1.500000e+00
      vertex   1.311248e+03 1.107611e+03 1.500000e+00
    endloop
  endfacet
  facet normal 0.000000e+00 0.000000e+00 1.000000e+00
    outer loop
      vertex   1.311248e+03 1.107611e+03 1.500000e+00
      vertex   1.317248e+03 1.071440e+03 1.500000e+00
      vertex   1.317248e+03 1.085440e+03 1.500000e+00
    endloop
  endfacet
  facet normal 0.000000e+00 0.000000e+00 1.000000e+00
    outer loop
      vertex   1.311248e+03 1.107611e+03 1.500000e+00
      vertex   1.317248e+03 1.085440e+03 1.500000e+00
      vertex   1.317248e+03 1.090440e+03 1.500000e+00
    endloop
  endfacet
  facet normal 0.000000e+00 0.000000e+00 1.000000e+00
    outer loop
      vertex   1.317248e+03 1.090440e+03 1.500000e+00
      vertex   1.317248e+03 1.085440e+03 1.500000e+00
      vertex   1.331248e+03 1.085440e+03 1.500000e+00
    endloop
  endfacet
  facet normal -0.000000e+00 0.000000e+00 1.000000e+00
    outer loop
      vertex   1.317248e+03 1.090440e+03 1.500000e+00
      vertex   1.331248e+03 1.085440e+03 1.500000e+00
      vertex   1.331248e+03 1.090440e+03 1.500000e+00
    endloop
  endfacet
  facet normal 0.000000e+00 0.000000e+00 1.000000e+00
    outer loop
      vertex   1.317248e+03 1.104440e+03 1.500000e+00
      vertex   1.312127e+03 1.107099e+03 1.500000e+00
      vertex   1.317248e+03 1.090440e+03 1.500000e+00
    endloop
  endfacet
  facet normal 0.000000e+00 0.000000e+00 1.000000e+00
    outer loop
      vertex   1.317248e+03 1.090440e+03 1.500000e+00
      vertex   1.312127e+03 1.107099e+03 1.500000e+00
      vertex   1.311654e+03 1.107298e+03 1.500000e+00
    endloop
  endfacet
  facet normal 0.000000e+00 0.000000e+00 1.000000e+00
    outer loop
      vertex   1.317248e+03 1.090440e+03 1.500000e+00
      vertex   1.311654e+03 1.107298e+03 1.500000e+00
      vertex   1.311248e+03 1.107611e+03 1.500000e+00
    endloop
  endfacet
  facet normal 0.000000e+00 0.000000e+00 1.000000e+00
    outer loop
      vertex   1.331248e+03 1.104440e+03 1.500000e+00
      vertex   1.314617e+03 1.109450e+03 1.500000e+00
      vertex   1.317248e+03 1.104440e+03 1.500000e+00
    endloop
  endfacet
  facet normal 0.000000e+00 0.000000e+00 1.000000e+00
    outer loop
      vertex   1.317248e+03 1.104440e+03 1.500000e+00
      vertex   1.314617e+03 1.109450e+03 1.500000e+00
      vertex   1.314661e+03 1.108939e+03 1.500000e+00
    endloop
  endfacet
  facet normal 0.000000e+00 0.000000e+00 1.000000e+00
    outer loop
      vertex   1.317248e+03 1.104440e+03 1.500000e+00
      vertex   1.314661e+03 1.108939e+03 1.500000e+00
      vertex   1.314573e+03 1.108434e+03 1.500000e+00
    endloop
  endfacet
  facet normal 2.000698e-13 -9.375275e-14 1.000000e+00
    outer loop
      vertex   1.454589e+03 1.030712e+03 1.500000e+00
      vertex   1.454216e+03 1.030366e+03 1.500000e+00
      vertex   1.436722e+03 9.949777e+02 1.500000e+00
    endloop
  endfacet
  facet normal -3.765497e-15 7.012877e-15 1.000000e+00
    outer loop
      vertex   1.436722e+03 9.949777e+02 1.500000e+00
      vertex   1.454216e+03 1.030366e+03 1.500000e+00
      vertex   1.453768e+03 1.030125e+03 1.500000e+00
    endloop
  endfacet
  facet normal -4.477408e-13 2.223326e-13 1.000000e+00
    outer loop
      vertex   1.436722e+03 9.949777e+02 1.500000e+00
      vertex   1.453768e+03 1.030125e+03 1.500000e+00
      vertex   1.436549e+03 9.954490e+02 1.500000e+00
    endloop
  endfacet
  facet normal 0.000000e+00 -0.000000e+00 1.000000e+00
    outer loop
      vertex   1.451419e+03 1.033146e+03 1.500000e+00
      vertex   1.451763e+03 1.033521e+03 1.500000e+00
      vertex   1.447000e+03 1.044000e+03 1.500000e+00
    endloop
  endfacet
  facet normal 0.000000e+00 0.000000e+00 1.000000e+00
    outer loop
      vertex   1.447000e+03 1.044000e+03 1.500000e+00
      vertex   1.451763e+03 1.033521e+03 1.500000e+00
      vertex   1.452190e+03 1.033797e+03 1.500000e+00
    endloop
  endfacet
  facet normal 0.000000e+00 0.000000e+00 1.000000e+00
    outer loop
      vertex   1.447000e+03 1.044000e+03 1.500000e+00
      vertex   1.452190e+03 1.033797e+03 1.500000e+00
      vertex   1.452673e+03 1.033957e+03 1.500000e+00
    endloop
  endfacet
  facet normal 0.000000e+00 -0.000000e+00 1.000000e+00
    outer loop
      vertex   1.452673e+03 1.033957e+03 1.500000e+00
      vertex   1.453181e+03 1.033989e+03 1.500000e+00
      vertex   1.447000e+03 1.044000e+03 1.500000e+00
    endloop
  endfacet
  facet normal 0.000000e+00 0.000000e+00 1.000000e+00
    outer loop
      vertex   1.447000e+03 1.044000e+03 1.500000e+00
      vertex   1.453181e+03 1.033989e+03 1.500000e+00
      vertex   1.453680e+03 1.033892e+03 1.500000e+00
    endloop
  endfacet
  facet normal 0.000000e+00 0.000000e+00 1.000000e+00
    outer loop
      vertex   1.447000e+03 1.044000e+03 1.500000e+00
      vertex   1.453680e+03 1.033892e+03 1.500000e+00
      vertex   1.454139e+03 1.033673e+03 1.500000e+00
    endloop
  endfacet
  facet normal -0.000000e+00 0.000000e+00 1.000000e+00
    outer loop
      vertex   1.454147e+03 1.057927e+03 1.500000e+00
      vertex   1.454528e+03 1.033345e+03 1.500000e+00
      vertex   1.454539e+03 1.058267e+03 1.500000e+00
    endloop
  endfacet
  facet normal 0.000000e+00 0.000000e+00 1.000000e+00
    outer loop
      vertex   1.454539e+03 1.058267e+03 1.500000e+00
      vertex   1.454528e+03 1.033345e+03 1.500000e+00
      vertex   1.454821e+03 1.032929e+03 1.500000e+00
    endloop
  endfacet
  facet normal -0.000000e+00 0.000000e+00 1.000000e+00
    outer loop
      vertex   1.454539e+03 1.058267e+03 1.500000e+00
      vertex   1.454821e+03 1.032929e+03 1.500000e+00
      vertex   1.454829e+03 1.058697e+03 1.500000e+00
    endloop
  endfacet
  facet normal 3.720461e-15 -1.209688e-18 1.000000e+00
    outer loop
      vertex   1.454829e+03 1.058697e+03 1.500000e+00
      vertex   1.454821e+03 1.032929e+03 1.500000e+00
      vertex   1.455000e+03 1.032453e+03 1.500000e+00
    endloop
  endfacet
  facet normal 3.906647e-15 0.000000e+00 1.000000e+00
    outer loop
      vertex   1.454829e+03 1.058697e+03 1.500000e+00
      vertex   1.455000e+03 1.032453e+03 1.500000e+00
      vertex   1.455000e+03 1.059187e+03 1.500000e+00
    endloop
  endfacet
  facet normal 0.000000e+00 -0.000000e+00 1.000000e+00
    outer loop
      vertex   1.451905e+03 1.061239e+03 1.500000e+00
      vertex   1.452367e+03 1.061476e+03 1.500000e+00
      vertex   1.426248e+03 1.073440e+03 1.500000e+00
    endloop
  endfacet
  facet normal 0.000000e+00 0.000000e+00 1.000000e+00
    outer loop
      vertex   1.426248e+03 1.073440e+03 1.500000e+00
      vertex   1.452367e+03 1.061476e+03 1.500000e+00
      vertex   1.452874e+03 1.061586e+03 1.500000e+00
    endloop
  endfacet
  facet normal -0.000000e+00 -0.000000e+00 1.000000e+00
    outer loop
      vertex   1.453392e+03 1.061563e+03 1.500000e+00
      vertex   1.453887e+03 1.061406e+03 1.500000e+00
      vertex   1.432672e+03 1.109625e+03 1.500000e+00
    endloop
  endfacet
  facet normal -0.000000e+00 0.000000e+00 1.000000e+00
    outer loop
      vertex   1.432672e+03 1.109625e+03 1.500000e+00
      vertex   1.453887e+03 1.061406e+03 1.500000e+00
      vertex   1.432926e+03 1.110077e+03 1.500000e+00
    endloop
  endfacet
  facet normal 0.000000e+00 0.000000e+00 1.000000e+00
    outer loop
      vertex   1.432926e+03 1.110077e+03 1.500000e+00
      vertex   1.453887e+03 1.061406e+03 1.500000e+00
      vertex   1.454325e+03 1.061128e+03 1.500000e+00
    endloop
  endfacet
  facet normal 1.821576e-13 7.963259e-14 1.000000e+00
    outer loop
      vertex   1.432926e+03 1.110077e+03 1.500000e+00
      vertex   1.454325e+03 1.061128e+03 1.500000e+00
      vertex   1.433055e+03 1.110579e+03 1.500000e+00
    endloop
  endfacet
  facet normal 1.839942e-13 8.042254e-14 1.000000e+00
    outer loop
      vertex   1.433055e+03 1.110579e+03 1.500000e+00
      vertex   1.454325e+03 1.061128e+03 1.500000e+00
      vertex   1.454676e+03 1.060746e+03 1.500000e+00
    endloop
  endfacet
  facet normal 0.000000e+00 0.000000e+00 1.000000e+00
    outer loop
      vertex   1.432311e+03 1.109254e+03 1.500000e+00
      vertex   1.431866e+03 1.108988e+03 1.500000e+00
      vertex   1.426248e+03 1.092440e+03 1.500000e+00
    endloop
  endfacet
  facet normal 0.000000e+00 0.000000e+00 1.000000e+00
    outer loop
      vertex   1.426248e+03 1.092440e+03 1.500000e+00
      vertex   1.431866e+03 1.108988e+03 1.500000e+00
      vertex   1.431368e+03 1.108845e+03 1.500000e+00
    endloop
  endfacet
  facet normal 0.000000e+00 0.000000e+00 1.000000e+00
    outer loop
      vertex   1.430347e+03 1.108958e+03 1.500000e+00
      vertex   1.429893e+03 1.109206e+03 1.500000e+00
      vertex   1.426248e+03 1.106440e+03 1.500000e+00
    endloop
  endfacet
  facet normal 0.000000e+00 0.000000e+00 1.000000e+00
    outer loop
      vertex   1.426248e+03 1.106440e+03 1.500000e+00
      vertex   1.429893e+03 1.109206e+03 1.500000e+00
      vertex   1.429517e+03 1.109563e+03 1.500000e+00
    endloop
  endfacet
  facet normal 0.000000e+00 0.000000e+00 1.000000e+00
    outer loop
      vertex   1.426248e+03 1.106440e+03 1.500000e+00
      vertex   1.429517e+03 1.109563e+03 1.500000e+00
      vertex   1.429246e+03 1.110004e+03 1.500000e+00
    endloop
  endfacet
  facet normal 0.000000e+00 0.000000e+00 1.000000e+00
    outer loop
      vertex   1.429246e+03 1.110004e+03 1.500000e+00
      vertex   1.429097e+03 1.110500e+03 1.500000e+00
      vertex   1.426248e+03 1.106440e+03 1.500000e+00
    endloop
  endfacet
  facet normal 0.000000e+00 0.000000e+00 1.000000e+00
    outer loop
      vertex   1.426248e+03 1.106440e+03 1.500000e+00
      vertex   1.429097e+03 1.110500e+03 1.500000e+00
      vertex   1.429080e+03 1.111018e+03 1.500000e+00
    endloop
  endfacet
  facet normal 0.000000e+00 0.000000e+00 1.000000e+00
    outer loop
      vertex   1.314445e+03 1.109933e+03 1.500000e+00
      vertex   1.314617e+03 1.109450e+03 1.500000e+00
      vertex   1.331248e+03 1.104440e+03 1.500000e+00
    endloop
  endfacet
  facet normal 0.000000e+00 0.000000e+00 1.000000e+00
    outer loop
      vertex   1.314573e+03 1.108434e+03 1.500000e+00
      vertex   1.314360e+03 1.107968e+03 1.500000e+00
      vertex   1.317248e+03 1.104440e+03 1.500000e+00
    endloop
  endfacet
  facet normal 0.000000e+00 0.000000e+00 1.000000e+00
    outer loop
      vertex   1.317248e+03 1.104440e+03 1.500000e+00
      vertex   1.314360e+03 1.107968e+03 1.500000e+00
      vertex   1.314036e+03 1.107571e+03 1.500000e+00
    endloop
  endfacet
  facet normal 0.000000e+00 0.000000e+00 1.000000e+00
    outer loop
      vertex   1.317248e+03 1.104440e+03 1.500000e+00
      vertex   1.314036e+03 1.107571e+03 1.500000e+00
      vertex   1.313621e+03 1.107270e+03 1.500000e+00
    endloop
  endfacet
  facet normal 0.000000e+00 0.000000e+00 1.000000e+00
    outer loop
      vertex   1.313621e+03 1.107270e+03 1.500000e+00
      vertex   1.313143e+03 1.107084e+03 1.500000e+00
      vertex   1.317248e+03 1.104440e+03 1.500000e+00
    endloop
  endfacet
  facet normal 0.000000e+00 0.000000e+00 1.000000e+00
    outer loop
      vertex   1.317248e+03 1.104440e+03 1.500000e+00
      vertex   1.313143e+03 1.107084e+03 1.500000e+00
      vertex   1.312634e+03 1.107026e+03 1.500000e+00
    endloop
  endfacet
  facet normal 0.000000e+00 0.000000e+00 1.000000e+00
    outer loop
      vertex   1.317248e+03 1.104440e+03 1.500000e+00
      vertex   1.312634e+03 1.107026e+03 1.500000e+00
      vertex   1.312127e+03 1.107099e+03 1.500000e+00
    endloop
  endfacet
  facet normal 1.000000e+00 0.000000e+00 0.000000e+00
    outer loop
      vertex   1.455000e+03 1.032453e+03 0.000000e+00
      vertex   1.455000e+03 1.059187e+03 0.000000e+00
      vertex   1.455000e+03 1.032453e+03 1.500000e+00
    endloop
  endfacet
  facet normal 1.000000e+00 -0.000000e+00 0.000000e+00
    outer loop
      vertex   1.455000e+03 1.032453e+03 1.500000e+00
      vertex   1.455000e+03 1.059187e+03 0.000000e+00
      vertex   1.455000e+03 1.059187e+03 1.500000e+00
    endloop
  endfacet
  facet normal -9.444804e-01 3.285679e-01 0.000000e+00
    outer loop
      vertex   1.455000e+03 1.059187e+03 1.500000e+00
      vertex   1.455000e+03 1.059187e+03 0.000000e+00
      vertex   1.454829e+03 1.058697e+03 1.500000e+00
    endloop
  endfacet
  facet normal -9.444804e-01 3.285679e-01 0.000000e+00
    outer loop
      vertex   1.454829e+03 1.058697e+03 1.500000e+00
      vertex   1.455000e+03 1.059187e+03 0.000000e+00
      vertex   1.454829e+03 1.058697e+03 0.000000e+00
    endloop
  endfacet
  facet normal -8.281488e-01 5.605083e-01 0.000000e+00
    outer loop
      vertex   1.454829e+03 1.058697e+03 1.500000e+00
      vertex   1.454829e+03 1.058697e+03 0.000000e+00
      vertex   1.454539e+03 1.058267e+03 1.500000e+00
    endloop
  endfacet
  facet normal -8.281488e-01 5.605083e-01 0.000000e+00
    outer loop
      vertex   1.454539e+03 1.058267e+03 1.500000e+00
      vertex   1.454829e+03 1.058697e+03 0.000000e+00
      vertex   1.454539e+03 1.058267e+03 0.000000e+00
    endloop
  endfacet
  facet normal -6.560586e-01 7.547100e-01 0.000000e+00
    outer loop
      vertex   1.454539e+03 1.058267e+03 1.500000e+00
      vertex   1.454539e+03 1.058267e+03 0.000000e+00
      vertex   1.454147e+03 1.057927e+03 1.500000e+00
    endloop
  endfacet
  facet normal -6.560586e-01 7.547100e-01 0.000000e+00
    outer loop
      vertex   1.454147e+03 1.057927e+03 1.500000e+00
      vertex   1.454539e+03 1.058267e+03 0.000000e+00
      vertex   1.454147e+03 1.057927e+03 0.000000e+00
    endloop
  endfacet
  facet normal -4.397963e-01 8.980975e-01 0.000000e+00
    outer loop
      vertex   1.454147e+03 1.057927e+03 1.500000e+00
      vertex   1.454147e+03 1.057927e+03 0.000000e+00
      vertex   1.453681e+03 1.057698e+03 1.500000e+00
    endloop
  endfacet
  facet normal -4.397963e-01 8.980975e-01 0.000000e+00
    outer loop
      vertex   1.453681e+03 1.057698e+03 1.500000e+00
      vertex   1.454147e+03 1.057927e+03 0.000000e+00
      vertex   1.453681e+03 1.057698e+03 0.000000e+00
    endloop
  endfacet
  facet normal -1.939229e-01 9.810168e-01 0.000000e+00
    outer loop
      vertex   1.453681e+03 1.057698e+03 1.500000e+00
      vertex   1.453681e+03 1.057698e+03 0.000000e+00
      vertex   1.453172e+03 1.057598e+03 1.500000e+00
    endloop
  endfacet
  facet normal -1.939229e-01 9.810168e-01 -2.939531e-14
    outer loop
      vertex   1.453172e+03 1.057598e+03 1.500000e+00
      vertex   1.453681e+03 1.057698e+03 0.000000e+00
      vertex   1.453172e+03 1.057598e+03 0.000000e+00
    endloop
  endfacet
  facet normal 6.500725e-02 9.978848e-01 9.853959e-15
    outer loop
      vertex   1.453172e+03 1.057598e+03 1.500000e+00
      vertex   1.453172e+03 1.057598e+03 0.000000e+00
      vertex   1.452654e+03 1.057631e+03 1.500000e+00
    endloop
  endfacet
  facet normal 6.500725e-02 9.978848e-01 9.853959e-15
    outer loop
      vertex   1.452654e+03 1.057631e+03 1.500000e+00
      vertex   1.453172e+03 1.057598e+03 0.000000e+00
      vertex   1.452654e+03 1.057631e+03 0.000000e+00
    endloop
  endfacet
  facet normal 3.195605e-01 9.475659e-01 4.843977e-14
    outer loop
      vertex   1.452654e+03 1.057631e+03 1.500000e+00
      vertex   1.452654e+03 1.057631e+03 0.000000e+00
      vertex   1.452162e+03 1.057797e+03 1.500000e+00
    endloop
  endfacet
  facet normal 3.195605e-01 9.475659e-01 -1.436344e-13
    outer loop
      vertex   1.452162e+03 1.057797e+03 1.500000e+00
      vertex   1.452654e+03 1.057631e+03 0.000000e+00
      vertex   1.452162e+03 1.057797e+03 0.000000e+00
    endloop
  endfacet
  facet normal 5.525980e-01 8.334480e-01 -1.263361e-13
    outer loop
      vertex   1.452162e+03 1.057797e+03 1.500000e+00
      vertex   1.452162e+03 1.057797e+03 0.000000e+00
      vertex   1.451730e+03 1.058084e+03 1.500000e+00
    endloop
  endfacet
  facet normal 5.525980e-01 8.334480e-01 0.000000e+00
    outer loop
      vertex   1.451730e+03 1.058084e+03 1.500000e+00
      vertex   1.452162e+03 1.057797e+03 0.000000e+00
      vertex   1.451730e+03 1.058084e+03 0.000000e+00
    endloop
  endfacet
  facet normal 7.484294e-01 6.632145e-01 0.000000e+00
    outer loop
      vertex   1.451730e+03 1.058084e+03 1.500000e+00
      vertex   1.451730e+03 1.058084e+03 0.000000e+00
      vertex   1.451385e+03 1.058472e+03 1.500000e+00
    endloop
  endfacet
  facet normal 7.484294e-01 6.632145e-01 0.000000e+00
    outer loop
      vertex   1.451385e+03 1.058472e+03 1.500000e+00
      vertex   1.451730e+03 1.058084e+03 0.000000e+00
      vertex   1.451385e+03 1.058472e+03 0.000000e+00
    endloop
  endfacet
  facet normal 8.938695e-01 4.483273e-01 0.000000e+00
    outer loop
      vertex   1.451385e+03 1.058472e+03 1.500000e+00
      vertex   1.451385e+03 1.058472e+03 0.000000e+00
      vertex   1.451153e+03 1.058936e+03 1.500000e+00
    endloop
  endfacet
  facet normal 8.938695e-01 4.483273e-01 0.000000e+00
    outer loop
      vertex   1.451153e+03 1.058936e+03 1.500000e+00
      vertex   1.451385e+03 1.058472e+03 0.000000e+00
      vertex   1.451153e+03 1.058936e+03 0.000000e+00
    endloop
  endfacet
  facet normal 9.791259e-01 2.032545e-01 0.000000e+00
    outer loop
      vertex   1.451153e+03 1.058936e+03 1.500000e+00
      vertex   1.451153e+03 1.058936e+03 0.000000e+00
      vertex   1.451047e+03 1.059444e+03 1.500000e+00
    endloop
  endfacet
  facet normal 9.791259e-01 2.032545e-01 -3.080981e-14
    outer loop
      vertex   1.451047e+03 1.059444e+03 1.500000e+00
      vertex   1.451153e+03 1.058936e+03 0.000000e+00
      vertex   1.451047e+03 1.059444e+03 0.000000e+00
    endloop
  endfacet
  facet normal 9.984585e-01 -5.550334e-02 8.413333e-15
    outer loop
      vertex   1.451047e+03 1.059444e+03 1.500000e+00
      vertex   1.451047e+03 1.059444e+03 0.000000e+00
      vertex   1.451076e+03 1.059963e+03 1.500000e+00
    endloop
  endfacet
  facet normal 9.984585e-01 -5.550334e-02 -1.429355e-13
    outer loop
      vertex   1.451076e+03 1.059963e+03 1.500000e+00
      vertex   1.451047e+03 1.059444e+03 0.000000e+00
      vertex   1.451076e+03 1.059963e+03 0.000000e+00
    endloop
  endfacet
  facet normal 9.505655e-01 -3.105242e-01 -9.701903e-14
    outer loop
      vertex   1.451076e+03 1.059963e+03 1.500000e+00
      vertex   1.451076e+03 1.059963e+03 0.000000e+00
      vertex   1.451237e+03 1.060456e+03 1.500000e+00
    endloop
  endfacet
  facet normal 9.505655e-01 -3.105242e-01 0.000000e+00
    outer loop
      vertex   1.451237e+03 1.060456e+03 1.500000e+00
      vertex   1.451076e+03 1.059963e+03 0.000000e+00
      vertex   1.451237e+03 1.060456e+03 0.000000e+00
    endloop
  endfacet
  facet normal 8.386715e-01 -5.446376e-01 0.000000e+00
    outer loop
      vertex   1.451237e+03 1.060456e+03 1.500000e+00
      vertex   1.451237e+03 1.060456e+03 0.000000e+00
      vertex   1.451520e+03 1.060891e+03 1.500000e+00
    endloop
  endfacet
  facet normal 8.386715e-01 -5.446376e-01 -2.542558e-13
    outer loop
      vertex   1.451520e+03 1.060891e+03 1.500000e+00
      vertex   1.451237e+03 1.060456e+03 0.000000e+00
      vertex   1.451520e+03 1.060891e+03 0.000000e+00
    endloop
  endfacet
  facet normal 6.703103e-01 -7.420809e-01 -2.032146e-13
    outer loop
      vertex   1.451520e+03 1.060891e+03 1.500000e+00
      vertex   1.451520e+03 1.060891e+03 0.000000e+00
      vertex   1.451905e+03 1.061239e+03 1.500000e+00
    endloop
  endfacet
  facet normal 6.703103e-01 -7.420809e-01 0.000000e+00
    outer loop
      vertex   1.451905e+03 1.061239e+03 1.500000e+00
      vertex   1.451520e+03 1.060891e+03 0.000000e+00
      vertex   1.451905e+03 1.061239e+03 0.000000e+00
    endloop
  endfacet
  facet normal 4.568176e-01 -8.895604e-01 0.000000e+00
    outer loop
      vertex   1.451905e+03 1.061239e+03 1.500000e+00
      vertex   1.451905e+03 1.061239e+03 0.000000e+00
      vertex   1.452367e+03 1.061476e+03 1.500000e+00
    endloop
  endfacet
  facet normal 4.568176e-01 -8.895604e-01 6.559621e-14
    outer loop
      vertex   1.452367e+03 1.061476e+03 1.500000e+00
      vertex   1.451905e+03 1.061239e+03 0.000000e+00
      vertex   1.452367e+03 1.061476e+03 0.000000e+00
    endloop
  endfacet
  facet normal 2.125676e-01 -9.771464e-01 1.158967e-13
    outer loop
      vertex   1.452367e+03 1.061476e+03 1.500000e+00
      vertex   1.452367e+03 1.061476e+03 0.000000e+00
      vertex   1.452874e+03 1.061586e+03 1.500000e+00
    endloop
  endfacet
  facet normal 2.125676e-01 -9.771464e-01 -6.444304e-14
    outer loop
      vertex   1.452874e+03 1.061586e+03 1.500000e+00
      vertex   1.452367e+03 1.061476e+03 0.000000e+00
      vertex   1.452874e+03 1.061586e+03 0.000000e+00
    endloop
  endfacet
  facet normal -4.599440e-02 -9.989417e-01 1.394389e-14
    outer loop
      vertex   1.452874e+03 1.061586e+03 1.500000e+00
      vertex   1.452874e+03 1.061586e+03 0.000000e+00
      vertex   1.453392e+03 1.061563e+03 1.500000e+00
    endloop
  endfacet
  facet normal -4.599440e-02 -9.989417e-01 -0.000000e+00
    outer loop
      vertex   1.453392e+03 1.061563e+03 1.500000e+00
      vertex   1.452874e+03 1.061586e+03 0.000000e+00
      vertex   1.453392e+03 1.061563e+03 0.000000e+00
    endloop
  endfacet
  facet normal -3.014596e-01 -9.534789e-01 -0.000000e+00
    outer loop
      vertex   1.453392e+03 1.061563e+03 1.500000e+00
      vertex   1.453392e+03 1.061563e+03 0.000000e+00
      vertex   1.453887e+03 1.061406e+03 1.500000e+00
    endloop
  endfacet
  facet normal -3.014596e-01 -9.534789e-01 -9.883468e-14
    outer loop
      vertex   1.453887e+03 1.061406e+03 1.500000e+00
      vertex   1.453392e+03 1.061563e+03 0.000000e+00
      vertex   1.453887e+03 1.061406e+03 0.000000e+00
    endloop
  endfacet
  facet normal -5.366278e-01 -8.438191e-01 -4.656480e-14
    outer loop
      vertex   1.453887e+03 1.061406e+03 1.500000e+00
      vertex   1.453887e+03 1.061406e+03 0.000000e+00
      vertex   1.454325e+03 1.061128e+03 1.500000e+00
    endloop
  endfacet
  facet normal -5.366278e-01 -8.438191e-01 -4.656480e-14
    outer loop
      vertex   1.454325e+03 1.061128e+03 1.500000e+00
      vertex   1.453887e+03 1.061406e+03 0.000000e+00
      vertex   1.454325e+03 1.061128e+03 0.000000e+00
    endloop
  endfacet
  facet normal -7.356652e-01 -6.773454e-01 8.840255e-15
    outer loop
      vertex   1.454325e+03 1.061128e+03 1.500000e+00
      vertex   1.454325e+03 1.061128e+03 0.000000e+00
      vertex   1.454676e+03 1.060746e+03 1.500000e+00
    endloop
  endfacet
  facet normal -7.356652e-01 -6.773454e-01 1.115139e-13
    outer loop
      vertex   1.454676e+03 1.060746e+03 1.500000e+00
      vertex   1.454325e+03 1.061128e+03 0.000000e+00
      vertex   1.454676e+03 1.060746e+03 0.000000e+00
    endloop
  endfacet
  facet normal 9.173752e-01 3.980235e-01 -1.390580e-13
    outer loop
      vertex   1.454676e+03 1.060746e+03 0.000000e+00
      vertex   1.433055e+03 1.110579e+03 0.000000e+00
      vertex   1.454676e+03 1.060746e+03 1.500000e+00
    endloop
  endfacet
  facet normal 9.173752e-01 3.980235e-01 0.000000e+00
    outer loop
      vertex   1.454676e+03 1.060746e+03 1.500000e+00
      vertex   1.433055e+03 1.110579e+03 0.000000e+00
      vertex   1.433055e+03 1.110579e+03 1.500000e+00
    endloop
  endfacet
  facet normal -9.683270e-01 2.496855e-01 0.000000e+00
    outer loop
      vertex   1.433055e+03 1.110579e+03 1.500000e+00
      vertex   1.433055e+03 1.110579e+03 0.000000e+00
      vertex   1.432926e+03 1.110077e+03 1.500000e+00
    endloop
  endfacet
  facet normal -9.683270e-01 2.496855e-01 0.000000e+00
    outer loop
      vertex   1.432926e+03 1.110077e+03 1.500000e+00
      vertex   1.433055e+03 1.110579e+03 0.000000e+00
      vertex   1.432926e+03 1.110077e+03 0.000000e+00
    endloop
  endfacet
  facet normal -8.717211e-01 4.900024e-01 0.000000e+00
    outer loop
      vertex   1.432926e+03 1.110077e+03 1.500000e+00
      vertex   1.432926e+03 1.110077e+03 0.000000e+00
      vertex   1.432672e+03 1.109625e+03 1.500000e+00
    endloop
  endfacet
  facet normal -8.717211e-01 4.900024e-01 0.000000e+00
    outer loop
      vertex   1.432672e+03 1.109625e+03 1.500000e+00
      vertex   1.432926e+03 1.110077e+03 0.000000e+00
      vertex   1.432672e+03 1.109625e+03 0.000000e+00
    endloop
  endfacet
  facet normal -7.166359e-01 6.974475e-01 0.000000e+00
    outer loop
      vertex   1.432672e+03 1.109625e+03 1.500000e+00
      vertex   1.432672e+03 1.109625e+03 0.000000e+00
      vertex   1.432311e+03 1.109254e+03 1.500000e+00
    endloop
  endfacet
  facet normal -7.166359e-01 6.974475e-01 0.000000e+00
    outer loop
      vertex   1.432311e+03 1.109254e+03 1.500000e+00
      vertex   1.432672e+03 1.109625e+03 0.000000e+00
      vertex   1.432311e+03 1.109254e+03 0.000000e+00
    endloop
  endfacet
  facet normal -5.134752e-01 8.581044e-01 0.000000e+00
    outer loop
      vertex   1.432311e+03 1.109254e+03 1.500000e+00
      vertex   1.432311e+03 1.109254e+03 0.000000e+00
      vertex   1.431866e+03 1.108988e+03 1.500000e+00
    endloop
  endfacet
  facet normal -5.134752e-01 8.581044e-01 0.000000e+00
    outer loop
      vertex   1.431866e+03 1.108988e+03 1.500000e+00
      vertex   1.432311e+03 1.109254e+03 0.000000e+00
      vertex   1.431866e+03 1.108988e+03 0.000000e+00
    endloop
  endfacet
  facet normal -2.758681e-01 9.611955e-01 0.000000e+00
    outer loop
      vertex   1.431866e+03 1.108988e+03 1.500000e+00
      vertex   1.431866e+03 1.108988e+03 0.000000e+00
      vertex   1.431368e+03 1.108845e+03 1.500000e+00
    endloop
  endfacet
  facet normal -2.758681e-01 9.611955e-01 0.000000e+00
    outer loop
      vertex   1.431368e+03 1.108845e+03 1.500000e+00
      vertex   1.431866e+03 1.108988e+03 0.000000e+00
      vertex   1.431368e+03 1.108845e+03 0.000000e+00
    endloop
  endfacet
  facet normal -1.975443e-02 9.998049e-01 0.000000e+00
    outer loop
      vertex   1.431368e+03 1.108845e+03 1.500000e+00
      vertex   1.431368e+03 1.108845e+03 0.000000e+00
      vertex   1.430851e+03 1.108835e+03 1.500000e+00
    endloop
  endfacet
  facet normal -1.975443e-02 9.998049e-01 0.000000e+00
    outer loop
      vertex   1.430851e+03 1.108835e+03 1.500000e+00
      vertex   1.431368e+03 1.108845e+03 0.000000e+00
      vertex   1.430851e+03 1.108835e+03 0.000000e+00
    endloop
  endfacet
  facet normal 2.376845e-01 9.713424e-01 0.000000e+00
    outer loop
      vertex   1.430851e+03 1.108835e+03 1.500000e+00
      vertex   1.430851e+03 1.108835e+03 0.000000e+00
      vertex   1.430347e+03 1.108958e+03 1.500000e+00
    endloop
  endfacet
  facet normal 2.376845e-01 9.713424e-01 0.000000e+00
    outer loop
      vertex   1.430347e+03 1.108958e+03 1.500000e+00
      vertex   1.430851e+03 1.108835e+03 0.000000e+00
      vertex   1.430347e+03 1.108958e+03 0.000000e+00
    endloop
  endfacet
  facet normal 4.791784e-01 8.777176e-01 0.000000e+00
    outer loop
      vertex   1.430347e+03 1.108958e+03 1.500000e+00
      vertex   1.430347e+03 1.108958e+03 0.000000e+00
      vertex   1.429893e+03 1.109206e+03 1.500000e+00
    endloop
  endfacet
  facet normal 4.791784e-01 8.777176e-01 0.000000e+00
    outer loop
      vertex   1.429893e+03 1.109206e+03 1.500000e+00
      vertex   1.430347e+03 1.108958e+03 0.000000e+00
      vertex   1.429893e+03 1.109206e+03 0.000000e+00
    endloop
  endfacet
  facet normal 6.885266e-01 7.252111e-01 0.000000e+00
    outer loop
      vertex   1.429893e+03 1.109206e+03 1.500000e+00
      vertex   1.429893e+03 1.109206e+03 0.000000e+00
      vertex   1.429517e+03 1.109563e+03 1.500000e+00
    endloop
  endfacet
  facet normal 6.885266e-01 7.252111e-01 0.000000e+00
    outer loop
      vertex   1.429517e+03 1.109563e+03 1.500000e+00
      vertex   1.429893e+03 1.109206e+03 0.000000e+00
      vertex   1.429517e+03 1.109563e+03 0.000000e+00
    endloop
  endfacet
  facet normal 8.516851e-01 5.240539e-01 0.000000e+00
    outer loop
      vertex   1.429517e+03 1.109563e+03 1.500000e+00
      vertex   1.429517e+03 1.109563e+03 0.000000e+00
      vertex   1.429246e+03 1.110004e+03 1.500000e+00
    endloop
  endfacet
  facet normal 8.516851e-01 5.240539e-01 0.000000e+00
    outer loop
      vertex   1.429246e+03 1.110004e+03 1.500000e+00
      vertex   1.429517e+03 1.109563e+03 0.000000e+00
      vertex   1.429246e+03 1.110004e+03 0.000000e+00
    endloop
  endfacet
  facet normal 9.577084e-01 2.877406e-01 0.000000e+00
    outer loop
      vertex   1.429246e+03 1.110004e+03 1.500000e+00
      vertex   1.429246e+03 1.110004e+03 0.000000e+00
      vertex   1.429097e+03 1.110500e+03 1.500000e+00
    endloop
  endfacet
  facet normal 9.577084e-01 2.877406e-01 0.000000e+00
    outer loop
      vertex   1.429097e+03 1.110500e+03 1.500000e+00
      vertex   1.429246e+03 1.110004e+03 0.000000e+00
      vertex   1.429097e+03 1.110500e+03 0.000000e+00
    endloop
  endfacet
  facet normal 9.994839e-01 3.212430e-02 0.000000e+00
    outer loop
      vertex   1.429097e+03 1.110500e+03 1.500000e+00
      vertex   1.429097e+03 1.110500e+03 0.000000e+00
      vertex   1.429080e+03 1.111018e+03 1.500000e+00
    endloop
  endfacet
  facet normal 9.994839e-01 3.212430e-02 0.000000e+00
    outer loop
      vertex   1.429080e+03 1.111018e+03 1.500000e+00
      vertex   1.429097e+03 1.110500e+03 0.000000e+00
      vertex   1.429080e+03 1.111018e+03 0.000000e+00
    endloop
  endfacet
  facet normal 9.742091e-01 -2.256471e-01 0.000000e+00
    outer loop
      vertex   1.429080e+03 1.111018e+03 1.500000e+00
      vertex   1.429080e+03 1.111018e+03 0.000000e+00
      vertex   1.429197e+03 1.111523e+03 1.500000e+00
    endloop
  endfacet
  facet normal 9.742091e-01 -2.256471e-01 0.000000e+00
    outer loop
      vertex   1.429197e+03 1.111523e+03 1.500000e+00
      vertex   1.429080e+03 1.111018e+03 0.000000e+00
      vertex   1.429197e+03 1.111523e+03 0.000000e+00
    endloop
  endfacet
  facet normal 8.835796e-01 -4.682810e-01 0.000000e+00
    outer loop
      vertex   1.429197e+03 1.111523e+03 1.500000e+00
      vertex   1.429197e+03 1.111523e+03 0.000000e+00
      vertex   1.429439e+03 1.111981e+03 1.500000e+00
    endloop
  endfacet
  facet normal 8.835796e-01 -4.682810e-01 0.000000e+00
    outer loop
      vertex   1.429439e+03 1.111981e+03 1.500000e+00
      vertex   1.429197e+03 1.111523e+03 0.000000e+00
      vertex   1.429439e+03 1.111981e+03 0.000000e+00
    endloop
  endfacet
  facet normal 7.336753e-01 -6.795003e-01 0.000000e+00
    outer loop
      vertex   1.429439e+03 1.111981e+03 1.500000e+00
      vertex   1.429439e+03 1.111981e+03 0.000000e+00
      vertex   1.429791e+03 1.112361e+03 1.500000e+00
    endloop
  endfacet
  facet normal 7.336753e-01 -6.795003e-01 0.000000e+00
    outer loop
      vertex   1.429791e+03 1.112361e+03 1.500000e+00
      vertex   1.429439e+03 1.111981e+03 0.000000e+00
      vertex   1.429791e+03 1.112361e+03 0.000000e+00
    endloop
  endfacet
  facet normal 5.345524e-01 -8.451353e-01 0.000000e+00
    outer loop
      vertex   1.429791e+03 1.112361e+03 1.500000e+00
      vertex   1.429791e+03 1.112361e+03 0.000000e+00
      vertex   1.430229e+03 1.112638e+03 1.500000e+00
    endloop
  endfacet
  facet normal 5.345524e-01 -8.451353e-01 0.000000e+00
    outer loop
      vertex   1.430229e+03 1.112638e+03 1.500000e+00
      vertex   1.429791e+03 1.112361e+03 0.000000e+00
      vertex   1.430229e+03 1.112638e+03 0.000000e+00
    endloop
  endfacet
  facet normal 9.758315e-02 9.952274e-01 -0.000000e+00
    outer loop
      vertex   1.430229e+03 1.112638e+03 0.000000e+00
      vertex   1.381248e+03 1.117440e+03 0.000000e+00
      vertex   1.430229e+03 1.112638e+03 1.500000e+00
    endloop
  endfacet
  facet normal 9.758315e-02 9.952274e-01 0.000000e+00
    outer loop
      vertex   1.430229e+03 1.112638e+03 1.500000e+00
      vertex   1.381248e+03 1.117440e+03 0.000000e+00
      vertex   1.381248e+03 1.117440e+03 1.500000e+00
    endloop
  endfacet
  facet normal 8.857526e-01 4.641576e-01 -3.517907e-14
    outer loop
      vertex   1.433132e+03 9.933859e+02 1.500000e+00
      vertex   1.433132e+03 9.933859e+02 0.000000e+00
      vertex   1.432899e+03 9.938307e+02 1.500000e+00
    endloop
  endfacet
  facet normal 8.857526e-01 4.641576e-01 -3.517907e-14
    outer loop
      vertex   1.432899e+03 9.938307e+02 1.500000e+00
      vertex   1.433132e+03 9.933859e+02 0.000000e+00
      vertex   1.432899e+03 9.938307e+02 0.000000e+00
    endloop
  endfacet
  facet normal 9.734447e-01 2.289224e-01 -1.735031e-14
    outer loop
      vertex   1.432899e+03 9.938307e+02 1.500000e+00
      vertex   1.432899e+03 9.938307e+02 0.000000e+00
      vertex   1.432784e+03 9.943194e+02 1.500000e+00
    endloop
  endfacet
  facet normal 9.734447e-01 2.289224e-01 -1.735031e-14
    outer loop
      vertex   1.432784e+03 9.943194e+02 1.500000e+00
      vertex   1.432899e+03 9.938307e+02 0.000000e+00
      vertex   1.432784e+03 9.943194e+02 0.000000e+00
    endloop
  endfacet
  facet normal 9.997849e-01 -2.074068e-02 1.571961e-15
    outer loop
      vertex   1.432784e+03 9.943194e+02 1.500000e+00
      vertex   1.432784e+03 9.943194e+02 0.000000e+00
      vertex   1.432794e+03 9.948214e+02 1.500000e+00
    endloop
  endfacet
  facet normal 9.997849e-01 -2.074068e-02 -1.484059e-13
    outer loop
      vertex   1.432794e+03 9.948214e+02 1.500000e+00
      vertex   1.432784e+03 9.943194e+02 0.000000e+00
      vertex   1.432794e+03 9.948214e+02 0.000000e+00
    endloop
  endfacet
  facet normal 9.631132e-01 -2.690966e-01 -1.052007e-13
    outer loop
      vertex   1.432794e+03 9.948214e+02 1.500000e+00
      vertex   1.432794e+03 9.948214e+02 0.000000e+00
      vertex   1.432929e+03 9.953050e+02 1.500000e+00
    endloop
  endfacet
  facet normal 9.631132e-01 -2.690966e-01 2.039516e-14
    outer loop
      vertex   1.432929e+03 9.953050e+02 1.500000e+00
      vertex   1.432794e+03 9.948214e+02 0.000000e+00
      vertex   1.432929e+03 9.953050e+02 0.000000e+00
    endloop
  endfacet
  facet normal 8.657408e-01 -5.004925e-01 3.793294e-14
    outer loop
      vertex   1.432929e+03 9.953050e+02 1.500000e+00
      vertex   1.432929e+03 9.953050e+02 0.000000e+00
      vertex   1.433181e+03 9.957397e+02 1.500000e+00
    endloop
  endfacet
  facet normal 8.657408e-01 -5.004925e-01 -9.329818e-14
    outer loop
      vertex   1.433181e+03 9.957397e+02 1.500000e+00
      vertex   1.432929e+03 9.953050e+02 0.000000e+00
      vertex   1.433181e+03 9.957397e+02 0.000000e+00
    endloop
  endfacet
  facet normal 7.138048e-01 -7.003447e-01 -5.512029e-14
    outer loop
      vertex   1.433181e+03 9.957397e+02 1.500000e+00
      vertex   1.433181e+03 9.957397e+02 0.000000e+00
      vertex   1.433532e+03 9.960981e+02 1.500000e+00
    endloop
  endfacet
  facet normal 7.138048e-01 -7.003447e-01 5.307999e-14
    outer loop
      vertex   1.433532e+03 9.960981e+02 1.500000e+00
      vertex   1.433181e+03 9.957397e+02 0.000000e+00
      vertex   1.433532e+03 9.960981e+02 0.000000e+00
    endloop
  endfacet
  facet normal 5.168808e-01 -8.560574e-01 6.488164e-14
    outer loop
      vertex   1.433532e+03 9.960981e+02 1.500000e+00
      vertex   1.433532e+03 9.960981e+02 0.000000e+00
      vertex   1.433962e+03 9.963576e+02 1.500000e+00
    endloop
  endfacet
  facet normal 5.168808e-01 -8.560574e-01 -9.181849e-14
    outer loop
      vertex   1.433962e+03 9.963576e+02 1.500000e+00
      vertex   1.433532e+03 9.960981e+02 0.000000e+00
      vertex   1.433962e+03 9.963576e+02 0.000000e+00
    endloop
  endfacet
  facet normal 2.873802e-01 -9.578166e-01 -1.452950e-14
    outer loop
      vertex   1.433962e+03 9.963576e+02 1.500000e+00
      vertex   1.433962e+03 9.963576e+02 0.000000e+00
      vertex   1.434443e+03 9.965019e+02 1.500000e+00
    endloop
  endfacet
  facet normal 2.873802e-01 -9.578166e-01 -4.356180e-14
    outer loop
      vertex   1.434443e+03 9.965019e+02 1.500000e+00
      vertex   1.433962e+03 9.963576e+02 0.000000e+00
      vertex   1.434443e+03 9.965019e+02 0.000000e+00
    endloop
  endfacet
  facet normal 3.976735e-02 -9.992090e-01 -6.028032e-15
    outer loop
      vertex   1.434443e+03 9.965019e+02 1.500000e+00
      vertex   1.434443e+03 9.965019e+02 0.000000e+00
      vertex   1.434945e+03 9.965219e+02 1.500000e+00
    endloop
  endfacet
  facet normal 3.976735e-02 -9.992090e-01 0.000000e+00
    outer loop
      vertex   1.434945e+03 9.965219e+02 1.500000e+00
      vertex   1.434443e+03 9.965019e+02 0.000000e+00
      vertex   1.434945e+03 9.965219e+02 0.000000e+00
    endloop
  endfacet
  facet normal -2.103519e-01 -9.776257e-01 -0.000000e+00
    outer loop
      vertex   1.434945e+03 9.965219e+02 1.500000e+00
      vertex   1.434945e+03 9.965219e+02 0.000000e+00
      vertex   1.435436e+03 9.964162e+02 1.500000e+00
    endloop
  endfacet
  facet normal -2.103519e-01 -9.776257e-01 -4.220980e-14
    outer loop
      vertex   1.435436e+03 9.964162e+02 1.500000e+00
      vertex   1.434945e+03 9.965219e+02 0.000000e+00
      vertex   1.435436e+03 9.964162e+02 0.000000e+00
    endloop
  endfacet
  facet normal -4.472136e-01 -8.944272e-01 3.432188e-26
    outer loop
      vertex   1.435436e+03 9.964162e+02 1.500000e+00
      vertex   1.435436e+03 9.964162e+02 0.000000e+00
      vertex   1.435885e+03 9.961917e+02 1.500000e+00
    endloop
  endfacet
  facet normal -4.472136e-01 -8.944272e-01 -6.778973e-14
    outer loop
      vertex   1.435885e+03 9.961917e+02 1.500000e+00
      vertex   1.435436e+03 9.964162e+02 0.000000e+00
      vertex   1.435885e+03 9.961917e+02 0.000000e+00
    endloop
  endfacet
  facet normal -6.558895e-01 -7.548570e-01 -1.500174e-14
    outer loop
      vertex   1.435885e+03 9.961917e+02 1.500000e+00
      vertex   1.435885e+03 9.961917e+02 0.000000e+00
      vertex   1.436264e+03 9.958624e+02 1.500000e+00
    endloop
  endfacet
  facet normal -6.558895e-01 -7.548570e-01 -5.721153e-14
    outer loop
      vertex   1.436264e+03 9.958624e+02 1.500000e+00
      vertex   1.435885e+03 9.961917e+02 0.000000e+00
      vertex   1.436264e+03 9.958624e+02 0.000000e+00
    endloop
  endfacet
  facet normal -8.232276e-01 -5.677115e-01 -4.302755e-14
    outer loop
      vertex   1.436264e+03 9.958624e+02 1.500000e+00
      vertex   1.436264e+03 9.958624e+02 0.000000e+00
      vertex   1.436549e+03 9.954490e+02 1.500000e+00
    endloop
  endfacet
  facet normal -8.232276e-01 -5.677115e-01 -4.302755e-14
    outer loop
      vertex   1.436549e+03 9.954490e+02 1.500000e+00
      vertex   1.436264e+03 9.958624e+02 0.000000e+00
      vertex   1.436549e+03 9.954490e+02 0.000000e+00
    endloop
  endfacet
  facet normal -9.386814e-01 -3.447858e-01 -2.613174e-14
    outer loop
      vertex   1.436549e+03 9.954490e+02 1.500000e+00
      vertex   1.436549e+03 9.954490e+02 0.000000e+00
      vertex   1.436722e+03 9.949777e+02 1.500000e+00
    endloop
  endfacet
  facet normal -9.386814e-01 -3.447858e-01 -5.226347e-14
    outer loop
      vertex   1.436722e+03 9.949777e+02 1.500000e+00
      vertex   1.436549e+03 9.954490e+02 0.000000e+00
      vertex   1.436722e+03 9.949777e+02 0.000000e+00
    endloop
  endfacet
  facet normal 8.944272e-01 -4.472136e-01 0.000000e+00
    outer loop
      vertex   1.454589e+03 1.030712e+03 1.500000e+00
      vertex   1.436722e+03 9.949777e+02 1.500000e+00
      vertex   1.454589e+03 1.030712e+03 0.000000e+00
    endloop
  endfacet
  facet normal 8.944272e-01 -4.472136e-01 -6.829430e-14
    outer loop
      vertex   1.454589e+03 1.030712e+03 0.000000e+00
      vertex   1.436722e+03 9.949777e+02 1.500000e+00
      vertex   1.436722e+03 9.949777e+02 0.000000e+00
    endloop
  endfacet
  facet normal -6.552755e-01 -7.553899e-01 -0.000000e+00
    outer loop
      vertex   1.313769e+03 1.110692e+03 1.500000e+00
      vertex   1.313769e+03 1.110692e+03 0.000000e+00
      vertex   1.314156e+03 1.110356e+03 1.500000e+00
    endloop
  endfacet
  facet normal -6.552755e-01 -7.553899e-01 -0.000000e+00
    outer loop
      vertex   1.314156e+03 1.110356e+03 1.500000e+00
      vertex   1.313769e+03 1.110692e+03 0.000000e+00
      vertex   1.314156e+03 1.110356e+03 0.000000e+00
    endloop
  endfacet
  facet normal -8.257569e-01 -5.640262e-01 -0.000000e+00
    outer loop
      vertex   1.314156e+03 1.110356e+03 1.500000e+00
      vertex   1.314156e+03 1.110356e+03 0.000000e+00
      vertex   1.314445e+03 1.109933e+03 1.500000e+00
    endloop
  endfacet
  facet normal -8.257569e-01 -5.640262e-01 -0.000000e+00
    outer loop
      vertex   1.314445e+03 1.109933e+03 1.500000e+00
      vertex   1.314156e+03 1.110356e+03 0.000000e+00
      vertex   1.314445e+03 1.109933e+03 0.000000e+00
    endloop
  endfacet
  facet normal -9.419992e-01 -3.356150e-01 -0.000000e+00
    outer loop
      vertex   1.314445e+03 1.109933e+03 1.500000e+00
      vertex   1.314445e+03 1.109933e+03 0.000000e+00
      vertex   1.314617e+03 1.109450e+03 1.500000e+00
    endloop
  endfacet
  facet normal -9.419992e-01 -3.356150e-01 -0.000000e+00
    outer loop
      vertex   1.314617e+03 1.109450e+03 1.500000e+00
      vertex   1.314445e+03 1.109933e+03 0.000000e+00
      vertex   1.314617e+03 1.109450e+03 0.000000e+00
    endloop
  endfacet
  facet normal -9.963674e-01 -8.515928e-02 -0.000000e+00
    outer loop
      vertex   1.314617e+03 1.109450e+03 1.500000e+00
      vertex   1.314617e+03 1.109450e+03 0.000000e+00
      vertex   1.314661e+03 1.108939e+03 1.500000e+00
    endloop
  endfacet
  facet normal -9.963674e-01 -8.515928e-02 -0.000000e+00
    outer loop
      vertex   1.314661e+03 1.108939e+03 1.500000e+00
      vertex   1.314617e+03 1.109450e+03 0.000000e+00
      vertex   1.314661e+03 1.108939e+03 0.000000e+00
    endloop
  endfacet
  facet normal -9.852901e-01 1.708900e-01 0.000000e+00
    outer loop
      vertex   1.314661e+03 1.108939e+03 1.500000e+00
      vertex   1.314661e+03 1.108939e+03 0.000000e+00
      vertex   1.314573e+03 1.108434e+03 1.500000e+00
    endloop
  endfacet
  facet normal -9.852901e-01 1.708900e-01 0.000000e+00
    outer loop
      vertex   1.314573e+03 1.108434e+03 1.500000e+00
      vertex   1.314661e+03 1.108939e+03 0.000000e+00
      vertex   1.314573e+03 1.108434e+03 0.000000e+00
    endloop
  endfacet
  facet normal -9.094951e-01 4.157146e-01 0.000000e+00
    outer loop
      vertex   1.314573e+03 1.108434e+03 1.500000e+00
      vertex   1.314573e+03 1.108434e+03 0.000000e+00
      vertex   1.314360e+03 1.107968e+03 1.500000e+00
    endloop
  endfacet
  facet normal -9.094951e-01 4.157146e-01 0.000000e+00
    outer loop
      vertex   1.314360e+03 1.107968e+03 1.500000e+00
      vertex   1.314573e+03 1.108434e+03 0.000000e+00
      vertex   1.314360e+03 1.107968e+03 0.000000e+00
    endloop
  endfacet
  facet normal -7.739609e-01 6.332334e-01 0.000000e+00
    outer loop
      vertex   1.314360e+03 1.107968e+03 1.500000e+00
      vertex   1.314360e+03 1.107968e+03 0.000000e+00
      vertex   1.314036e+03 1.107571e+03 1.500000e+00
    endloop
  endfacet
  facet normal -7.739609e-01 6.332334e-01 0.000000e+00
    outer loop
      vertex   1.314036e+03 1.107571e+03 1.500000e+00
      vertex   1.314360e+03 1.107968e+03 0.000000e+00
      vertex   1.314036e+03 1.107571e+03 0.000000e+00
    endloop
  endfacet
  facet normal -5.875898e-01 8.091590e-01 0.000000e+00
    outer loop
      vertex   1.314036e+03 1.107571e+03 1.500000e+00
      vertex   1.314036e+03 1.107571e+03 0.000000e+00
      vertex   1.313621e+03 1.107270e+03 1.500000e+00
    endloop
  endfacet
  facet normal -5.875898e-01 8.091590e-01 0.000000e+00
    outer loop
      vertex   1.313621e+03 1.107270e+03 1.500000e+00
      vertex   1.314036e+03 1.107571e+03 0.000000e+00
      vertex   1.313621e+03 1.107270e+03 0.000000e+00
    endloop
  endfacet
  facet normal -3.626235e-01 9.319357e-01 0.000000e+00
    outer loop
      vertex   1.313621e+03 1.107270e+03 1.500000e+00
      vertex   1.313621e+03 1.107270e+03 0.000000e+00
      vertex   1.313143e+03 1.107084e+03 1.500000e+00
    endloop
  endfacet
  facet normal -3.626235e-01 9.319357e-01 0.000000e+00
    outer loop
      vertex   1.313143e+03 1.107084e+03 1.500000e+00
      vertex   1.313621e+03 1.107270e+03 0.000000e+00
      vertex   1.313143e+03 1.107084e+03 0.000000e+00
    endloop
  endfacet
  facet normal -1.138387e-01 9.934992e-01 0.000000e+00
    outer loop
      vertex   1.313143e+03 1.107084e+03 1.500000e+00
      vertex   1.313143e+03 1.107084e+03 0.000000e+00
      vertex   1.312634e+03 1.107026e+03 1.500000e+00
    endloop
  endfacet
  facet normal -1.138387e-01 9.934992e-01 0.000000e+00
    outer loop
      vertex   1.312634e+03 1.107026e+03 1.500000e+00
      vertex   1.313143e+03 1.107084e+03 0.000000e+00
      vertex   1.312634e+03 1.107026e+03 0.000000e+00
    endloop
  endfacet
  facet normal 1.424235e-01 9.898058e-01 0.000000e+00
    outer loop
      vertex   1.312634e+03 1.107026e+03 1.500000e+00
      vertex   1.312634e+03 1.107026e+03 0.000000e+00
      vertex   1.312127e+03 1.107099e+03 1.500000e+00
    endloop
  endfacet
  facet normal 1.424235e-01 9.898058e-01 0.000000e+00
    outer loop
      vertex   1.312127e+03 1.107099e+03 1.500000e+00
      vertex   1.312634e+03 1.107026e+03 0.000000e+00
      vertex   1.312127e+03 1.107099e+03 0.000000e+00
    endloop
  endfacet
  facet normal 3.893308e-01 9.210980e-01 0.000000e+00
    outer loop
      vertex   1.312127e+03 1.107099e+03 1.500000e+00
      vertex   1.312127e+03 1.107099e+03 0.000000e+00
      vertex   1.311654e+03 1.107298e+03 1.500000e+00
    endloop
  endfacet
  facet normal 3.893308e-01 9.210980e-01 0.000000e+00
    outer loop
      vertex   1.311654e+03 1.107298e+03 1.500000e+00
      vertex   1.312127e+03 1.107099e+03 0.000000e+00
      vertex   1.311654e+03 1.107298e+03 0.000000e+00
    endloop
  endfacet
  facet normal 6.106653e-01 7.918888e-01 0.000000e+00
    outer loop
      vertex   1.311654e+03 1.107298e+03 1.500000e+00
      vertex   1.311654e+03 1.107298e+03 0.000000e+00
      vertex   1.311248e+03 1.107611e+03 1.500000e+00
    endloop
  endfacet
  facet normal 6.106653e-01 7.918888e-01 0.000000e+00
    outer loop
      vertex   1.311248e+03 1.107611e+03 1.500000e+00
      vertex   1.311654e+03 1.107298e+03 0.000000e+00
      vertex   1.311248e+03 1.107611e+03 0.000000e+00
    endloop
  endfacet
  facet normal -1.000000e+00 0.000000e+00 0.000000e+00
    outer loop
      vertex   1.311248e+03 1.107611e+03 0.000000e+00
      vertex   1.311248e+03 1.030269e+03 0.000000e+00
      vertex   1.311248e+03 1.107611e+03 1.500000e+00
    endloop
  endfacet
  facet normal -1.000000e+00 -0.000000e+00 0.000000e+00
    outer loop
      vertex   1.311248e+03 1.107611e+03 1.500000e+00
      vertex   1.311248e+03 1.030269e+03 0.000000e+00
      vertex   1.311248e+03 1.030269e+03 1.500000e+00
    endloop
  endfacet
  facet normal -3.554279e-01 9.347037e-01 0.000000e+00
    outer loop
      vertex   1.313139e+03 1.026912e+03 0.000000e+00
      vertex   1.313139e+03 1.026912e+03 1.500000e+00
      vertex   1.313597e+03 1.027087e+03 0.000000e+00
    endloop
  endfacet
  facet normal -3.554279e-01 9.347037e-01 5.387663e-14
    outer loop
      vertex   1.313597e+03 1.027087e+03 0.000000e+00
      vertex   1.313139e+03 1.026912e+03 1.500000e+00
      vertex   1.313597e+03 1.027087e+03 1.500000e+00
    endloop
  endfacet
  facet normal -5.721612e-01 8.201412e-01 8.672960e-14
    outer loop
      vertex   1.313597e+03 1.027087e+03 0.000000e+00
      vertex   1.313597e+03 1.027087e+03 1.500000e+00
      vertex   1.313999e+03 1.027367e+03 1.500000e+00
    endloop
  endfacet
  facet normal -5.721612e-01 8.201412e-01 -1.243148e-13
    outer loop
      vertex   1.313597e+03 1.027087e+03 0.000000e+00
      vertex   1.313999e+03 1.027367e+03 1.500000e+00
      vertex   1.313999e+03 1.027367e+03 0.000000e+00
    endloop
  endfacet
  facet normal -7.545089e-01 6.562898e-01 -9.948202e-14
    outer loop
      vertex   1.313999e+03 1.027367e+03 0.000000e+00
      vertex   1.313999e+03 1.027367e+03 1.500000e+00
      vertex   1.314321e+03 1.027737e+03 1.500000e+00
    endloop
  endfacet
  facet normal -7.545089e-01 6.562898e-01 0.000000e+00
    outer loop
      vertex   1.313999e+03 1.027367e+03 0.000000e+00
      vertex   1.314321e+03 1.027737e+03 1.500000e+00
      vertex   1.314321e+03 1.027737e+03 0.000000e+00
    endloop
  endfacet
  facet normal -8.915121e-01 4.529969e-01 0.000000e+00
    outer loop
      vertex   1.314321e+03 1.027737e+03 0.000000e+00
      vertex   1.314321e+03 1.027737e+03 1.500000e+00
      vertex   1.314543e+03 1.028174e+03 1.500000e+00
    endloop
  endfacet
  facet normal -8.915121e-01 4.529969e-01 0.000000e+00
    outer loop
      vertex   1.314321e+03 1.027737e+03 0.000000e+00
      vertex   1.314543e+03 1.028174e+03 1.500000e+00
      vertex   1.314543e+03 1.028174e+03 0.000000e+00
    endloop
  endfacet
  facet normal -9.749373e-01 2.224797e-01 0.000000e+00
    outer loop
      vertex   1.314543e+03 1.028174e+03 0.000000e+00
      vertex   1.314543e+03 1.028174e+03 1.500000e+00
      vertex   1.314652e+03 1.028652e+03 1.500000e+00
    endloop
  endfacet
  facet normal -9.749373e-01 2.224797e-01 0.000000e+00
    outer loop
      vertex   1.314543e+03 1.028174e+03 0.000000e+00
      vertex   1.314652e+03 1.028652e+03 1.500000e+00
      vertex   1.314652e+03 1.028652e+03 0.000000e+00
    endloop
  endfacet
  facet normal -9.997708e-01 -2.140799e-02 0.000000e+00
    outer loop
      vertex   1.314652e+03 1.028652e+03 0.000000e+00
      vertex   1.314652e+03 1.028652e+03 1.500000e+00
      vertex   1.314642e+03 1.029142e+03 1.500000e+00
    endloop
  endfacet
  facet normal -9.997708e-01 -2.140799e-02 3.244441e-15
    outer loop
      vertex   1.314652e+03 1.028652e+03 0.000000e+00
      vertex   1.314642e+03 1.029142e+03 1.500000e+00
      vertex   1.314642e+03 1.029142e+03 0.000000e+00
    endloop
  endfacet
  facet normal -9.645202e-01 -2.640091e-01 4.001915e-14
    outer loop
      vertex   1.314642e+03 1.029142e+03 0.000000e+00
      vertex   1.314642e+03 1.029142e+03 1.500000e+00
      vertex   1.314512e+03 1.029615e+03 1.500000e+00
    endloop
  endfacet
  facet normal -9.645202e-01 -2.640091e-01 -1.462039e-13
    outer loop
      vertex   1.314642e+03 1.029142e+03 0.000000e+00
      vertex   1.314512e+03 1.029615e+03 1.500000e+00
      vertex   1.314512e+03 1.029615e+03 0.000000e+00
    endloop
  endfacet
  facet normal -8.713039e-01 -4.907439e-01 -1.320744e-13
    outer loop
      vertex   1.314512e+03 1.029615e+03 0.000000e+00
      vertex   1.314512e+03 1.029615e+03 1.500000e+00
      vertex   1.314272e+03 1.030042e+03 1.500000e+00
    endloop
  endfacet
  facet normal -8.713039e-01 -4.907439e-01 0.000000e+00
    outer loop
      vertex   1.314512e+03 1.029615e+03 0.000000e+00
      vertex   1.314272e+03 1.030042e+03 1.500000e+00
      vertex   1.314272e+03 1.030042e+03 0.000000e+00
    endloop
  endfacet
  facet normal -7.257240e-01 -6.879859e-01 0.000000e+00
    outer loop
      vertex   1.314272e+03 1.030042e+03 0.000000e+00
      vertex   1.314272e+03 1.030042e+03 1.500000e+00
      vertex   1.313935e+03 1.030398e+03 1.500000e+00
    endloop
  endfacet
  facet normal -7.257240e-01 -6.879859e-01 0.000000e+00
    outer loop
      vertex   1.314272e+03 1.030042e+03 0.000000e+00
      vertex   1.313935e+03 1.030398e+03 1.500000e+00
      vertex   1.313935e+03 1.030398e+03 0.000000e+00
    endloop
  endfacet
  facet normal -5.365297e-01 -8.438814e-01 0.000000e+00
    outer loop
      vertex   1.313935e+03 1.030398e+03 0.000000e+00
      vertex   1.313935e+03 1.030398e+03 1.500000e+00
      vertex   1.313521e+03 1.030661e+03 1.500000e+00
    endloop
  endfacet
  facet normal -5.365297e-01 -8.438814e-01 0.000000e+00
    outer loop
      vertex   1.313935e+03 1.030398e+03 0.000000e+00
      vertex   1.313521e+03 1.030661e+03 1.500000e+00
      vertex   1.313521e+03 1.030661e+03 0.000000e+00
    endloop
  endfacet
  facet normal -3.150910e-01 -9.490615e-01 0.000000e+00
    outer loop
      vertex   1.313521e+03 1.030661e+03 0.000000e+00
      vertex   1.313521e+03 1.030661e+03 1.500000e+00
      vertex   1.313055e+03 1.030816e+03 1.500000e+00
    endloop
  endfacet
  facet normal -3.150910e-01 -9.490615e-01 0.000000e+00
    outer loop
      vertex   1.313521e+03 1.030661e+03 0.000000e+00
      vertex   1.313055e+03 1.030816e+03 1.500000e+00
      vertex   1.313055e+03 1.030816e+03 0.000000e+00
    endloop
  endfacet
  facet normal -7.471604e-02 -9.972049e-01 0.000000e+00
    outer loop
      vertex   1.313055e+03 1.030816e+03 0.000000e+00
      vertex   1.313055e+03 1.030816e+03 1.500000e+00
      vertex   1.312567e+03 1.030852e+03 1.500000e+00
    endloop
  endfacet
  facet normal -7.471604e-02 -9.972049e-01 0.000000e+00
    outer loop
      vertex   1.313055e+03 1.030816e+03 0.000000e+00
      vertex   1.312567e+03 1.030852e+03 1.500000e+00
      vertex   1.312567e+03 1.030852e+03 0.000000e+00
    endloop
  endfacet
  facet normal 1.701492e-01 -9.854183e-01 0.000000e+00
    outer loop
      vertex   1.312567e+03 1.030852e+03 0.000000e+00
      vertex   1.312567e+03 1.030852e+03 1.500000e+00
      vertex   1.312083e+03 1.030769e+03 1.500000e+00
    endloop
  endfacet
  facet normal 1.701492e-01 -9.854183e-01 0.000000e+00
    outer loop
      vertex   1.312567e+03 1.030852e+03 0.000000e+00
      vertex   1.312083e+03 1.030769e+03 1.500000e+00
      vertex   1.312083e+03 1.030769e+03 0.000000e+00
    endloop
  endfacet
  facet normal 4.047889e-01 -9.144102e-01 0.000000e+00
    outer loop
      vertex   1.312083e+03 1.030769e+03 0.000000e+00
      vertex   1.312083e+03 1.030769e+03 1.500000e+00
      vertex   1.311635e+03 1.030571e+03 1.500000e+00
    endloop
  endfacet
  facet normal 4.047889e-01 -9.144102e-01 0.000000e+00
    outer loop
      vertex   1.312083e+03 1.030769e+03 0.000000e+00
      vertex   1.311635e+03 1.030571e+03 1.500000e+00
      vertex   1.311635e+03 1.030571e+03 0.000000e+00
    endloop
  endfacet
  facet normal 6.151015e-01 -7.884479e-01 0.000000e+00
    outer loop
      vertex   1.311635e+03 1.030571e+03 0.000000e+00
      vertex   1.311635e+03 1.030571e+03 1.500000e+00
      vertex   1.311248e+03 1.030269e+03 0.000000e+00
    endloop
  endfacet
  facet normal 6.151015e-01 -7.884479e-01 0.000000e+00
    outer loop
      vertex   1.311248e+03 1.030269e+03 0.000000e+00
      vertex   1.311635e+03 1.030571e+03 1.500000e+00
      vertex   1.311248e+03 1.030269e+03 1.500000e+00
    endloop
  endfacet
  facet normal -2.690966e-01 -9.631132e-01 7.299553e-14
    outer loop
      vertex   1.433132e+03 9.933859e+02 1.500000e+00
      vertex   1.313139e+03 1.026912e+03 1.500000e+00
      vertex   1.433132e+03 9.933859e+02 0.000000e+00
    endloop
  endfacet
  facet normal -2.690966e-01 -9.631132e-01 0.000000e+00
    outer loop
      vertex   1.433132e+03 9.933859e+02 0.000000e+00
      vertex   1.313139e+03 1.026912e+03 1.500000e+00
      vertex   1.313139e+03 1.026912e+03 0.000000e+00
    endloop
  endfacet
  facet normal 0.000000e+00 -0.000000e+00 -1.000000e+00
    outer loop
      vertex   1.455000e+03 1.059187e+03 0.000000e+00
      vertex   1.455000e+03 1.032453e+03 0.000000e+00
      vertex   1.454829e+03 1.058697e+03 0.000000e+00
    endloop
  endfacet
  facet normal 0.000000e+00 -0.000000e+00 -1.000000e+00
    outer loop
      vertex   1.454829e+03 1.058697e+03 0.000000e+00
      vertex   1.455000e+03 1.032453e+03 0.000000e+00
      vertex   1.454821e+03 1.032929e+03 0.000000e+00
    endloop
  endfacet
  facet normal 0.000000e+00 0.000000e+00 -1.000000e+00
    outer loop
      vertex   1.454829e+03 1.058697e+03 0.000000e+00
      vertex   1.454821e+03 1.032929e+03 0.000000e+00
      vertex   1.454539e+03 1.058267e+03 0.000000e+00
    endloop
  endfacet
  facet normal 0.000000e+00 -0.000000e+00 -1.000000e+00
    outer loop
      vertex   1.454539e+03 1.058267e+03 0.000000e+00
      vertex   1.454821e+03 1.032929e+03 0.000000e+00
      vertex   1.454528e+03 1.033345e+03 0.000000e+00
    endloop
  endfacet
  facet normal 0.000000e+00 0.000000e+00 -1.000000e+00
    outer loop
      vertex   1.454539e+03 1.058267e+03 0.000000e+00
      vertex   1.454528e+03 1.033345e+03 0.000000e+00
      vertex   1.454147e+03 1.057927e+03 0.000000e+00
    endloop
  endfacet
  facet normal 0.000000e+00 -0.000000e+00 -1.000000e+00
    outer loop
      vertex   1.454147e+03 1.057927e+03 0.000000e+00
      vertex   1.454528e+03 1.033345e+03 0.000000e+00
      vertex   1.454139e+03 1.033673e+03 0.000000e+00
    endloop
  endfacet
  facet normal 0.000000e+00 0.000000e+00 -1.000000e+00
    outer loop
      vertex   1.454147e+03 1.057927e+03 0.000000e+00
      vertex   1.454139e+03 1.033673e+03 0.000000e+00
      vertex   1.447000e+03 1.044000e+03 0.000000e+00
    endloop
  endfacet
  facet normal 0.000000e+00 0.000000e+00 -1.000000e+00
    outer loop
      vertex   1.447000e+03 1.044000e+03 0.000000e+00
      vertex   1.454139e+03 1.033673e+03 0.000000e+00
      vertex   1.453680e+03 1.033892e+03 0.000000e+00
    endloop
  endfacet
  facet normal 0.000000e+00 0.000000e+00 -1.000000e+00
    outer loop
      vertex   1.447000e+03 1.044000e+03 0.000000e+00
      vertex   1.453680e+03 1.033892e+03 0.000000e+00
      vertex   1.453181e+03 1.033989e+03 0.000000e+00
    endloop
  endfacet
  facet normal -0.000000e+00 0.000000e+00 -1.000000e+00
    outer loop
      vertex   1.453181e+03 1.033989e+03 0.000000e+00
      vertex   1.452673e+03 1.033957e+03 0.000000e+00
      vertex   1.447000e+03 1.044000e+03 0.000000e+00
    endloop
  endfacet
  facet normal 0.000000e+00 0.000000e+00 -1.000000e+00
    outer loop
      vertex   1.447000e+03 1.044000e+03 0.000000e+00
      vertex   1.452673e+03 1.033957e+03 0.000000e+00
      vertex   1.452190e+03 1.033797e+03 0.000000e+00
    endloop
  endfacet
  facet normal 0.000000e+00 0.000000e+00 -1.000000e+00
    outer loop
      vertex   1.447000e+03 1.044000e+03 0.000000e+00
      vertex   1.452190e+03 1.033797e+03 0.000000e+00
      vertex   1.451763e+03 1.033521e+03 0.000000e+00
    endloop
  endfacet
  facet normal -0.000000e+00 0.000000e+00 -1.000000e+00
    outer loop
      vertex   1.451763e+03 1.033521e+03 0.000000e+00
      vertex   1.451419e+03 1.033146e+03 0.000000e+00
      vertex   1.447000e+03 1.044000e+03 0.000000e+00
    endloop
  endfacet
  facet normal 0.000000e+00 0.000000e+00 -1.000000e+00
    outer loop
      vertex   1.447000e+03 1.044000e+03 0.000000e+00
      vertex   1.451419e+03 1.033146e+03 0.000000e+00
      vertex   1.451181e+03 1.032697e+03 0.000000e+00
    endloop
  endfacet
  facet normal 0.000000e+00 -0.000000e+00 -1.000000e+00
    outer loop
      vertex   1.447000e+03 1.044000e+03 0.000000e+00
      vertex   1.451181e+03 1.032697e+03 0.000000e+00
      vertex   1.429770e+03 1.030267e+03 0.000000e+00
    endloop
  endfacet
  facet normal 0.000000e+00 0.000000e+00 -1.000000e+00
    outer loop
      vertex   1.429770e+03 1.030267e+03 0.000000e+00
      vertex   1.451181e+03 1.032697e+03 0.000000e+00
      vertex   1.451064e+03 1.032201e+03 0.000000e+00
    endloop
  endfacet
  facet normal 0.000000e+00 0.000000e+00 -1.000000e+00
    outer loop
      vertex   1.429770e+03 1.030267e+03 0.000000e+00
      vertex   1.451064e+03 1.032201e+03 0.000000e+00
      vertex   1.442292e+03 1.024006e+03 0.000000e+00
    endloop
  endfacet
  facet normal 0.000000e+00 0.000000e+00 -1.000000e+00
    outer loop
      vertex   1.442292e+03 1.024006e+03 0.000000e+00
      vertex   1.451064e+03 1.032201e+03 0.000000e+00
      vertex   1.451076e+03 1.031693e+03 0.000000e+00
    endloop
  endfacet
  facet normal 0.000000e+00 0.000000e+00 -1.000000e+00
    outer loop
      vertex   1.442292e+03 1.024006e+03 0.000000e+00
      vertex   1.451076e+03 1.031693e+03 0.000000e+00
      vertex   1.451216e+03 1.031204e+03 0.000000e+00
    endloop
  endfacet
  facet normal 0.000000e+00 -0.000000e+00 -1.000000e+00
    outer loop
      vertex   1.451216e+03 1.031204e+03 0.000000e+00
      vertex   1.451475e+03 1.030766e+03 0.000000e+00
      vertex   1.442292e+03 1.024006e+03 0.000000e+00
    endloop
  endfacet
  facet normal 0.000000e+00 0.000000e+00 -1.000000e+00
    outer loop
      vertex   1.442292e+03 1.024006e+03 0.000000e+00
      vertex   1.451475e+03 1.030766e+03 0.000000e+00
      vertex   1.451835e+03 1.030407e+03 0.000000e+00
    endloop
  endfacet
  facet normal 0.000000e+00 0.000000e+00 -1.000000e+00
    outer loop
      vertex   1.442292e+03 1.024006e+03 0.000000e+00
      vertex   1.451835e+03 1.030407e+03 0.000000e+00
      vertex   1.452275e+03 1.030151e+03 0.000000e+00
    endloop
  endfacet
  facet normal 0.000000e+00 -0.000000e+00 -1.000000e+00
    outer loop
      vertex   1.452275e+03 1.030151e+03 0.000000e+00
      vertex   1.452765e+03 1.030014e+03 0.000000e+00
      vertex   1.442292e+03 1.024006e+03 0.000000e+00
    endloop
  endfacet
  facet normal 0.000000e+00 0.000000e+00 -1.000000e+00
    outer loop
      vertex   1.442292e+03 1.024006e+03 0.000000e+00
      vertex   1.452765e+03 1.030014e+03 0.000000e+00
      vertex   1.453273e+03 1.030005e+03 0.000000e+00
    endloop
  endfacet
  facet normal 0.000000e+00 0.000000e+00 -1.000000e+00
    outer loop
      vertex   1.442292e+03 1.024006e+03 0.000000e+00
      vertex   1.453273e+03 1.030005e+03 0.000000e+00
      vertex   1.453768e+03 1.030125e+03 0.000000e+00
    endloop
  endfacet
  facet normal 0.000000e+00 0.000000e+00 -1.000000e+00
    outer loop
      vertex   1.454216e+03 1.030366e+03 0.000000e+00
      vertex   1.436722e+03 9.949777e+02 0.000000e+00
      vertex   1.453768e+03 1.030125e+03 0.000000e+00
    endloop
  endfacet
  facet normal 0.000000e+00 0.000000e+00 -1.000000e+00
    outer loop
      vertex   1.453768e+03 1.030125e+03 0.000000e+00
      vertex   1.436722e+03 9.949777e+02 0.000000e+00
      vertex   1.436549e+03 9.954490e+02 0.000000e+00
    endloop
  endfacet
  facet normal 0.000000e+00 0.000000e+00 -1.000000e+00
    outer loop
      vertex   1.453768e+03 1.030125e+03 0.000000e+00
      vertex   1.436549e+03 9.954490e+02 0.000000e+00
      vertex   1.436031e+03 1.011484e+03 0.000000e+00
    endloop
  endfacet
  facet normal 0.000000e+00 0.000000e+00 -1.000000e+00
    outer loop
      vertex   1.436031e+03 1.011484e+03 0.000000e+00
      vertex   1.436549e+03 9.954490e+02 0.000000e+00
      vertex   1.436264e+03 9.958624e+02 0.000000e+00
    endloop
  endfacet
  facet normal 0.000000e+00 -0.000000e+00 -1.000000e+00
    outer loop
      vertex   1.436031e+03 1.011484e+03 0.000000e+00
      vertex   1.436264e+03 9.958624e+02 0.000000e+00
      vertex   1.435885e+03 9.961917e+02 0.000000e+00
    endloop
  endfacet
  facet normal 0.000000e+00 -0.000000e+00 -1.000000e+00
    outer loop
      vertex   1.454216e+03 1.030366e+03 0.000000e+00
      vertex   1.454589e+03 1.030712e+03 0.000000e+00
      vertex   1.436722e+03 9.949777e+02 0.000000e+00
    endloop
  endfacet
  facet normal 0.000000e+00 0.000000e+00 -1.000000e+00
    outer loop
      vertex   1.435885e+03 9.961917e+02 0.000000e+00
      vertex   1.435436e+03 9.964162e+02 0.000000e+00
      vertex   1.436031e+03 1.011484e+03 0.000000e+00
    endloop
  endfacet
  facet normal 0.000000e+00 0.000000e+00 -1.000000e+00
    outer loop
      vertex   1.436031e+03 1.011484e+03 0.000000e+00
      vertex   1.435436e+03 9.964162e+02 0.000000e+00
      vertex   1.434945e+03 9.965219e+02 0.000000e+00
    endloop
  endfacet
  facet normal 0.000000e+00 0.000000e+00 -1.000000e+00
    outer loop
      vertex   1.436031e+03 1.011484e+03 0.000000e+00
      vertex   1.434945e+03 9.965219e+02 0.000000e+00
      vertex   1.434443e+03 9.965019e+02 0.000000e+00
    endloop
  endfacet
  facet normal -0.000000e+00 0.000000e+00 -1.000000e+00
    outer loop
      vertex   1.434443e+03 9.965019e+02 0.000000e+00
      vertex   1.433962e+03 9.963576e+02 0.000000e+00
      vertex   1.436031e+03 1.011484e+03 0.000000e+00
    endloop
  endfacet
  facet normal 0.000000e+00 0.000000e+00 -1.000000e+00
    outer loop
      vertex   1.436031e+03 1.011484e+03 0.000000e+00
      vertex   1.433962e+03 9.963576e+02 0.000000e+00
      vertex   1.433532e+03 9.960981e+02 0.000000e+00
    endloop
  endfacet
  facet normal -0.000000e+00 0.000000e+00 -1.000000e+00
    outer loop
      vertex   1.436031e+03 1.011484e+03 0.000000e+00
      vertex   1.433532e+03 9.960981e+02 0.000000e+00
      vertex   1.423509e+03 1.017745e+03 0.000000e+00
    endloop
  endfacet
  facet normal 0.000000e+00 -0.000000e+00 -1.000000e+00
    outer loop
      vertex   1.423509e+03 1.017745e+03 0.000000e+00
      vertex   1.433532e+03 9.960981e+02 0.000000e+00
      vertex   1.416748e+03 1.016440e+03 0.000000e+00
    endloop
  endfacet
  facet normal -0.000000e+00 0.000000e+00 -1.000000e+00
    outer loop
      vertex   1.423509e+03 1.017745e+03 0.000000e+00
      vertex   1.416748e+03 1.016440e+03 0.000000e+00
      vertex   1.416748e+03 1.030440e+03 0.000000e+00
    endloop
  endfacet
  facet normal -0.000000e+00 0.000000e+00 -1.000000e+00
    outer loop
      vertex   1.433532e+03 9.960981e+02 0.000000e+00
      vertex   1.433181e+03 9.957397e+02 0.000000e+00
      vertex   1.416748e+03 1.016440e+03 0.000000e+00
    endloop
  endfacet
  facet normal 0.000000e+00 0.000000e+00 -1.000000e+00
    outer loop
      vertex   1.416748e+03 1.016440e+03 0.000000e+00
      vertex   1.433181e+03 9.957397e+02 0.000000e+00
      vertex   1.432929e+03 9.953050e+02 0.000000e+00
    endloop
  endfacet
  facet normal 0.000000e+00 0.000000e+00 -1.000000e+00
    outer loop
      vertex   1.416748e+03 1.016440e+03 0.000000e+00
      vertex   1.432929e+03 9.953050e+02 0.000000e+00
      vertex   1.432794e+03 9.948214e+02 0.000000e+00
    endloop
  endfacet
  facet normal -0.000000e+00 -0.000000e+00 -1.000000e+00
    outer loop
      vertex   1.416748e+03 1.016440e+03 0.000000e+00
      vertex   1.432794e+03 9.948214e+02 0.000000e+00
      vertex   1.402748e+03 1.016440e+03 0.000000e+00
    endloop
  endfacet
  facet normal 0.000000e+00 0.000000e+00 -1.000000e+00
    outer loop
      vertex   1.402748e+03 1.016440e+03 0.000000e+00
      vertex   1.432794e+03 9.948214e+02 0.000000e+00
      vertex   1.432784e+03 9.943194e+02 0.000000e+00
    endloop
  endfacet
  facet normal 0.000000e+00 0.000000e+00 -1.000000e+00
    outer loop
      vertex   1.402748e+03 1.016440e+03 0.000000e+00
      vertex   1.432784e+03 9.943194e+02 0.000000e+00
      vertex   1.432899e+03 9.938307e+02 0.000000e+00
    endloop
  endfacet
  facet normal -0.000000e+00 -0.000000e+00 -1.000000e+00
    outer loop
      vertex   1.432899e+03 9.938307e+02 0.000000e+00
      vertex   1.433132e+03 9.933859e+02 0.000000e+00
      vertex   1.402748e+03 1.016440e+03 0.000000e+00
    endloop
  endfacet
  facet normal -0.000000e+00 -0.000000e+00 -1.000000e+00
    outer loop
      vertex   1.402748e+03 1.016440e+03 0.000000e+00
      vertex   1.433132e+03 9.933859e+02 0.000000e+00
      vertex   1.383748e+03 1.018940e+03 0.000000e+00
    endloop
  endfacet
  facet normal 0.000000e+00 0.000000e+00 -1.000000e+00
    outer loop
      vertex   1.402748e+03 1.016440e+03 0.000000e+00
      vertex   1.383748e+03 1.018940e+03 0.000000e+00
      vertex   1.397748e+03 1.018940e+03 0.000000e+00
    endloop
  endfacet
  facet normal 0.000000e+00 0.000000e+00 -1.000000e+00
    outer loop
      vertex   1.313139e+03 1.026912e+03 0.000000e+00
      vertex   1.364748e+03 1.018940e+03 0.000000e+00
      vertex   1.433132e+03 9.933859e+02 0.000000e+00
    endloop
  endfacet
  facet normal 0.000000e+00 0.000000e+00 -1.000000e+00
    outer loop
      vertex   1.433132e+03 9.933859e+02 0.000000e+00
      vertex   1.364748e+03 1.018940e+03 0.000000e+00
      vertex   1.378748e+03 1.018940e+03 0.000000e+00
    endloop
  endfacet
  facet normal 0.000000e+00 0.000000e+00 -1.000000e+00
    outer loop
      vertex   1.433132e+03 9.933859e+02 0.000000e+00
      vertex   1.378748e+03 1.018940e+03 0.000000e+00
      vertex   1.383748e+03 1.018940e+03 0.000000e+00
    endloop
  endfacet
  facet normal 0.000000e+00 0.000000e+00 -1.000000e+00
    outer loop
      vertex   1.383748e+03 1.018940e+03 0.000000e+00
      vertex   1.378748e+03 1.018940e+03 0.000000e+00
      vertex   1.383748e+03 1.032940e+03 0.000000e+00
    endloop
  endfacet
  facet normal -0.000000e+00 0.000000e+00 -1.000000e+00
    outer loop
      vertex   1.383748e+03 1.032940e+03 0.000000e+00
      vertex   1.378748e+03 1.018940e+03 0.000000e+00
      vertex   1.378748e+03 1.032940e+03 0.000000e+00
    endloop
  endfacet
  facet normal 0.000000e+00 0.000000e+00 -1.000000e+00
    outer loop
      vertex   1.383748e+03 1.032940e+03 0.000000e+00
      vertex   1.378748e+03 1.032940e+03 0.000000e+00
      vertex   1.388248e+03 1.040440e+03 0.000000e+00
    endloop
  endfacet
  facet normal -0.000000e+00 0.000000e+00 -1.000000e+00
    outer loop
      vertex   1.388248e+03 1.040440e+03 0.000000e+00
      vertex   1.378748e+03 1.032940e+03 0.000000e+00
      vertex   1.374248e+03 1.040440e+03 0.000000e+00
    endloop
  endfacet
  facet normal 0.000000e+00 -0.000000e+00 -1.000000e+00
    outer loop
      vertex   1.374248e+03 1.040440e+03 0.000000e+00
      vertex   1.378748e+03 1.032940e+03 0.000000e+00
      vertex   1.369248e+03 1.037940e+03 0.000000e+00
    endloop
  endfacet
  facet normal -0.000000e+00 0.000000e+00 -1.000000e+00
    outer loop
      vertex   1.374248e+03 1.040440e+03 0.000000e+00
      vertex   1.369248e+03 1.037940e+03 0.000000e+00
      vertex   1.369248e+03 1.051940e+03 0.000000e+00
    endloop
  endfacet
  facet normal 0.000000e+00 0.000000e+00 -1.000000e+00
    outer loop
      vertex   1.313139e+03 1.026912e+03 0.000000e+00
      vertex   1.313597e+03 1.027087e+03 0.000000e+00
      vertex   1.364748e+03 1.018940e+03 0.000000e+00
    endloop
  endfacet
  facet normal 0.000000e+00 0.000000e+00 -1.000000e+00
    outer loop
      vertex   1.364748e+03 1.018940e+03 0.000000e+00
      vertex   1.313597e+03 1.027087e+03 0.000000e+00
      vertex   1.336248e+03 1.033440e+03 0.000000e+00
    endloop
  endfacet
  facet normal 0.000000e+00 0.000000e+00 -1.000000e+00
    outer loop
      vertex   1.364748e+03 1.018940e+03 0.000000e+00
      vertex   1.336248e+03 1.033440e+03 0.000000e+00
      vertex   1.350248e+03 1.033440e+03 0.000000e+00
    endloop
  endfacet
  facet normal 0.000000e+00 0.000000e+00 -1.000000e+00
    outer loop
      vertex   1.313597e+03 1.027087e+03 0.000000e+00
      vertex   1.313999e+03 1.027367e+03 0.000000e+00
      vertex   1.336248e+03 1.033440e+03 0.000000e+00
    endloop
  endfacet
  facet normal -0.000000e+00 0.000000e+00 -1.000000e+00
    outer loop
      vertex   1.336248e+03 1.033440e+03 0.000000e+00
      vertex   1.313999e+03 1.027367e+03 0.000000e+00
      vertex   1.331248e+03 1.033440e+03 0.000000e+00
    endloop
  endfacet
  facet normal 0.000000e+00 0.000000e+00 -1.000000e+00
    outer loop
      vertex   1.336248e+03 1.033440e+03 0.000000e+00
      vertex   1.331248e+03 1.033440e+03 0.000000e+00
      vertex   1.336248e+03 1.047440e+03 0.000000e+00
    endloop
  endfacet
  facet normal -0.000000e+00 0.000000e+00 -1.000000e+00
    outer loop
      vertex   1.336248e+03 1.047440e+03 0.000000e+00
      vertex   1.331248e+03 1.033440e+03 0.000000e+00
      vertex   1.331248e+03 1.047440e+03 0.000000e+00
    endloop
  endfacet
  facet normal 0.000000e+00 0.000000e+00 -1.000000e+00
    outer loop
      vertex   1.336248e+03 1.047440e+03 0.000000e+00
      vertex   1.331248e+03 1.047440e+03 0.000000e+00
      vertex   1.336248e+03 1.052440e+03 0.000000e+00
    endloop
  endfacet
  facet normal -0.000000e+00 0.000000e+00 -1.000000e+00
    outer loop
      vertex   1.336248e+03 1.052440e+03 0.000000e+00
      vertex   1.331248e+03 1.047440e+03 0.000000e+00
      vertex   1.331248e+03 1.052440e+03 0.000000e+00
    endloop
  endfacet
  facet normal 0.000000e+00 0.000000e+00 -1.000000e+00
    outer loop
      vertex   1.336248e+03 1.052440e+03 0.000000e+00
      vertex   1.331248e+03 1.052440e+03 0.000000e+00
      vertex   1.336248e+03 1.066440e+03 0.000000e+00
    endloop
  endfacet
  facet normal -0.000000e+00 0.000000e+00 -1.000000e+00
    outer loop
      vertex   1.336248e+03 1.066440e+03 0.000000e+00
      vertex   1.331248e+03 1.052440e+03 0.000000e+00
      vertex   1.331248e+03 1.066440e+03 0.000000e+00
    endloop
  endfacet
  facet normal 0.000000e+00 0.000000e+00 -1.000000e+00
    outer loop
      vertex   1.336248e+03 1.066440e+03 0.000000e+00
      vertex   1.331248e+03 1.066440e+03 0.000000e+00
      vertex   1.336183e+03 1.071440e+03 0.000000e+00
    endloop
  endfacet
  facet normal -0.000000e+00 0.000000e+00 -1.000000e+00
    outer loop
      vertex   1.336183e+03 1.071440e+03 0.000000e+00
      vertex   1.331248e+03 1.066440e+03 0.000000e+00
      vertex   1.331248e+03 1.071440e+03 0.000000e+00
    endloop
  endfacet
  facet normal 0.000000e+00 0.000000e+00 -1.000000e+00
    outer loop
      vertex   1.336183e+03 1.071440e+03 0.000000e+00
      vertex   1.331248e+03 1.071440e+03 0.000000e+00
      vertex   1.336183e+03 1.085440e+03 0.000000e+00
    endloop
  endfacet
  facet normal -0.000000e+00 0.000000e+00 -1.000000e+00
    outer loop
      vertex   1.336183e+03 1.085440e+03 0.000000e+00
      vertex   1.331248e+03 1.071440e+03 0.000000e+00
      vertex   1.331248e+03 1.085440e+03 0.000000e+00
    endloop
  endfacet
  facet normal 0.000000e+00 0.000000e+00 -1.000000e+00
    outer loop
      vertex   1.336183e+03 1.085440e+03 0.000000e+00
      vertex   1.331248e+03 1.085440e+03 0.000000e+00
      vertex   1.336183e+03 1.090440e+03 0.000000e+00
    endloop
  endfacet
  facet normal -0.000000e+00 0.000000e+00 -1.000000e+00
    outer loop
      vertex   1.336183e+03 1.090440e+03 0.000000e+00
      vertex   1.331248e+03 1.085440e+03 0.000000e+00
      vertex   1.331248e+03 1.090440e+03 0.000000e+00
    endloop
  endfacet
  facet normal 0.000000e+00 0.000000e+00 -1.000000e+00
    outer loop
      vertex   1.336183e+03 1.090440e+03 0.000000e+00
      vertex   1.331248e+03 1.090440e+03 0.000000e+00
      vertex   1.336183e+03 1.104440e+03 0.000000e+00
    endloop
  endfacet
  facet normal -0.000000e+00 0.000000e+00 -1.000000e+00
    outer loop
      vertex   1.336183e+03 1.104440e+03 0.000000e+00
      vertex   1.331248e+03 1.090440e+03 0.000000e+00
      vertex   1.331248e+03 1.104440e+03 0.000000e+00
    endloop
  endfacet
  facet normal 0.000000e+00 0.000000e+00 -1.000000e+00
    outer loop
      vertex   1.336183e+03 1.104440e+03 0.000000e+00
      vertex   1.331248e+03 1.104440e+03 0.000000e+00
      vertex   1.313769e+03 1.110692e+03 0.000000e+00
    endloop
  endfacet
  facet normal 0.000000e+00 0.000000e+00 -1.000000e+00
    outer loop
      vertex   1.313769e+03 1.110692e+03 0.000000e+00
      vertex   1.331248e+03 1.104440e+03 0.000000e+00
      vertex   1.314156e+03 1.110356e+03 0.000000e+00
    endloop
  endfacet
  facet normal 0.000000e+00 0.000000e+00 -1.000000e+00
    outer loop
      vertex   1.314156e+03 1.110356e+03 0.000000e+00
      vertex   1.331248e+03 1.104440e+03 0.000000e+00
      vertex   1.314445e+03 1.109933e+03 0.000000e+00
    endloop
  endfacet
  facet normal 0.000000e+00 0.000000e+00 -1.000000e+00
    outer loop
      vertex   1.314445e+03 1.109933e+03 0.000000e+00
      vertex   1.331248e+03 1.104440e+03 0.000000e+00
      vertex   1.314617e+03 1.109450e+03 0.000000e+00
    endloop
  endfacet
  facet normal 0.000000e+00 0.000000e+00 -1.000000e+00
    outer loop
      vertex   1.314617e+03 1.109450e+03 0.000000e+00
      vertex   1.331248e+03 1.104440e+03 0.000000e+00
      vertex   1.317248e+03 1.104440e+03 0.000000e+00
    endloop
  endfacet
  facet normal 0.000000e+00 0.000000e+00 -1.000000e+00
    outer loop
      vertex   1.314617e+03 1.109450e+03 0.000000e+00
      vertex   1.317248e+03 1.104440e+03 0.000000e+00
      vertex   1.314661e+03 1.108939e+03 0.000000e+00
    endloop
  endfacet
  facet normal 0.000000e+00 -0.000000e+00 -1.000000e+00
    outer loop
      vertex   1.314661e+03 1.108939e+03 0.000000e+00
      vertex   1.317248e+03 1.104440e+03 0.000000e+00
      vertex   1.314573e+03 1.108434e+03 0.000000e+00
    endloop
  endfacet
  facet normal 0.000000e+00 -0.000000e+00 -1.000000e+00
    outer loop
      vertex   1.314573e+03 1.108434e+03 0.000000e+00
      vertex   1.317248e+03 1.104440e+03 0.000000e+00
      vertex   1.314360e+03 1.107968e+03 0.000000e+00
    endloop
  endfacet
  facet normal 0.000000e+00 -0.000000e+00 -1.000000e+00
    outer loop
      vertex   1.314360e+03 1.107968e+03 0.000000e+00
      vertex   1.317248e+03 1.104440e+03 0.000000e+00
      vertex   1.314036e+03 1.107571e+03 0.000000e+00
    endloop
  endfacet
  facet normal 0.000000e+00 -0.000000e+00 -1.000000e+00
    outer loop
      vertex   1.314036e+03 1.107571e+03 0.000000e+00
      vertex   1.317248e+03 1.104440e+03 0.000000e+00
      vertex   1.313621e+03 1.107270e+03 0.000000e+00
    endloop
  endfacet
  facet normal 0.000000e+00 -0.000000e+00 -1.000000e+00
    outer loop
      vertex   1.313621e+03 1.107270e+03 0.000000e+00
      vertex   1.317248e+03 1.104440e+03 0.000000e+00
      vertex   1.313143e+03 1.107084e+03 0.000000e+00
    endloop
  endfacet
  facet normal 0.000000e+00 -0.000000e+00 -1.000000e+00
    outer loop
      vertex   1.313143e+03 1.107084e+03 0.000000e+00
      vertex   1.317248e+03 1.104440e+03 0.000000e+00
      vertex   1.312634e+03 1.107026e+03 0.000000e+00
    endloop
  endfacet
  facet normal -0.000000e+00 -0.000000e+00 -1.000000e+00
    outer loop
      vertex   1.312634e+03 1.107026e+03 0.000000e+00
      vertex   1.317248e+03 1.104440e+03 0.000000e+00
      vertex   1.312127e+03 1.107099e+03 0.000000e+00
    endloop
  endfacet
  facet normal 0.000000e+00 0.000000e+00 -1.000000e+00
    outer loop
      vertex   1.312127e+03 1.107099e+03 0.000000e+00
      vertex   1.317248e+03 1.104440e+03 0.000000e+00
      vertex   1.317248e+03 1.090440e+03 0.000000e+00
    endloop
  endfacet
  facet normal -0.000000e+00 -0.000000e+00 -1.000000e+00
    outer loop
      vertex   1.312127e+03 1.107099e+03 0.000000e+00
      vertex   1.317248e+03 1.090440e+03 0.000000e+00
      vertex   1.311654e+03 1.107298e+03 0.000000e+00
    endloop
  endfacet
  facet normal -0.000000e+00 -0.000000e+00 -1.000000e+00
    outer loop
      vertex   1.311654e+03 1.107298e+03 0.000000e+00
      vertex   1.317248e+03 1.090440e+03 0.000000e+00
      vertex   1.311248e+03 1.107611e+03 0.000000e+00
    endloop
  endfacet
  facet normal 0.000000e+00 0.000000e+00 -1.000000e+00
    outer loop
      vertex   1.311248e+03 1.107611e+03 0.000000e+00
      vertex   1.317248e+03 1.090440e+03 0.000000e+00
      vertex   1.317248e+03 1.085440e+03 0.000000e+00
    endloop
  endfacet
  facet normal 0.000000e+00 0.000000e+00 -1.000000e+00
    outer loop
      vertex   1.311248e+03 1.107611e+03 0.000000e+00
      vertex   1.317248e+03 1.085440e+03 0.000000e+00
      vertex   1.317248e+03 1.071440e+03 0.000000e+00
    endloop
  endfacet
  facet normal 0.000000e+00 0.000000e+00 -1.000000e+00
    outer loop
      vertex   1.313999e+03 1.027367e+03 0.000000e+00
      vertex   1.314321e+03 1.027737e+03 0.000000e+00
      vertex   1.331248e+03 1.033440e+03 0.000000e+00
    endloop
  endfacet
  facet normal 0.000000e+00 0.000000e+00 -1.000000e+00
    outer loop
      vertex   1.331248e+03 1.033440e+03 0.000000e+00
      vertex   1.314321e+03 1.027737e+03 0.000000e+00
      vertex   1.314543e+03 1.028174e+03 0.000000e+00
    endloop
  endfacet
  facet normal 0.000000e+00 0.000000e+00 -1.000000e+00
    outer loop
      vertex   1.331248e+03 1.033440e+03 0.000000e+00
      vertex   1.314543e+03 1.028174e+03 0.000000e+00
      vertex   1.314652e+03 1.028652e+03 0.000000e+00
    endloop
  endfacet
  facet normal -0.000000e+00 0.000000e+00 -1.000000e+00
    outer loop
      vertex   1.331248e+03 1.033440e+03 0.000000e+00
      vertex   1.314652e+03 1.028652e+03 0.000000e+00
      vertex   1.317248e+03 1.033440e+03 0.000000e+00
    endloop
  endfacet
  facet normal 0.000000e+00 0.000000e+00 -1.000000e+00
    outer loop
      vertex   1.317248e+03 1.033440e+03 0.000000e+00
      vertex   1.314652e+03 1.028652e+03 0.000000e+00
      vertex   1.314642e+03 1.029142e+03 0.000000e+00
    endloop
  endfacet
  facet normal 0.000000e+00 0.000000e+00 -1.000000e+00
    outer loop
      vertex   1.317248e+03 1.033440e+03 0.000000e+00
      vertex   1.314642e+03 1.029142e+03 0.000000e+00
      vertex   1.314512e+03 1.029615e+03 0.000000e+00
    endloop
  endfacet
  facet normal 0.000000e+00 0.000000e+00 -1.000000e+00
    outer loop
      vertex   1.314512e+03 1.029615e+03 0.000000e+00
      vertex   1.314272e+03 1.030042e+03 0.000000e+00
      vertex   1.317248e+03 1.033440e+03 0.000000e+00
    endloop
  endfacet
  facet normal 0.000000e+00 0.000000e+00 -1.000000e+00
    outer loop
      vertex   1.317248e+03 1.033440e+03 0.000000e+00
      vertex   1.314272e+03 1.030042e+03 0.000000e+00
      vertex   1.313935e+03 1.030398e+03 0.000000e+00
    endloop
  endfacet
  facet normal 0.000000e+00 0.000000e+00 -1.000000e+00
    outer loop
      vertex   1.317248e+03 1.033440e+03 0.000000e+00
      vertex   1.313935e+03 1.030398e+03 0.000000e+00
      vertex   1.313521e+03 1.030661e+03 0.000000e+00
    endloop
  endfacet
  facet normal 0.000000e+00 0.000000e+00 -1.000000e+00
    outer loop
      vertex   1.313521e+03 1.030661e+03 0.000000e+00
      vertex   1.313055e+03 1.030816e+03 0.000000e+00
      vertex   1.317248e+03 1.033440e+03 0.000000e+00
    endloop
  endfacet
  facet normal 0.000000e+00 0.000000e+00 -1.000000e+00
    outer loop
      vertex   1.317248e+03 1.033440e+03 0.000000e+00
      vertex   1.313055e+03 1.030816e+03 0.000000e+00
      vertex   1.312567e+03 1.030852e+03 0.000000e+00
    endloop
  endfacet
  facet normal 0.000000e+00 0.000000e+00 -1.000000e+00
    outer loop
      vertex   1.317248e+03 1.033440e+03 0.000000e+00
      vertex   1.312567e+03 1.030852e+03 0.000000e+00
      vertex   1.312083e+03 1.030769e+03 0.000000e+00
    endloop
  endfacet
  facet normal -0.000000e+00 0.000000e+00 -1.000000e+00
    outer loop
      vertex   1.317248e+03 1.033440e+03 0.000000e+00
      vertex   1.312083e+03 1.030769e+03 0.000000e+00
      vertex   1.317248e+03 1.047440e+03 0.000000e+00
    endloop
  endfacet
  facet normal 0.000000e+00 0.000000e+00 -1.000000e+00
    outer loop
      vertex   1.317248e+03 1.047440e+03 0.000000e+00
      vertex   1.312083e+03 1.030769e+03 0.000000e+00
      vertex   1.311635e+03 1.030571e+03 0.000000e+00
    endloop
  endfacet
  facet normal 0.000000e+00 0.000000e+00 -1.000000e+00
    outer loop
      vertex   1.317248e+03 1.047440e+03 0.000000e+00
      vertex   1.311635e+03 1.030571e+03 0.000000e+00
      vertex   1.311248e+03 1.030269e+03 0.000000e+00
    endloop
  endfacet
  facet normal 0.000000e+00 0.000000e+00 -1.000000e+00
    outer loop
      vertex   1.311248e+03 1.107611e+03 0.000000e+00
      vertex   1.317248e+03 1.071440e+03 0.000000e+00
      vertex   1.311248e+03 1.030269e+03 0.000000e+00
    endloop
  endfacet
  facet normal 0.000000e+00 0.000000e+00 -1.000000e+00
    outer loop
      vertex   1.311248e+03 1.030269e+03 0.000000e+00
      vertex   1.317248e+03 1.071440e+03 0.000000e+00
      vertex   1.317248e+03 1.066440e+03 0.000000e+00
    endloop
  endfacet
  facet normal 0.000000e+00 0.000000e+00 -1.000000e+00
    outer loop
      vertex   1.311248e+03 1.030269e+03 0.000000e+00
      vertex   1.317248e+03 1.066440e+03 0.000000e+00
      vertex   1.317248e+03 1.052440e+03 0.000000e+00
    endloop
  endfacet
  facet normal 0.000000e+00 0.000000e+00 -1.000000e+00
    outer loop
      vertex   1.336183e+03 1.104440e+03 0.000000e+00
      vertex   1.313769e+03 1.110692e+03 0.000000e+00
      vertex   1.355248e+03 1.108940e+03 0.000000e+00
    endloop
  endfacet
  facet normal 0.000000e+00 0.000000e+00 -1.000000e+00
    outer loop
      vertex   1.355248e+03 1.108940e+03 0.000000e+00
      vertex   1.313769e+03 1.110692e+03 0.000000e+00
      vertex   1.381248e+03 1.117440e+03 0.000000e+00
    endloop
  endfacet
  facet normal 0.000000e+00 0.000000e+00 -1.000000e+00
    outer loop
      vertex   1.355248e+03 1.108940e+03 0.000000e+00
      vertex   1.381248e+03 1.117440e+03 0.000000e+00
      vertex   1.374248e+03 1.111440e+03 0.000000e+00
    endloop
  endfacet
  facet normal 0.000000e+00 0.000000e+00 -1.000000e+00
    outer loop
      vertex   1.374248e+03 1.111440e+03 0.000000e+00
      vertex   1.381248e+03 1.117440e+03 0.000000e+00
      vertex   1.388248e+03 1.111440e+03 0.000000e+00
    endloop
  endfacet
  facet normal 0.000000e+00 0.000000e+00 -1.000000e+00
    outer loop
      vertex   1.388248e+03 1.111440e+03 0.000000e+00
      vertex   1.381248e+03 1.117440e+03 0.000000e+00
      vertex   1.407248e+03 1.108940e+03 0.000000e+00
    endloop
  endfacet
  facet normal 0.000000e+00 0.000000e+00 -1.000000e+00
    outer loop
      vertex   1.388248e+03 1.111440e+03 0.000000e+00
      vertex   1.407248e+03 1.108940e+03 0.000000e+00
      vertex   1.393248e+03 1.108940e+03 0.000000e+00
    endloop
  endfacet
  facet normal 0.000000e+00 0.000000e+00 -1.000000e+00
    outer loop
      vertex   1.381248e+03 1.117440e+03 0.000000e+00
      vertex   1.430229e+03 1.112638e+03 0.000000e+00
      vertex   1.407248e+03 1.108940e+03 0.000000e+00
    endloop
  endfacet
  facet normal 0.000000e+00 0.000000e+00 -1.000000e+00
    outer loop
      vertex   1.407248e+03 1.108940e+03 0.000000e+00
      vertex   1.430229e+03 1.112638e+03 0.000000e+00
      vertex   1.429791e+03 1.112361e+03 0.000000e+00
    endloop
  endfacet
  facet normal 0.000000e+00 0.000000e+00 -1.000000e+00
    outer loop
      vertex   1.407248e+03 1.108940e+03 0.000000e+00
      vertex   1.429791e+03 1.112361e+03 0.000000e+00
      vertex   1.429439e+03 1.111981e+03 0.000000e+00
    endloop
  endfacet
  facet normal 0.000000e+00 0.000000e+00 -1.000000e+00
    outer loop
      vertex   1.407248e+03 1.108940e+03 0.000000e+00
      vertex   1.429439e+03 1.111981e+03 0.000000e+00
      vertex   1.412248e+03 1.106440e+03 0.000000e+00
    endloop
  endfacet
  facet normal 0.000000e+00 0.000000e+00 -1.000000e+00
    outer loop
      vertex   1.412248e+03 1.106440e+03 0.000000e+00
      vertex   1.429439e+03 1.111981e+03 0.000000e+00
      vertex   1.429197e+03 1.111523e+03 0.000000e+00
    endloop
  endfacet
  facet normal 0.000000e+00 0.000000e+00 -1.000000e+00
    outer loop
      vertex   1.412248e+03 1.106440e+03 0.000000e+00
      vertex   1.429197e+03 1.111523e+03 0.000000e+00
      vertex   1.429080e+03 1.111018e+03 0.000000e+00
    endloop
  endfacet
  facet normal 0.000000e+00 0.000000e+00 -1.000000e+00
    outer loop
      vertex   1.412248e+03 1.106440e+03 0.000000e+00
      vertex   1.429080e+03 1.111018e+03 0.000000e+00
      vertex   1.426248e+03 1.106440e+03 0.000000e+00
    endloop
  endfacet
  facet normal 0.000000e+00 0.000000e+00 -1.000000e+00
    outer loop
      vertex   1.426248e+03 1.106440e+03 0.000000e+00
      vertex   1.429080e+03 1.111018e+03 0.000000e+00
      vertex   1.429097e+03 1.110500e+03 0.000000e+00
    endloop
  endfacet
  facet normal 0.000000e+00 0.000000e+00 -1.000000e+00
    outer loop
      vertex   1.426248e+03 1.106440e+03 0.000000e+00
      vertex   1.429097e+03 1.110500e+03 0.000000e+00
      vertex   1.429246e+03 1.110004e+03 0.000000e+00
    endloop
  endfacet
  facet normal 0.000000e+00 -0.000000e+00 -1.000000e+00
    outer loop
      vertex   1.429246e+03 1.110004e+03 0.000000e+00
      vertex   1.429517e+03 1.109563e+03 0.000000e+00
      vertex   1.426248e+03 1.106440e+03 0.000000e+00
    endloop
  endfacet
  facet normal 0.000000e+00 0.000000e+00 -1.000000e+00
    outer loop
      vertex   1.426248e+03 1.106440e+03 0.000000e+00
      vertex   1.429517e+03 1.109563e+03 0.000000e+00
      vertex   1.429893e+03 1.109206e+03 0.000000e+00
    endloop
  endfacet
  facet normal 0.000000e+00 0.000000e+00 -1.000000e+00
    outer loop
      vertex   1.426248e+03 1.106440e+03 0.000000e+00
      vertex   1.429893e+03 1.109206e+03 0.000000e+00
      vertex   1.430347e+03 1.108958e+03 0.000000e+00
    endloop
  endfacet
  facet normal 0.000000e+00 -0.000000e+00 -1.000000e+00
    outer loop
      vertex   1.430347e+03 1.108958e+03 0.000000e+00
      vertex   1.430851e+03 1.108835e+03 0.000000e+00
      vertex   1.426248e+03 1.106440e+03 0.000000e+00
    endloop
  endfacet
  facet normal 0.000000e+00 0.000000e+00 -1.000000e+00
    outer loop
      vertex   1.426248e+03 1.106440e+03 0.000000e+00
      vertex   1.430851e+03 1.108835e+03 0.000000e+00
      vertex   1.431368e+03 1.108845e+03 0.000000e+00
    endloop
  endfacet
  facet normal 0.000000e+00 -0.000000e+00 -1.000000e+00
    outer loop
      vertex   1.426248e+03 1.106440e+03 0.000000e+00
      vertex   1.431368e+03 1.108845e+03 0.000000e+00
      vertex   1.426248e+03 1.092440e+03 0.000000e+00
    endloop
  endfacet
  facet normal 0.000000e+00 0.000000e+00 -1.000000e+00
    outer loop
      vertex   1.426248e+03 1.092440e+03 0.000000e+00
      vertex   1.431368e+03 1.108845e+03 0.000000e+00
      vertex   1.431866e+03 1.108988e+03 0.000000e+00
    endloop
  endfacet
  facet normal 0.000000e+00 0.000000e+00 -1.000000e+00
    outer loop
      vertex   1.426248e+03 1.092440e+03 0.000000e+00
      vertex   1.431866e+03 1.108988e+03 0.000000e+00
      vertex   1.432311e+03 1.109254e+03 0.000000e+00
    endloop
  endfacet
  facet normal 0.000000e+00 -0.000000e+00 -1.000000e+00
    outer loop
      vertex   1.432311e+03 1.109254e+03 0.000000e+00
      vertex   1.432672e+03 1.109625e+03 0.000000e+00
      vertex   1.426248e+03 1.092440e+03 0.000000e+00
    endloop
  endfacet
  facet normal 0.000000e+00 0.000000e+00 -1.000000e+00
    outer loop
      vertex   1.426248e+03 1.092440e+03 0.000000e+00
      vertex   1.432672e+03 1.109625e+03 0.000000e+00
      vertex   1.453392e+03 1.061563e+03 0.000000e+00
    endloop
  endfacet
  facet normal 0.000000e+00 0.000000e+00 -1.000000e+00
    outer loop
      vertex   1.426248e+03 1.092440e+03 0.000000e+00
      vertex   1.453392e+03 1.061563e+03 0.000000e+00
      vertex   1.426248e+03 1.087440e+03 0.000000e+00
    endloop
  endfacet
  facet normal 0.000000e+00 0.000000e+00 -1.000000e+00
    outer loop
      vertex   1.426248e+03 1.087440e+03 0.000000e+00
      vertex   1.453392e+03 1.061563e+03 0.000000e+00
      vertex   1.452874e+03 1.061586e+03 0.000000e+00
    endloop
  endfacet
  facet normal 0.000000e+00 0.000000e+00 -1.000000e+00
    outer loop
      vertex   1.426248e+03 1.087440e+03 0.000000e+00
      vertex   1.452874e+03 1.061586e+03 0.000000e+00
      vertex   1.426248e+03 1.073440e+03 0.000000e+00
    endloop
  endfacet
  facet normal 0.000000e+00 0.000000e+00 -1.000000e+00
    outer loop
      vertex   1.426248e+03 1.073440e+03 0.000000e+00
      vertex   1.452874e+03 1.061586e+03 0.000000e+00
      vertex   1.452367e+03 1.061476e+03 0.000000e+00
    endloop
  endfacet
  facet normal 0.000000e+00 0.000000e+00 -1.000000e+00
    outer loop
      vertex   1.426248e+03 1.073440e+03 0.000000e+00
      vertex   1.452367e+03 1.061476e+03 0.000000e+00
      vertex   1.451905e+03 1.061239e+03 0.000000e+00
    endloop
  endfacet
  facet normal 0.000000e+00 0.000000e+00 -1.000000e+00
    outer loop
      vertex   1.453392e+03 1.061563e+03 0.000000e+00
      vertex   1.432672e+03 1.109625e+03 0.000000e+00
      vertex   1.453887e+03 1.061406e+03 0.000000e+00
    endloop
  endfacet
  facet normal 0.000000e+00 0.000000e+00 -1.000000e+00
    outer loop
      vertex   1.453887e+03 1.061406e+03 0.000000e+00
      vertex   1.432672e+03 1.109625e+03 0.000000e+00
      vertex   1.432926e+03 1.110077e+03 0.000000e+00
    endloop
  endfacet
  facet normal 0.000000e+00 0.000000e+00 -1.000000e+00
    outer loop
      vertex   1.453887e+03 1.061406e+03 0.000000e+00
      vertex   1.432926e+03 1.110077e+03 0.000000e+00
      vertex   1.454325e+03 1.061128e+03 0.000000e+00
    endloop
  endfacet
  facet normal 0.000000e+00 0.000000e+00 -1.000000e+00
    outer loop
      vertex   1.454325e+03 1.061128e+03 0.000000e+00
      vertex   1.432926e+03 1.110077e+03 0.000000e+00
      vertex   1.433055e+03 1.110579e+03 0.000000e+00
    endloop
  endfacet
  facet normal 0.000000e+00 0.000000e+00 -1.000000e+00
    outer loop
      vertex   1.454325e+03 1.061128e+03 0.000000e+00
      vertex   1.433055e+03 1.110579e+03 0.000000e+00
      vertex   1.454676e+03 1.060746e+03 0.000000e+00
    endloop
  endfacet
  facet normal 0.000000e+00 0.000000e+00 -1.000000e+00
    outer loop
      vertex   1.426248e+03 1.073440e+03 0.000000e+00
      vertex   1.451905e+03 1.061239e+03 0.000000e+00
      vertex   1.426315e+03 1.068440e+03 0.000000e+00
    endloop
  endfacet
  facet normal 0.000000e+00 0.000000e+00 -1.000000e+00
    outer loop
      vertex   1.426315e+03 1.068440e+03 0.000000e+00
      vertex   1.451905e+03 1.061239e+03 0.000000e+00
      vertex   1.451520e+03 1.060891e+03 0.000000e+00
    endloop
  endfacet
  facet normal 0.000000e+00 0.000000e+00 -1.000000e+00
    outer loop
      vertex   1.426315e+03 1.068440e+03 0.000000e+00
      vertex   1.451520e+03 1.060891e+03 0.000000e+00
      vertex   1.447000e+03 1.058000e+03 0.000000e+00
    endloop
  endfacet
  facet normal 0.000000e+00 0.000000e+00 -1.000000e+00
    outer loop
      vertex   1.447000e+03 1.058000e+03 0.000000e+00
      vertex   1.451520e+03 1.060891e+03 0.000000e+00
      vertex   1.451237e+03 1.060456e+03 0.000000e+00
    endloop
  endfacet
  facet normal 0.000000e+00 0.000000e+00 -1.000000e+00
    outer loop
      vertex   1.447000e+03 1.058000e+03 0.000000e+00
      vertex   1.451237e+03 1.060456e+03 0.000000e+00
      vertex   1.451076e+03 1.059963e+03 0.000000e+00
    endloop
  endfacet
  facet normal 0.000000e+00 0.000000e+00 -1.000000e+00
    outer loop
      vertex   1.451076e+03 1.059963e+03 0.000000e+00
      vertex   1.451047e+03 1.059444e+03 0.000000e+00
      vertex   1.447000e+03 1.058000e+03 0.000000e+00
    endloop
  endfacet
  facet normal 0.000000e+00 0.000000e+00 -1.000000e+00
    outer loop
      vertex   1.447000e+03 1.058000e+03 0.000000e+00
      vertex   1.451047e+03 1.059444e+03 0.000000e+00
      vertex   1.451153e+03 1.058936e+03 0.000000e+00
    endloop
  endfacet
  facet normal 0.000000e+00 0.000000e+00 -1.000000e+00
    outer loop
      vertex   1.447000e+03 1.058000e+03 0.000000e+00
      vertex   1.451153e+03 1.058936e+03 0.000000e+00
      vertex   1.451385e+03 1.058472e+03 0.000000e+00
    endloop
  endfacet
  facet normal 0.000000e+00 -0.000000e+00 -1.000000e+00
    outer loop
      vertex   1.451385e+03 1.058472e+03 0.000000e+00
      vertex   1.451730e+03 1.058084e+03 0.000000e+00
      vertex   1.447000e+03 1.058000e+03 0.000000e+00
    endloop
  endfacet
  facet normal 0.000000e+00 0.000000e+00 -1.000000e+00
    outer loop
      vertex   1.447000e+03 1.058000e+03 0.000000e+00
      vertex   1.451730e+03 1.058084e+03 0.000000e+00
      vertex   1.452162e+03 1.057797e+03 0.000000e+00
    endloop
  endfacet
  facet normal 0.000000e+00 0.000000e+00 -1.000000e+00
    outer loop
      vertex   1.447000e+03 1.058000e+03 0.000000e+00
      vertex   1.452162e+03 1.057797e+03 0.000000e+00
      vertex   1.447000e+03 1.044000e+03 0.000000e+00
    endloop
  endfacet
  facet normal 0.000000e+00 0.000000e+00 -1.000000e+00
    outer loop
      vertex   1.447000e+03 1.044000e+03 0.000000e+00
      vertex   1.452162e+03 1.057797e+03 0.000000e+00
      vertex   1.452654e+03 1.057631e+03 0.000000e+00
    endloop
  endfacet
  facet normal 0.000000e+00 0.000000e+00 -1.000000e+00
    outer loop
      vertex   1.447000e+03 1.044000e+03 0.000000e+00
      vertex   1.452654e+03 1.057631e+03 0.000000e+00
      vertex   1.453172e+03 1.057598e+03 0.000000e+00
    endloop
  endfacet
  facet normal 0.000000e+00 -0.000000e+00 -1.000000e+00
    outer loop
      vertex   1.453172e+03 1.057598e+03 0.000000e+00
      vertex   1.453681e+03 1.057698e+03 0.000000e+00
      vertex   1.447000e+03 1.044000e+03 0.000000e+00
    endloop
  endfacet
  facet normal 0.000000e+00 0.000000e+00 -1.000000e+00
    outer loop
      vertex   1.447000e+03 1.044000e+03 0.000000e+00
      vertex   1.453681e+03 1.057698e+03 0.000000e+00
      vertex   1.454147e+03 1.057927e+03 0.000000e+00
    endloop
  endfacet
  facet normal 0.000000e+00 0.000000e+00 -1.000000e+00
    outer loop
      vertex   1.407248e+03 1.108940e+03 0.000000e+00
      vertex   1.412248e+03 1.106440e+03 0.000000e+00
      vertex   1.407248e+03 1.094940e+03 0.000000e+00
    endloop
  endfacet
  facet normal 0.000000e+00 0.000000e+00 -1.000000e+00
    outer loop
      vertex   1.407248e+03 1.094940e+03 0.000000e+00
      vertex   1.412248e+03 1.106440e+03 0.000000e+00
      vertex   1.412248e+03 1.092440e+03 0.000000e+00
    endloop
  endfacet
  facet normal 0.000000e+00 0.000000e+00 -1.000000e+00
    outer loop
      vertex   1.407248e+03 1.094940e+03 0.000000e+00
      vertex   1.412248e+03 1.092440e+03 0.000000e+00
      vertex   1.407248e+03 1.089940e+03 0.000000e+00
    endloop
  endfacet
  facet normal 0.000000e+00 0.000000e+00 -1.000000e+00
    outer loop
      vertex   1.407248e+03 1.089940e+03 0.000000e+00
      vertex   1.412248e+03 1.092440e+03 0.000000e+00
      vertex   1.412248e+03 1.087440e+03 0.000000e+00
    endloop
  endfacet
  facet normal 0.000000e+00 0.000000e+00 -1.000000e+00
    outer loop
      vertex   1.407248e+03 1.089940e+03 0.000000e+00
      vertex   1.412248e+03 1.087440e+03 0.000000e+00
      vertex   1.407248e+03 1.075940e+03 0.000000e+00
    endloop
  endfacet
  facet normal 0.000000e+00 0.000000e+00 -1.000000e+00
    outer loop
      vertex   1.407248e+03 1.075940e+03 0.000000e+00
      vertex   1.412248e+03 1.087440e+03 0.000000e+00
      vertex   1.412248e+03 1.073440e+03 0.000000e+00
    endloop
  endfacet
  facet normal 0.000000e+00 0.000000e+00 -1.000000e+00
    outer loop
      vertex   1.407248e+03 1.075940e+03 0.000000e+00
      vertex   1.412248e+03 1.073440e+03 0.000000e+00
      vertex   1.407315e+03 1.070940e+03 0.000000e+00
    endloop
  endfacet
  facet normal 0.000000e+00 0.000000e+00 -1.000000e+00
    outer loop
      vertex   1.407315e+03 1.070940e+03 0.000000e+00
      vertex   1.412248e+03 1.073440e+03 0.000000e+00
      vertex   1.412248e+03 1.068440e+03 0.000000e+00
    endloop
  endfacet
  facet normal 0.000000e+00 -0.000000e+00 -1.000000e+00
    outer loop
      vertex   1.407315e+03 1.070940e+03 0.000000e+00
      vertex   1.412248e+03 1.068440e+03 0.000000e+00
      vertex   1.407248e+03 1.056940e+03 0.000000e+00
    endloop
  endfacet
  facet normal 0.000000e+00 0.000000e+00 -1.000000e+00
    outer loop
      vertex   1.407248e+03 1.056940e+03 0.000000e+00
      vertex   1.412248e+03 1.068440e+03 0.000000e+00
      vertex   1.412248e+03 1.054440e+03 0.000000e+00
    endloop
  endfacet
  facet normal 0.000000e+00 0.000000e+00 -1.000000e+00
    outer loop
      vertex   1.407248e+03 1.056940e+03 0.000000e+00
      vertex   1.412248e+03 1.054440e+03 0.000000e+00
      vertex   1.407248e+03 1.051940e+03 0.000000e+00
    endloop
  endfacet
  facet normal 0.000000e+00 0.000000e+00 -1.000000e+00
    outer loop
      vertex   1.407248e+03 1.051940e+03 0.000000e+00
      vertex   1.412248e+03 1.054440e+03 0.000000e+00
      vertex   1.412248e+03 1.049440e+03 0.000000e+00
    endloop
  endfacet
  facet normal 0.000000e+00 0.000000e+00 -1.000000e+00
    outer loop
      vertex   1.407248e+03 1.051940e+03 0.000000e+00
      vertex   1.412248e+03 1.049440e+03 0.000000e+00
      vertex   1.407248e+03 1.037940e+03 0.000000e+00
    endloop
  endfacet
  facet normal 0.000000e+00 0.000000e+00 -1.000000e+00
    outer loop
      vertex   1.407248e+03 1.037940e+03 0.000000e+00
      vertex   1.412248e+03 1.049440e+03 0.000000e+00
      vertex   1.412248e+03 1.035440e+03 0.000000e+00
    endloop
  endfacet
  facet normal 0.000000e+00 -0.000000e+00 -1.000000e+00
    outer loop
      vertex   1.407248e+03 1.037940e+03 0.000000e+00
      vertex   1.412248e+03 1.035440e+03 0.000000e+00
      vertex   1.402748e+03 1.030440e+03 0.000000e+00
    endloop
  endfacet
  facet normal 0.000000e+00 0.000000e+00 -1.000000e+00
    outer loop
      vertex   1.402748e+03 1.030440e+03 0.000000e+00
      vertex   1.412248e+03 1.035440e+03 0.000000e+00
      vertex   1.416748e+03 1.030440e+03 0.000000e+00
    endloop
  endfacet
  facet normal 0.000000e+00 0.000000e+00 -1.000000e+00
    outer loop
      vertex   1.416748e+03 1.030440e+03 0.000000e+00
      vertex   1.412248e+03 1.035440e+03 0.000000e+00
      vertex   1.426248e+03 1.035440e+03 0.000000e+00
    endloop
  endfacet
  facet normal 0.000000e+00 0.000000e+00 -1.000000e+00
    outer loop
      vertex   1.416748e+03 1.030440e+03 0.000000e+00
      vertex   1.426248e+03 1.035440e+03 0.000000e+00
      vertex   1.429770e+03 1.030267e+03 0.000000e+00
    endloop
  endfacet
  facet normal 0.000000e+00 0.000000e+00 -1.000000e+00
    outer loop
      vertex   1.429770e+03 1.030267e+03 0.000000e+00
      vertex   1.426248e+03 1.035440e+03 0.000000e+00
      vertex   1.433000e+03 1.044000e+03 0.000000e+00
    endloop
  endfacet
  facet normal 0.000000e+00 0.000000e+00 -1.000000e+00
    outer loop
      vertex   1.429770e+03 1.030267e+03 0.000000e+00
      vertex   1.433000e+03 1.044000e+03 0.000000e+00
      vertex   1.447000e+03 1.044000e+03 0.000000e+00
    endloop
  endfacet
  facet normal 0.000000e+00 0.000000e+00 -1.000000e+00
    outer loop
      vertex   1.388248e+03 1.111440e+03 0.000000e+00
      vertex   1.393248e+03 1.108940e+03 0.000000e+00
      vertex   1.388248e+03 1.097440e+03 0.000000e+00
    endloop
  endfacet
  facet normal 0.000000e+00 0.000000e+00 -1.000000e+00
    outer loop
      vertex   1.388248e+03 1.097440e+03 0.000000e+00
      vertex   1.393248e+03 1.108940e+03 0.000000e+00
      vertex   1.393248e+03 1.094940e+03 0.000000e+00
    endloop
  endfacet
  facet normal 0.000000e+00 0.000000e+00 -1.000000e+00
    outer loop
      vertex   1.388248e+03 1.097440e+03 0.000000e+00
      vertex   1.393248e+03 1.094940e+03 0.000000e+00
      vertex   1.388248e+03 1.092440e+03 0.000000e+00
    endloop
  endfacet
  facet normal 0.000000e+00 0.000000e+00 -1.000000e+00
    outer loop
      vertex   1.388248e+03 1.092440e+03 0.000000e+00
      vertex   1.393248e+03 1.094940e+03 0.000000e+00
      vertex   1.393248e+03 1.089940e+03 0.000000e+00
    endloop
  endfacet
  facet normal 0.000000e+00 0.000000e+00 -1.000000e+00
    outer loop
      vertex   1.388248e+03 1.092440e+03 0.000000e+00
      vertex   1.393248e+03 1.089940e+03 0.000000e+00
      vertex   1.388248e+03 1.078440e+03 0.000000e+00
    endloop
  endfacet
  facet normal 0.000000e+00 0.000000e+00 -1.000000e+00
    outer loop
      vertex   1.388248e+03 1.078440e+03 0.000000e+00
      vertex   1.393248e+03 1.089940e+03 0.000000e+00
      vertex   1.393248e+03 1.075940e+03 0.000000e+00
    endloop
  endfacet
  facet normal 0.000000e+00 0.000000e+00 -1.000000e+00
    outer loop
      vertex   1.388248e+03 1.078440e+03 0.000000e+00
      vertex   1.393248e+03 1.075940e+03 0.000000e+00
      vertex   1.388315e+03 1.073440e+03 0.000000e+00
    endloop
  endfacet
  facet normal 0.000000e+00 0.000000e+00 -1.000000e+00
    outer loop
      vertex   1.388315e+03 1.073440e+03 0.000000e+00
      vertex   1.393248e+03 1.075940e+03 0.000000e+00
      vertex   1.393248e+03 1.070940e+03 0.000000e+00
    endloop
  endfacet
  facet normal 0.000000e+00 -0.000000e+00 -1.000000e+00
    outer loop
      vertex   1.388315e+03 1.073440e+03 0.000000e+00
      vertex   1.393248e+03 1.070940e+03 0.000000e+00
      vertex   1.388248e+03 1.059440e+03 0.000000e+00
    endloop
  endfacet
  facet normal 0.000000e+00 0.000000e+00 -1.000000e+00
    outer loop
      vertex   1.388248e+03 1.059440e+03 0.000000e+00
      vertex   1.393248e+03 1.070940e+03 0.000000e+00
      vertex   1.393248e+03 1.056940e+03 0.000000e+00
    endloop
  endfacet
  facet normal 0.000000e+00 0.000000e+00 -1.000000e+00
    outer loop
      vertex   1.388248e+03 1.059440e+03 0.000000e+00
      vertex   1.393248e+03 1.056940e+03 0.000000e+00
      vertex   1.388248e+03 1.054440e+03 0.000000e+00
    endloop
  endfacet
  facet normal 0.000000e+00 0.000000e+00 -1.000000e+00
    outer loop
      vertex   1.388248e+03 1.054440e+03 0.000000e+00
      vertex   1.393248e+03 1.056940e+03 0.000000e+00
      vertex   1.393248e+03 1.051940e+03 0.000000e+00
    endloop
  endfacet
  facet normal 0.000000e+00 0.000000e+00 -1.000000e+00
    outer loop
      vertex   1.388248e+03 1.054440e+03 0.000000e+00
      vertex   1.393248e+03 1.051940e+03 0.000000e+00
      vertex   1.388248e+03 1.040440e+03 0.000000e+00
    endloop
  endfacet
  facet normal 0.000000e+00 0.000000e+00 -1.000000e+00
    outer loop
      vertex   1.388248e+03 1.040440e+03 0.000000e+00
      vertex   1.393248e+03 1.051940e+03 0.000000e+00
      vertex   1.393248e+03 1.037940e+03 0.000000e+00
    endloop
  endfacet
  facet normal 0.000000e+00 -0.000000e+00 -1.000000e+00
    outer loop
      vertex   1.388248e+03 1.040440e+03 0.000000e+00
      vertex   1.393248e+03 1.037940e+03 0.000000e+00
      vertex   1.383748e+03 1.032940e+03 0.000000e+00
    endloop
  endfacet
  facet normal 0.000000e+00 0.000000e+00 -1.000000e+00
    outer loop
      vertex   1.383748e+03 1.032940e+03 0.000000e+00
      vertex   1.393248e+03 1.037940e+03 0.000000e+00
      vertex   1.397748e+03 1.032940e+03 0.000000e+00
    endloop
  endfacet
  facet normal 0.000000e+00 0.000000e+00 -1.000000e+00
    outer loop
      vertex   1.397748e+03 1.032940e+03 0.000000e+00
      vertex   1.393248e+03 1.037940e+03 0.000000e+00
      vertex   1.407248e+03 1.037940e+03 0.000000e+00
    endloop
  endfacet
  facet normal 0.000000e+00 0.000000e+00 -1.000000e+00
    outer loop
      vertex   1.397748e+03 1.032940e+03 0.000000e+00
      vertex   1.407248e+03 1.037940e+03 0.000000e+00
      vertex   1.402748e+03 1.030440e+03 0.000000e+00
    endloop
  endfacet
  facet normal 0.000000e+00 0.000000e+00 -1.000000e+00
    outer loop
      vertex   1.393248e+03 1.094940e+03 0.000000e+00
      vertex   1.407248e+03 1.094940e+03 0.000000e+00
      vertex   1.393248e+03 1.089940e+03 0.000000e+00
    endloop
  endfacet
  facet normal 0.000000e+00 0.000000e+00 -1.000000e+00
    outer loop
      vertex   1.393248e+03 1.089940e+03 0.000000e+00
      vertex   1.407248e+03 1.094940e+03 0.000000e+00
      vertex   1.407248e+03 1.089940e+03 0.000000e+00
    endloop
  endfacet
  facet normal 0.000000e+00 0.000000e+00 -1.000000e+00
    outer loop
      vertex   1.426248e+03 1.087440e+03 0.000000e+00
      vertex   1.412248e+03 1.087440e+03 0.000000e+00
      vertex   1.426248e+03 1.092440e+03 0.000000e+00
    endloop
  endfacet
  facet normal -0.000000e+00 0.000000e+00 -1.000000e+00
    outer loop
      vertex   1.426248e+03 1.092440e+03 0.000000e+00
      vertex   1.412248e+03 1.087440e+03 0.000000e+00
      vertex   1.412248e+03 1.092440e+03 0.000000e+00
    endloop
  endfacet
  facet normal 0.000000e+00 0.000000e+00 -1.000000e+00
    outer loop
      vertex   1.412248e+03 1.073440e+03 0.000000e+00
      vertex   1.426248e+03 1.073440e+03 0.000000e+00
      vertex   1.412248e+03 1.068440e+03 0.000000e+00
    endloop
  endfacet
  facet normal 0.000000e+00 0.000000e+00 -1.000000e+00
    outer loop
      vertex   1.412248e+03 1.068440e+03 0.000000e+00
      vertex   1.426248e+03 1.073440e+03 0.000000e+00
      vertex   1.426315e+03 1.068440e+03 0.000000e+00
    endloop
  endfacet
  facet normal -0.000000e+00 -0.000000e+00 -1.000000e+00
    outer loop
      vertex   1.369248e+03 1.056940e+03 0.000000e+00
      vertex   1.369248e+03 1.051940e+03 0.000000e+00
      vertex   1.355248e+03 1.056940e+03 0.000000e+00
    endloop
  endfacet
  facet normal 0.000000e+00 0.000000e+00 -1.000000e+00
    outer loop
      vertex   1.355248e+03 1.056940e+03 0.000000e+00
      vertex   1.369248e+03 1.051940e+03 0.000000e+00
      vertex   1.355248e+03 1.051940e+03 0.000000e+00
    endloop
  endfacet
  facet normal 0.000000e+00 -0.000000e+00 -1.000000e+00
    outer loop
      vertex   1.355248e+03 1.056940e+03 0.000000e+00
      vertex   1.355248e+03 1.051940e+03 0.000000e+00
      vertex   1.350248e+03 1.052440e+03 0.000000e+00
    endloop
  endfacet
  facet normal 0.000000e+00 0.000000e+00 -1.000000e+00
    outer loop
      vertex   1.350248e+03 1.052440e+03 0.000000e+00
      vertex   1.355248e+03 1.051940e+03 0.000000e+00
      vertex   1.350248e+03 1.047440e+03 0.000000e+00
    endloop
  endfacet
  facet normal 0.000000e+00 -0.000000e+00 -1.000000e+00
    outer loop
      vertex   1.350248e+03 1.052440e+03 0.000000e+00
      vertex   1.350248e+03 1.047440e+03 0.000000e+00
      vertex   1.336248e+03 1.047440e+03 0.000000e+00
    endloop
  endfacet
  facet normal 0.000000e+00 -0.000000e+00 -1.000000e+00
    outer loop
      vertex   1.369315e+03 1.070940e+03 0.000000e+00
      vertex   1.374248e+03 1.059440e+03 0.000000e+00
      vertex   1.369248e+03 1.056940e+03 0.000000e+00
    endloop
  endfacet
  facet normal 0.000000e+00 0.000000e+00 -1.000000e+00
    outer loop
      vertex   1.369248e+03 1.056940e+03 0.000000e+00
      vertex   1.374248e+03 1.059440e+03 0.000000e+00
      vertex   1.374248e+03 1.054440e+03 0.000000e+00
    endloop
  endfacet
  facet normal 0.000000e+00 0.000000e+00 -1.000000e+00
    outer loop
      vertex   1.369248e+03 1.056940e+03 0.000000e+00
      vertex   1.374248e+03 1.054440e+03 0.000000e+00
      vertex   1.369248e+03 1.051940e+03 0.000000e+00
    endloop
  endfacet
  facet normal 0.000000e+00 0.000000e+00 -1.000000e+00
    outer loop
      vertex   1.369248e+03 1.051940e+03 0.000000e+00
      vertex   1.374248e+03 1.054440e+03 0.000000e+00
      vertex   1.374248e+03 1.040440e+03 0.000000e+00
    endloop
  endfacet
  facet normal 0.000000e+00 0.000000e+00 -1.000000e+00
    outer loop
      vertex   1.355248e+03 1.070940e+03 0.000000e+00
      vertex   1.369248e+03 1.075940e+03 0.000000e+00
      vertex   1.369315e+03 1.070940e+03 0.000000e+00
    endloop
  endfacet
  facet normal 0.000000e+00 0.000000e+00 -1.000000e+00
    outer loop
      vertex   1.369315e+03 1.070940e+03 0.000000e+00
      vertex   1.369248e+03 1.075940e+03 0.000000e+00
      vertex   1.374248e+03 1.073440e+03 0.000000e+00
    endloop
  endfacet
  facet normal 0.000000e+00 0.000000e+00 -1.000000e+00
    outer loop
      vertex   1.369315e+03 1.070940e+03 0.000000e+00
      vertex   1.374248e+03 1.073440e+03 0.000000e+00
      vertex   1.374248e+03 1.059440e+03 0.000000e+00
    endloop
  endfacet
  facet normal 0.000000e+00 0.000000e+00 -1.000000e+00
    outer loop
      vertex   1.355248e+03 1.056940e+03 0.000000e+00
      vertex   1.350315e+03 1.066440e+03 0.000000e+00
      vertex   1.355248e+03 1.070940e+03 0.000000e+00
    endloop
  endfacet
  facet normal -0.000000e+00 0.000000e+00 -1.000000e+00
    outer loop
      vertex   1.355248e+03 1.070940e+03 0.000000e+00
      vertex   1.350315e+03 1.066440e+03 0.000000e+00
      vertex   1.350183e+03 1.071440e+03 0.000000e+00
    endloop
  endfacet
  facet normal 0.000000e+00 0.000000e+00 -1.000000e+00
    outer loop
      vertex   1.355248e+03 1.070940e+03 0.000000e+00
      vertex   1.350183e+03 1.071440e+03 0.000000e+00
      vertex   1.355248e+03 1.075940e+03 0.000000e+00
    endloop
  endfacet
  facet normal -0.000000e+00 0.000000e+00 -1.000000e+00
    outer loop
      vertex   1.355248e+03 1.075940e+03 0.000000e+00
      vertex   1.350183e+03 1.071440e+03 0.000000e+00
      vertex   1.350183e+03 1.085440e+03 0.000000e+00
    endloop
  endfacet
  facet normal 0.000000e+00 0.000000e+00 -1.000000e+00
    outer loop
      vertex   1.355248e+03 1.075940e+03 0.000000e+00
      vertex   1.350183e+03 1.085440e+03 0.000000e+00
      vertex   1.355248e+03 1.089940e+03 0.000000e+00
    endloop
  endfacet
  facet normal -0.000000e+00 0.000000e+00 -1.000000e+00
    outer loop
      vertex   1.355248e+03 1.089940e+03 0.000000e+00
      vertex   1.350183e+03 1.085440e+03 0.000000e+00
      vertex   1.350183e+03 1.090440e+03 0.000000e+00
    endloop
  endfacet
  facet normal 0.000000e+00 0.000000e+00 -1.000000e+00
    outer loop
      vertex   1.355248e+03 1.089940e+03 0.000000e+00
      vertex   1.350183e+03 1.090440e+03 0.000000e+00
      vertex   1.355248e+03 1.094940e+03 0.000000e+00
    endloop
  endfacet
  facet normal -0.000000e+00 0.000000e+00 -1.000000e+00
    outer loop
      vertex   1.355248e+03 1.094940e+03 0.000000e+00
      vertex   1.350183e+03 1.090440e+03 0.000000e+00
      vertex   1.350183e+03 1.104440e+03 0.000000e+00
    endloop
  endfacet
  facet normal 0.000000e+00 0.000000e+00 -1.000000e+00
    outer loop
      vertex   1.355248e+03 1.094940e+03 0.000000e+00
      vertex   1.350183e+03 1.104440e+03 0.000000e+00
      vertex   1.355248e+03 1.108940e+03 0.000000e+00
    endloop
  endfacet
  facet normal 0.000000e+00 0.000000e+00 -1.000000e+00
    outer loop
      vertex   1.355248e+03 1.108940e+03 0.000000e+00
      vertex   1.350183e+03 1.104440e+03 0.000000e+00
      vertex   1.336183e+03 1.104440e+03 0.000000e+00
    endloop
  endfacet
  facet normal 0.000000e+00 0.000000e+00 -1.000000e+00
    outer loop
      vertex   1.433000e+03 1.044000e+03 0.000000e+00
      vertex   1.426248e+03 1.049440e+03 0.000000e+00
      vertex   1.433000e+03 1.058000e+03 0.000000e+00
    endloop
  endfacet
  facet normal 0.000000e+00 0.000000e+00 -1.000000e+00
    outer loop
      vertex   1.433000e+03 1.058000e+03 0.000000e+00
      vertex   1.426248e+03 1.049440e+03 0.000000e+00
      vertex   1.426248e+03 1.054440e+03 0.000000e+00
    endloop
  endfacet
  facet normal -0.000000e+00 0.000000e+00 -1.000000e+00
    outer loop
      vertex   1.433000e+03 1.058000e+03 0.000000e+00
      vertex   1.426248e+03 1.054440e+03 0.000000e+00
      vertex   1.426315e+03 1.068440e+03 0.000000e+00
    endloop
  endfacet
  facet normal 0.000000e+00 0.000000e+00 -1.000000e+00
    outer loop
      vertex   1.447000e+03 1.058000e+03 0.000000e+00
      vertex   1.433000e+03 1.058000e+03 0.000000e+00
      vertex   1.426315e+03 1.068440e+03 0.000000e+00
    endloop
  endfacet
  facet normal 0.000000e+00 0.000000e+00 -1.000000e+00
    outer loop
      vertex   1.402748e+03 1.016440e+03 0.000000e+00
      vertex   1.397748e+03 1.018940e+03 0.000000e+00
      vertex   1.402748e+03 1.030440e+03 0.000000e+00
    endloop
  endfacet
  facet normal -0.000000e+00 0.000000e+00 -1.000000e+00
    outer loop
      vertex   1.402748e+03 1.030440e+03 0.000000e+00
      vertex   1.397748e+03 1.018940e+03 0.000000e+00
      vertex   1.397748e+03 1.032940e+03 0.000000e+00
    endloop
  endfacet
  facet normal 0.000000e+00 0.000000e+00 -1.000000e+00
    outer loop
      vertex   1.388248e+03 1.054440e+03 0.000000e+00
      vertex   1.374248e+03 1.054440e+03 0.000000e+00
      vertex   1.388248e+03 1.059440e+03 0.000000e+00
    endloop
  endfacet
  facet normal -0.000000e+00 0.000000e+00 -1.000000e+00
    outer loop
      vertex   1.388248e+03 1.059440e+03 0.000000e+00
      vertex   1.374248e+03 1.054440e+03 0.000000e+00
      vertex   1.374248e+03 1.059440e+03 0.000000e+00
    endloop
  endfacet
  facet normal 0.000000e+00 -0.000000e+00 -1.000000e+00
    outer loop
      vertex   1.355248e+03 1.051940e+03 0.000000e+00
      vertex   1.355248e+03 1.037940e+03 0.000000e+00
      vertex   1.350248e+03 1.047440e+03 0.000000e+00
    endloop
  endfacet
  facet normal 0.000000e+00 0.000000e+00 -1.000000e+00
    outer loop
      vertex   1.350248e+03 1.047440e+03 0.000000e+00
      vertex   1.355248e+03 1.037940e+03 0.000000e+00
      vertex   1.350248e+03 1.033440e+03 0.000000e+00
    endloop
  endfacet
  facet normal 0.000000e+00 0.000000e+00 -1.000000e+00
    outer loop
      vertex   1.350248e+03 1.033440e+03 0.000000e+00
      vertex   1.355248e+03 1.037940e+03 0.000000e+00
      vertex   1.364748e+03 1.032940e+03 0.000000e+00
    endloop
  endfacet
  facet normal 0.000000e+00 0.000000e+00 -1.000000e+00
    outer loop
      vertex   1.350248e+03 1.033440e+03 0.000000e+00
      vertex   1.364748e+03 1.032940e+03 0.000000e+00
      vertex   1.364748e+03 1.018940e+03 0.000000e+00
    endloop
  endfacet
  facet normal 0.000000e+00 0.000000e+00 -1.000000e+00
    outer loop
      vertex   1.355248e+03 1.037940e+03 0.000000e+00
      vertex   1.369248e+03 1.037940e+03 0.000000e+00
      vertex   1.364748e+03 1.032940e+03 0.000000e+00
    endloop
  endfacet
  facet normal 0.000000e+00 0.000000e+00 -1.000000e+00
    outer loop
      vertex   1.364748e+03 1.032940e+03 0.000000e+00
      vertex   1.369248e+03 1.037940e+03 0.000000e+00
      vertex   1.378748e+03 1.032940e+03 0.000000e+00
    endloop
  endfacet
  facet normal 0.000000e+00 -0.000000e+00 -1.000000e+00
    outer loop
      vertex   1.412248e+03 1.054440e+03 0.000000e+00
      vertex   1.426248e+03 1.054440e+03 0.000000e+00
      vertex   1.412248e+03 1.049440e+03 0.000000e+00
    endloop
  endfacet
  facet normal 0.000000e+00 0.000000e+00 -1.000000e+00
    outer loop
      vertex   1.412248e+03 1.049440e+03 0.000000e+00
      vertex   1.426248e+03 1.054440e+03 0.000000e+00
      vertex   1.426248e+03 1.049440e+03 0.000000e+00
    endloop
  endfacet
  facet normal 0.000000e+00 0.000000e+00 -1.000000e+00
    outer loop
      vertex   1.355248e+03 1.075940e+03 0.000000e+00
      vertex   1.369248e+03 1.075940e+03 0.000000e+00
      vertex   1.355248e+03 1.070940e+03 0.000000e+00
    endloop
  endfacet
  facet normal 0.000000e+00 0.000000e+00 -1.000000e+00
    outer loop
      vertex   1.374248e+03 1.073440e+03 0.000000e+00
      vertex   1.369248e+03 1.075940e+03 0.000000e+00
      vertex   1.374248e+03 1.078440e+03 0.000000e+00
    endloop
  endfacet
  facet normal -0.000000e+00 0.000000e+00 -1.000000e+00
    outer loop
      vertex   1.374248e+03 1.078440e+03 0.000000e+00
      vertex   1.369248e+03 1.075940e+03 0.000000e+00
      vertex   1.369248e+03 1.089940e+03 0.000000e+00
    endloop
  endfacet
  facet normal 0.000000e+00 0.000000e+00 -1.000000e+00
    outer loop
      vertex   1.374248e+03 1.078440e+03 0.000000e+00
      vertex   1.369248e+03 1.089940e+03 0.000000e+00
      vertex   1.374248e+03 1.092440e+03 0.000000e+00
    endloop
  endfacet
  facet normal -0.000000e+00 0.000000e+00 -1.000000e+00
    outer loop
      vertex   1.374248e+03 1.092440e+03 0.000000e+00
      vertex   1.369248e+03 1.089940e+03 0.000000e+00
      vertex   1.369248e+03 1.094940e+03 0.000000e+00
    endloop
  endfacet
  facet normal 0.000000e+00 0.000000e+00 -1.000000e+00
    outer loop
      vertex   1.374248e+03 1.092440e+03 0.000000e+00
      vertex   1.369248e+03 1.094940e+03 0.000000e+00
      vertex   1.374248e+03 1.097440e+03 0.000000e+00
    endloop
  endfacet
  facet normal -0.000000e+00 0.000000e+00 -1.000000e+00
    outer loop
      vertex   1.374248e+03 1.097440e+03 0.000000e+00
      vertex   1.369248e+03 1.094940e+03 0.000000e+00
      vertex   1.369248e+03 1.108940e+03 0.000000e+00
    endloop
  endfacet
  facet normal 0.000000e+00 0.000000e+00 -1.000000e+00
    outer loop
      vertex   1.374248e+03 1.097440e+03 0.000000e+00
      vertex   1.369248e+03 1.108940e+03 0.000000e+00
      vertex   1.374248e+03 1.111440e+03 0.000000e+00
    endloop
  endfacet
  facet normal 0.000000e+00 0.000000e+00 -1.000000e+00
    outer loop
      vertex   1.374248e+03 1.111440e+03 0.000000e+00
      vertex   1.369248e+03 1.108940e+03 0.000000e+00
      vertex   1.355248e+03 1.108940e+03 0.000000e+00
    endloop
  endfacet
  facet normal -0.000000e+00 -0.000000e+00 -1.000000e+00
    outer loop
      vertex   1.369248e+03 1.094940e+03 0.000000e+00
      vertex   1.369248e+03 1.089940e+03 0.000000e+00
      vertex   1.355248e+03 1.094940e+03 0.000000e+00
    endloop
  endfacet
  facet normal 0.000000e+00 0.000000e+00 -1.000000e+00
    outer loop
      vertex   1.355248e+03 1.094940e+03 0.000000e+00
      vertex   1.369248e+03 1.089940e+03 0.000000e+00
      vertex   1.355248e+03 1.089940e+03 0.000000e+00
    endloop
  endfacet
  facet normal 0.000000e+00 0.000000e+00 -1.000000e+00
    outer loop
      vertex   1.388315e+03 1.073440e+03 0.000000e+00
      vertex   1.374248e+03 1.073440e+03 0.000000e+00
      vertex   1.388248e+03 1.078440e+03 0.000000e+00
    endloop
  endfacet
  facet normal -0.000000e+00 0.000000e+00 -1.000000e+00
    outer loop
      vertex   1.388248e+03 1.078440e+03 0.000000e+00
      vertex   1.374248e+03 1.073440e+03 0.000000e+00
      vertex   1.374248e+03 1.078440e+03 0.000000e+00
    endloop
  endfacet
  facet normal 0.000000e+00 0.000000e+00 -1.000000e+00
    outer loop
      vertex   1.331248e+03 1.047440e+03 0.000000e+00
      vertex   1.317248e+03 1.047440e+03 0.000000e+00
      vertex   1.331248e+03 1.052440e+03 0.000000e+00
    endloop
  endfacet
  facet normal -0.000000e+00 0.000000e+00 -1.000000e+00
    outer loop
      vertex   1.331248e+03 1.052440e+03 0.000000e+00
      vertex   1.317248e+03 1.047440e+03 0.000000e+00
      vertex   1.317248e+03 1.052440e+03 0.000000e+00
    endloop
  endfacet
  facet normal 0.000000e+00 -0.000000e+00 -1.000000e+00
    outer loop
      vertex   1.317248e+03 1.052440e+03 0.000000e+00
      vertex   1.317248e+03 1.047440e+03 0.000000e+00
      vertex   1.311248e+03 1.030269e+03 0.000000e+00
    endloop
  endfacet
  facet normal 0.000000e+00 0.000000e+00 -1.000000e+00
    outer loop
      vertex   1.350248e+03 1.052440e+03 0.000000e+00
      vertex   1.350315e+03 1.066440e+03 0.000000e+00
      vertex   1.355248e+03 1.056940e+03 0.000000e+00
    endloop
  endfacet
  facet normal 0.000000e+00 0.000000e+00 -1.000000e+00
    outer loop
      vertex   1.350315e+03 1.066440e+03 0.000000e+00
      vertex   1.336248e+03 1.066440e+03 0.000000e+00
      vertex   1.350183e+03 1.071440e+03 0.000000e+00
    endloop
  endfacet
  facet normal -0.000000e+00 0.000000e+00 -1.000000e+00
    outer loop
      vertex   1.350183e+03 1.071440e+03 0.000000e+00
      vertex   1.336248e+03 1.066440e+03 0.000000e+00
      vertex   1.336183e+03 1.071440e+03 0.000000e+00
    endloop
  endfacet
  facet normal 0.000000e+00 0.000000e+00 -1.000000e+00
    outer loop
      vertex   1.336248e+03 1.052440e+03 0.000000e+00
      vertex   1.350248e+03 1.052440e+03 0.000000e+00
      vertex   1.336248e+03 1.047440e+03 0.000000e+00
    endloop
  endfacet
  facet normal 0.000000e+00 0.000000e+00 -1.000000e+00
    outer loop
      vertex   1.388248e+03 1.092440e+03 0.000000e+00
      vertex   1.374248e+03 1.092440e+03 0.000000e+00
      vertex   1.388248e+03 1.097440e+03 0.000000e+00
    endloop
  endfacet
  facet normal -0.000000e+00 0.000000e+00 -1.000000e+00
    outer loop
      vertex   1.388248e+03 1.097440e+03 0.000000e+00
      vertex   1.374248e+03 1.092440e+03 0.000000e+00
      vertex   1.374248e+03 1.097440e+03 0.000000e+00
    endloop
  endfacet
  facet normal 0.000000e+00 0.000000e+00 -1.000000e+00
    outer loop
      vertex   1.393248e+03 1.075940e+03 0.000000e+00
      vertex   1.407248e+03 1.075940e+03 0.000000e+00
      vertex   1.393248e+03 1.070940e+03 0.000000e+00
    endloop
  endfacet
  facet normal 0.000000e+00 0.000000e+00 -1.000000e+00
    outer loop
      vertex   1.393248e+03 1.070940e+03 0.000000e+00
      vertex   1.407248e+03 1.075940e+03 0.000000e+00
      vertex   1.407315e+03 1.070940e+03 0.000000e+00
    endloop
  endfacet
  facet normal 0.000000e+00 0.000000e+00 -1.000000e+00
    outer loop
      vertex   1.426248e+03 1.035440e+03 0.000000e+00
      vertex   1.426248e+03 1.049440e+03 0.000000e+00
      vertex   1.433000e+03 1.044000e+03 0.000000e+00
    endloop
  endfacet
  facet normal -0.000000e+00 0.000000e+00 -1.000000e+00
    outer loop
      vertex   1.429770e+03 1.030267e+03 0.000000e+00
      vertex   1.423509e+03 1.017745e+03 0.000000e+00
      vertex   1.416748e+03 1.030440e+03 0.000000e+00
    endloop
  endfacet
  facet normal 0.000000e+00 0.000000e+00 -1.000000e+00
    outer loop
      vertex   1.436031e+03 1.011484e+03 0.000000e+00
      vertex   1.442292e+03 1.024006e+03 0.000000e+00
      vertex   1.453768e+03 1.030125e+03 0.000000e+00
    endloop
  endfacet
  facet normal 0.000000e+00 0.000000e+00 -1.000000e+00
    outer loop
      vertex   1.407248e+03 1.051940e+03 0.000000e+00
      vertex   1.393248e+03 1.051940e+03 0.000000e+00
      vertex   1.407248e+03 1.056940e+03 0.000000e+00
    endloop
  endfacet
  facet normal -0.000000e+00 0.000000e+00 -1.000000e+00
    outer loop
      vertex   1.407248e+03 1.056940e+03 0.000000e+00
      vertex   1.393248e+03 1.051940e+03 0.000000e+00
      vertex   1.393248e+03 1.056940e+03 0.000000e+00
    endloop
  endfacet
  facet normal 0.000000e+00 0.000000e+00 -1.000000e+00
    outer loop
      vertex   1.336183e+03 1.090440e+03 0.000000e+00
      vertex   1.350183e+03 1.090440e+03 0.000000e+00
      vertex   1.336183e+03 1.085440e+03 0.000000e+00
    endloop
  endfacet
  facet normal 0.000000e+00 0.000000e+00 -1.000000e+00
    outer loop
      vertex   1.336183e+03 1.085440e+03 0.000000e+00
      vertex   1.350183e+03 1.090440e+03 0.000000e+00
      vertex   1.350183e+03 1.085440e+03 0.000000e+00
    endloop
  endfacet
  facet normal 0.000000e+00 0.000000e+00 -1.000000e+00
    outer loop
      vertex   1.331248e+03 1.066440e+03 0.000000e+00
      vertex   1.317248e+03 1.066440e+03 0.000000e+00
      vertex   1.331248e+03 1.071440e+03 0.000000e+00
    endloop
  endfacet
  facet normal -0.000000e+00 0.000000e+00 -1.000000e+00
    outer loop
      vertex   1.331248e+03 1.071440e+03 0.000000e+00
      vertex   1.317248e+03 1.066440e+03 0.000000e+00
      vertex   1.317248e+03 1.071440e+03 0.000000e+00
    endloop
  endfacet
  facet normal 0.000000e+00 0.000000e+00 -1.000000e+00
    outer loop
      vertex   1.331248e+03 1.085440e+03 0.000000e+00
      vertex   1.317248e+03 1.085440e+03 0.000000e+00
      vertex   1.331248e+03 1.090440e+03 0.000000e+00
    endloop
  endfacet
  facet normal -0.000000e+00 0.000000e+00 -1.000000e+00
    outer loop
      vertex   1.331248e+03 1.090440e+03 0.000000e+00
      vertex   1.317248e+03 1.085440e+03 0.000000e+00
      vertex   1.317248e+03 1.090440e+03 0.000000e+00
    endloop
  endfacet
  facet normal 0.000000e+00 -1.000000e+00 0.000000e+00
    outer loop
      vertex   1.393248e+03 1.108940e+03 0.000000e+00
      vertex   1.407248e+03 1.108940e+03 0.000000e+00
      vertex   1.393248e+03 1.108940e+03 1.500000e+00
    endloop
  endfacet
  facet normal 0.000000e+00 -1.000000e+00 0.000000e+00
    outer loop
      vertex   1.393248e+03 1.108940e+03 1.500000e+00
      vertex   1.407248e+03 1.108940e+03 0.000000e+00
      vertex   1.407248e+03 1.108940e+03 1.500000e+00
    endloop
  endfacet
  facet normal 1.000000e+00 0.000000e+00 0.000000e+00
    outer loop
      vertex   1.393248e+03 1.094940e+03 0.000000e+00
      vertex   1.393248e+03 1.108940e+03 0.000000e+00
      vertex   1.393248e+03 1.094940e+03 1.500000e+00
    endloop
  endfacet
  facet normal 1.000000e+00 -0.000000e+00 0.000000e+00
    outer loop
      vertex   1.393248e+03 1.094940e+03 1.500000e+00
      vertex   1.393248e+03 1.108940e+03 0.000000e+00
      vertex   1.393248e+03 1.108940e+03 1.500000e+00
    endloop
  endfacet
  facet normal 0.000000e+00 1.000000e+00 -0.000000e+00
    outer loop
      vertex   1.407248e+03 1.094940e+03 0.000000e+00
      vertex   1.393248e+03 1.094940e+03 0.000000e+00
      vertex   1.407248e+03 1.094940e+03 1.500000e+00
    endloop
  endfacet
  facet normal 0.000000e+00 1.000000e+00 0.000000e+00
    outer loop
      vertex   1.407248e+03 1.094940e+03 1.500000e+00
      vertex   1.393248e+03 1.094940e+03 0.000000e+00
      vertex   1.393248e+03 1.094940e+03 1.500000e+00
    endloop
  endfacet
  facet normal -1.000000e+00 0.000000e+00 0.000000e+00
    outer loop
      vertex   1.407248e+03 1.108940e+03 0.000000e+00
      vertex   1.407248e+03 1.094940e+03 0.000000e+00
      vertex   1.407248e+03 1.108940e+03 1.500000e+00
    endloop
  endfacet
  facet normal -1.000000e+00 -0.000000e+00 0.000000e+00
    outer loop
      vertex   1.407248e+03 1.108940e+03 1.500000e+00
      vertex   1.407248e+03 1.094940e+03 0.000000e+00
      vertex   1.407248e+03 1.094940e+03 1.500000e+00
    endloop
  endfacet
  facet normal 0.000000e+00 -1.000000e+00 0.000000e+00
    outer loop
      vertex   1.412248e+03 1.087440e+03 0.000000e+00
      vertex   1.426248e+03 1.087440e+03 0.000000e+00
      vertex   1.412248e+03 1.087440e+03 1.500000e+00
    endloop
  endfacet
  facet normal 0.000000e+00 -1.000000e+00 0.000000e+00
    outer loop
      vertex   1.412248e+03 1.087440e+03 1.500000e+00
      vertex   1.426248e+03 1.087440e+03 0.000000e+00
      vertex   1.426248e+03 1.087440e+03 1.500000e+00
    endloop
  endfacet
  facet normal 1.000000e+00 0.000000e+00 0.000000e+00
    outer loop
      vertex   1.412248e+03 1.073440e+03 0.000000e+00
      vertex   1.412248e+03 1.087440e+03 0.000000e+00
      vertex   1.412248e+03 1.073440e+03 1.500000e+00
    endloop
  endfacet
  facet normal 1.000000e+00 -0.000000e+00 0.000000e+00
    outer loop
      vertex   1.412248e+03 1.073440e+03 1.500000e+00
      vertex   1.412248e+03 1.087440e+03 0.000000e+00
      vertex   1.412248e+03 1.087440e+03 1.500000e+00
    endloop
  endfacet
  facet normal 0.000000e+00 1.000000e+00 -0.000000e+00
    outer loop
      vertex   1.426248e+03 1.073440e+03 0.000000e+00
      vertex   1.412248e+03 1.073440e+03 0.000000e+00
      vertex   1.426248e+03 1.073440e+03 1.500000e+00
    endloop
  endfacet
  facet normal 0.000000e+00 1.000000e+00 0.000000e+00
    outer loop
      vertex   1.426248e+03 1.073440e+03 1.500000e+00
      vertex   1.412248e+03 1.073440e+03 0.000000e+00
      vertex   1.412248e+03 1.073440e+03 1.500000e+00
    endloop
  endfacet
  facet normal -1.000000e+00 0.000000e+00 0.000000e+00
    outer loop
      vertex   1.426248e+03 1.087440e+03 0.000000e+00
      vertex   1.426248e+03 1.073440e+03 0.000000e+00
      vertex   1.426248e+03 1.087440e+03 1.500000e+00
    endloop
  endfacet
  facet normal -1.000000e+00 -0.000000e+00 0.000000e+00
    outer loop
      vertex   1.426248e+03 1.087440e+03 1.500000e+00
      vertex   1.426248e+03 1.073440e+03 0.000000e+00
      vertex   1.426248e+03 1.073440e+03 1.500000e+00
    endloop
  endfacet
  facet normal -9.999888e-01 4.729486e-03 0.000000e+00
    outer loop
      vertex   1.369315e+03 1.070940e+03 0.000000e+00
      vertex   1.369248e+03 1.056940e+03 0.000000e+00
      vertex   1.369315e+03 1.070940e+03 1.500000e+00
    endloop
  endfacet
  facet normal -9.999888e-01 4.729486e-03 0.000000e+00
    outer loop
      vertex   1.369315e+03 1.070940e+03 1.500000e+00
      vertex   1.369248e+03 1.056940e+03 0.000000e+00
      vertex   1.369248e+03 1.056940e+03 1.500000e+00
    endloop
  endfacet
  facet normal 0.000000e+00 -1.000000e+00 0.000000e+00
    outer loop
      vertex   1.355248e+03 1.070940e+03 0.000000e+00
      vertex   1.369315e+03 1.070940e+03 0.000000e+00
      vertex   1.355248e+03 1.070940e+03 1.500000e+00
    endloop
  endfacet
  facet normal 0.000000e+00 -1.000000e+00 0.000000e+00
    outer loop
      vertex   1.355248e+03 1.070940e+03 1.500000e+00
      vertex   1.369315e+03 1.070940e+03 0.000000e+00
      vertex   1.369315e+03 1.070940e+03 1.500000e+00
    endloop
  endfacet
  facet normal 1.000000e+00 0.000000e+00 0.000000e+00
    outer loop
      vertex   1.355248e+03 1.056940e+03 0.000000e+00
      vertex   1.355248e+03 1.070940e+03 0.000000e+00
      vertex   1.355248e+03 1.056940e+03 1.500000e+00
    endloop
  endfacet
  facet normal 1.000000e+00 -0.000000e+00 0.000000e+00
    outer loop
      vertex   1.355248e+03 1.056940e+03 1.500000e+00
      vertex   1.355248e+03 1.070940e+03 0.000000e+00
      vertex   1.355248e+03 1.070940e+03 1.500000e+00
    endloop
  endfacet
  facet normal 0.000000e+00 1.000000e+00 -0.000000e+00
    outer loop
      vertex   1.369248e+03 1.056940e+03 0.000000e+00
      vertex   1.355248e+03 1.056940e+03 0.000000e+00
      vertex   1.369248e+03 1.056940e+03 1.500000e+00
    endloop
  endfacet
  facet normal 0.000000e+00 1.000000e+00 0.000000e+00
    outer loop
      vertex   1.369248e+03 1.056940e+03 1.500000e+00
      vertex   1.355248e+03 1.056940e+03 0.000000e+00
      vertex   1.355248e+03 1.056940e+03 1.500000e+00
    endloop
  endfacet
  facet normal 0.000000e+00 1.000000e+00 -0.000000e+00
    outer loop
      vertex   1.447000e+03 1.044000e+03 0.000000e+00
      vertex   1.433000e+03 1.044000e+03 0.000000e+00
      vertex   1.447000e+03 1.044000e+03 1.500000e+00
    endloop
  endfacet
  facet normal 0.000000e+00 1.000000e+00 0.000000e+00
    outer loop
      vertex   1.447000e+03 1.044000e+03 1.500000e+00
      vertex   1.433000e+03 1.044000e+03 0.000000e+00
      vertex   1.433000e+03 1.044000e+03 1.500000e+00
    endloop
  endfacet
  facet normal -1.000000e+00 0.000000e+00 0.000000e+00
    outer loop
      vertex   1.447000e+03 1.058000e+03 0.000000e+00
      vertex   1.447000e+03 1.044000e+03 0.000000e+00
      vertex   1.447000e+03 1.058000e+03 1.500000e+00
    endloop
  endfacet
  facet normal -1.000000e+00 -0.000000e+00 0.000000e+00
    outer loop
      vertex   1.447000e+03 1.058000e+03 1.500000e+00
      vertex   1.447000e+03 1.044000e+03 0.000000e+00
      vertex   1.447000e+03 1.044000e+03 1.500000e+00
    endloop
  endfacet
  facet normal 0.000000e+00 -1.000000e+00 0.000000e+00
    outer loop
      vertex   1.433000e+03 1.058000e+03 0.000000e+00
      vertex   1.447000e+03 1.058000e+03 0.000000e+00
      vertex   1.433000e+03 1.058000e+03 1.500000e+00
    endloop
  endfacet
  facet normal 0.000000e+00 -1.000000e+00 0.000000e+00
    outer loop
      vertex   1.433000e+03 1.058000e+03 1.500000e+00
      vertex   1.447000e+03 1.058000e+03 0.000000e+00
      vertex   1.447000e+03 1.058000e+03 1.500000e+00
    endloop
  endfacet
  facet normal 1.000000e+00 0.000000e+00 0.000000e+00
    outer loop
      vertex   1.433000e+03 1.044000e+03 0.000000e+00
      vertex   1.433000e+03 1.058000e+03 0.000000e+00
      vertex   1.433000e+03 1.044000e+03 1.500000e+00
    endloop
  endfacet
  facet normal 1.000000e+00 -0.000000e+00 0.000000e+00
    outer loop
      vertex   1.433000e+03 1.044000e+03 1.500000e+00
      vertex   1.433000e+03 1.058000e+03 0.000000e+00
      vertex   1.433000e+03 1.058000e+03 1.500000e+00
    endloop
  endfacet
  facet normal -1.000000e+00 0.000000e+00 0.000000e+00
    outer loop
      vertex   1.397748e+03 1.032940e+03 0.000000e+00
      vertex   1.397748e+03 1.018940e+03 0.000000e+00
      vertex   1.397748e+03 1.032940e+03 1.500000e+00
    endloop
  endfacet
  facet normal -1.000000e+00 -0.000000e+00 0.000000e+00
    outer loop
      vertex   1.397748e+03 1.032940e+03 1.500000e+00
      vertex   1.397748e+03 1.018940e+03 0.000000e+00
      vertex   1.397748e+03 1.018940e+03 1.500000e+00
    endloop
  endfacet
  facet normal 0.000000e+00 -1.000000e+00 0.000000e+00
    outer loop
      vertex   1.383748e+03 1.032940e+03 0.000000e+00
      vertex   1.397748e+03 1.032940e+03 0.000000e+00
      vertex   1.383748e+03 1.032940e+03 1.500000e+00
    endloop
  endfacet
  facet normal 0.000000e+00 -1.000000e+00 0.000000e+00
    outer loop
      vertex   1.383748e+03 1.032940e+03 1.500000e+00
      vertex   1.397748e+03 1.032940e+03 0.000000e+00
      vertex   1.397748e+03 1.032940e+03 1.500000e+00
    endloop
  endfacet
  facet normal 1.000000e+00 0.000000e+00 0.000000e+00
    outer loop
      vertex   1.383748e+03 1.018940e+03 0.000000e+00
      vertex   1.383748e+03 1.032940e+03 0.000000e+00
      vertex   1.383748e+03 1.018940e+03 1.500000e+00
    endloop
  endfacet
  facet normal 1.000000e+00 -0.000000e+00 0.000000e+00
    outer loop
      vertex   1.383748e+03 1.018940e+03 1.500000e+00
      vertex   1.383748e+03 1.032940e+03 0.000000e+00
      vertex   1.383748e+03 1.032940e+03 1.500000e+00
    endloop
  endfacet
  facet normal 0.000000e+00 1.000000e+00 -0.000000e+00
    outer loop
      vertex   1.397748e+03 1.018940e+03 0.000000e+00
      vertex   1.383748e+03 1.018940e+03 0.000000e+00
      vertex   1.397748e+03 1.018940e+03 1.500000e+00
    endloop
  endfacet
  facet normal 0.000000e+00 1.000000e+00 0.000000e+00
    outer loop
      vertex   1.397748e+03 1.018940e+03 1.500000e+00
      vertex   1.383748e+03 1.018940e+03 0.000000e+00
      vertex   1.383748e+03 1.018940e+03 1.500000e+00
    endloop
  endfacet
  facet normal 0.000000e+00 -1.000000e+00 0.000000e+00
    outer loop
      vertex   1.374248e+03 1.054440e+03 0.000000e+00
      vertex   1.388248e+03 1.054440e+03 0.000000e+00
      vertex   1.374248e+03 1.054440e+03 1.500000e+00
    endloop
  endfacet
  facet normal 0.000000e+00 -1.000000e+00 0.000000e+00
    outer loop
      vertex   1.374248e+03 1.054440e+03 1.500000e+00
      vertex   1.388248e+03 1.054440e+03 0.000000e+00
      vertex   1.388248e+03 1.054440e+03 1.500000e+00
    endloop
  endfacet
  facet normal 1.000000e+00 0.000000e+00 0.000000e+00
    outer loop
      vertex   1.374248e+03 1.040440e+03 0.000000e+00
      vertex   1.374248e+03 1.054440e+03 0.000000e+00
      vertex   1.374248e+03 1.040440e+03 1.500000e+00
    endloop
  endfacet
  facet normal 1.000000e+00 -0.000000e+00 0.000000e+00
    outer loop
      vertex   1.374248e+03 1.040440e+03 1.500000e+00
      vertex   1.374248e+03 1.054440e+03 0.000000e+00
      vertex   1.374248e+03 1.054440e+03 1.500000e+00
    endloop
  endfacet
  facet normal 0.000000e+00 1.000000e+00 -0.000000e+00
    outer loop
      vertex   1.388248e+03 1.040440e+03 0.000000e+00
      vertex   1.374248e+03 1.040440e+03 0.000000e+00
      vertex   1.388248e+03 1.040440e+03 1.500000e+00
    endloop
  endfacet
  facet normal 0.000000e+00 1.000000e+00 0.000000e+00
    outer loop
      vertex   1.388248e+03 1.040440e+03 1.500000e+00
      vertex   1.374248e+03 1.040440e+03 0.000000e+00
      vertex   1.374248e+03 1.040440e+03 1.500000e+00
    endloop
  endfacet
  facet normal -1.000000e+00 0.000000e+00 0.000000e+00
    outer loop
      vertex   1.388248e+03 1.054440e+03 0.000000e+00
      vertex   1.388248e+03 1.040440e+03 0.000000e+00
      vertex   1.388248e+03 1.054440e+03 1.500000e+00
    endloop
  endfacet
  facet normal -1.000000e+00 -0.000000e+00 0.000000e+00
    outer loop
      vertex   1.388248e+03 1.054440e+03 1.500000e+00
      vertex   1.388248e+03 1.040440e+03 0.000000e+00
      vertex   1.388248e+03 1.040440e+03 1.500000e+00
    endloop
  endfacet
  facet normal 1.000000e+00 0.000000e+00 0.000000e+00
    outer loop
      vertex   1.355248e+03 1.037940e+03 0.000000e+00
      vertex   1.355248e+03 1.051940e+03 0.000000e+00
      vertex   1.355248e+03 1.037940e+03 1.500000e+00
    endloop
  endfacet
  facet normal 1.000000e+00 -0.000000e+00 0.000000e+00
    outer loop
      vertex   1.355248e+03 1.037940e+03 1.500000e+00
      vertex   1.355248e+03 1.051940e+03 0.000000e+00
      vertex   1.355248e+03 1.051940e+03 1.500000e+00
    endloop
  endfacet
  facet normal 0.000000e+00 1.000000e+00 -0.000000e+00
    outer loop
      vertex   1.369248e+03 1.037940e+03 0.000000e+00
      vertex   1.355248e+03 1.037940e+03 0.000000e+00
      vertex   1.369248e+03 1.037940e+03 1.500000e+00
    endloop
  endfacet
  facet normal 0.000000e+00 1.000000e+00 0.000000e+00
    outer loop
      vertex   1.369248e+03 1.037940e+03 1.500000e+00
      vertex   1.355248e+03 1.037940e+03 0.000000e+00
      vertex   1.355248e+03 1.037940e+03 1.500000e+00
    endloop
  endfacet
  facet normal -1.000000e+00 0.000000e+00 0.000000e+00
    outer loop
      vertex   1.369248e+03 1.051940e+03 0.000000e+00
      vertex   1.369248e+03 1.037940e+03 0.000000e+00
      vertex   1.369248e+03 1.051940e+03 1.500000e+00
    endloop
  endfacet
  facet normal -1.000000e+00 -0.000000e+00 0.000000e+00
    outer loop
      vertex   1.369248e+03 1.051940e+03 1.500000e+00
      vertex   1.369248e+03 1.037940e+03 0.000000e+00
      vertex   1.369248e+03 1.037940e+03 1.500000e+00
    endloop
  endfacet
  facet normal 0.000000e+00 -1.000000e+00 0.000000e+00
    outer loop
      vertex   1.355248e+03 1.051940e+03 0.000000e+00
      vertex   1.369248e+03 1.051940e+03 0.000000e+00
      vertex   1.355248e+03 1.051940e+03 1.500000e+00
    endloop
  endfacet
  facet normal 0.000000e+00 -1.000000e+00 0.000000e+00
    outer loop
      vertex   1.355248e+03 1.051940e+03 1.500000e+00
      vertex   1.369248e+03 1.051940e+03 0.000000e+00
      vertex   1.369248e+03 1.051940e+03 1.500000e+00
    endloop
  endfacet
  facet normal 0.000000e+00 -1.000000e+00 0.000000e+00
    outer loop
      vertex   1.412248e+03 1.068440e+03 0.000000e+00
      vertex   1.426315e+03 1.068440e+03 0.000000e+00
      vertex   1.412248e+03 1.068440e+03 1.500000e+00
    endloop
  endfacet
  facet normal 0.000000e+00 -1.000000e+00 0.000000e+00
    outer loop
      vertex   1.412248e+03 1.068440e+03 1.500000e+00
      vertex   1.426315e+03 1.068440e+03 0.000000e+00
      vertex   1.426315e+03 1.068440e+03 1.500000e+00
    endloop
  endfacet
  facet normal 1.000000e+00 0.000000e+00 0.000000e+00
    outer loop
      vertex   1.412248e+03 1.054440e+03 0.000000e+00
      vertex   1.412248e+03 1.068440e+03 0.000000e+00
      vertex   1.412248e+03 1.054440e+03 1.500000e+00
    endloop
  endfacet
  facet normal 1.000000e+00 -0.000000e+00 0.000000e+00
    outer loop
      vertex   1.412248e+03 1.054440e+03 1.500000e+00
      vertex   1.412248e+03 1.068440e+03 0.000000e+00
      vertex   1.412248e+03 1.068440e+03 1.500000e+00
    endloop
  endfacet
  facet normal 0.000000e+00 1.000000e+00 -0.000000e+00
    outer loop
      vertex   1.426248e+03 1.054440e+03 0.000000e+00
      vertex   1.412248e+03 1.054440e+03 0.000000e+00
      vertex   1.426248e+03 1.054440e+03 1.500000e+00
    endloop
  endfacet
  facet normal 0.000000e+00 1.000000e+00 0.000000e+00
    outer loop
      vertex   1.426248e+03 1.054440e+03 1.500000e+00
      vertex   1.412248e+03 1.054440e+03 0.000000e+00
      vertex   1.412248e+03 1.054440e+03 1.500000e+00
    endloop
  endfacet
  facet normal -9.999888e-01 4.729486e-03 0.000000e+00
    outer loop
      vertex   1.426315e+03 1.068440e+03 0.000000e+00
      vertex   1.426248e+03 1.054440e+03 0.000000e+00
      vertex   1.426315e+03 1.068440e+03 1.500000e+00
    endloop
  endfacet
  facet normal -9.999888e-01 4.729486e-03 0.000000e+00
    outer loop
      vertex   1.426315e+03 1.068440e+03 1.500000e+00
      vertex   1.426248e+03 1.054440e+03 0.000000e+00
      vertex   1.426248e+03 1.054440e+03 1.500000e+00
    endloop
  endfacet
  facet normal 0.000000e+00 1.000000e+00 -0.000000e+00
    outer loop
      vertex   1.369248e+03 1.075940e+03 0.000000e+00
      vertex   1.355248e+03 1.075940e+03 0.000000e+00
      vertex   1.369248e+03 1.075940e+03 1.500000e+00
    endloop
  endfacet
  facet normal 0.000000e+00 1.000000e+00 0.000000e+00
    outer loop
      vertex   1.369248e+03 1.075940e+03 1.500000e+00
      vertex   1.355248e+03 1.075940e+03 0.000000e+00
      vertex   1.355248e+03 1.075940e+03 1.500000e+00
    endloop
  endfacet
  facet normal -1.000000e+00 0.000000e+00 0.000000e+00
    outer loop
      vertex   1.369248e+03 1.089940e+03 0.000000e+00
      vertex   1.369248e+03 1.075940e+03 0.000000e+00
      vertex   1.369248e+03 1.089940e+03 1.500000e+00
    endloop
  endfacet
  facet normal -1.000000e+00 -0.000000e+00 0.000000e+00
    outer loop
      vertex   1.369248e+03 1.089940e+03 1.500000e+00
      vertex   1.369248e+03 1.075940e+03 0.000000e+00
      vertex   1.369248e+03 1.075940e+03 1.500000e+00
    endloop
  endfacet
  facet normal 0.000000e+00 -1.000000e+00 0.000000e+00
    outer loop
      vertex   1.355248e+03 1.089940e+03 0.000000e+00
      vertex   1.369248e+03 1.089940e+03 0.000000e+00
      vertex   1.355248e+03 1.089940e+03 1.500000e+00
    endloop
  endfacet
  facet normal 0.000000e+00 -1.000000e+00 0.000000e+00
    outer loop
      vertex   1.355248e+03 1.089940e+03 1.500000e+00
      vertex   1.369248e+03 1.089940e+03 0.000000e+00
      vertex   1.369248e+03 1.089940e+03 1.500000e+00
    endloop
  endfacet
  facet normal 1.000000e+00 0.000000e+00 0.000000e+00
    outer loop
      vertex   1.355248e+03 1.075940e+03 0.000000e+00
      vertex   1.355248e+03 1.089940e+03 0.000000e+00
      vertex   1.355248e+03 1.075940e+03 1.500000e+00
    endloop
  endfacet
  facet normal 1.000000e+00 -0.000000e+00 0.000000e+00
    outer loop
      vertex   1.355248e+03 1.075940e+03 1.500000e+00
      vertex   1.355248e+03 1.089940e+03 0.000000e+00
      vertex   1.355248e+03 1.089940e+03 1.500000e+00
    endloop
  endfacet
  facet normal 0.000000e+00 1.000000e+00 -0.000000e+00
    outer loop
      vertex   1.388248e+03 1.059440e+03 0.000000e+00
      vertex   1.374248e+03 1.059440e+03 0.000000e+00
      vertex   1.388248e+03 1.059440e+03 1.500000e+00
    endloop
  endfacet
  facet normal 0.000000e+00 1.000000e+00 0.000000e+00
    outer loop
      vertex   1.388248e+03 1.059440e+03 1.500000e+00
      vertex   1.374248e+03 1.059440e+03 0.000000e+00
      vertex   1.374248e+03 1.059440e+03 1.500000e+00
    endloop
  endfacet
  facet normal -9.999888e-01 4.729486e-03 0.000000e+00
    outer loop
      vertex   1.388315e+03 1.073440e+03 0.000000e+00
      vertex   1.388248e+03 1.059440e+03 0.000000e+00
      vertex   1.388315e+03 1.073440e+03 1.500000e+00
    endloop
  endfacet
  facet normal -9.999888e-01 4.729486e-03 0.000000e+00
    outer loop
      vertex   1.388315e+03 1.073440e+03 1.500000e+00
      vertex   1.388248e+03 1.059440e+03 0.000000e+00
      vertex   1.388248e+03 1.059440e+03 1.500000e+00
    endloop
  endfacet
  facet normal 0.000000e+00 -1.000000e+00 0.000000e+00
    outer loop
      vertex   1.374248e+03 1.073440e+03 0.000000e+00
      vertex   1.388315e+03 1.073440e+03 0.000000e+00
      vertex   1.374248e+03 1.073440e+03 1.500000e+00
    endloop
  endfacet
  facet normal 0.000000e+00 -1.000000e+00 0.000000e+00
    outer loop
      vertex   1.374248e+03 1.073440e+03 1.500000e+00
      vertex   1.388315e+03 1.073440e+03 0.000000e+00
      vertex   1.388315e+03 1.073440e+03 1.500000e+00
    endloop
  endfacet
  facet normal 1.000000e+00 0.000000e+00 0.000000e+00
    outer loop
      vertex   1.374248e+03 1.059440e+03 0.000000e+00
      vertex   1.374248e+03 1.073440e+03 0.000000e+00
      vertex   1.374248e+03 1.059440e+03 1.500000e+00
    endloop
  endfacet
  facet normal 1.000000e+00 -0.000000e+00 0.000000e+00
    outer loop
      vertex   1.374248e+03 1.059440e+03 1.500000e+00
      vertex   1.374248e+03 1.073440e+03 0.000000e+00
      vertex   1.374248e+03 1.073440e+03 1.500000e+00
    endloop
  endfacet
  facet normal 0.000000e+00 1.000000e+00 -0.000000e+00
    outer loop
      vertex   1.416748e+03 1.016440e+03 0.000000e+00
      vertex   1.402748e+03 1.016440e+03 0.000000e+00
      vertex   1.416748e+03 1.016440e+03 1.500000e+00
    endloop
  endfacet
  facet normal 0.000000e+00 1.000000e+00 0.000000e+00
    outer loop
      vertex   1.416748e+03 1.016440e+03 1.500000e+00
      vertex   1.402748e+03 1.016440e+03 0.000000e+00
      vertex   1.402748e+03 1.016440e+03 1.500000e+00
    endloop
  endfacet
  facet normal -1.000000e+00 0.000000e+00 0.000000e+00
    outer loop
      vertex   1.416748e+03 1.030440e+03 0.000000e+00
      vertex   1.416748e+03 1.016440e+03 0.000000e+00
      vertex   1.416748e+03 1.030440e+03 1.500000e+00
    endloop
  endfacet
  facet normal -1.000000e+00 -0.000000e+00 0.000000e+00
    outer loop
      vertex   1.416748e+03 1.030440e+03 1.500000e+00
      vertex   1.416748e+03 1.016440e+03 0.000000e+00
      vertex   1.416748e+03 1.016440e+03 1.500000e+00
    endloop
  endfacet
  facet normal 0.000000e+00 -1.000000e+00 0.000000e+00
    outer loop
      vertex   1.402748e+03 1.030440e+03 0.000000e+00
      vertex   1.416748e+03 1.030440e+03 0.000000e+00
      vertex   1.402748e+03 1.030440e+03 1.500000e+00
    endloop
  endfacet
  facet normal 0.000000e+00 -1.000000e+00 0.000000e+00
    outer loop
      vertex   1.402748e+03 1.030440e+03 1.500000e+00
      vertex   1.416748e+03 1.030440e+03 0.000000e+00
      vertex   1.416748e+03 1.030440e+03 1.500000e+00
    endloop
  endfacet
  facet normal 1.000000e+00 0.000000e+00 0.000000e+00
    outer loop
      vertex   1.402748e+03 1.016440e+03 0.000000e+00
      vertex   1.402748e+03 1.030440e+03 0.000000e+00
      vertex   1.402748e+03 1.016440e+03 1.500000e+00
    endloop
  endfacet
  facet normal 1.000000e+00 -0.000000e+00 0.000000e+00
    outer loop
      vertex   1.402748e+03 1.016440e+03 1.500000e+00
      vertex   1.402748e+03 1.030440e+03 0.000000e+00
      vertex   1.402748e+03 1.030440e+03 1.500000e+00
    endloop
  endfacet
  facet normal -1.000000e+00 0.000000e+00 0.000000e+00
    outer loop
      vertex   1.331248e+03 1.047440e+03 0.000000e+00
      vertex   1.331248e+03 1.033440e+03 0.000000e+00
      vertex   1.331248e+03 1.047440e+03 1.500000e+00
    endloop
  endfacet
  facet normal -1.000000e+00 -0.000000e+00 0.000000e+00
    outer loop
      vertex   1.331248e+03 1.047440e+03 1.500000e+00
      vertex   1.331248e+03 1.033440e+03 0.000000e+00
      vertex   1.331248e+03 1.033440e+03 1.500000e+00
    endloop
  endfacet
  facet normal 0.000000e+00 -1.000000e+00 0.000000e+00
    outer loop
      vertex   1.317248e+03 1.047440e+03 0.000000e+00
      vertex   1.331248e+03 1.047440e+03 0.000000e+00
      vertex   1.317248e+03 1.047440e+03 1.500000e+00
    endloop
  endfacet
  facet normal 0.000000e+00 -1.000000e+00 0.000000e+00
    outer loop
      vertex   1.317248e+03 1.047440e+03 1.500000e+00
      vertex   1.331248e+03 1.047440e+03 0.000000e+00
      vertex   1.331248e+03 1.047440e+03 1.500000e+00
    endloop
  endfacet
  facet normal 1.000000e+00 0.000000e+00 0.000000e+00
    outer loop
      vertex   1.317248e+03 1.033440e+03 0.000000e+00
      vertex   1.317248e+03 1.047440e+03 0.000000e+00
      vertex   1.317248e+03 1.033440e+03 1.500000e+00
    endloop
  endfacet
  facet normal 1.000000e+00 -0.000000e+00 0.000000e+00
    outer loop
      vertex   1.317248e+03 1.033440e+03 1.500000e+00
      vertex   1.317248e+03 1.047440e+03 0.000000e+00
      vertex   1.317248e+03 1.047440e+03 1.500000e+00
    endloop
  endfacet
  facet normal 0.000000e+00 1.000000e+00 -0.000000e+00
    outer loop
      vertex   1.331248e+03 1.033440e+03 0.000000e+00
      vertex   1.317248e+03 1.033440e+03 0.000000e+00
      vertex   1.331248e+03 1.033440e+03 1.500000e+00
    endloop
  endfacet
  facet normal 0.000000e+00 1.000000e+00 0.000000e+00
    outer loop
      vertex   1.331248e+03 1.033440e+03 1.500000e+00
      vertex   1.317248e+03 1.033440e+03 0.000000e+00
      vertex   1.317248e+03 1.033440e+03 1.500000e+00
    endloop
  endfacet
  facet normal 0.000000e+00 1.000000e+00 -0.000000e+00
    outer loop
      vertex   1.369248e+03 1.094940e+03 0.000000e+00
      vertex   1.355248e+03 1.094940e+03 0.000000e+00
      vertex   1.369248e+03 1.094940e+03 1.500000e+00
    endloop
  endfacet
  facet normal 0.000000e+00 1.000000e+00 0.000000e+00
    outer loop
      vertex   1.369248e+03 1.094940e+03 1.500000e+00
      vertex   1.355248e+03 1.094940e+03 0.000000e+00
      vertex   1.355248e+03 1.094940e+03 1.500000e+00
    endloop
  endfacet
  facet normal -1.000000e+00 0.000000e+00 0.000000e+00
    outer loop
      vertex   1.369248e+03 1.108940e+03 0.000000e+00
      vertex   1.369248e+03 1.094940e+03 0.000000e+00
      vertex   1.369248e+03 1.108940e+03 1.500000e+00
    endloop
  endfacet
  facet normal -1.000000e+00 -0.000000e+00 0.000000e+00
    outer loop
      vertex   1.369248e+03 1.108940e+03 1.500000e+00
      vertex   1.369248e+03 1.094940e+03 0.000000e+00
      vertex   1.369248e+03 1.094940e+03 1.500000e+00
    endloop
  endfacet
  facet normal 0.000000e+00 -1.000000e+00 0.000000e+00
    outer loop
      vertex   1.355248e+03 1.108940e+03 0.000000e+00
      vertex   1.369248e+03 1.108940e+03 0.000000e+00
      vertex   1.355248e+03 1.108940e+03 1.500000e+00
    endloop
  endfacet
  facet normal 0.000000e+00 -1.000000e+00 0.000000e+00
    outer loop
      vertex   1.355248e+03 1.108940e+03 1.500000e+00
      vertex   1.369248e+03 1.108940e+03 0.000000e+00
      vertex   1.369248e+03 1.108940e+03 1.500000e+00
    endloop
  endfacet
  facet normal 1.000000e+00 0.000000e+00 0.000000e+00
    outer loop
      vertex   1.355248e+03 1.094940e+03 0.000000e+00
      vertex   1.355248e+03 1.108940e+03 0.000000e+00
      vertex   1.355248e+03 1.094940e+03 1.500000e+00
    endloop
  endfacet
  facet normal 1.000000e+00 -0.000000e+00 0.000000e+00
    outer loop
      vertex   1.355248e+03 1.094940e+03 1.500000e+00
      vertex   1.355248e+03 1.108940e+03 0.000000e+00
      vertex   1.355248e+03 1.108940e+03 1.500000e+00
    endloop
  endfacet
  facet normal 0.000000e+00 -1.000000e+00 0.000000e+00
    outer loop
      vertex   1.336248e+03 1.066440e+03 0.000000e+00
      vertex   1.350315e+03 1.066440e+03 0.000000e+00
      vertex   1.336248e+03 1.066440e+03 1.500000e+00
    endloop
  endfacet
  facet normal 0.000000e+00 -1.000000e+00 0.000000e+00
    outer loop
      vertex   1.336248e+03 1.066440e+03 1.500000e+00
      vertex   1.350315e+03 1.066440e+03 0.000000e+00
      vertex   1.350315e+03 1.066440e+03 1.500000e+00
    endloop
  endfacet
  facet normal 1.000000e+00 0.000000e+00 0.000000e+00
    outer loop
      vertex   1.336248e+03 1.052440e+03 0.000000e+00
      vertex   1.336248e+03 1.066440e+03 0.000000e+00
      vertex   1.336248e+03 1.052440e+03 1.500000e+00
    endloop
  endfacet
  facet normal 1.000000e+00 -0.000000e+00 0.000000e+00
    outer loop
      vertex   1.336248e+03 1.052440e+03 1.500000e+00
      vertex   1.336248e+03 1.066440e+03 0.000000e+00
      vertex   1.336248e+03 1.066440e+03 1.500000e+00
    endloop
  endfacet
  facet normal 0.000000e+00 1.000000e+00 -0.000000e+00
    outer loop
      vertex   1.350248e+03 1.052440e+03 0.000000e+00
      vertex   1.336248e+03 1.052440e+03 0.000000e+00
      vertex   1.350248e+03 1.052440e+03 1.500000e+00
    endloop
  endfacet
  facet normal 0.000000e+00 1.000000e+00 0.000000e+00
    outer loop
      vertex   1.350248e+03 1.052440e+03 1.500000e+00
      vertex   1.336248e+03 1.052440e+03 0.000000e+00
      vertex   1.336248e+03 1.052440e+03 1.500000e+00
    endloop
  endfacet
  facet normal -9.999888e-01 4.728971e-03 0.000000e+00
    outer loop
      vertex   1.350315e+03 1.066440e+03 0.000000e+00
      vertex   1.350248e+03 1.052440e+03 0.000000e+00
      vertex   1.350315e+03 1.066440e+03 1.500000e+00
    endloop
  endfacet
  facet normal -9.999888e-01 4.728971e-03 0.000000e+00
    outer loop
      vertex   1.350315e+03 1.066440e+03 1.500000e+00
      vertex   1.350248e+03 1.052440e+03 0.000000e+00
      vertex   1.350248e+03 1.052440e+03 1.500000e+00
    endloop
  endfacet
  facet normal 0.000000e+00 1.000000e+00 -0.000000e+00
    outer loop
      vertex   1.388248e+03 1.078440e+03 0.000000e+00
      vertex   1.374248e+03 1.078440e+03 0.000000e+00
      vertex   1.388248e+03 1.078440e+03 1.500000e+00
    endloop
  endfacet
  facet normal 0.000000e+00 1.000000e+00 0.000000e+00
    outer loop
      vertex   1.388248e+03 1.078440e+03 1.500000e+00
      vertex   1.374248e+03 1.078440e+03 0.000000e+00
      vertex   1.374248e+03 1.078440e+03 1.500000e+00
    endloop
  endfacet
  facet normal -1.000000e+00 0.000000e+00 0.000000e+00
    outer loop
      vertex   1.388248e+03 1.092440e+03 0.000000e+00
      vertex   1.388248e+03 1.078440e+03 0.000000e+00
      vertex   1.388248e+03 1.092440e+03 1.500000e+00
    endloop
  endfacet
  facet normal -1.000000e+00 -0.000000e+00 0.000000e+00
    outer loop
      vertex   1.388248e+03 1.092440e+03 1.500000e+00
      vertex   1.388248e+03 1.078440e+03 0.000000e+00
      vertex   1.388248e+03 1.078440e+03 1.500000e+00
    endloop
  endfacet
  facet normal 0.000000e+00 -1.000000e+00 0.000000e+00
    outer loop
      vertex   1.374248e+03 1.092440e+03 0.000000e+00
      vertex   1.388248e+03 1.092440e+03 0.000000e+00
      vertex   1.374248e+03 1.092440e+03 1.500000e+00
    endloop
  endfacet
  facet normal 0.000000e+00 -1.000000e+00 0.000000e+00
    outer loop
      vertex   1.374248e+03 1.092440e+03 1.500000e+00
      vertex   1.388248e+03 1.092440e+03 0.000000e+00
      vertex   1.388248e+03 1.092440e+03 1.500000e+00
    endloop
  endfacet
  facet normal 1.000000e+00 0.000000e+00 0.000000e+00
    outer loop
      vertex   1.374248e+03 1.078440e+03 0.000000e+00
      vertex   1.374248e+03 1.092440e+03 0.000000e+00
      vertex   1.374248e+03 1.078440e+03 1.500000e+00
    endloop
  endfacet
  facet normal 1.000000e+00 -0.000000e+00 0.000000e+00
    outer loop
      vertex   1.374248e+03 1.078440e+03 1.500000e+00
      vertex   1.374248e+03 1.092440e+03 0.000000e+00
      vertex   1.374248e+03 1.092440e+03 1.500000e+00
    endloop
  endfacet
  facet normal 1.624098e-14 -1.000000e+00 0.000000e+00
    outer loop
      vertex   1.412248e+03 1.106440e+03 0.000000e+00
      vertex   1.426248e+03 1.106440e+03 0.000000e+00
      vertex   1.412248e+03 1.106440e+03 1.500000e+00
    endloop
  endfacet
  facet normal 1.624098e-14 -1.000000e+00 0.000000e+00
    outer loop
      vertex   1.412248e+03 1.106440e+03 1.500000e+00
      vertex   1.426248e+03 1.106440e+03 0.000000e+00
      vertex   1.426248e+03 1.106440e+03 1.500000e+00
    endloop
  endfacet
  facet normal 1.000000e+00 0.000000e+00 0.000000e+00
    outer loop
      vertex   1.412248e+03 1.092440e+03 0.000000e+00
      vertex   1.412248e+03 1.106440e+03 0.000000e+00
      vertex   1.412248e+03 1.092440e+03 1.500000e+00
    endloop
  endfacet
  facet normal 1.000000e+00 -0.000000e+00 0.000000e+00
    outer loop
      vertex   1.412248e+03 1.092440e+03 1.500000e+00
      vertex   1.412248e+03 1.106440e+03 0.000000e+00
      vertex   1.412248e+03 1.106440e+03 1.500000e+00
    endloop
  endfacet
  facet normal 0.000000e+00 1.000000e+00 -0.000000e+00
    outer loop
      vertex   1.426248e+03 1.092440e+03 0.000000e+00
      vertex   1.412248e+03 1.092440e+03 0.000000e+00
      vertex   1.426248e+03 1.092440e+03 1.500000e+00
    endloop
  endfacet
  facet normal 0.000000e+00 1.000000e+00 0.000000e+00
    outer loop
      vertex   1.426248e+03 1.092440e+03 1.500000e+00
      vertex   1.412248e+03 1.092440e+03 0.000000e+00
      vertex   1.412248e+03 1.092440e+03 1.500000e+00
    endloop
  endfacet
  facet normal -1.000000e+00 1.624098e-14 0.000000e+00
    outer loop
      vertex   1.426248e+03 1.106440e+03 0.000000e+00
      vertex   1.426248e+03 1.092440e+03 0.000000e+00
      vertex   1.426248e+03 1.106440e+03 1.500000e+00
    endloop
  endfacet
  facet normal -1.000000e+00 1.624098e-14 0.000000e+00
    outer loop
      vertex   1.426248e+03 1.106440e+03 1.500000e+00
      vertex   1.426248e+03 1.092440e+03 0.000000e+00
      vertex   1.426248e+03 1.092440e+03 1.500000e+00
    endloop
  endfacet
  facet normal 0.000000e+00 -1.000000e+00 0.000000e+00
    outer loop
      vertex   1.393248e+03 1.089940e+03 0.000000e+00
      vertex   1.407248e+03 1.089940e+03 0.000000e+00
      vertex   1.393248e+03 1.089940e+03 1.500000e+00
    endloop
  endfacet
  facet normal 0.000000e+00 -1.000000e+00 0.000000e+00
    outer loop
      vertex   1.393248e+03 1.089940e+03 1.500000e+00
      vertex   1.407248e+03 1.089940e+03 0.000000e+00
      vertex   1.407248e+03 1.089940e+03 1.500000e+00
    endloop
  endfacet
  facet normal 1.000000e+00 0.000000e+00 0.000000e+00
    outer loop
      vertex   1.393248e+03 1.075940e+03 0.000000e+00
      vertex   1.393248e+03 1.089940e+03 0.000000e+00
      vertex   1.393248e+03 1.075940e+03 1.500000e+00
    endloop
  endfacet
  facet normal 1.000000e+00 -0.000000e+00 0.000000e+00
    outer loop
      vertex   1.393248e+03 1.075940e+03 1.500000e+00
      vertex   1.393248e+03 1.089940e+03 0.000000e+00
      vertex   1.393248e+03 1.089940e+03 1.500000e+00
    endloop
  endfacet
  facet normal 0.000000e+00 1.000000e+00 -0.000000e+00
    outer loop
      vertex   1.407248e+03 1.075940e+03 0.000000e+00
      vertex   1.393248e+03 1.075940e+03 0.000000e+00
      vertex   1.407248e+03 1.075940e+03 1.500000e+00
    endloop
  endfacet
  facet normal 0.000000e+00 1.000000e+00 0.000000e+00
    outer loop
      vertex   1.407248e+03 1.075940e+03 1.500000e+00
      vertex   1.393248e+03 1.075940e+03 0.000000e+00
      vertex   1.393248e+03 1.075940e+03 1.500000e+00
    endloop
  endfacet
  facet normal -1.000000e+00 0.000000e+00 0.000000e+00
    outer loop
      vertex   1.407248e+03 1.089940e+03 0.000000e+00
      vertex   1.407248e+03 1.075940e+03 0.000000e+00
      vertex   1.407248e+03 1.089940e+03 1.500000e+00
    endloop
  endfacet
  facet normal -1.000000e+00 -0.000000e+00 0.000000e+00
    outer loop
      vertex   1.407248e+03 1.089940e+03 1.500000e+00
      vertex   1.407248e+03 1.075940e+03 0.000000e+00
      vertex   1.407248e+03 1.075940e+03 1.500000e+00
    endloop
  endfacet
  facet normal 1.000000e+00 0.000000e+00 0.000000e+00
    outer loop
      vertex   1.412248e+03 1.035440e+03 0.000000e+00
      vertex   1.412248e+03 1.049440e+03 0.000000e+00
      vertex   1.412248e+03 1.035440e+03 1.500000e+00
    endloop
  endfacet
  facet normal 1.000000e+00 -0.000000e+00 0.000000e+00
    outer loop
      vertex   1.412248e+03 1.035440e+03 1.500000e+00
      vertex   1.412248e+03 1.049440e+03 0.000000e+00
      vertex   1.412248e+03 1.049440e+03 1.500000e+00
    endloop
  endfacet
  facet normal 0.000000e+00 1.000000e+00 -0.000000e+00
    outer loop
      vertex   1.426248e+03 1.035440e+03 0.000000e+00
      vertex   1.412248e+03 1.035440e+03 0.000000e+00
      vertex   1.426248e+03 1.035440e+03 1.500000e+00
    endloop
  endfacet
  facet normal 0.000000e+00 1.000000e+00 0.000000e+00
    outer loop
      vertex   1.426248e+03 1.035440e+03 1.500000e+00
      vertex   1.412248e+03 1.035440e+03 0.000000e+00
      vertex   1.412248e+03 1.035440e+03 1.500000e+00
    endloop
  endfacet
  facet normal -1.000000e+00 0.000000e+00 0.000000e+00
    outer loop
      vertex   1.426248e+03 1.049440e+03 0.000000e+00
      vertex   1.426248e+03 1.035440e+03 0.000000e+00
      vertex   1.426248e+03 1.049440e+03 1.500000e+00
    endloop
  endfacet
  facet normal -1.000000e+00 -0.000000e+00 0.000000e+00
    outer loop
      vertex   1.426248e+03 1.049440e+03 1.500000e+00
      vertex   1.426248e+03 1.035440e+03 0.000000e+00
      vertex   1.426248e+03 1.035440e+03 1.500000e+00
    endloop
  endfacet
  facet normal 0.000000e+00 -1.000000e+00 0.000000e+00
    outer loop
      vertex   1.412248e+03 1.049440e+03 0.000000e+00
      vertex   1.426248e+03 1.049440e+03 0.000000e+00
      vertex   1.412248e+03 1.049440e+03 1.500000e+00
    endloop
  endfacet
  facet normal 0.000000e+00 -1.000000e+00 0.000000e+00
    outer loop
      vertex   1.412248e+03 1.049440e+03 1.500000e+00
      vertex   1.426248e+03 1.049440e+03 0.000000e+00
      vertex   1.426248e+03 1.049440e+03 1.500000e+00
    endloop
  endfacet
  facet normal 0.000000e+00 1.000000e+00 -0.000000e+00
    outer loop
      vertex   1.388248e+03 1.097440e+03 0.000000e+00
      vertex   1.374248e+03 1.097440e+03 0.000000e+00
      vertex   1.388248e+03 1.097440e+03 1.500000e+00
    endloop
  endfacet
  facet normal 0.000000e+00 1.000000e+00 0.000000e+00
    outer loop
      vertex   1.388248e+03 1.097440e+03 1.500000e+00
      vertex   1.374248e+03 1.097440e+03 0.000000e+00
      vertex   1.374248e+03 1.097440e+03 1.500000e+00
    endloop
  endfacet
  facet normal -1.000000e+00 0.000000e+00 0.000000e+00
    outer loop
      vertex   1.388248e+03 1.111440e+03 0.000000e+00
      vertex   1.388248e+03 1.097440e+03 0.000000e+00
      vertex   1.388248e+03 1.111440e+03 1.500000e+00
    endloop
  endfacet
  facet normal -1.000000e+00 -0.000000e+00 0.000000e+00
    outer loop
      vertex   1.388248e+03 1.111440e+03 1.500000e+00
      vertex   1.388248e+03 1.097440e+03 0.000000e+00
      vertex   1.388248e+03 1.097440e+03 1.500000e+00
    endloop
  endfacet
  facet normal 0.000000e+00 -1.000000e+00 0.000000e+00
    outer loop
      vertex   1.374248e+03 1.111440e+03 0.000000e+00
      vertex   1.388248e+03 1.111440e+03 0.000000e+00
      vertex   1.374248e+03 1.111440e+03 1.500000e+00
    endloop
  endfacet
  facet normal 0.000000e+00 -1.000000e+00 0.000000e+00
    outer loop
      vertex   1.374248e+03 1.111440e+03 1.500000e+00
      vertex   1.388248e+03 1.111440e+03 0.000000e+00
      vertex   1.388248e+03 1.111440e+03 1.500000e+00
    endloop
  endfacet
  facet normal 1.000000e+00 0.000000e+00 0.000000e+00
    outer loop
      vertex   1.374248e+03 1.097440e+03 0.000000e+00
      vertex   1.374248e+03 1.111440e+03 0.000000e+00
      vertex   1.374248e+03 1.097440e+03 1.500000e+00
    endloop
  endfacet
  facet normal 1.000000e+00 -0.000000e+00 0.000000e+00
    outer loop
      vertex   1.374248e+03 1.097440e+03 1.500000e+00
      vertex   1.374248e+03 1.111440e+03 0.000000e+00
      vertex   1.374248e+03 1.111440e+03 1.500000e+00
    endloop
  endfacet
  facet normal 0.000000e+00 -1.000000e+00 0.000000e+00
    outer loop
      vertex   1.364748e+03 1.032940e+03 0.000000e+00
      vertex   1.378748e+03 1.032940e+03 0.000000e+00
      vertex   1.364748e+03 1.032940e+03 1.500000e+00
    endloop
  endfacet
  facet normal 0.000000e+00 -1.000000e+00 0.000000e+00
    outer loop
      vertex   1.364748e+03 1.032940e+03 1.500000e+00
      vertex   1.378748e+03 1.032940e+03 0.000000e+00
      vertex   1.378748e+03 1.032940e+03 1.500000e+00
    endloop
  endfacet
  facet normal 1.000000e+00 0.000000e+00 0.000000e+00
    outer loop
      vertex   1.364748e+03 1.018940e+03 0.000000e+00
      vertex   1.364748e+03 1.032940e+03 0.000000e+00
      vertex   1.364748e+03 1.018940e+03 1.500000e+00
    endloop
  endfacet
  facet normal 1.000000e+00 -0.000000e+00 0.000000e+00
    outer loop
      vertex   1.364748e+03 1.018940e+03 1.500000e+00
      vertex   1.364748e+03 1.032940e+03 0.000000e+00
      vertex   1.364748e+03 1.032940e+03 1.500000e+00
    endloop
  endfacet
  facet normal 0.000000e+00 1.000000e+00 -0.000000e+00
    outer loop
      vertex   1.378748e+03 1.018940e+03 0.000000e+00
      vertex   1.364748e+03 1.018940e+03 0.000000e+00
      vertex   1.378748e+03 1.018940e+03 1.500000e+00
    endloop
  endfacet
  facet normal 0.000000e+00 1.000000e+00 0.000000e+00
    outer loop
      vertex   1.378748e+03 1.018940e+03 1.500000e+00
      vertex   1.364748e+03 1.018940e+03 0.000000e+00
      vertex   1.364748e+03 1.018940e+03 1.500000e+00
    endloop
  endfacet
  facet normal -1.000000e+00 0.000000e+00 0.000000e+00
    outer loop
      vertex   1.378748e+03 1.032940e+03 0.000000e+00
      vertex   1.378748e+03 1.018940e+03 0.000000e+00
      vertex   1.378748e+03 1.032940e+03 1.500000e+00
    endloop
  endfacet
  facet normal -1.000000e+00 -0.000000e+00 0.000000e+00
    outer loop
      vertex   1.378748e+03 1.032940e+03 1.500000e+00
      vertex   1.378748e+03 1.018940e+03 0.000000e+00
      vertex   1.378748e+03 1.018940e+03 1.500000e+00
    endloop
  endfacet
  facet normal 4.472136e-01 8.944272e-01 -0.000000e+00
    outer loop
      vertex   1.436031e+03 1.011484e+03 0.000000e+00
      vertex   1.423509e+03 1.017745e+03 0.000000e+00
      vertex   1.436031e+03 1.011484e+03 1.500000e+00
    endloop
  endfacet
  facet normal 4.472136e-01 8.944272e-01 0.000000e+00
    outer loop
      vertex   1.436031e+03 1.011484e+03 1.500000e+00
      vertex   1.423509e+03 1.017745e+03 0.000000e+00
      vertex   1.423509e+03 1.017745e+03 1.500000e+00
    endloop
  endfacet
  facet normal -8.944272e-01 4.472136e-01 0.000000e+00
    outer loop
      vertex   1.442292e+03 1.024006e+03 0.000000e+00
      vertex   1.436031e+03 1.011484e+03 0.000000e+00
      vertex   1.442292e+03 1.024006e+03 1.500000e+00
    endloop
  endfacet
  facet normal -8.944272e-01 4.472136e-01 0.000000e+00
    outer loop
      vertex   1.442292e+03 1.024006e+03 1.500000e+00
      vertex   1.436031e+03 1.011484e+03 0.000000e+00
      vertex   1.436031e+03 1.011484e+03 1.500000e+00
    endloop
  endfacet
  facet normal -4.472136e-01 -8.944272e-01 0.000000e+00
    outer loop
      vertex   1.429770e+03 1.030267e+03 0.000000e+00
      vertex   1.442292e+03 1.024006e+03 0.000000e+00
      vertex   1.429770e+03 1.030267e+03 1.500000e+00
    endloop
  endfacet
  facet normal -4.472136e-01 -8.944272e-01 0.000000e+00
    outer loop
      vertex   1.429770e+03 1.030267e+03 1.500000e+00
      vertex   1.442292e+03 1.024006e+03 0.000000e+00
      vertex   1.442292e+03 1.024006e+03 1.500000e+00
    endloop
  endfacet
  facet normal 8.944272e-01 -4.472136e-01 0.000000e+00
    outer loop
      vertex   1.423509e+03 1.017745e+03 0.000000e+00
      vertex   1.429770e+03 1.030267e+03 0.000000e+00
      vertex   1.423509e+03 1.017745e+03 1.500000e+00
    endloop
  endfacet
  facet normal 8.944272e-01 -4.472136e-01 0.000000e+00
    outer loop
      vertex   1.423509e+03 1.017745e+03 1.500000e+00
      vertex   1.429770e+03 1.030267e+03 0.000000e+00
      vertex   1.429770e+03 1.030267e+03 1.500000e+00
    endloop
  endfacet
  facet normal 0.000000e+00 -1.000000e+00 0.000000e+00
    outer loop
      vertex   1.393248e+03 1.051940e+03 0.000000e+00
      vertex   1.407248e+03 1.051940e+03 0.000000e+00
      vertex   1.393248e+03 1.051940e+03 1.500000e+00
    endloop
  endfacet
  facet normal 0.000000e+00 -1.000000e+00 0.000000e+00
    outer loop
      vertex   1.393248e+03 1.051940e+03 1.500000e+00
      vertex   1.407248e+03 1.051940e+03 0.000000e+00
      vertex   1.407248e+03 1.051940e+03 1.500000e+00
    endloop
  endfacet
  facet normal 1.000000e+00 0.000000e+00 0.000000e+00
    outer loop
      vertex   1.393248e+03 1.037940e+03 0.000000e+00
      vertex   1.393248e+03 1.051940e+03 0.000000e+00
      vertex   1.393248e+03 1.037940e+03 1.500000e+00
    endloop
  endfacet
  facet normal 1.000000e+00 -0.000000e+00 0.000000e+00
    outer loop
      vertex   1.393248e+03 1.037940e+03 1.500000e+00
      vertex   1.393248e+03 1.051940e+03 0.000000e+00
      vertex   1.393248e+03 1.051940e+03 1.500000e+00
    endloop
  endfacet
  facet normal 0.000000e+00 1.000000e+00 -0.000000e+00
    outer loop
      vertex   1.407248e+03 1.037940e+03 0.000000e+00
      vertex   1.393248e+03 1.037940e+03 0.000000e+00
      vertex   1.407248e+03 1.037940e+03 1.500000e+00
    endloop
  endfacet
  facet normal 0.000000e+00 1.000000e+00 0.000000e+00
    outer loop
      vertex   1.407248e+03 1.037940e+03 1.500000e+00
      vertex   1.393248e+03 1.037940e+03 0.000000e+00
      vertex   1.393248e+03 1.037940e+03 1.500000e+00
    endloop
  endfacet
  facet normal -1.000000e+00 0.000000e+00 0.000000e+00
    outer loop
      vertex   1.407248e+03 1.051940e+03 0.000000e+00
      vertex   1.407248e+03 1.037940e+03 0.000000e+00
      vertex   1.407248e+03 1.051940e+03 1.500000e+00
    endloop
  endfacet
  facet normal -1.000000e+00 -0.000000e+00 0.000000e+00
    outer loop
      vertex   1.407248e+03 1.051940e+03 1.500000e+00
      vertex   1.407248e+03 1.037940e+03 0.000000e+00
      vertex   1.407248e+03 1.037940e+03 1.500000e+00
    endloop
  endfacet
  facet normal -9.999888e-01 4.729486e-03 0.000000e+00
    outer loop
      vertex   1.407315e+03 1.070940e+03 0.000000e+00
      vertex   1.407248e+03 1.056940e+03 0.000000e+00
      vertex   1.407315e+03 1.070940e+03 1.500000e+00
    endloop
  endfacet
  facet normal -9.999888e-01 4.729486e-03 0.000000e+00
    outer loop
      vertex   1.407315e+03 1.070940e+03 1.500000e+00
      vertex   1.407248e+03 1.056940e+03 0.000000e+00
      vertex   1.407248e+03 1.056940e+03 1.500000e+00
    endloop
  endfacet
  facet normal 0.000000e+00 -1.000000e+00 0.000000e+00
    outer loop
      vertex   1.393248e+03 1.070940e+03 0.000000e+00
      vertex   1.407315e+03 1.070940e+03 0.000000e+00
      vertex   1.393248e+03 1.070940e+03 1.500000e+00
    endloop
  endfacet
  facet normal 0.000000e+00 -1.000000e+00 0.000000e+00
    outer loop
      vertex   1.393248e+03 1.070940e+03 1.500000e+00
      vertex   1.407315e+03 1.070940e+03 0.000000e+00
      vertex   1.407315e+03 1.070940e+03 1.500000e+00
    endloop
  endfacet
  facet normal 1.000000e+00 0.000000e+00 0.000000e+00
    outer loop
      vertex   1.393248e+03 1.056940e+03 0.000000e+00
      vertex   1.393248e+03 1.070940e+03 0.000000e+00
      vertex   1.393248e+03 1.056940e+03 1.500000e+00
    endloop
  endfacet
  facet normal 1.000000e+00 -0.000000e+00 0.000000e+00
    outer loop
      vertex   1.393248e+03 1.056940e+03 1.500000e+00
      vertex   1.393248e+03 1.070940e+03 0.000000e+00
      vertex   1.393248e+03 1.070940e+03 1.500000e+00
    endloop
  endfacet
  facet normal 0.000000e+00 1.000000e+00 -0.000000e+00
    outer loop
      vertex   1.407248e+03 1.056940e+03 0.000000e+00
      vertex   1.393248e+03 1.056940e+03 0.000000e+00
      vertex   1.407248e+03 1.056940e+03 1.500000e+00
    endloop
  endfacet
  facet normal 0.000000e+00 1.000000e+00 0.000000e+00
    outer loop
      vertex   1.407248e+03 1.056940e+03 1.500000e+00
      vertex   1.393248e+03 1.056940e+03 0.000000e+00
      vertex   1.393248e+03 1.056940e+03 1.500000e+00
    endloop
  endfacet
  facet normal 0.000000e+00 1.000000e+00 -0.000000e+00
    outer loop
      vertex   1.350183e+03 1.090440e+03 0.000000e+00
      vertex   1.336183e+03 1.090440e+03 0.000000e+00
      vertex   1.350183e+03 1.090440e+03 1.500000e+00
    endloop
  endfacet
  facet normal 0.000000e+00 1.000000e+00 0.000000e+00
    outer loop
      vertex   1.350183e+03 1.090440e+03 1.500000e+00
      vertex   1.336183e+03 1.090440e+03 0.000000e+00
      vertex   1.336183e+03 1.090440e+03 1.500000e+00
    endloop
  endfacet
  facet normal -1.000000e+00 0.000000e+00 0.000000e+00
    outer loop
      vertex   1.350183e+03 1.104440e+03 0.000000e+00
      vertex   1.350183e+03 1.090440e+03 0.000000e+00
      vertex   1.350183e+03 1.104440e+03 1.500000e+00
    endloop
  endfacet
  facet normal -1.000000e+00 -0.000000e+00 0.000000e+00
    outer loop
      vertex   1.350183e+03 1.104440e+03 1.500000e+00
      vertex   1.350183e+03 1.090440e+03 0.000000e+00
      vertex   1.350183e+03 1.090440e+03 1.500000e+00
    endloop
  endfacet
  facet normal 0.000000e+00 -1.000000e+00 0.000000e+00
    outer loop
      vertex   1.336183e+03 1.104440e+03 0.000000e+00
      vertex   1.350183e+03 1.104440e+03 0.000000e+00
      vertex   1.336183e+03 1.104440e+03 1.500000e+00
    endloop
  endfacet
  facet normal 0.000000e+00 -1.000000e+00 0.000000e+00
    outer loop
      vertex   1.336183e+03 1.104440e+03 1.500000e+00
      vertex   1.350183e+03 1.104440e+03 0.000000e+00
      vertex   1.350183e+03 1.104440e+03 1.500000e+00
    endloop
  endfacet
  facet normal 1.000000e+00 0.000000e+00 0.000000e+00
    outer loop
      vertex   1.336183e+03 1.090440e+03 0.000000e+00
      vertex   1.336183e+03 1.104440e+03 0.000000e+00
      vertex   1.336183e+03 1.090440e+03 1.500000e+00
    endloop
  endfacet
  facet normal 1.000000e+00 -0.000000e+00 0.000000e+00
    outer loop
      vertex   1.336183e+03 1.090440e+03 1.500000e+00
      vertex   1.336183e+03 1.104440e+03 0.000000e+00
      vertex   1.336183e+03 1.104440e+03 1.500000e+00
    endloop
  endfacet
  facet normal 0.000000e+00 1.000000e+00 -0.000000e+00
    outer loop
      vertex   1.331248e+03 1.052440e+03 0.000000e+00
      vertex   1.317248e+03 1.052440e+03 0.000000e+00
      vertex   1.331248e+03 1.052440e+03 1.500000e+00
    endloop
  endfacet
  facet normal 0.000000e+00 1.000000e+00 0.000000e+00
    outer loop
      vertex   1.331248e+03 1.052440e+03 1.500000e+00
      vertex   1.317248e+03 1.052440e+03 0.000000e+00
      vertex   1.317248e+03 1.052440e+03 1.500000e+00
    endloop
  endfacet
  facet normal -1.000000e+00 0.000000e+00 0.000000e+00
    outer loop
      vertex   1.331248e+03 1.066440e+03 0.000000e+00
      vertex   1.331248e+03 1.052440e+03 0.000000e+00
      vertex   1.331248e+03 1.066440e+03 1.500000e+00
    endloop
  endfacet
  facet normal -1.000000e+00 -0.000000e+00 0.000000e+00
    outer loop
      vertex   1.331248e+03 1.066440e+03 1.500000e+00
      vertex   1.331248e+03 1.052440e+03 0.000000e+00
      vertex   1.331248e+03 1.052440e+03 1.500000e+00
    endloop
  endfacet
  facet normal 0.000000e+00 -1.000000e+00 0.000000e+00
    outer loop
      vertex   1.317248e+03 1.066440e+03 0.000000e+00
      vertex   1.331248e+03 1.066440e+03 0.000000e+00
      vertex   1.317248e+03 1.066440e+03 1.500000e+00
    endloop
  endfacet
  facet normal 0.000000e+00 -1.000000e+00 0.000000e+00
    outer loop
      vertex   1.317248e+03 1.066440e+03 1.500000e+00
      vertex   1.331248e+03 1.066440e+03 0.000000e+00
      vertex   1.331248e+03 1.066440e+03 1.500000e+00
    endloop
  endfacet
  facet normal 1.000000e+00 0.000000e+00 0.000000e+00
    outer loop
      vertex   1.317248e+03 1.052440e+03 0.000000e+00
      vertex   1.317248e+03 1.066440e+03 0.000000e+00
      vertex   1.317248e+03 1.052440e+03 1.500000e+00
    endloop
  endfacet
  facet normal 1.000000e+00 -0.000000e+00 0.000000e+00
    outer loop
      vertex   1.317248e+03 1.052440e+03 1.500000e+00
      vertex   1.317248e+03 1.066440e+03 0.000000e+00
      vertex   1.317248e+03 1.066440e+03 1.500000e+00
    endloop
  endfacet
  facet normal -1.000000e+00 0.000000e+00 0.000000e+00
    outer loop
      vertex   1.331248e+03 1.085440e+03 0.000000e+00
      vertex   1.331248e+03 1.071440e+03 0.000000e+00
      vertex   1.331248e+03 1.085440e+03 1.500000e+00
    endloop
  endfacet
  facet normal -1.000000e+00 -0.000000e+00 0.000000e+00
    outer loop
      vertex   1.331248e+03 1.085440e+03 1.500000e+00
      vertex   1.331248e+03 1.071440e+03 0.000000e+00
      vertex   1.331248e+03 1.071440e+03 1.500000e+00
    endloop
  endfacet
  facet normal 0.000000e+00 -1.000000e+00 0.000000e+00
    outer loop
      vertex   1.317248e+03 1.085440e+03 0.000000e+00
      vertex   1.331248e+03 1.085440e+03 0.000000e+00
      vertex   1.317248e+03 1.085440e+03 1.500000e+00
    endloop
  endfacet
  facet normal 0.000000e+00 -1.000000e+00 0.000000e+00
    outer loop
      vertex   1.317248e+03 1.085440e+03 1.500000e+00
      vertex   1.331248e+03 1.085440e+03 0.000000e+00
      vertex   1.331248e+03 1.085440e+03 1.500000e+00
    endloop
  endfacet
  facet normal 1.000000e+00 0.000000e+00 0.000000e+00
    outer loop
      vertex   1.317248e+03 1.071440e+03 0.000000e+00
      vertex   1.317248e+03 1.085440e+03 0.000000e+00
      vertex   1.317248e+03 1.071440e+03 1.500000e+00
    endloop
  endfacet
  facet normal 1.000000e+00 -0.000000e+00 0.000000e+00
    outer loop
      vertex   1.317248e+03 1.071440e+03 1.500000e+00
      vertex   1.317248e+03 1.085440e+03 0.000000e+00
      vertex   1.317248e+03 1.085440e+03 1.500000e+00
    endloop
  endfacet
  facet normal 0.000000e+00 1.000000e+00 -0.000000e+00
    outer loop
      vertex   1.331248e+03 1.071440e+03 0.000000e+00
      vertex   1.317248e+03 1.071440e+03 0.000000e+00
      vertex   1.331248e+03 1.071440e+03 1.500000e+00
    endloop
  endfacet
  facet normal 0.000000e+00 1.000000e+00 0.000000e+00
    outer loop
      vertex   1.331248e+03 1.071440e+03 1.500000e+00
      vertex   1.317248e+03 1.071440e+03 0.000000e+00
      vertex   1.317248e+03 1.071440e+03 1.500000e+00
    endloop
  endfacet
  facet normal 0.000000e+00 -1.000000e+00 0.000000e+00
    outer loop
      vertex   1.336248e+03 1.047440e+03 0.000000e+00
      vertex   1.350248e+03 1.047440e+03 0.000000e+00
      vertex   1.336248e+03 1.047440e+03 1.500000e+00
    endloop
  endfacet
  facet normal 0.000000e+00 -1.000000e+00 0.000000e+00
    outer loop
      vertex   1.336248e+03 1.047440e+03 1.500000e+00
      vertex   1.350248e+03 1.047440e+03 0.000000e+00
      vertex   1.350248e+03 1.047440e+03 1.500000e+00
    endloop
  endfacet
  facet normal 1.000000e+00 0.000000e+00 0.000000e+00
    outer loop
      vertex   1.336248e+03 1.033440e+03 0.000000e+00
      vertex   1.336248e+03 1.047440e+03 0.000000e+00
      vertex   1.336248e+03 1.033440e+03 1.500000e+00
    endloop
  endfacet
  facet normal 1.000000e+00 -0.000000e+00 0.000000e+00
    outer loop
      vertex   1.336248e+03 1.033440e+03 1.500000e+00
      vertex   1.336248e+03 1.047440e+03 0.000000e+00
      vertex   1.336248e+03 1.047440e+03 1.500000e+00
    endloop
  endfacet
  facet normal 0.000000e+00 1.000000e+00 -0.000000e+00
    outer loop
      vertex   1.350248e+03 1.033440e+03 0.000000e+00
      vertex   1.336248e+03 1.033440e+03 0.000000e+00
      vertex   1.350248e+03 1.033440e+03 1.500000e+00
    endloop
  endfacet
  facet normal 0.000000e+00 1.000000e+00 0.000000e+00
    outer loop
      vertex   1.350248e+03 1.033440e+03 1.500000e+00
      vertex   1.336248e+03 1.033440e+03 0.000000e+00
      vertex   1.336248e+03 1.033440e+03 1.500000e+00
    endloop
  endfacet
  facet normal -1.000000e+00 0.000000e+00 0.000000e+00
    outer loop
      vertex   1.350248e+03 1.047440e+03 0.000000e+00
      vertex   1.350248e+03 1.033440e+03 0.000000e+00
      vertex   1.350248e+03 1.047440e+03 1.500000e+00
    endloop
  endfacet
  facet normal -1.000000e+00 -0.000000e+00 0.000000e+00
    outer loop
      vertex   1.350248e+03 1.047440e+03 1.500000e+00
      vertex   1.350248e+03 1.033440e+03 0.000000e+00
      vertex   1.350248e+03 1.033440e+03 1.500000e+00
    endloop
  endfacet
  facet normal -1.000000e+00 0.000000e+00 0.000000e+00
    outer loop
      vertex   1.350183e+03 1.085440e+03 0.000000e+00
      vertex   1.350183e+03 1.071440e+03 0.000000e+00
      vertex   1.350183e+03 1.085440e+03 1.500000e+00
    endloop
  endfacet
  facet normal -1.000000e+00 -0.000000e+00 0.000000e+00
    outer loop
      vertex   1.350183e+03 1.085440e+03 1.500000e+00
      vertex   1.350183e+03 1.071440e+03 0.000000e+00
      vertex   1.350183e+03 1.071440e+03 1.500000e+00
    endloop
  endfacet
  facet normal 0.000000e+00 -1.000000e+00 0.000000e+00
    outer loop
      vertex   1.336183e+03 1.085440e+03 0.000000e+00
      vertex   1.350183e+03 1.085440e+03 0.000000e+00
      vertex   1.336183e+03 1.085440e+03 1.500000e+00
    endloop
  endfacet
  facet normal 0.000000e+00 -1.000000e+00 0.000000e+00
    outer loop
      vertex   1.336183e+03 1.085440e+03 1.500000e+00
      vertex   1.350183e+03 1.085440e+03 0.000000e+00
      vertex   1.350183e+03 1.085440e+03 1.500000e+00
    endloop
  endfacet
  facet normal 1.000000e+00 0.000000e+00 0.000000e+00
    outer loop
      vertex   1.336183e+03 1.071440e+03 0.000000e+00
      vertex   1.336183e+03 1.085440e+03 0.000000e+00
      vertex   1.336183e+03 1.071440e+03 1.500000e+00
    endloop
  endfacet
  facet normal 1.000000e+00 -0.000000e+00 0.000000e+00
    outer loop
      vertex   1.336183e+03 1.071440e+03 1.500000e+00
      vertex   1.336183e+03 1.085440e+03 0.000000e+00
      vertex   1.336183e+03 1.085440e+03 1.500000e+00
    endloop
  endfacet
  facet normal 0.000000e+00 1.000000e+00 -0.000000e+00
    outer loop
      vertex   1.350183e+03 1.071440e+03 0.000000e+00
      vertex   1.336183e+03 1.071440e+03 0.000000e+00
      vertex   1.350183e+03 1.071440e+03 1.500000e+00
    endloop
  endfacet
  facet normal 0.000000e+00 1.000000e+00 0.000000e+00
    outer loop
      vertex   1.350183e+03 1.071440e+03 1.500000e+00
      vertex   1.336183e+03 1.071440e+03 0.000000e+00
      vertex   1.336183e+03 1.071440e+03 1.500000e+00
    endloop
  endfacet
  facet normal 0.000000e+00 1.000000e+00 -0.000000e+00
    outer loop
      vertex   1.331248e+03 1.090440e+03 0.000000e+00
      vertex   1.317248e+03 1.090440e+03 0.000000e+00
      vertex   1.331248e+03 1.090440e+03 1.500000e+00
    endloop
  endfacet
  facet normal 0.000000e+00 1.000000e+00 0.000000e+00
    outer loop
      vertex   1.331248e+03 1.090440e+03 1.500000e+00
      vertex   1.317248e+03 1.090440e+03 0.000000e+00
      vertex   1.317248e+03 1.090440e+03 1.500000e+00
    endloop
  endfacet
  facet normal -1.000000e+00 0.000000e+00 0.000000e+00
    outer loop
      vertex   1.331248e+03 1.104440e+03 0.000000e+00
      vertex   1.331248e+03 1.090440e+03 0.000000e+00
      vertex   1.331248e+03 1.104440e+03 1.500000e+00
    endloop
  endfacet
  facet normal -1.000000e+00 -0.000000e+00 0.000000e+00
    outer loop
      vertex   1.331248e+03 1.104440e+03 1.500000e+00
      vertex   1.331248e+03 1.090440e+03 0.000000e+00
      vertex   1.331248e+03 1.090440e+03 1.500000e+00
    endloop
  endfacet
  facet normal 0.000000e+00 -1.000000e+00 0.000000e+00
    outer loop
      vertex   1.317248e+03 1.104440e+03 0.000000e+00
      vertex   1.331248e+03 1.104440e+03 0.000000e+00
      vertex   1.317248e+03 1.104440e+03 1.500000e+00
    endloop
  endfacet
  facet normal 0.000000e+00 -1.000000e+00 0.000000e+00
    outer loop
      vertex   1.317248e+03 1.104440e+03 1.500000e+00
      vertex   1.331248e+03 1.104440e+03 0.000000e+00
      vertex   1.331248e+03 1.104440e+03 1.500000e+00
    endloop
  endfacet
  facet normal 1.000000e+00 0.000000e+00 0.000000e+00
    outer loop
      vertex   1.317248e+03 1.090440e+03 0.000000e+00
      vertex   1.317248e+03 1.104440e+03 0.000000e+00
      vertex   1.317248e+03 1.090440e+03 1.500000e+00
    endloop
  endfacet
  facet normal 1.000000e+00 -0.000000e+00 0.000000e+00
    outer loop
      vertex   1.317248e+03 1.090440e+03 1.500000e+00
      vertex   1.317248e+03 1.104440e+03 0.000000e+00
      vertex   1.317248e+03 1.104440e+03 1.500000e+00
    endloop
  endfacet
  facet normal -9.950932e-02 9.950366e-01 0.000000e+00
    outer loop
      vertex   1.313769e+03 1.110692e+03 1.500000e+00
      vertex   1.381248e+03 1.117440e+03 1.500000e+00
      vertex   1.313769e+03 1.110692e+03 0.000000e+00
    endloop
  endfacet
  facet normal -9.950932e-02 9.950366e-01 0.000000e+00
    outer loop
      vertex   1.313769e+03 1.110692e+03 0.000000e+00
      vertex   1.381248e+03 1.117440e+03 1.500000e+00
      vertex   1.381248e+03 1.117440e+03 0.000000e+00
    endloop
  endfacet
endsolid
