solid ASCII
  facet normal 9.724813e-01 -2.329811e-01 0.000000e+00
    outer loop
      vertex   8.695425e+01 1.560133e+03 1.996780e+01
      vertex   8.691692e+01 1.559977e+03 0.000000e+00
      vertex   8.695425e+01 1.560133e+03 1.895999e+01
    endloop
  endfacet
  facet normal 9.907860e-01 -1.354339e-01 -8.377063e-04
    outer loop
      vertex   8.695425e+01 1.560133e+03 1.895999e+01
      vertex   8.691692e+01 1.559977e+03 0.000000e+00
      vertex   8.706334e+01 1.561048e+03 0.000000e+00
    endloop
  endfacet
  facet normal 9.944823e-01 -1.049026e-01 6.576458e-04
    outer loop
      vertex   8.695425e+01 1.560133e+03 1.895999e+01
      vertex   8.706334e+01 1.561048e+03 0.000000e+00
      vertex   8.706412e+01 1.561168e+03 1.794666e+01
    endloop
  endfacet
  facet normal 9.952806e-01 9.703595e-02 -6.907546e-04
    outer loop
      vertex   8.706412e+01 1.561168e+03 1.794666e+01
      vertex   8.706334e+01 1.561048e+03 0.000000e+00
      vertex   8.695843e+01 1.562125e+03 0.000000e+00
    endloop
  endfacet
  facet normal 9.929145e-01 1.188302e-01 4.844448e-04
    outer loop
      vertex   8.706412e+01 1.561168e+03 1.794666e+01
      vertex   8.695843e+01 1.562125e+03 0.000000e+00
      vertex   8.694092e+01 1.562202e+03 1.688285e+01
    endloop
  endfacet
  facet normal 9.459679e-01 3.242598e-01 -5.070864e-04
    outer loop
      vertex   8.694092e+01 1.562202e+03 1.688285e+01
      vertex   8.695843e+01 1.562125e+03 0.000000e+00
      vertex   8.660785e+01 1.563147e+03 0.000000e+00
    endloop
  endfacet
  facet normal 9.416693e-01 3.365396e-01 2.652723e-04
    outer loop
      vertex   8.694092e+01 1.562202e+03 1.688285e+01
      vertex   8.660785e+01 1.563147e+03 0.000000e+00
      vertex   8.659083e+01 1.563182e+03 1.582188e+01
    endloop
  endfacet
  facet normal 8.434912e-01 5.371429e-01 -2.858482e-04
    outer loop
      vertex   8.659083e+01 1.563182e+03 1.582188e+01
      vertex   8.660785e+01 1.563147e+03 0.000000e+00
      vertex   8.603139e+01 1.564060e+03 1.481694e+01
    endloop
  endfacet
  facet normal 8.455138e-01 5.339535e-01 -1.061227e-05
    outer loop
      vertex   8.603139e+01 1.564060e+03 1.481694e+01
      vertex   8.660785e+01 1.563147e+03 0.000000e+00
      vertex   8.603054e+01 1.564061e+03 0.000000e+00
    endloop
  endfacet
  facet normal 7.778422e-01 6.284596e-01 -6.654427e-09
    outer loop
      vertex   8.603139e+01 1.564060e+03 1.481694e+01
      vertex   8.603054e+01 1.564061e+03 0.000000e+00
      vertex   8.603097e+01 1.564061e+03 1.481688e+01
    endloop
  endfacet
  facet normal 7.777507e-01 6.285729e-01 0.000000e+00
    outer loop
      vertex   8.603097e+01 1.564061e+03 1.481688e+01
      vertex   8.603054e+01 1.564061e+03 0.000000e+00
      vertex   8.603054e+01 1.564061e+03 1.481683e+01
    endloop
  endfacet
  facet normal 9.497294e-01 -3.130714e-01 6.675155e-04
    outer loop
      vertex   8.695425e+01 1.560133e+03 1.996780e+01
      vertex   8.666219e+01 1.559247e+03 1.993194e+01
      vertex   8.691692e+01 1.559977e+03 0.000000e+00
    endloop
  endfacet
  facet normal 9.327268e-01 -3.605817e-01 -1.290418e-03
    outer loop
      vertex   8.691692e+01 1.559977e+03 0.000000e+00
      vertex   8.666219e+01 1.559247e+03 1.993194e+01
      vertex   8.652706e+01 1.558969e+03 0.000000e+00
    endloop
  endfacet
  facet normal 8.680980e-01 -4.963918e-01 1.043326e-03
    outer loop
      vertex   8.652706e+01 1.558969e+03 0.000000e+00
      vertex   8.666219e+01 1.559247e+03 1.993194e+01
      vertex   8.619912e+01 1.558437e+03 1.987508e+01
    endloop
  endfacet
  facet normal 8.242421e-01 -5.662354e-01 -1.548839e-03
    outer loop
      vertex   8.652706e+01 1.558969e+03 0.000000e+00
      vertex   8.619912e+01 1.558437e+03 1.987508e+01
      vertex   8.591485e+01 1.558078e+03 0.000000e+00
    endloop
  endfacet
  facet normal 7.515122e-01 -6.597182e-01 1.182023e-03
    outer loop
      vertex   8.591485e+01 1.558078e+03 0.000000e+00
      vertex   8.619912e+01 1.558437e+03 1.987508e+01
      vertex   8.558370e+01 1.557736e+03 1.979951e+01
    endloop
  endfacet
  facet normal 6.711973e-01 -7.412771e-01 -1.569030e-03
    outer loop
      vertex   8.591485e+01 1.558078e+03 0.000000e+00
      vertex   8.558370e+01 1.557736e+03 1.979951e+01
      vertex   8.511339e+01 1.557352e+03 0.000000e+00
    endloop
  endfacet
  facet normal 6.046825e-01 -7.964659e-01 1.081109e-03
    outer loop
      vertex   8.511339e+01 1.557352e+03 0.000000e+00
      vertex   8.558370e+01 1.557736e+03 1.979951e+01
      vertex   8.484069e+01 1.557172e+03 1.970828e+01
    endloop
  endfacet
  facet normal 4.818661e-01 -8.762438e-01 -1.348085e-03
    outer loop
      vertex   8.511339e+01 1.557352e+03 0.000000e+00
      vertex   8.484069e+01 1.557172e+03 1.970828e+01
      vertex   8.416601e+01 1.556831e+03 0.000000e+00
    endloop
  endfacet
  facet normal 4.327652e-01 -9.015064e-01 7.695237e-04
    outer loop
      vertex   8.416601e+01 1.556831e+03 0.000000e+00
      vertex   8.484069e+01 1.557172e+03 1.970828e+01
      vertex   8.400000e+01 1.556767e+03 1.856751e+01
    endloop
  endfacet
  facet normal 2.664839e-01 -9.638389e-01 -9.314736e-04
    outer loop
      vertex   8.416601e+01 1.556831e+03 0.000000e+00
      vertex   8.400000e+01 1.556767e+03 1.856751e+01
      vertex   8.312392e+01 1.556543e+03 0.000000e+00
    endloop
  endfacet
  facet normal 2.342534e-01 -9.721753e-01 6.899733e-04
    outer loop
      vertex   8.312392e+01 1.556543e+03 0.000000e+00
      vertex   8.400000e+01 1.556767e+03 1.856751e+01
      vertex   8.300044e+01 1.556525e+03 1.743771e+01
    endloop
  endfacet
  facet normal 3.669466e-02 -9.993263e-01 -7.360465e-04
    outer loop
      vertex   8.312392e+01 1.556543e+03 0.000000e+00
      vertex   8.300044e+01 1.556525e+03 1.743771e+01
      vertex   8.204346e+01 1.556503e+03 0.000000e+00
    endloop
  endfacet
  facet normal 1.509326e-02 -9.998860e-01 4.501504e-04
    outer loop
      vertex   8.204346e+01 1.556503e+03 0.000000e+00
      vertex   8.300044e+01 1.556525e+03 1.743771e+01
      vertex   8.197220e+01 1.556509e+03 1.627550e+01
    endloop
  endfacet
  facet normal -1.950784e-01 -9.807875e-01 -4.773604e-04
    outer loop
      vertex   8.204346e+01 1.556503e+03 0.000000e+00
      vertex   8.197220e+01 1.556509e+03 1.627550e+01
      vertex   8.098304e+01 1.556714e+03 0.000000e+00
    endloop
  endfacet
  facet normal -2.046920e-01 -9.788264e-01 1.315765e-04
    outer loop
      vertex   8.098304e+01 1.556714e+03 0.000000e+00
      vertex   8.197220e+01 1.556509e+03 1.627550e+01
      vertex   8.096558e+01 1.556720e+03 1.513773e+01
    endloop
  endfacet
  facet normal -4.145692e-01 -9.100178e-01 -1.363438e-04
    outer loop
      vertex   8.098304e+01 1.556714e+03 0.000000e+00
      vertex   8.096558e+01 1.556720e+03 1.513773e+01
      vertex   8.002982e+01 1.557146e+03 1.408003e+01
    endloop
  endfacet
  facet normal 4.336134e-01 -9.010990e-01 0.000000e+00
    outer loop
      vertex   8.484069e+01 1.557172e+03 1.970828e+01
      vertex   8.400000e+01 1.556767e+03 1.960506e+01
      vertex   8.400000e+01 1.556767e+03 1.856751e+01
    endloop
  endfacet
  facet normal -4.163051e-01 -9.092249e-01 -2.782024e-04
    outer loop
      vertex   8.098304e+01 1.556714e+03 0.000000e+00
      vertex   8.002982e+01 1.557146e+03 1.408003e+01
      vertex   8.000000e+01 1.557164e+03 0.000000e+00
    endloop
  endfacet
  facet normal -5.138439e-01 -8.578837e-01 -6.169672e-06
    outer loop
      vertex   8.000000e+01 1.557164e+03 0.000000e+00
      vertex   8.002982e+01 1.557146e+03 1.408003e+01
      vertex   8.001986e+01 1.557152e+03 1.407881e+01
    endloop
  endfacet
  facet normal -5.159832e-01 -8.565987e-01 -2.056561e-06
    outer loop
      vertex   8.000000e+01 1.557164e+03 0.000000e+00
      vertex   8.001986e+01 1.557152e+03 1.407881e+01
      vertex   8.000992e+01 1.557158e+03 1.407759e+01
    endloop
  endfacet
  facet normal -5.181191e-01 -8.553085e-01 0.000000e+00
    outer loop
      vertex   8.000992e+01 1.557158e+03 1.407759e+01
      vertex   8.000000e+01 1.557164e+03 1.407637e+01
      vertex   8.000000e+01 1.557164e+03 0.000000e+00
    endloop
  endfacet
  facet normal 9.914449e-01 -1.305262e-01 0.000000e+00
    outer loop
      vertex   8.033747e+01 1.561695e+03 0.000000e+00
      vertex   8.033747e+01 1.561695e+03 9.837169e+00
      vertex   8.026421e+01 1.561138e+03 0.000000e+00
    endloop
  endfacet
  facet normal 9.914449e-01 -1.305262e-01 0.000000e+00
    outer loop
      vertex   8.026421e+01 1.561138e+03 0.000000e+00
      vertex   8.033747e+01 1.561695e+03 9.837169e+00
      vertex   8.026421e+01 1.561138e+03 9.837169e+00
    endloop
  endfacet
  facet normal 9.914449e-01 1.305262e-01 -0.000000e+00
    outer loop
      vertex   8.026421e+01 1.561138e+03 0.000000e+00
      vertex   8.026421e+01 1.561138e+03 9.837169e+00
      vertex   8.033747e+01 1.560582e+03 0.000000e+00
    endloop
  endfacet
  facet normal 9.914449e-01 1.305262e-01 -0.000000e+00
    outer loop
      vertex   8.033747e+01 1.560582e+03 0.000000e+00
      vertex   8.026421e+01 1.561138e+03 9.837169e+00
      vertex   8.033747e+01 1.560582e+03 9.837169e+00
    endloop
  endfacet
  facet normal 9.238795e-01 3.826834e-01 -0.000000e+00
    outer loop
      vertex   8.033747e+01 1.560582e+03 0.000000e+00
      vertex   8.033747e+01 1.560582e+03 9.837169e+00
      vertex   8.055226e+01 1.560063e+03 0.000000e+00
    endloop
  endfacet
  facet normal 9.238795e-01 3.826834e-01 5.338576e-15
    outer loop
      vertex   8.055226e+01 1.560063e+03 0.000000e+00
      vertex   8.033747e+01 1.560582e+03 9.837169e+00
      vertex   8.055226e+01 1.560063e+03 9.837169e+00
    endloop
  endfacet
  facet normal 7.933533e-01 6.087614e-01 4.584339e-15
    outer loop
      vertex   8.055226e+01 1.560063e+03 0.000000e+00
      vertex   8.055226e+01 1.560063e+03 9.837169e+00
      vertex   8.089393e+01 1.559618e+03 0.000000e+00
    endloop
  endfacet
  facet normal 7.933533e-01 6.087614e-01 -2.292169e-15
    outer loop
      vertex   8.089393e+01 1.559618e+03 0.000000e+00
      vertex   8.055226e+01 1.560063e+03 9.837169e+00
      vertex   8.089393e+01 1.559618e+03 9.837169e+00
    endloop
  endfacet
  facet normal 6.087614e-01 7.933533e-01 -1.758843e-15
    outer loop
      vertex   8.089393e+01 1.559618e+03 0.000000e+00
      vertex   8.089393e+01 1.559618e+03 9.837169e+00
      vertex   8.133921e+01 1.559276e+03 0.000000e+00
    endloop
  endfacet
  facet normal 6.087614e-01 7.933533e-01 -3.517687e-15
    outer loop
      vertex   8.133921e+01 1.559276e+03 0.000000e+00
      vertex   8.089393e+01 1.559618e+03 9.837169e+00
      vertex   8.133921e+01 1.559276e+03 9.837169e+00
    endloop
  endfacet
  facet normal 3.826834e-01 9.238795e-01 -2.211310e-15
    outer loop
      vertex   8.133921e+01 1.559276e+03 0.000000e+00
      vertex   8.133921e+01 1.559276e+03 9.837169e+00
      vertex   8.185775e+01 1.559062e+03 0.000000e+00
    endloop
  endfacet
  facet normal 3.826834e-01 9.238795e-01 -0.000000e+00
    outer loop
      vertex   8.185775e+01 1.559062e+03 0.000000e+00
      vertex   8.133921e+01 1.559276e+03 9.837169e+00
      vertex   8.185775e+01 1.559062e+03 9.837169e+00
    endloop
  endfacet
  facet normal 1.305262e-01 9.914449e-01 -0.000000e+00
    outer loop
      vertex   8.185775e+01 1.559062e+03 0.000000e+00
      vertex   8.185775e+01 1.559062e+03 9.837169e+00
      vertex   8.241421e+01 1.558988e+03 0.000000e+00
    endloop
  endfacet
  facet normal 1.305262e-01 9.914449e-01 -0.000000e+00
    outer loop
      vertex   8.241421e+01 1.558988e+03 0.000000e+00
      vertex   8.185775e+01 1.559062e+03 9.837169e+00
      vertex   8.241421e+01 1.558988e+03 9.837169e+00
    endloop
  endfacet
  facet normal -1.305262e-01 9.914449e-01 0.000000e+00
    outer loop
      vertex   8.241421e+01 1.558988e+03 0.000000e+00
      vertex   8.241421e+01 1.558988e+03 9.837169e+00
      vertex   8.297067e+01 1.559062e+03 0.000000e+00
    endloop
  endfacet
  facet normal -1.305262e-01 9.914449e-01 0.000000e+00
    outer loop
      vertex   8.297067e+01 1.559062e+03 0.000000e+00
      vertex   8.241421e+01 1.558988e+03 9.837169e+00
      vertex   8.297067e+01 1.559062e+03 9.837169e+00
    endloop
  endfacet
  facet normal -3.826834e-01 9.238795e-01 0.000000e+00
    outer loop
      vertex   8.297067e+01 1.559062e+03 0.000000e+00
      vertex   8.297067e+01 1.559062e+03 9.837169e+00
      vertex   8.348921e+01 1.559276e+03 0.000000e+00
    endloop
  endfacet
  facet normal -3.826834e-01 9.238795e-01 -2.211310e-15
    outer loop
      vertex   8.348921e+01 1.559276e+03 0.000000e+00
      vertex   8.297067e+01 1.559062e+03 9.837169e+00
      vertex   8.348921e+01 1.559276e+03 9.837169e+00
    endloop
  endfacet
  facet normal -6.087614e-01 7.933533e-01 -3.517687e-15
    outer loop
      vertex   8.348921e+01 1.559276e+03 0.000000e+00
      vertex   8.348921e+01 1.559276e+03 9.837169e+00
      vertex   8.393449e+01 1.559618e+03 0.000000e+00
    endloop
  endfacet
  facet normal -6.087614e-01 7.933533e-01 -8.794217e-16
    outer loop
      vertex   8.393449e+01 1.559618e+03 0.000000e+00
      vertex   8.348921e+01 1.559276e+03 9.837169e+00
      vertex   8.393449e+01 1.559618e+03 9.837169e+00
    endloop
  endfacet
  facet normal -7.933533e-01 6.087614e-01 -1.146085e-15
    outer loop
      vertex   8.393449e+01 1.559618e+03 0.000000e+00
      vertex   8.393449e+01 1.559618e+03 9.837169e+00
      vertex   8.427617e+01 1.560063e+03 0.000000e+00
    endloop
  endfacet
  facet normal -7.933533e-01 6.087614e-01 3.438254e-15
    outer loop
      vertex   8.427617e+01 1.560063e+03 0.000000e+00
      vertex   8.393449e+01 1.559618e+03 9.837169e+00
      vertex   8.427617e+01 1.560063e+03 9.837169e+00
    endloop
  endfacet
  facet normal -9.238795e-01 3.826834e-01 4.003932e-15
    outer loop
      vertex   8.427617e+01 1.560063e+03 0.000000e+00
      vertex   8.427617e+01 1.560063e+03 9.837169e+00
      vertex   8.449095e+01 1.560582e+03 0.000000e+00
    endloop
  endfacet
  facet normal -9.238795e-01 3.826834e-01 0.000000e+00
    outer loop
      vertex   8.449095e+01 1.560582e+03 0.000000e+00
      vertex   8.427617e+01 1.560063e+03 9.837169e+00
      vertex   8.449095e+01 1.560582e+03 9.837169e+00
    endloop
  endfacet
  facet normal -9.914449e-01 1.305262e-01 0.000000e+00
    outer loop
      vertex   8.449095e+01 1.560582e+03 0.000000e+00
      vertex   8.449095e+01 1.560582e+03 9.837169e+00
      vertex   8.456421e+01 1.561138e+03 0.000000e+00
    endloop
  endfacet
  facet normal -9.914449e-01 1.305262e-01 0.000000e+00
    outer loop
      vertex   8.456421e+01 1.561138e+03 0.000000e+00
      vertex   8.449095e+01 1.560582e+03 9.837169e+00
      vertex   8.456421e+01 1.561138e+03 9.837169e+00
    endloop
  endfacet
  facet normal -9.914449e-01 -1.305262e-01 0.000000e+00
    outer loop
      vertex   8.456421e+01 1.561138e+03 0.000000e+00
      vertex   8.456421e+01 1.561138e+03 9.837169e+00
      vertex   8.449095e+01 1.561695e+03 0.000000e+00
    endloop
  endfacet
  facet normal -9.914449e-01 -1.305262e-01 0.000000e+00
    outer loop
      vertex   8.449095e+01 1.561695e+03 0.000000e+00
      vertex   8.456421e+01 1.561138e+03 9.837169e+00
      vertex   8.449095e+01 1.561695e+03 9.837169e+00
    endloop
  endfacet
  facet normal -9.238795e-01 -3.826834e-01 0.000000e+00
    outer loop
      vertex   8.449095e+01 1.561695e+03 0.000000e+00
      vertex   8.449095e+01 1.561695e+03 9.837169e+00
      vertex   8.427617e+01 1.562213e+03 0.000000e+00
    endloop
  endfacet
  facet normal -9.238795e-01 -3.826834e-01 4.003932e-15
    outer loop
      vertex   8.427617e+01 1.562213e+03 0.000000e+00
      vertex   8.449095e+01 1.561695e+03 9.837169e+00
      vertex   8.427617e+01 1.562213e+03 9.837169e+00
    endloop
  endfacet
  facet normal -7.933533e-01 -6.087614e-01 3.438254e-15
    outer loop
      vertex   8.427617e+01 1.562213e+03 0.000000e+00
      vertex   8.427617e+01 1.562213e+03 9.837169e+00
      vertex   8.393449e+01 1.562659e+03 0.000000e+00
    endloop
  endfacet
  facet normal -7.933533e-01 -6.087614e-01 -1.146085e-15
    outer loop
      vertex   8.393449e+01 1.562659e+03 0.000000e+00
      vertex   8.427617e+01 1.562213e+03 9.837169e+00
      vertex   8.393449e+01 1.562659e+03 9.837169e+00
    endloop
  endfacet
  facet normal -6.087614e-01 -7.933533e-01 -8.794217e-16
    outer loop
      vertex   8.393449e+01 1.562659e+03 0.000000e+00
      vertex   8.393449e+01 1.562659e+03 9.837169e+00
      vertex   8.348921e+01 1.563000e+03 0.000000e+00
    endloop
  endfacet
  facet normal -6.087614e-01 -7.933533e-01 -3.517687e-15
    outer loop
      vertex   8.348921e+01 1.563000e+03 0.000000e+00
      vertex   8.393449e+01 1.562659e+03 9.837169e+00
      vertex   8.348921e+01 1.563000e+03 9.837169e+00
    endloop
  endfacet
  facet normal -3.826834e-01 -9.238795e-01 -2.211310e-15
    outer loop
      vertex   8.348921e+01 1.563000e+03 0.000000e+00
      vertex   8.348921e+01 1.563000e+03 9.837169e+00
      vertex   8.297067e+01 1.563215e+03 0.000000e+00
    endloop
  endfacet
  facet normal -3.826834e-01 -9.238795e-01 0.000000e+00
    outer loop
      vertex   8.297067e+01 1.563215e+03 0.000000e+00
      vertex   8.348921e+01 1.563000e+03 9.837169e+00
      vertex   8.297067e+01 1.563215e+03 9.837169e+00
    endloop
  endfacet
  facet normal -1.305262e-01 -9.914449e-01 0.000000e+00
    outer loop
      vertex   8.297067e+01 1.563215e+03 0.000000e+00
      vertex   8.297067e+01 1.563215e+03 9.837169e+00
      vertex   8.241421e+01 1.563288e+03 0.000000e+00
    endloop
  endfacet
  facet normal -1.305262e-01 -9.914449e-01 0.000000e+00
    outer loop
      vertex   8.241421e+01 1.563288e+03 0.000000e+00
      vertex   8.297067e+01 1.563215e+03 9.837169e+00
      vertex   8.241421e+01 1.563288e+03 9.837169e+00
    endloop
  endfacet
  facet normal 1.305262e-01 -9.914449e-01 0.000000e+00
    outer loop
      vertex   8.241421e+01 1.563288e+03 0.000000e+00
      vertex   8.241421e+01 1.563288e+03 9.837169e+00
      vertex   8.185775e+01 1.563215e+03 0.000000e+00
    endloop
  endfacet
  facet normal 1.305262e-01 -9.914449e-01 0.000000e+00
    outer loop
      vertex   8.185775e+01 1.563215e+03 0.000000e+00
      vertex   8.241421e+01 1.563288e+03 9.837169e+00
      vertex   8.185775e+01 1.563215e+03 9.837169e+00
    endloop
  endfacet
  facet normal 3.826834e-01 -9.238795e-01 0.000000e+00
    outer loop
      vertex   8.185775e+01 1.563215e+03 0.000000e+00
      vertex   8.185775e+01 1.563215e+03 9.837169e+00
      vertex   8.133921e+01 1.563000e+03 0.000000e+00
    endloop
  endfacet
  facet normal 3.826834e-01 -9.238795e-01 -2.211310e-15
    outer loop
      vertex   8.133921e+01 1.563000e+03 0.000000e+00
      vertex   8.185775e+01 1.563215e+03 9.837169e+00
      vertex   8.133921e+01 1.563000e+03 9.837169e+00
    endloop
  endfacet
  facet normal 6.087614e-01 -7.933533e-01 -3.517687e-15
    outer loop
      vertex   8.133921e+01 1.563000e+03 0.000000e+00
      vertex   8.133921e+01 1.563000e+03 9.837169e+00
      vertex   8.089393e+01 1.562659e+03 0.000000e+00
    endloop
  endfacet
  facet normal 6.087614e-01 -7.933533e-01 -1.758843e-15
    outer loop
      vertex   8.089393e+01 1.562659e+03 0.000000e+00
      vertex   8.133921e+01 1.563000e+03 9.837169e+00
      vertex   8.089393e+01 1.562659e+03 9.837169e+00
    endloop
  endfacet
  facet normal 7.933533e-01 -6.087614e-01 -2.292169e-15
    outer loop
      vertex   8.089393e+01 1.562659e+03 0.000000e+00
      vertex   8.089393e+01 1.562659e+03 9.837169e+00
      vertex   8.055226e+01 1.562213e+03 0.000000e+00
    endloop
  endfacet
  facet normal 7.933533e-01 -6.087614e-01 4.584339e-15
    outer loop
      vertex   8.055226e+01 1.562213e+03 0.000000e+00
      vertex   8.089393e+01 1.562659e+03 9.837169e+00
      vertex   8.055226e+01 1.562213e+03 9.837169e+00
    endloop
  endfacet
  facet normal 9.238795e-01 -3.826834e-01 5.338576e-15
    outer loop
      vertex   8.055226e+01 1.562213e+03 0.000000e+00
      vertex   8.055226e+01 1.562213e+03 9.837169e+00
      vertex   8.033747e+01 1.561695e+03 0.000000e+00
    endloop
  endfacet
  facet normal 9.238795e-01 -3.826834e-01 0.000000e+00
    outer loop
      vertex   8.033747e+01 1.561695e+03 0.000000e+00
      vertex   8.055226e+01 1.562213e+03 9.837169e+00
      vertex   8.033747e+01 1.561695e+03 9.837169e+00
    endloop
  endfacet
  facet normal 9.914449e-01 1.305262e-01 0.000000e+00
    outer loop
      vertex   8.033747e+01 1.560582e+03 1.915536e+01
      vertex   8.033747e+01 1.560582e+03 9.837169e+00
      vertex   8.026421e+01 1.561138e+03 1.914636e+01
    endloop
  endfacet
  facet normal 9.914449e-01 1.305262e-01 0.000000e+00
    outer loop
      vertex   8.026421e+01 1.561138e+03 1.914636e+01
      vertex   8.033747e+01 1.560582e+03 9.837169e+00
      vertex   8.026421e+01 1.561138e+03 9.837169e+00
    endloop
  endfacet
  facet normal 9.914449e-01 -1.305262e-01 0.000000e+00
    outer loop
      vertex   8.026421e+01 1.561138e+03 1.914636e+01
      vertex   8.026421e+01 1.561138e+03 9.837169e+00
      vertex   8.033747e+01 1.561695e+03 9.837169e+00
    endloop
  endfacet
  facet normal 9.238795e-01 3.826834e-01 -0.000000e+00
    outer loop
      vertex   8.033747e+01 1.560582e+03 9.837169e+00
      vertex   8.033747e+01 1.560582e+03 1.915536e+01
      vertex   8.055226e+01 1.560063e+03 9.837169e+00
    endloop
  endfacet
  facet normal 9.238795e-01 3.826834e-01 -5.620003e-15
    outer loop
      vertex   8.055226e+01 1.560063e+03 9.837169e+00
      vertex   8.033747e+01 1.560582e+03 1.915536e+01
      vertex   8.055226e+01 1.560063e+03 1.918173e+01
    endloop
  endfacet
  facet normal 7.933533e-01 6.087614e-01 -4.826006e-15
    outer loop
      vertex   8.055226e+01 1.560063e+03 9.837169e+00
      vertex   8.055226e+01 1.560063e+03 1.918173e+01
      vertex   8.089393e+01 1.559618e+03 9.837169e+00
    endloop
  endfacet
  facet normal 7.933533e-01 6.087614e-01 2.402218e-15
    outer loop
      vertex   8.089393e+01 1.559618e+03 9.837169e+00
      vertex   8.055226e+01 1.560063e+03 1.918173e+01
      vertex   8.089393e+01 1.559618e+03 1.922368e+01
    endloop
  endfacet
  facet normal 6.087614e-01 7.933533e-01 1.843287e-15
    outer loop
      vertex   8.089393e+01 1.559618e+03 9.837169e+00
      vertex   8.089393e+01 1.559618e+03 1.922368e+01
      vertex   8.133921e+01 1.559276e+03 9.837169e+00
    endloop
  endfacet
  facet normal 6.087614e-01 7.933533e-01 3.665225e-15
    outer loop
      vertex   8.133921e+01 1.559276e+03 9.837169e+00
      vertex   8.089393e+01 1.559618e+03 1.922368e+01
      vertex   8.133921e+01 1.559276e+03 1.927836e+01
    endloop
  endfacet
  facet normal 3.826834e-01 9.238795e-01 2.304057e-15
    outer loop
      vertex   8.133921e+01 1.559276e+03 9.837169e+00
      vertex   8.133921e+01 1.559276e+03 1.927836e+01
      vertex   8.185775e+01 1.559062e+03 9.837169e+00
    endloop
  endfacet
  facet normal 3.826834e-01 9.238795e-01 -0.000000e+00
    outer loop
      vertex   8.185775e+01 1.559062e+03 9.837169e+00
      vertex   8.133921e+01 1.559276e+03 1.927836e+01
      vertex   8.185775e+01 1.559062e+03 1.934203e+01
    endloop
  endfacet
  facet normal 1.305262e-01 9.914449e-01 -0.000000e+00
    outer loop
      vertex   8.185775e+01 1.559062e+03 9.837169e+00
      vertex   8.185775e+01 1.559062e+03 1.934203e+01
      vertex   8.241421e+01 1.558988e+03 9.837169e+00
    endloop
  endfacet
  facet normal 1.305262e-01 9.914449e-01 -0.000000e+00
    outer loop
      vertex   8.241421e+01 1.558988e+03 9.837169e+00
      vertex   8.185775e+01 1.559062e+03 1.934203e+01
      vertex   8.241421e+01 1.558988e+03 1.941035e+01
    endloop
  endfacet
  facet normal -1.305262e-01 9.914449e-01 0.000000e+00
    outer loop
      vertex   8.241421e+01 1.558988e+03 9.837169e+00
      vertex   8.241421e+01 1.558988e+03 1.941035e+01
      vertex   8.297067e+01 1.559062e+03 9.837169e+00
    endloop
  endfacet
  facet normal -1.305262e-01 9.914449e-01 0.000000e+00
    outer loop
      vertex   8.297067e+01 1.559062e+03 9.837169e+00
      vertex   8.241421e+01 1.558988e+03 1.941035e+01
      vertex   8.297067e+01 1.559062e+03 1.947868e+01
    endloop
  endfacet
  facet normal -3.826834e-01 9.238795e-01 0.000000e+00
    outer loop
      vertex   8.297067e+01 1.559062e+03 9.837169e+00
      vertex   8.297067e+01 1.559062e+03 1.947868e+01
      vertex   8.348921e+01 1.559276e+03 9.837169e+00
    endloop
  endfacet
  facet normal -3.826834e-01 9.238795e-01 2.241385e-15
    outer loop
      vertex   8.348921e+01 1.559276e+03 9.837169e+00
      vertex   8.297067e+01 1.559062e+03 1.947868e+01
      vertex   8.348921e+01 1.559276e+03 1.954234e+01
    endloop
  endfacet
  facet normal -6.087614e-01 7.933533e-01 3.565529e-15
    outer loop
      vertex   8.348921e+01 1.559276e+03 9.837169e+00
      vertex   8.348921e+01 1.559276e+03 1.954234e+01
      vertex   8.393449e+01 1.559618e+03 9.837169e+00
    endloop
  endfacet
  facet normal -6.087614e-01 7.933533e-01 8.863887e-16
    outer loop
      vertex   8.393449e+01 1.559618e+03 9.837169e+00
      vertex   8.348921e+01 1.559276e+03 1.954234e+01
      vertex   8.393449e+01 1.559618e+03 1.959702e+01
    endloop
  endfacet
  facet normal -7.933533e-01 6.087614e-01 1.155164e-15
    outer loop
      vertex   8.393449e+01 1.559618e+03 9.837169e+00
      vertex   8.393449e+01 1.559618e+03 1.959702e+01
      vertex   8.427617e+01 1.560063e+03 9.837169e+00
    endloop
  endfacet
  facet normal -7.933533e-01 6.087614e-01 -3.450660e-15
    outer loop
      vertex   8.427617e+01 1.560063e+03 9.837169e+00
      vertex   8.393449e+01 1.559618e+03 1.959702e+01
      vertex   8.427617e+01 1.560063e+03 1.963897e+01
    endloop
  endfacet
  facet normal -9.238795e-01 3.826834e-01 -4.018379e-15
    outer loop
      vertex   8.427617e+01 1.560063e+03 9.837169e+00
      vertex   8.427617e+01 1.560063e+03 1.963897e+01
      vertex   8.449095e+01 1.560582e+03 9.837169e+00
    endloop
  endfacet
  facet normal -9.238795e-01 3.826834e-01 0.000000e+00
    outer loop
      vertex   8.449095e+01 1.560582e+03 9.837169e+00
      vertex   8.427617e+01 1.560063e+03 1.963897e+01
      vertex   8.449095e+01 1.560582e+03 1.966534e+01
    endloop
  endfacet
  facet normal -9.914449e-01 1.305262e-01 0.000000e+00
    outer loop
      vertex   8.449095e+01 1.560582e+03 9.837169e+00
      vertex   8.449095e+01 1.560582e+03 1.966534e+01
      vertex   8.456421e+01 1.561138e+03 9.837169e+00
    endloop
  endfacet
  facet normal -9.914449e-01 1.305262e-01 0.000000e+00
    outer loop
      vertex   8.456421e+01 1.561138e+03 9.837169e+00
      vertex   8.449095e+01 1.560582e+03 1.966534e+01
      vertex   8.456421e+01 1.561138e+03 1.967434e+01
    endloop
  endfacet
  facet normal -9.914449e-01 -1.305262e-01 0.000000e+00
    outer loop
      vertex   8.456421e+01 1.561138e+03 9.837169e+00
      vertex   8.456421e+01 1.561138e+03 1.967434e+01
      vertex   8.449095e+01 1.561695e+03 1.966534e+01
    endloop
  endfacet
  facet normal -9.914449e-01 -1.305262e-01 0.000000e+00
    outer loop
      vertex   8.456421e+01 1.561138e+03 9.837169e+00
      vertex   8.449095e+01 1.561695e+03 1.966534e+01
      vertex   8.449095e+01 1.561695e+03 9.837169e+00
    endloop
  endfacet
  facet normal -9.238795e-01 -3.826834e-01 0.000000e+00
    outer loop
      vertex   8.449095e+01 1.561695e+03 9.837169e+00
      vertex   8.449095e+01 1.561695e+03 1.966534e+01
      vertex   8.427617e+01 1.562213e+03 1.963897e+01
    endloop
  endfacet
  facet normal -9.238795e-01 -3.826834e-01 -4.018500e-15
    outer loop
      vertex   8.449095e+01 1.561695e+03 9.837169e+00
      vertex   8.427617e+01 1.562213e+03 1.963897e+01
      vertex   8.427617e+01 1.562213e+03 9.837169e+00
    endloop
  endfacet
  facet normal -7.933533e-01 -6.087614e-01 -3.450660e-15
    outer loop
      vertex   8.427617e+01 1.562213e+03 9.837169e+00
      vertex   8.427617e+01 1.562213e+03 1.963897e+01
      vertex   8.393449e+01 1.562659e+03 1.959702e+01
    endloop
  endfacet
  facet normal -7.933533e-01 -6.087614e-01 1.155250e-15
    outer loop
      vertex   8.427617e+01 1.562213e+03 9.837169e+00
      vertex   8.393449e+01 1.562659e+03 1.959702e+01
      vertex   8.393449e+01 1.562659e+03 9.837169e+00
    endloop
  endfacet
  facet normal -6.087614e-01 -7.933533e-01 8.863887e-16
    outer loop
      vertex   8.393449e+01 1.562659e+03 9.837169e+00
      vertex   8.393449e+01 1.562659e+03 1.959702e+01
      vertex   8.348921e+01 1.563000e+03 1.954234e+01
    endloop
  endfacet
  facet normal -6.087614e-01 -7.933533e-01 3.561705e-15
    outer loop
      vertex   8.393449e+01 1.562659e+03 9.837169e+00
      vertex   8.348921e+01 1.563000e+03 1.954234e+01
      vertex   8.348921e+01 1.563000e+03 9.837169e+00
    endloop
  endfacet
  facet normal -3.826834e-01 -9.238795e-01 2.241385e-15
    outer loop
      vertex   8.348921e+01 1.563000e+03 9.837169e+00
      vertex   8.348921e+01 1.563000e+03 1.954234e+01
      vertex   8.297067e+01 1.563215e+03 1.947868e+01
    endloop
  endfacet
  facet normal -3.826834e-01 -9.238795e-01 0.000000e+00
    outer loop
      vertex   8.348921e+01 1.563000e+03 9.837169e+00
      vertex   8.297067e+01 1.563215e+03 1.947868e+01
      vertex   8.297067e+01 1.563215e+03 9.837169e+00
    endloop
  endfacet
  facet normal -1.305262e-01 -9.914449e-01 0.000000e+00
    outer loop
      vertex   8.297067e+01 1.563215e+03 9.837169e+00
      vertex   8.297067e+01 1.563215e+03 1.947868e+01
      vertex   8.241421e+01 1.563288e+03 1.941035e+01
    endloop
  endfacet
  facet normal -1.305262e-01 -9.914449e-01 0.000000e+00
    outer loop
      vertex   8.297067e+01 1.563215e+03 9.837169e+00
      vertex   8.241421e+01 1.563288e+03 1.941035e+01
      vertex   8.241421e+01 1.563288e+03 9.837169e+00
    endloop
  endfacet
  facet normal 1.305262e-01 -9.914449e-01 0.000000e+00
    outer loop
      vertex   8.241421e+01 1.563288e+03 9.837169e+00
      vertex   8.241421e+01 1.563288e+03 1.941035e+01
      vertex   8.185775e+01 1.563215e+03 1.934203e+01
    endloop
  endfacet
  facet normal 1.305262e-01 -9.914449e-01 0.000000e+00
    outer loop
      vertex   8.241421e+01 1.563288e+03 9.837169e+00
      vertex   8.185775e+01 1.563215e+03 1.934203e+01
      vertex   8.185775e+01 1.563215e+03 9.837169e+00
    endloop
  endfacet
  facet normal 3.826834e-01 -9.238795e-01 0.000000e+00
    outer loop
      vertex   8.185775e+01 1.563215e+03 9.837169e+00
      vertex   8.185775e+01 1.563215e+03 1.934203e+01
      vertex   8.133921e+01 1.563000e+03 1.927836e+01
    endloop
  endfacet
  facet normal 3.826834e-01 -9.238795e-01 2.304677e-15
    outer loop
      vertex   8.185775e+01 1.563215e+03 9.837169e+00
      vertex   8.133921e+01 1.563000e+03 1.927836e+01
      vertex   8.133921e+01 1.563000e+03 9.837169e+00
    endloop
  endfacet
  facet normal 6.087614e-01 -7.933533e-01 3.665225e-15
    outer loop
      vertex   8.133921e+01 1.563000e+03 9.837169e+00
      vertex   8.133921e+01 1.563000e+03 1.927836e+01
      vertex   8.089393e+01 1.562659e+03 1.922368e+01
    endloop
  endfacet
  facet normal 6.087614e-01 -7.933533e-01 1.843944e-15
    outer loop
      vertex   8.133921e+01 1.563000e+03 9.837169e+00
      vertex   8.089393e+01 1.562659e+03 1.922368e+01
      vertex   8.089393e+01 1.562659e+03 9.837169e+00
    endloop
  endfacet
  facet normal 7.933533e-01 -6.087614e-01 2.402218e-15
    outer loop
      vertex   8.089393e+01 1.562659e+03 9.837169e+00
      vertex   8.089393e+01 1.562659e+03 1.922368e+01
      vertex   8.055226e+01 1.562213e+03 1.918173e+01
    endloop
  endfacet
  facet normal 7.933533e-01 -6.087614e-01 -4.826363e-15
    outer loop
      vertex   8.089393e+01 1.562659e+03 9.837169e+00
      vertex   8.055226e+01 1.562213e+03 1.918173e+01
      vertex   8.055226e+01 1.562213e+03 9.837169e+00
    endloop
  endfacet
  facet normal 9.238795e-01 -3.826834e-01 -5.620003e-15
    outer loop
      vertex   8.055226e+01 1.562213e+03 9.837169e+00
      vertex   8.055226e+01 1.562213e+03 1.918173e+01
      vertex   8.033747e+01 1.561695e+03 1.915536e+01
    endloop
  endfacet
  facet normal 9.238795e-01 -3.826834e-01 0.000000e+00
    outer loop
      vertex   8.055226e+01 1.562213e+03 9.837169e+00
      vertex   8.033747e+01 1.561695e+03 1.915536e+01
      vertex   8.033747e+01 1.561695e+03 9.837169e+00
    endloop
  endfacet
  facet normal 9.914449e-01 -1.305262e-01 0.000000e+00
    outer loop
      vertex   8.033747e+01 1.561695e+03 9.837169e+00
      vertex   8.033747e+01 1.561695e+03 1.915536e+01
      vertex   8.026421e+01 1.561138e+03 1.914636e+01
    endloop
  endfacet
  facet normal 2.720301e-01 6.701243e-01 -6.906034e-01
    outer loop
      vertex   8.603959e+01 1.478056e+03 1.573634e+01
      vertex   2.006637e+02 1.449234e+03 3.291988e+01
      vertex   8.529484e+01 1.477317e+03 1.472650e+01
    endloop
  endfacet
  facet normal 2.720301e-01 6.701243e-01 -6.906034e-01
    outer loop
      vertex   8.529484e+01 1.477317e+03 1.472650e+01
      vertex   2.006637e+02 1.449234e+03 3.291988e+01
      vertex   2.001841e+02 1.448311e+03 3.183517e+01
    endloop
  endfacet
  facet normal 2.720301e-01 6.701243e-01 -6.906034e-01
    outer loop
      vertex   8.529484e+01 1.477317e+03 1.472650e+01
      vertex   2.001841e+02 1.448311e+03 3.183517e+01
      vertex   1.999218e+02 1.447304e+03 3.075499e+01
    endloop
  endfacet
  facet normal 2.720301e-01 6.701243e-01 -6.906034e-01
    outer loop
      vertex   8.603959e+01 1.478056e+03 1.573634e+01
      vertex   8.659993e+01 1.478942e+03 1.681726e+01
      vertex   2.006637e+02 1.449234e+03 3.291988e+01
    endloop
  endfacet
  facet normal 2.720301e-01 6.701243e-01 -6.906034e-01
    outer loop
      vertex   2.006637e+02 1.449234e+03 3.291988e+01
      vertex   8.659993e+01 1.478942e+03 1.681726e+01
      vertex   8.694736e+01 1.479932e+03 1.791429e+01
    endloop
  endfacet
  facet normal 2.720301e-01 6.701243e-01 -6.906034e-01
    outer loop
      vertex   2.006637e+02 1.449234e+03 3.291988e+01
      vertex   8.694736e+01 1.479932e+03 1.791429e+01
      vertex   8.706421e+01 1.480974e+03 1.897162e+01
    endloop
  endfacet
  facet normal 2.720301e-01 6.701243e-01 -6.906034e-01
    outer loop
      vertex   1.999218e+02 1.447304e+03 3.075499e+01
      vertex   1.998898e+02 1.446264e+03 2.973340e+01
      vertex   8.529484e+01 1.477317e+03 1.472650e+01
    endloop
  endfacet
  facet normal 2.720301e-01 6.701243e-01 -6.906034e-01
    outer loop
      vertex   8.529484e+01 1.477317e+03 1.472650e+01
      vertex   1.998898e+02 1.446264e+03 2.973340e+01
      vertex   1.999612e+02 1.445748e+03 2.926075e+01
    endloop
  endfacet
  facet normal 2.720301e-01 6.701243e-01 -6.906034e-01
    outer loop
      vertex   8.529484e+01 1.477317e+03 1.472650e+01
      vertex   1.999612e+02 1.445748e+03 2.926075e+01
      vertex   2.000898e+02 1.445243e+03 2.882155e+01
    endloop
  endfacet
  facet normal 1.218693e-01 -2.379920e-12 -9.925462e-01
    outer loop
      vertex   8.529484e+01 1.477317e+03 1.472650e+01
      vertex   2.000898e+02 1.445243e+03 2.882155e+01
      vertex   8.529415e+01 1.477317e+03 1.472641e+01
    endloop
  endfacet
  facet normal 1.218693e-01 1.494604e-12 -9.925462e-01
    outer loop
      vertex   8.529415e+01 1.477317e+03 1.472641e+01
      vertex   2.000898e+02 1.445243e+03 2.882155e+01
      vertex   8.529345e+01 1.477316e+03 1.472633e+01
    endloop
  endfacet
  facet normal 1.218693e-01 1.033292e-12 -9.925462e-01
    outer loop
      vertex   8.529345e+01 1.477316e+03 1.472633e+01
      vertex   2.000898e+02 1.445243e+03 2.882155e+01
      vertex   8.529275e+01 1.477316e+03 1.472624e+01
    endloop
  endfacet
  facet normal 1.218693e-01 -2.639681e-12 -9.925462e-01
    outer loop
      vertex   8.529275e+01 1.477316e+03 1.472624e+01
      vertex   2.000898e+02 1.445243e+03 2.882155e+01
      vertex   2.000901e+02 1.445242e+03 2.882158e+01
    endloop
  endfacet
  facet normal 1.218693e-01 -2.639998e-12 -9.925462e-01
    outer loop
      vertex   8.529275e+01 1.477316e+03 1.472624e+01
      vertex   2.000901e+02 1.445242e+03 2.882158e+01
      vertex   2.000903e+02 1.445242e+03 2.882161e+01
    endloop
  endfacet
  facet normal 1.218693e-01 9.802337e-12 -9.925462e-01
    outer loop
      vertex   2.000903e+02 1.445242e+03 2.882161e+01
      vertex   2.000906e+02 1.445241e+03 2.882164e+01
      vertex   8.529275e+01 1.477316e+03 1.472624e+01
    endloop
  endfacet
  facet normal 2.690966e-01 9.631132e-01 -0.000000e+00
    outer loop
      vertex   8.706421e+01 1.480974e+03 1.897162e+01
      vertex   8.706421e+01 1.480974e+03 1.998130e+01
      vertex   2.006637e+02 1.449234e+03 3.291988e+01
    endloop
  endfacet
  facet normal 2.690966e-01 9.631132e-01 -0.000000e+00
    outer loop
      vertex   2.006637e+02 1.449234e+03 3.291988e+01
      vertex   8.706421e+01 1.480974e+03 1.998130e+01
      vertex   2.006637e+02 1.449234e+03 3.392956e+01
    endloop
  endfacet
  facet normal 9.946852e-01 1.029633e-01 0.000000e+00
    outer loop
      vertex   8.706421e+01 1.480974e+03 1.998130e+01
      vertex   8.706421e+01 1.480974e+03 1.897162e+01
      vertex   8.696691e+01 1.481914e+03 1.996935e+01
    endloop
  endfacet
  facet normal 9.947430e-01 1.024013e-01 5.351418e-04
    outer loop
      vertex   8.696691e+01 1.481914e+03 1.996935e+01
      vertex   8.706421e+01 1.480974e+03 1.897162e+01
      vertex   8.706265e+01 1.481088e+03 0.000000e+00
    endloop
  endfacet
  facet normal 9.899204e-01 1.416204e-01 -1.109513e-03
    outer loop
      vertex   8.696691e+01 1.481914e+03 1.996935e+01
      vertex   8.706265e+01 1.481088e+03 0.000000e+00
      vertex   8.691001e+01 1.482155e+03 0.000000e+00
    endloop
  endfacet
  facet normal 9.959339e-01 -9.008485e-02 -6.247005e-04
    outer loop
      vertex   8.706265e+01 1.481088e+03 0.000000e+00
      vertex   8.706421e+01 1.480974e+03 1.897162e+01
      vertex   8.696556e+01 1.480015e+03 0.000000e+00
    endloop
  endfacet
  facet normal 9.937186e-01 -1.119063e-01 4.899968e-04
    outer loop
      vertex   8.696556e+01 1.480015e+03 0.000000e+00
      vertex   8.706421e+01 1.480974e+03 1.897162e+01
      vertex   8.694736e+01 1.479932e+03 1.791429e+01
    endloop
  endfacet
  facet normal 9.484419e-01 -3.169505e-01 -5.071809e-04
    outer loop
      vertex   8.696556e+01 1.480015e+03 0.000000e+00
      vertex   8.694736e+01 1.479932e+03 1.791429e+01
      vertex   8.662395e+01 1.478993e+03 0.000000e+00
    endloop
  endfacet
  facet normal 9.434088e-01 -3.316318e-01 3.533211e-04
    outer loop
      vertex   8.662395e+01 1.478993e+03 0.000000e+00
      vertex   8.694736e+01 1.479932e+03 1.791429e+01
      vertex   8.659993e+01 1.478942e+03 1.681726e+01
    endloop
  endfacet
  facet normal 8.499963e-01 -5.267886e-01 -3.649188e-04
    outer loop
      vertex   8.662395e+01 1.478993e+03 0.000000e+00
      vertex   8.659993e+01 1.478942e+03 1.681726e+01
      vertex   8.605618e+01 1.478076e+03 0.000000e+00
    endloop
  endfacet
  facet normal 8.451929e-01 -5.344613e-01 1.853687e-04
    outer loop
      vertex   8.605618e+01 1.478076e+03 0.000000e+00
      vertex   8.659993e+01 1.478942e+03 1.681726e+01
      vertex   8.603959e+01 1.478056e+03 1.573634e+01
    endloop
  endfacet
  facet normal 7.058858e-01 -7.083256e-01 -1.909684e-04
    outer loop
      vertex   8.605618e+01 1.478076e+03 0.000000e+00
      vertex   8.603959e+01 1.478056e+03 1.573634e+01
      vertex   8.529275e+01 1.477316e+03 0.000000e+00
    endloop
  endfacet
  facet normal 7.040758e-01 -7.101249e-01 -2.045268e-05
    outer loop
      vertex   8.529275e+01 1.477316e+03 0.000000e+00
      vertex   8.603959e+01 1.478056e+03 1.573634e+01
      vertex   8.529484e+01 1.477317e+03 1.472650e+01
    endloop
  endfacet
  facet normal 6.194152e-01 -7.850636e-01 -3.454016e-08
    outer loop
      vertex   8.529275e+01 1.477316e+03 0.000000e+00
      vertex   8.529484e+01 1.477317e+03 1.472650e+01
      vertex   8.529415e+01 1.477317e+03 1.472641e+01
    endloop
  endfacet
  facet normal 6.192653e-01 -7.851818e-01 -1.151340e-08
    outer loop
      vertex   8.529415e+01 1.477317e+03 1.472641e+01
      vertex   8.529345e+01 1.477316e+03 1.472633e+01
      vertex   8.529275e+01 1.477316e+03 0.000000e+00
    endloop
  endfacet
  facet normal 6.191154e-01 -7.853001e-01 0.000000e+00
    outer loop
      vertex   8.529275e+01 1.477316e+03 0.000000e+00
      vertex   8.529345e+01 1.477316e+03 1.472633e+01
      vertex   8.529275e+01 1.477316e+03 1.472624e+01
    endloop
  endfacet
  facet normal 9.533192e-01 3.019631e-01 9.321848e-04
    outer loop
      vertex   8.696691e+01 1.481914e+03 1.996935e+01
      vertex   8.691001e+01 1.482155e+03 0.000000e+00
      vertex   8.668160e+01 1.482815e+03 1.993432e+01
    endloop
  endfacet
  facet normal 9.307249e-01 3.657172e-01 -1.436183e-03
    outer loop
      vertex   8.668160e+01 1.482815e+03 1.993432e+01
      vertex   8.691001e+01 1.482155e+03 0.000000e+00
      vertex   8.651584e+01 1.483158e+03 0.000000e+00
    endloop
  endfacet
  facet normal 8.725695e-01 4.884886e-01 1.163231e-03
    outer loop
      vertex   8.668160e+01 1.482815e+03 1.993432e+01
      vertex   8.651584e+01 1.483158e+03 0.000000e+00
      vertex   8.622005e+01 1.483639e+03 1.987765e+01
    endloop
  endfacet
  facet normal 8.215278e-01 5.701663e-01 -1.572895e-03
    outer loop
      vertex   8.622005e+01 1.483639e+03 1.987765e+01
      vertex   8.651584e+01 1.483158e+03 0.000000e+00
      vertex   8.590132e+01 1.484044e+03 0.000000e+00
    endloop
  endfacet
  facet normal 7.557775e-01 6.548274e-01 1.203768e-03
    outer loop
      vertex   8.622005e+01 1.483639e+03 1.987765e+01
      vertex   8.590132e+01 1.484044e+03 0.000000e+00
      vertex   8.560132e+01 1.484354e+03 1.980168e+01
    endloop
  endfacet
  facet normal 6.681956e-01 7.439841e-01 -1.518177e-03
    outer loop
      vertex   8.560132e+01 1.484354e+03 1.980168e+01
      vertex   8.590132e+01 1.484044e+03 0.000000e+00
      vertex   8.509946e+01 1.484764e+03 0.000000e+00
    endloop
  endfacet
  facet normal 6.077821e-01 7.941031e-01 1.051545e-03
    outer loop
      vertex   8.560132e+01 1.484354e+03 1.980168e+01
      vertex   8.509946e+01 1.484764e+03 0.000000e+00
      vertex   8.485098e+01 1.484928e+03 1.970955e+01
    endloop
  endfacet
  facet normal 4.789656e-01 8.778327e-01 -1.269504e-03
    outer loop
      vertex   8.485098e+01 1.484928e+03 1.970955e+01
      vertex   8.509946e+01 1.484764e+03 0.000000e+00
      vertex   8.415334e+01 1.485280e+03 0.000000e+00
    endloop
  endfacet
  facet normal 4.347126e-01 9.005690e-01 7.031038e-04
    outer loop
      vertex   8.485098e+01 1.484928e+03 1.970955e+01
      vertex   8.415334e+01 1.485280e+03 0.000000e+00
      vertex   8.400000e+01 1.485339e+03 1.960506e+01
    endloop
  endfacet
  facet normal 3.575729e-01 9.338852e-01 0.000000e+00
    outer loop
      vertex   8.400000e+01 1.485339e+03 1.960506e+01
      vertex   8.415334e+01 1.485280e+03 0.000000e+00
      vertex   8.400000e+01 1.485339e+03 1.856751e+01
    endloop
  endfacet
  facet normal 2.640038e-01 9.645213e-01 -8.695984e-04
    outer loop
      vertex   8.400000e+01 1.485339e+03 1.856751e+01
      vertex   8.415334e+01 1.485280e+03 0.000000e+00
      vertex   8.311378e+01 1.485565e+03 0.000000e+00
    endloop
  endfacet
  facet normal 2.343059e-01 9.721627e-01 6.408048e-04
    outer loop
      vertex   8.400000e+01 1.485339e+03 1.856751e+01
      vertex   8.311378e+01 1.485565e+03 0.000000e+00
      vertex   8.300044e+01 1.485580e+03 1.743771e+01
    endloop
  endfacet
  facet normal 3.485854e-02 9.993920e-01 -6.803343e-04
    outer loop
      vertex   8.300044e+01 1.485580e+03 1.743771e+01
      vertex   8.311378e+01 1.485565e+03 0.000000e+00
      vertex   8.203664e+01 1.485602e+03 0.000000e+00
    endloop
  endfacet
  facet normal 1.513837e-02 9.998853e-01 4.102243e-04
    outer loop
      vertex   8.300044e+01 1.485580e+03 1.743771e+01
      vertex   8.203664e+01 1.485602e+03 0.000000e+00
      vertex   8.197220e+01 1.485597e+03 1.627550e+01
    endloop
  endfacet
  facet normal -1.961595e-01 9.805719e-01 -4.332022e-04
    outer loop
      vertex   8.197220e+01 1.485597e+03 1.627550e+01
      vertex   8.203664e+01 1.485602e+03 0.000000e+00
      vertex   8.097979e+01 1.485391e+03 0.000000e+00
    endloop
  endfacet
  facet normal -2.046659e-01 9.788319e-01 1.074762e-04
    outer loop
      vertex   8.197220e+01 1.485597e+03 1.627550e+01
      vertex   8.097979e+01 1.485391e+03 0.000000e+00
      vertex   8.096558e+01 1.485386e+03 1.513773e+01
    endloop
  endfacet
  facet normal -4.145932e-01 9.100068e-01 -1.106349e-04
    outer loop
      vertex   8.096558e+01 1.485386e+03 1.513773e+01
      vertex   8.097979e+01 1.485391e+03 0.000000e+00
      vertex   8.002982e+01 1.484960e+03 1.408003e+01
    endloop
  endfacet
  facet normal -4.166392e-01 9.090719e-01 -2.772998e-04
    outer loop
      vertex   8.002982e+01 1.484960e+03 1.408003e+01
      vertex   8.097979e+01 1.485391e+03 0.000000e+00
      vertex   8.000000e+01 1.484942e+03 0.000000e+00
    endloop
  endfacet
  facet normal -5.138439e-01 8.578837e-01 -6.169672e-06
    outer loop
      vertex   8.002982e+01 1.484960e+03 1.408003e+01
      vertex   8.000000e+01 1.484942e+03 0.000000e+00
      vertex   8.001986e+01 1.484954e+03 1.407881e+01
    endloop
  endfacet
  facet normal -5.159832e-01 8.565987e-01 -2.056561e-06
    outer loop
      vertex   8.001986e+01 1.484954e+03 1.407881e+01
      vertex   8.000000e+01 1.484942e+03 0.000000e+00
      vertex   8.000992e+01 1.484948e+03 1.407759e+01
    endloop
  endfacet
  facet normal -5.181191e-01 8.553085e-01 0.000000e+00
    outer loop
      vertex   8.000992e+01 1.484948e+03 1.407759e+01
      vertex   8.000000e+01 1.484942e+03 0.000000e+00
      vertex   8.000000e+01 1.484942e+03 1.407637e+01
    endloop
  endfacet
  facet normal 2.690966e-01 9.631132e-01 1.255959e-13
    outer loop
      vertex   8.529275e+01 1.477316e+03 1.976379e+01
      vertex   8.529275e+01 1.477316e+03 2.126379e+01
      vertex   2.000906e+02 1.445241e+03 3.385919e+01
    endloop
  endfacet
  facet normal 2.690966e-01 9.631132e-01 2.039516e-14
    outer loop
      vertex   2.000906e+02 1.445241e+03 3.385919e+01
      vertex   8.529275e+01 1.477316e+03 2.126379e+01
      vertex   2.000906e+02 1.445241e+03 3.535919e+01
    endloop
  endfacet
  facet normal 9.914449e-01 -1.305262e-01 0.000000e+00
    outer loop
      vertex   8.033747e+01 1.481524e+03 0.000000e+00
      vertex   8.033747e+01 1.481524e+03 9.837169e+00
      vertex   8.026421e+01 1.480968e+03 0.000000e+00
    endloop
  endfacet
  facet normal 9.914449e-01 -1.305262e-01 0.000000e+00
    outer loop
      vertex   8.026421e+01 1.480968e+03 0.000000e+00
      vertex   8.033747e+01 1.481524e+03 9.837169e+00
      vertex   8.026421e+01 1.480968e+03 9.837169e+00
    endloop
  endfacet
  facet normal 9.914449e-01 1.305262e-01 -0.000000e+00
    outer loop
      vertex   8.026421e+01 1.480968e+03 0.000000e+00
      vertex   8.026421e+01 1.480968e+03 9.837169e+00
      vertex   8.033747e+01 1.480411e+03 0.000000e+00
    endloop
  endfacet
  facet normal 9.914449e-01 1.305262e-01 -0.000000e+00
    outer loop
      vertex   8.033747e+01 1.480411e+03 0.000000e+00
      vertex   8.026421e+01 1.480968e+03 9.837169e+00
      vertex   8.033747e+01 1.480411e+03 9.837169e+00
    endloop
  endfacet
  facet normal 9.238795e-01 3.826834e-01 -0.000000e+00
    outer loop
      vertex   8.033747e+01 1.480411e+03 0.000000e+00
      vertex   8.033747e+01 1.480411e+03 9.837169e+00
      vertex   8.055226e+01 1.479893e+03 0.000000e+00
    endloop
  endfacet
  facet normal 9.238795e-01 3.826834e-01 5.338576e-15
    outer loop
      vertex   8.055226e+01 1.479893e+03 0.000000e+00
      vertex   8.033747e+01 1.480411e+03 9.837169e+00
      vertex   8.055226e+01 1.479893e+03 9.837169e+00
    endloop
  endfacet
  facet normal 7.933533e-01 6.087614e-01 4.584339e-15
    outer loop
      vertex   8.055226e+01 1.479893e+03 0.000000e+00
      vertex   8.055226e+01 1.479893e+03 9.837169e+00
      vertex   8.089393e+01 1.479447e+03 0.000000e+00
    endloop
  endfacet
  facet normal 7.933533e-01 6.087614e-01 -2.292169e-15
    outer loop
      vertex   8.089393e+01 1.479447e+03 0.000000e+00
      vertex   8.055226e+01 1.479893e+03 9.837169e+00
      vertex   8.089393e+01 1.479447e+03 9.837169e+00
    endloop
  endfacet
  facet normal 6.087614e-01 7.933533e-01 -1.758843e-15
    outer loop
      vertex   8.089393e+01 1.479447e+03 0.000000e+00
      vertex   8.089393e+01 1.479447e+03 9.837169e+00
      vertex   8.133921e+01 1.479106e+03 0.000000e+00
    endloop
  endfacet
  facet normal 6.087614e-01 7.933533e-01 -3.517687e-15
    outer loop
      vertex   8.133921e+01 1.479106e+03 0.000000e+00
      vertex   8.089393e+01 1.479447e+03 9.837169e+00
      vertex   8.133921e+01 1.479106e+03 9.837169e+00
    endloop
  endfacet
  facet normal 3.826834e-01 9.238795e-01 -2.211310e-15
    outer loop
      vertex   8.133921e+01 1.479106e+03 0.000000e+00
      vertex   8.133921e+01 1.479106e+03 9.837169e+00
      vertex   8.185775e+01 1.478891e+03 0.000000e+00
    endloop
  endfacet
  facet normal 3.826834e-01 9.238795e-01 -0.000000e+00
    outer loop
      vertex   8.185775e+01 1.478891e+03 0.000000e+00
      vertex   8.133921e+01 1.479106e+03 9.837169e+00
      vertex   8.185775e+01 1.478891e+03 9.837169e+00
    endloop
  endfacet
  facet normal 1.305262e-01 9.914449e-01 -0.000000e+00
    outer loop
      vertex   8.185775e+01 1.478891e+03 0.000000e+00
      vertex   8.185775e+01 1.478891e+03 9.837169e+00
      vertex   8.241421e+01 1.478818e+03 0.000000e+00
    endloop
  endfacet
  facet normal 1.305262e-01 9.914449e-01 -0.000000e+00
    outer loop
      vertex   8.241421e+01 1.478818e+03 0.000000e+00
      vertex   8.185775e+01 1.478891e+03 9.837169e+00
      vertex   8.241421e+01 1.478818e+03 9.837169e+00
    endloop
  endfacet
  facet normal -1.305262e-01 9.914449e-01 0.000000e+00
    outer loop
      vertex   8.241421e+01 1.478818e+03 0.000000e+00
      vertex   8.241421e+01 1.478818e+03 9.837169e+00
      vertex   8.297067e+01 1.478891e+03 0.000000e+00
    endloop
  endfacet
  facet normal -1.305262e-01 9.914449e-01 0.000000e+00
    outer loop
      vertex   8.297067e+01 1.478891e+03 0.000000e+00
      vertex   8.241421e+01 1.478818e+03 9.837169e+00
      vertex   8.297067e+01 1.478891e+03 9.837169e+00
    endloop
  endfacet
  facet normal -3.826834e-01 9.238795e-01 0.000000e+00
    outer loop
      vertex   8.297067e+01 1.478891e+03 0.000000e+00
      vertex   8.297067e+01 1.478891e+03 9.837169e+00
      vertex   8.348921e+01 1.479106e+03 0.000000e+00
    endloop
  endfacet
  facet normal -3.826834e-01 9.238795e-01 -2.211310e-15
    outer loop
      vertex   8.348921e+01 1.479106e+03 0.000000e+00
      vertex   8.297067e+01 1.478891e+03 9.837169e+00
      vertex   8.348921e+01 1.479106e+03 9.837169e+00
    endloop
  endfacet
  facet normal -6.087614e-01 7.933533e-01 -3.517687e-15
    outer loop
      vertex   8.348921e+01 1.479106e+03 0.000000e+00
      vertex   8.348921e+01 1.479106e+03 9.837169e+00
      vertex   8.393449e+01 1.479447e+03 0.000000e+00
    endloop
  endfacet
  facet normal -6.087614e-01 7.933533e-01 -8.794217e-16
    outer loop
      vertex   8.393449e+01 1.479447e+03 0.000000e+00
      vertex   8.348921e+01 1.479106e+03 9.837169e+00
      vertex   8.393449e+01 1.479447e+03 9.837169e+00
    endloop
  endfacet
  facet normal -7.933533e-01 6.087614e-01 -1.146085e-15
    outer loop
      vertex   8.393449e+01 1.479447e+03 0.000000e+00
      vertex   8.393449e+01 1.479447e+03 9.837169e+00
      vertex   8.427617e+01 1.479893e+03 0.000000e+00
    endloop
  endfacet
  facet normal -7.933533e-01 6.087614e-01 3.438254e-15
    outer loop
      vertex   8.427617e+01 1.479893e+03 0.000000e+00
      vertex   8.393449e+01 1.479447e+03 9.837169e+00
      vertex   8.427617e+01 1.479893e+03 9.837169e+00
    endloop
  endfacet
  facet normal -9.238795e-01 3.826834e-01 4.003932e-15
    outer loop
      vertex   8.427617e+01 1.479893e+03 0.000000e+00
      vertex   8.427617e+01 1.479893e+03 9.837169e+00
      vertex   8.449095e+01 1.480411e+03 0.000000e+00
    endloop
  endfacet
  facet normal -9.238795e-01 3.826834e-01 0.000000e+00
    outer loop
      vertex   8.449095e+01 1.480411e+03 0.000000e+00
      vertex   8.427617e+01 1.479893e+03 9.837169e+00
      vertex   8.449095e+01 1.480411e+03 9.837169e+00
    endloop
  endfacet
  facet normal -9.914449e-01 1.305262e-01 0.000000e+00
    outer loop
      vertex   8.449095e+01 1.480411e+03 0.000000e+00
      vertex   8.449095e+01 1.480411e+03 9.837169e+00
      vertex   8.456421e+01 1.480968e+03 0.000000e+00
    endloop
  endfacet
  facet normal -9.914449e-01 1.305262e-01 0.000000e+00
    outer loop
      vertex   8.456421e+01 1.480968e+03 0.000000e+00
      vertex   8.449095e+01 1.480411e+03 9.837169e+00
      vertex   8.456421e+01 1.480968e+03 9.837169e+00
    endloop
  endfacet
  facet normal -9.914449e-01 -1.305262e-01 0.000000e+00
    outer loop
      vertex   8.456421e+01 1.480968e+03 0.000000e+00
      vertex   8.456421e+01 1.480968e+03 9.837169e+00
      vertex   8.449095e+01 1.481524e+03 0.000000e+00
    endloop
  endfacet
  facet normal -9.914449e-01 -1.305262e-01 0.000000e+00
    outer loop
      vertex   8.449095e+01 1.481524e+03 0.000000e+00
      vertex   8.456421e+01 1.480968e+03 9.837169e+00
      vertex   8.449095e+01 1.481524e+03 9.837169e+00
    endloop
  endfacet
  facet normal -9.238795e-01 -3.826834e-01 0.000000e+00
    outer loop
      vertex   8.449095e+01 1.481524e+03 0.000000e+00
      vertex   8.449095e+01 1.481524e+03 9.837169e+00
      vertex   8.427617e+01 1.482043e+03 0.000000e+00
    endloop
  endfacet
  facet normal -9.238795e-01 -3.826834e-01 4.003932e-15
    outer loop
      vertex   8.427617e+01 1.482043e+03 0.000000e+00
      vertex   8.449095e+01 1.481524e+03 9.837169e+00
      vertex   8.427617e+01 1.482043e+03 9.837169e+00
    endloop
  endfacet
  facet normal -7.933533e-01 -6.087614e-01 3.438254e-15
    outer loop
      vertex   8.427617e+01 1.482043e+03 0.000000e+00
      vertex   8.427617e+01 1.482043e+03 9.837169e+00
      vertex   8.393449e+01 1.482488e+03 0.000000e+00
    endloop
  endfacet
  facet normal -7.933533e-01 -6.087614e-01 -1.146085e-15
    outer loop
      vertex   8.393449e+01 1.482488e+03 0.000000e+00
      vertex   8.427617e+01 1.482043e+03 9.837169e+00
      vertex   8.393449e+01 1.482488e+03 9.837169e+00
    endloop
  endfacet
  facet normal -6.087614e-01 -7.933533e-01 -8.794217e-16
    outer loop
      vertex   8.393449e+01 1.482488e+03 0.000000e+00
      vertex   8.393449e+01 1.482488e+03 9.837169e+00
      vertex   8.348921e+01 1.482830e+03 0.000000e+00
    endloop
  endfacet
  facet normal -6.087614e-01 -7.933533e-01 -3.517687e-15
    outer loop
      vertex   8.348921e+01 1.482830e+03 0.000000e+00
      vertex   8.393449e+01 1.482488e+03 9.837169e+00
      vertex   8.348921e+01 1.482830e+03 9.837169e+00
    endloop
  endfacet
  facet normal -3.826834e-01 -9.238795e-01 -2.211310e-15
    outer loop
      vertex   8.348921e+01 1.482830e+03 0.000000e+00
      vertex   8.348921e+01 1.482830e+03 9.837169e+00
      vertex   8.297067e+01 1.483044e+03 0.000000e+00
    endloop
  endfacet
  facet normal -3.826834e-01 -9.238795e-01 0.000000e+00
    outer loop
      vertex   8.297067e+01 1.483044e+03 0.000000e+00
      vertex   8.348921e+01 1.482830e+03 9.837169e+00
      vertex   8.297067e+01 1.483044e+03 9.837169e+00
    endloop
  endfacet
  facet normal -1.305262e-01 -9.914449e-01 0.000000e+00
    outer loop
      vertex   8.297067e+01 1.483044e+03 0.000000e+00
      vertex   8.297067e+01 1.483044e+03 9.837169e+00
      vertex   8.241421e+01 1.483118e+03 0.000000e+00
    endloop
  endfacet
  facet normal -1.305262e-01 -9.914449e-01 0.000000e+00
    outer loop
      vertex   8.241421e+01 1.483118e+03 0.000000e+00
      vertex   8.297067e+01 1.483044e+03 9.837169e+00
      vertex   8.241421e+01 1.483118e+03 9.837169e+00
    endloop
  endfacet
  facet normal 1.305262e-01 -9.914449e-01 0.000000e+00
    outer loop
      vertex   8.241421e+01 1.483118e+03 0.000000e+00
      vertex   8.241421e+01 1.483118e+03 9.837169e+00
      vertex   8.185775e+01 1.483044e+03 0.000000e+00
    endloop
  endfacet
  facet normal 1.305262e-01 -9.914449e-01 0.000000e+00
    outer loop
      vertex   8.185775e+01 1.483044e+03 0.000000e+00
      vertex   8.241421e+01 1.483118e+03 9.837169e+00
      vertex   8.185775e+01 1.483044e+03 9.837169e+00
    endloop
  endfacet
  facet normal 3.826834e-01 -9.238795e-01 0.000000e+00
    outer loop
      vertex   8.185775e+01 1.483044e+03 0.000000e+00
      vertex   8.185775e+01 1.483044e+03 9.837169e+00
      vertex   8.133921e+01 1.482830e+03 0.000000e+00
    endloop
  endfacet
  facet normal 3.826834e-01 -9.238795e-01 -2.211310e-15
    outer loop
      vertex   8.133921e+01 1.482830e+03 0.000000e+00
      vertex   8.185775e+01 1.483044e+03 9.837169e+00
      vertex   8.133921e+01 1.482830e+03 9.837169e+00
    endloop
  endfacet
  facet normal 6.087614e-01 -7.933533e-01 -3.517687e-15
    outer loop
      vertex   8.133921e+01 1.482830e+03 0.000000e+00
      vertex   8.133921e+01 1.482830e+03 9.837169e+00
      vertex   8.089393e+01 1.482488e+03 0.000000e+00
    endloop
  endfacet
  facet normal 6.087614e-01 -7.933533e-01 -1.758843e-15
    outer loop
      vertex   8.089393e+01 1.482488e+03 0.000000e+00
      vertex   8.133921e+01 1.482830e+03 9.837169e+00
      vertex   8.089393e+01 1.482488e+03 9.837169e+00
    endloop
  endfacet
  facet normal 7.933533e-01 -6.087614e-01 -2.292169e-15
    outer loop
      vertex   8.089393e+01 1.482488e+03 0.000000e+00
      vertex   8.089393e+01 1.482488e+03 9.837169e+00
      vertex   8.055226e+01 1.482043e+03 0.000000e+00
    endloop
  endfacet
  facet normal 7.933533e-01 -6.087614e-01 4.584339e-15
    outer loop
      vertex   8.055226e+01 1.482043e+03 0.000000e+00
      vertex   8.089393e+01 1.482488e+03 9.837169e+00
      vertex   8.055226e+01 1.482043e+03 9.837169e+00
    endloop
  endfacet
  facet normal 9.238795e-01 -3.826834e-01 5.338576e-15
    outer loop
      vertex   8.055226e+01 1.482043e+03 0.000000e+00
      vertex   8.055226e+01 1.482043e+03 9.837169e+00
      vertex   8.033747e+01 1.481524e+03 0.000000e+00
    endloop
  endfacet
  facet normal 9.238795e-01 -3.826834e-01 0.000000e+00
    outer loop
      vertex   8.033747e+01 1.481524e+03 0.000000e+00
      vertex   8.055226e+01 1.482043e+03 9.837169e+00
      vertex   8.033747e+01 1.481524e+03 9.837169e+00
    endloop
  endfacet
  facet normal 9.914449e-01 1.305262e-01 0.000000e+00
    outer loop
      vertex   8.033747e+01 1.480411e+03 1.915536e+01
      vertex   8.033747e+01 1.480411e+03 9.837169e+00
      vertex   8.026421e+01 1.480968e+03 1.914636e+01
    endloop
  endfacet
  facet normal 9.914449e-01 1.305262e-01 0.000000e+00
    outer loop
      vertex   8.026421e+01 1.480968e+03 1.914636e+01
      vertex   8.033747e+01 1.480411e+03 9.837169e+00
      vertex   8.026421e+01 1.480968e+03 9.837169e+00
    endloop
  endfacet
  facet normal 9.914449e-01 -1.305262e-01 0.000000e+00
    outer loop
      vertex   8.026421e+01 1.480968e+03 1.914636e+01
      vertex   8.026421e+01 1.480968e+03 9.837169e+00
      vertex   8.033747e+01 1.481524e+03 9.837169e+00
    endloop
  endfacet
  facet normal 9.238795e-01 3.826834e-01 -0.000000e+00
    outer loop
      vertex   8.033747e+01 1.480411e+03 9.837169e+00
      vertex   8.033747e+01 1.480411e+03 1.915536e+01
      vertex   8.055226e+01 1.479893e+03 9.837169e+00
    endloop
  endfacet
  facet normal 9.238795e-01 3.826834e-01 -5.620003e-15
    outer loop
      vertex   8.055226e+01 1.479893e+03 9.837169e+00
      vertex   8.033747e+01 1.480411e+03 1.915536e+01
      vertex   8.055226e+01 1.479893e+03 1.918173e+01
    endloop
  endfacet
  facet normal 7.933533e-01 6.087614e-01 -4.826006e-15
    outer loop
      vertex   8.055226e+01 1.479893e+03 9.837169e+00
      vertex   8.055226e+01 1.479893e+03 1.918173e+01
      vertex   8.089393e+01 1.479447e+03 9.837169e+00
    endloop
  endfacet
  facet normal 7.933533e-01 6.087614e-01 2.402218e-15
    outer loop
      vertex   8.089393e+01 1.479447e+03 9.837169e+00
      vertex   8.055226e+01 1.479893e+03 1.918173e+01
      vertex   8.089393e+01 1.479447e+03 1.922368e+01
    endloop
  endfacet
  facet normal 6.087614e-01 7.933533e-01 1.843287e-15
    outer loop
      vertex   8.089393e+01 1.479447e+03 9.837169e+00
      vertex   8.089393e+01 1.479447e+03 1.922368e+01
      vertex   8.133921e+01 1.479106e+03 9.837169e+00
    endloop
  endfacet
  facet normal 6.087614e-01 7.933533e-01 3.665225e-15
    outer loop
      vertex   8.133921e+01 1.479106e+03 9.837169e+00
      vertex   8.089393e+01 1.479447e+03 1.922368e+01
      vertex   8.133921e+01 1.479106e+03 1.927836e+01
    endloop
  endfacet
  facet normal 3.826834e-01 9.238795e-01 2.304057e-15
    outer loop
      vertex   8.133921e+01 1.479106e+03 9.837169e+00
      vertex   8.133921e+01 1.479106e+03 1.927836e+01
      vertex   8.185775e+01 1.478891e+03 9.837169e+00
    endloop
  endfacet
  facet normal 3.826834e-01 9.238795e-01 -0.000000e+00
    outer loop
      vertex   8.185775e+01 1.478891e+03 9.837169e+00
      vertex   8.133921e+01 1.479106e+03 1.927836e+01
      vertex   8.185775e+01 1.478891e+03 1.934203e+01
    endloop
  endfacet
  facet normal 1.305262e-01 9.914449e-01 -0.000000e+00
    outer loop
      vertex   8.185775e+01 1.478891e+03 9.837169e+00
      vertex   8.185775e+01 1.478891e+03 1.934203e+01
      vertex   8.241421e+01 1.478818e+03 9.837169e+00
    endloop
  endfacet
  facet normal 1.305262e-01 9.914449e-01 -0.000000e+00
    outer loop
      vertex   8.241421e+01 1.478818e+03 9.837169e+00
      vertex   8.185775e+01 1.478891e+03 1.934203e+01
      vertex   8.241421e+01 1.478818e+03 1.941035e+01
    endloop
  endfacet
  facet normal -1.305262e-01 9.914449e-01 0.000000e+00
    outer loop
      vertex   8.241421e+01 1.478818e+03 9.837169e+00
      vertex   8.241421e+01 1.478818e+03 1.941035e+01
      vertex   8.297067e+01 1.478891e+03 9.837169e+00
    endloop
  endfacet
  facet normal -1.305262e-01 9.914449e-01 0.000000e+00
    outer loop
      vertex   8.297067e+01 1.478891e+03 9.837169e+00
      vertex   8.241421e+01 1.478818e+03 1.941035e+01
      vertex   8.297067e+01 1.478891e+03 1.947868e+01
    endloop
  endfacet
  facet normal -3.826834e-01 9.238795e-01 0.000000e+00
    outer loop
      vertex   8.297067e+01 1.478891e+03 9.837169e+00
      vertex   8.297067e+01 1.478891e+03 1.947868e+01
      vertex   8.348921e+01 1.479106e+03 9.837169e+00
    endloop
  endfacet
  facet normal -3.826834e-01 9.238795e-01 2.241385e-15
    outer loop
      vertex   8.348921e+01 1.479106e+03 9.837169e+00
      vertex   8.297067e+01 1.478891e+03 1.947868e+01
      vertex   8.348921e+01 1.479106e+03 1.954234e+01
    endloop
  endfacet
  facet normal -6.087614e-01 7.933533e-01 3.565529e-15
    outer loop
      vertex   8.348921e+01 1.479106e+03 9.837169e+00
      vertex   8.348921e+01 1.479106e+03 1.954234e+01
      vertex   8.393449e+01 1.479447e+03 9.837169e+00
    endloop
  endfacet
  facet normal -6.087614e-01 7.933533e-01 8.863887e-16
    outer loop
      vertex   8.393449e+01 1.479447e+03 9.837169e+00
      vertex   8.348921e+01 1.479106e+03 1.954234e+01
      vertex   8.393449e+01 1.479447e+03 1.959702e+01
    endloop
  endfacet
  facet normal -7.933533e-01 6.087614e-01 1.155164e-15
    outer loop
      vertex   8.393449e+01 1.479447e+03 9.837169e+00
      vertex   8.393449e+01 1.479447e+03 1.959702e+01
      vertex   8.427617e+01 1.479893e+03 9.837169e+00
    endloop
  endfacet
  facet normal -7.933533e-01 6.087614e-01 -3.450660e-15
    outer loop
      vertex   8.427617e+01 1.479893e+03 9.837169e+00
      vertex   8.393449e+01 1.479447e+03 1.959702e+01
      vertex   8.427617e+01 1.479893e+03 1.963897e+01
    endloop
  endfacet
  facet normal -9.238795e-01 3.826834e-01 -4.018379e-15
    outer loop
      vertex   8.427617e+01 1.479893e+03 9.837169e+00
      vertex   8.427617e+01 1.479893e+03 1.963897e+01
      vertex   8.449095e+01 1.480411e+03 9.837169e+00
    endloop
  endfacet
  facet normal -9.238795e-01 3.826834e-01 0.000000e+00
    outer loop
      vertex   8.449095e+01 1.480411e+03 9.837169e+00
      vertex   8.427617e+01 1.479893e+03 1.963897e+01
      vertex   8.449095e+01 1.480411e+03 1.966534e+01
    endloop
  endfacet
  facet normal -9.914449e-01 1.305262e-01 0.000000e+00
    outer loop
      vertex   8.449095e+01 1.480411e+03 9.837169e+00
      vertex   8.449095e+01 1.480411e+03 1.966534e+01
      vertex   8.456421e+01 1.480968e+03 9.837169e+00
    endloop
  endfacet
  facet normal -9.914449e-01 1.305262e-01 0.000000e+00
    outer loop
      vertex   8.456421e+01 1.480968e+03 9.837169e+00
      vertex   8.449095e+01 1.480411e+03 1.966534e+01
      vertex   8.456421e+01 1.480968e+03 1.967434e+01
    endloop
  endfacet
  facet normal -9.914449e-01 -1.305262e-01 0.000000e+00
    outer loop
      vertex   8.456421e+01 1.480968e+03 9.837169e+00
      vertex   8.456421e+01 1.480968e+03 1.967434e+01
      vertex   8.449095e+01 1.481524e+03 1.966534e+01
    endloop
  endfacet
  facet normal -9.914449e-01 -1.305262e-01 0.000000e+00
    outer loop
      vertex   8.456421e+01 1.480968e+03 9.837169e+00
      vertex   8.449095e+01 1.481524e+03 1.966534e+01
      vertex   8.449095e+01 1.481524e+03 9.837169e+00
    endloop
  endfacet
  facet normal -9.238795e-01 -3.826834e-01 0.000000e+00
    outer loop
      vertex   8.449095e+01 1.481524e+03 9.837169e+00
      vertex   8.449095e+01 1.481524e+03 1.966534e+01
      vertex   8.427617e+01 1.482043e+03 1.963897e+01
    endloop
  endfacet
  facet normal -9.238795e-01 -3.826834e-01 -4.018500e-15
    outer loop
      vertex   8.449095e+01 1.481524e+03 9.837169e+00
      vertex   8.427617e+01 1.482043e+03 1.963897e+01
      vertex   8.427617e+01 1.482043e+03 9.837169e+00
    endloop
  endfacet
  facet normal -7.933533e-01 -6.087614e-01 -3.450660e-15
    outer loop
      vertex   8.427617e+01 1.482043e+03 9.837169e+00
      vertex   8.427617e+01 1.482043e+03 1.963897e+01
      vertex   8.393449e+01 1.482488e+03 1.959702e+01
    endloop
  endfacet
  facet normal -7.933533e-01 -6.087614e-01 1.155250e-15
    outer loop
      vertex   8.427617e+01 1.482043e+03 9.837169e+00
      vertex   8.393449e+01 1.482488e+03 1.959702e+01
      vertex   8.393449e+01 1.482488e+03 9.837169e+00
    endloop
  endfacet
  facet normal -6.087614e-01 -7.933533e-01 8.863887e-16
    outer loop
      vertex   8.393449e+01 1.482488e+03 9.837169e+00
      vertex   8.393449e+01 1.482488e+03 1.959702e+01
      vertex   8.348921e+01 1.482830e+03 1.954234e+01
    endloop
  endfacet
  facet normal -6.087614e-01 -7.933533e-01 3.566800e-15
    outer loop
      vertex   8.393449e+01 1.482488e+03 9.837169e+00
      vertex   8.348921e+01 1.482830e+03 1.954234e+01
      vertex   8.348921e+01 1.482830e+03 9.837169e+00
    endloop
  endfacet
  facet normal -3.826834e-01 -9.238795e-01 2.241385e-15
    outer loop
      vertex   8.348921e+01 1.482830e+03 9.837169e+00
      vertex   8.348921e+01 1.482830e+03 1.954234e+01
      vertex   8.297067e+01 1.483044e+03 1.947868e+01
    endloop
  endfacet
  facet normal -3.826834e-01 -9.238795e-01 0.000000e+00
    outer loop
      vertex   8.348921e+01 1.482830e+03 9.837169e+00
      vertex   8.297067e+01 1.483044e+03 1.947868e+01
      vertex   8.297067e+01 1.483044e+03 9.837169e+00
    endloop
  endfacet
  facet normal -1.305262e-01 -9.914449e-01 0.000000e+00
    outer loop
      vertex   8.297067e+01 1.483044e+03 9.837169e+00
      vertex   8.297067e+01 1.483044e+03 1.947868e+01
      vertex   8.241421e+01 1.483118e+03 1.941035e+01
    endloop
  endfacet
  facet normal -1.305262e-01 -9.914449e-01 0.000000e+00
    outer loop
      vertex   8.297067e+01 1.483044e+03 9.837169e+00
      vertex   8.241421e+01 1.483118e+03 1.941035e+01
      vertex   8.241421e+01 1.483118e+03 9.837169e+00
    endloop
  endfacet
  facet normal 1.305262e-01 -9.914449e-01 0.000000e+00
    outer loop
      vertex   8.241421e+01 1.483118e+03 9.837169e+00
      vertex   8.241421e+01 1.483118e+03 1.941035e+01
      vertex   8.185775e+01 1.483044e+03 1.934203e+01
    endloop
  endfacet
  facet normal 1.305262e-01 -9.914449e-01 0.000000e+00
    outer loop
      vertex   8.241421e+01 1.483118e+03 9.837169e+00
      vertex   8.185775e+01 1.483044e+03 1.934203e+01
      vertex   8.185775e+01 1.483044e+03 9.837169e+00
    endloop
  endfacet
  facet normal 3.826834e-01 -9.238795e-01 0.000000e+00
    outer loop
      vertex   8.185775e+01 1.483044e+03 9.837169e+00
      vertex   8.185775e+01 1.483044e+03 1.934203e+01
      vertex   8.133921e+01 1.482830e+03 1.927836e+01
    endloop
  endfacet
  facet normal 3.826834e-01 -9.238795e-01 2.304677e-15
    outer loop
      vertex   8.185775e+01 1.483044e+03 9.837169e+00
      vertex   8.133921e+01 1.482830e+03 1.927836e+01
      vertex   8.133921e+01 1.482830e+03 9.837169e+00
    endloop
  endfacet
  facet normal 6.087614e-01 -7.933533e-01 3.665225e-15
    outer loop
      vertex   8.133921e+01 1.482830e+03 9.837169e+00
      vertex   8.133921e+01 1.482830e+03 1.927836e+01
      vertex   8.089393e+01 1.482488e+03 1.922368e+01
    endloop
  endfacet
  facet normal 6.087614e-01 -7.933533e-01 1.843944e-15
    outer loop
      vertex   8.133921e+01 1.482830e+03 9.837169e+00
      vertex   8.089393e+01 1.482488e+03 1.922368e+01
      vertex   8.089393e+01 1.482488e+03 9.837169e+00
    endloop
  endfacet
  facet normal 7.933533e-01 -6.087614e-01 2.402218e-15
    outer loop
      vertex   8.089393e+01 1.482488e+03 9.837169e+00
      vertex   8.089393e+01 1.482488e+03 1.922368e+01
      vertex   8.055226e+01 1.482043e+03 1.918173e+01
    endloop
  endfacet
  facet normal 7.933533e-01 -6.087614e-01 -4.826363e-15
    outer loop
      vertex   8.089393e+01 1.482488e+03 9.837169e+00
      vertex   8.055226e+01 1.482043e+03 1.918173e+01
      vertex   8.055226e+01 1.482043e+03 9.837169e+00
    endloop
  endfacet
  facet normal 9.238795e-01 -3.826834e-01 -5.620003e-15
    outer loop
      vertex   8.055226e+01 1.482043e+03 9.837169e+00
      vertex   8.055226e+01 1.482043e+03 1.918173e+01
      vertex   8.033747e+01 1.481524e+03 1.915536e+01
    endloop
  endfacet
  facet normal 9.238795e-01 -3.826834e-01 0.000000e+00
    outer loop
      vertex   8.055226e+01 1.482043e+03 9.837169e+00
      vertex   8.033747e+01 1.481524e+03 1.915536e+01
      vertex   8.033747e+01 1.481524e+03 9.837169e+00
    endloop
  endfacet
  facet normal 9.914449e-01 -1.305262e-01 0.000000e+00
    outer loop
      vertex   8.033747e+01 1.481524e+03 9.837169e+00
      vertex   8.033747e+01 1.481524e+03 1.915536e+01
      vertex   8.026421e+01 1.480968e+03 1.914636e+01
    endloop
  endfacet
  facet normal -5.235198e-01 8.520135e-01 1.688285e-13
    outer loop
      vertex   8.529275e+01 1.477316e+03 2.126379e+01
      vertex   8.529275e+01 1.477316e+03 1.976379e+01
      vertex   8.437138e+01 1.476750e+03 2.115066e+01
    endloop
  endfacet
  facet normal -5.235198e-01 8.520135e-01 -2.975865e-14
    outer loop
      vertex   8.437138e+01 1.476750e+03 2.115066e+01
      vertex   8.529275e+01 1.477316e+03 1.976379e+01
      vertex   8.437138e+01 1.476750e+03 1.965066e+01
    endloop
  endfacet
  facet normal -3.125630e-01 9.498970e-01 -1.776715e-14
    outer loop
      vertex   8.437138e+01 1.476750e+03 2.115066e+01
      vertex   8.437138e+01 1.476750e+03 1.965066e+01
      vertex   8.334416e+01 1.476412e+03 2.102453e+01
    endloop
  endfacet
  facet normal -3.125630e-01 9.498970e-01 -2.072834e-14
    outer loop
      vertex   8.334416e+01 1.476412e+03 2.102453e+01
      vertex   8.437138e+01 1.476750e+03 1.965066e+01
      vertex   8.334416e+01 1.476412e+03 1.952453e+01
    endloop
  endfacet
  facet normal -8.470166e-02 9.964064e-01 -5.617187e-15
    outer loop
      vertex   8.334416e+01 1.476412e+03 2.102453e+01
      vertex   8.334416e+01 1.476412e+03 1.952453e+01
      vertex   8.226665e+01 1.476320e+03 2.089223e+01
    endloop
  endfacet
  facet normal -8.470166e-02 9.964064e-01 -4.814732e-15
    outer loop
      vertex   8.226665e+01 1.476320e+03 2.089223e+01
      vertex   8.334416e+01 1.476412e+03 1.952453e+01
      vertex   8.226665e+01 1.476320e+03 1.939223e+01
    endloop
  endfacet
  facet normal 1.477407e-01 9.890261e-01 8.398087e-15
    outer loop
      vertex   8.226665e+01 1.476320e+03 2.089223e+01
      vertex   8.226665e+01 1.476320e+03 1.939223e+01
      vertex   8.119711e+01 1.476480e+03 2.076091e+01
    endloop
  endfacet
  facet normal 1.477407e-01 9.890261e-01 6.998405e-15
    outer loop
      vertex   8.119711e+01 1.476480e+03 2.076091e+01
      vertex   8.226665e+01 1.476320e+03 1.939223e+01
      vertex   8.119711e+01 1.476480e+03 1.926091e+01
    endloop
  endfacet
  facet normal 3.721927e-01 9.281555e-01 1.763059e-14
    outer loop
      vertex   8.119711e+01 1.476480e+03 2.076091e+01
      vertex   8.119711e+01 1.476480e+03 1.926091e+01
      vertex   8.019340e+01 1.476882e+03 2.063767e+01
    endloop
  endfacet
  facet normal 3.721927e-01 9.281555e-01 1.410447e-14
    outer loop
      vertex   8.019340e+01 1.476882e+03 2.063767e+01
      vertex   8.119711e+01 1.476480e+03 1.926091e+01
      vertex   8.019340e+01 1.476882e+03 1.913767e+01
    endloop
  endfacet
  facet normal 5.765150e-01 8.170866e-01 2.184739e-14
    outer loop
      vertex   8.019340e+01 1.476882e+03 2.063767e+01
      vertex   8.019340e+01 1.476882e+03 1.913767e+01
      vertex   7.930980e+01 1.477506e+03 2.052918e+01
    endloop
  endfacet
  facet normal 5.765150e-01 8.170866e-01 1.638554e-14
    outer loop
      vertex   7.930980e+01 1.477506e+03 2.052918e+01
      vertex   8.019340e+01 1.476882e+03 1.913767e+01
      vertex   7.930980e+01 1.477506e+03 1.902918e+01
    endloop
  endfacet
  facet normal 7.496571e-01 6.618264e-01 2.130654e-14
    outer loop
      vertex   7.930980e+01 1.477506e+03 2.052918e+01
      vertex   7.930980e+01 1.477506e+03 1.902918e+01
      vertex   7.859410e+01 1.478316e+03 2.044130e+01
    endloop
  endfacet
  facet normal 7.496571e-01 6.618264e-01 1.420436e-14
    outer loop
      vertex   7.859410e+01 1.478316e+03 2.044130e+01
      vertex   7.930980e+01 1.477506e+03 1.902918e+01
      vertex   7.859410e+01 1.478316e+03 1.894130e+01
    endloop
  endfacet
  facet normal 8.822549e-01 4.707721e-01 1.671679e-14
    outer loop
      vertex   7.859410e+01 1.478316e+03 2.044130e+01
      vertex   7.859410e+01 1.478316e+03 1.894130e+01
      vertex   7.808501e+01 1.479270e+03 2.037879e+01
    endloop
  endfacet
  facet normal 8.822549e-01 4.707721e-01 -6.300239e-14
    outer loop
      vertex   7.808501e+01 1.479270e+03 2.037879e+01
      vertex   7.859410e+01 1.478316e+03 1.894130e+01
      vertex   7.808501e+01 1.479270e+03 1.887879e+01
    endloop
  endfacet
  facet normal 9.671368e-01 2.542565e-01 -2.937827e-14
    outer loop
      vertex   7.808501e+01 1.479270e+03 2.037879e+01
      vertex   7.808501e+01 1.479270e+03 1.887879e+01
      vertex   7.781006e+01 1.480316e+03 2.034503e+01
    endloop
  endfacet
  facet normal 9.671368e-01 2.542565e-01 9.162560e-15
    outer loop
      vertex   7.781006e+01 1.480316e+03 2.034503e+01
      vertex   7.808501e+01 1.479270e+03 1.887879e+01
      vertex   7.781006e+01 1.480316e+03 1.884503e+01
    endloop
  endfacet
  facet normal 9.997122e-01 2.398981e-02 9.471177e-15
    outer loop
      vertex   7.781006e+01 1.480316e+03 2.034503e+01
      vertex   7.781006e+01 1.480316e+03 1.884503e+01
      vertex   7.778411e+01 1.481397e+03 2.034185e+01
    endloop
  endfacet
  facet normal 9.997122e-01 2.398981e-02 0.000000e+00
    outer loop
      vertex   7.778411e+01 1.481397e+03 2.034185e+01
      vertex   7.781006e+01 1.480316e+03 1.884503e+01
      vertex   7.778411e+01 1.481397e+03 1.884185e+01
    endloop
  endfacet
  facet normal 9.782192e-01 -2.075744e-01 0.000000e+00
    outer loop
      vertex   7.778411e+01 1.481397e+03 2.034185e+01
      vertex   7.778411e+01 1.481397e+03 1.884185e+01
      vertex   7.800859e+01 1.482455e+03 1.886941e+01
    endloop
  endfacet
  facet normal 9.782192e-01 -2.075744e-01 -9.256978e-15
    outer loop
      vertex   7.778411e+01 1.481397e+03 2.034185e+01
      vertex   7.800859e+01 1.482455e+03 1.886941e+01
      vertex   7.800859e+01 1.482455e+03 2.036941e+01
    endloop
  endfacet
  facet normal 9.038203e-01 -4.279121e-01 -8.562706e-15
    outer loop
      vertex   7.800859e+01 1.482455e+03 2.036941e+01
      vertex   7.800859e+01 1.482455e+03 1.886941e+01
      vertex   7.847133e+01 1.483433e+03 1.892623e+01
    endloop
  endfacet
  facet normal 9.038203e-01 -4.279121e-01 -8.555432e-15
    outer loop
      vertex   7.800859e+01 1.482455e+03 2.036941e+01
      vertex   7.847133e+01 1.483433e+03 1.892623e+01
      vertex   7.847133e+01 1.483433e+03 2.042623e+01
    endloop
  endfacet
  facet normal 7.805393e-01 -6.251067e-01 -7.394754e-15
    outer loop
      vertex   7.847133e+01 1.483433e+03 2.042623e+01
      vertex   7.847133e+01 1.483433e+03 1.892623e+01
      vertex   7.914732e+01 1.484277e+03 1.900923e+01
    endloop
  endfacet
  facet normal 7.805393e-01 -6.251067e-01 0.000000e+00
    outer loop
      vertex   7.847133e+01 1.483433e+03 2.042623e+01
      vertex   7.914732e+01 1.484277e+03 1.900923e+01
      vertex   7.914732e+01 1.484277e+03 2.050923e+01
    endloop
  endfacet
  facet normal 6.150436e-01 -7.884931e-01 0.000000e+00
    outer loop
      vertex   7.914732e+01 1.484277e+03 2.050923e+01
      vertex   7.914732e+01 1.484277e+03 1.900923e+01
      vertex   8.000000e+01 1.484942e+03 1.911392e+01
    endloop
  endfacet
  facet normal 6.150436e-01 -7.884931e-01 0.000000e+00
    outer loop
      vertex   7.914732e+01 1.484277e+03 2.050923e+01
      vertex   8.000000e+01 1.484942e+03 1.911392e+01
      vertex   8.000000e+01 1.484942e+03 2.061392e+01
    endloop
  endfacet
  facet normal 1.000000e+00 0.000000e+00 0.000000e+00
    outer loop
      vertex   8.000000e+01 1.484942e+03 1.911392e+01
      vertex   8.000000e+01 1.557164e+03 1.911392e+01
      vertex   8.000000e+01 1.484942e+03 2.061392e+01
    endloop
  endfacet
  facet normal 1.000000e+00 -0.000000e+00 0.000000e+00
    outer loop
      vertex   8.000000e+01 1.484942e+03 2.061392e+01
      vertex   8.000000e+01 1.557164e+03 1.911392e+01
      vertex   8.000000e+01 1.557164e+03 2.061392e+01
    endloop
  endfacet
  facet normal 9.964700e-02 -9.950229e-01 0.000000e+00
    outer loop
      vertex   8.603054e+01 1.564061e+03 1.985438e+01
      vertex   1.509490e+02 1.570563e+03 2.782536e+01
      vertex   8.603054e+01 1.564061e+03 2.135438e+01
    endloop
  endfacet
  facet normal 9.964700e-02 -9.950229e-01 0.000000e+00
    outer loop
      vertex   8.603054e+01 1.564061e+03 2.135438e+01
      vertex   1.509490e+02 1.570563e+03 2.782536e+01
      vertex   1.509490e+02 1.570563e+03 2.932536e+01
    endloop
  endfacet
  facet normal -9.758315e-02 -9.952274e-01 0.000000e+00
    outer loop
      vertex   1.509490e+02 1.570563e+03 2.782536e+01
      vertex   1.973368e+02 1.566014e+03 3.352107e+01
      vertex   1.509490e+02 1.570563e+03 2.932536e+01
    endloop
  endfacet
  facet normal -9.758315e-02 -9.952274e-01 0.000000e+00
    outer loop
      vertex   1.509490e+02 1.570563e+03 2.932536e+01
      vertex   1.973368e+02 1.566014e+03 3.352107e+01
      vertex   1.973368e+02 1.566014e+03 3.502107e+01
    endloop
  endfacet
  facet normal -8.944272e-01 4.472136e-01 0.000000e+00
    outer loop
      vertex   2.085398e+02 1.448987e+03 3.489663e+01
      vertex   2.085398e+02 1.448987e+03 3.639663e+01
      vertex   2.257515e+02 1.483411e+03 3.700996e+01
    endloop
  endfacet
  facet normal -8.944272e-01 4.472136e-01 0.000000e+00
    outer loop
      vertex   2.257515e+02 1.483411e+03 3.700996e+01
      vertex   2.085398e+02 1.448987e+03 3.639663e+01
      vertex   2.257515e+02 1.483411e+03 3.850996e+01
    endloop
  endfacet
  facet normal -8.944272e-01 4.472136e-01 0.000000e+00
    outer loop
      vertex   2.257515e+02 1.483411e+03 3.197241e+01
      vertex   2.257515e+02 1.483411e+03 0.000000e+00
      vertex   2.085398e+02 1.448987e+03 2.985908e+01
    endloop
  endfacet
  facet normal -8.944272e-01 4.472136e-01 0.000000e+00
    outer loop
      vertex   2.085398e+02 1.448987e+03 2.985908e+01
      vertex   2.257515e+02 1.483411e+03 0.000000e+00
      vertex   2.085398e+02 1.448987e+03 0.000000e+00
    endloop
  endfacet
  facet normal 6.695838e-01 -7.427365e-01 0.000000e+00
    outer loop
      vertex   1.973368e+02 1.566014e+03 3.352107e+01
      vertex   1.981198e+02 1.566720e+03 3.361722e+01
      vertex   1.973368e+02 1.566014e+03 3.502107e+01
    endloop
  endfacet
  facet normal 6.695838e-01 -7.427365e-01 -1.998094e-13
    outer loop
      vertex   1.973368e+02 1.566014e+03 3.502107e+01
      vertex   1.981198e+02 1.566720e+03 3.361722e+01
      vertex   1.981198e+02 1.566720e+03 3.511722e+01
    endloop
  endfacet
  facet normal 4.850693e-01 -8.744757e-01 -2.467283e-13
    outer loop
      vertex   1.981198e+02 1.566720e+03 3.511722e+01
      vertex   1.981198e+02 1.566720e+03 3.361722e+01
      vertex   1.990417e+02 1.567232e+03 3.373041e+01
    endloop
  endfacet
  facet normal 4.850693e-01 -8.744757e-01 2.759139e-14
    outer loop
      vertex   1.981198e+02 1.566720e+03 3.511722e+01
      vertex   1.990417e+02 1.567232e+03 3.373041e+01
      vertex   1.990417e+02 1.567232e+03 3.523041e+01
    endloop
  endfacet
  facet normal 2.756218e-01 -9.612661e-01 1.566729e-14
    outer loop
      vertex   1.990417e+02 1.567232e+03 3.523041e+01
      vertex   1.990417e+02 1.567232e+03 3.373041e+01
      vertex   2.000551e+02 1.567522e+03 3.385484e+01
    endloop
  endfacet
  facet normal 2.756218e-01 -9.612661e-01 1.565618e-14
    outer loop
      vertex   1.990417e+02 1.567232e+03 3.523041e+01
      vertex   2.000551e+02 1.567522e+03 3.385484e+01
      vertex   2.000551e+02 1.567522e+03 3.535484e+01
    endloop
  endfacet
  facet normal 5.200722e-02 -9.986467e-01 2.956268e-15
    outer loop
      vertex   2.000551e+02 1.567522e+03 3.535484e+01
      vertex   2.000551e+02 1.567522e+03 3.385484e+01
      vertex   2.011080e+02 1.567577e+03 3.398411e+01
    endloop
  endfacet
  facet normal 5.200722e-02 -9.986467e-01 2.957474e-15
    outer loop
      vertex   2.000551e+02 1.567522e+03 3.535484e+01
      vertex   2.011080e+02 1.567577e+03 3.398411e+01
      vertex   2.011080e+02 1.567577e+03 3.548411e+01
    endloop
  endfacet
  facet normal -1.742806e-01 -9.846960e-01 -9.906707e-15
    outer loop
      vertex   2.011080e+02 1.567577e+03 3.548411e+01
      vertex   2.011080e+02 1.567577e+03 3.398411e+01
      vertex   2.021461e+02 1.567393e+03 3.411157e+01
    endloop
  endfacet
  facet normal -1.742806e-01 -9.846960e-01 0.000000e+00
    outer loop
      vertex   2.011080e+02 1.567577e+03 3.548411e+01
      vertex   2.021461e+02 1.567393e+03 3.411157e+01
      vertex   2.021461e+02 1.567393e+03 3.561157e+01
    endloop
  endfacet
  facet normal -3.916103e-01 -9.201312e-01 -0.000000e+00
    outer loop
      vertex   2.021461e+02 1.567393e+03 3.561157e+01
      vertex   2.021461e+02 1.567393e+03 3.411157e+01
      vertex   2.031161e+02 1.566980e+03 3.423068e+01
    endloop
  endfacet
  facet normal -3.916103e-01 -9.201312e-01 0.000000e+00
    outer loop
      vertex   2.021461e+02 1.567393e+03 3.561157e+01
      vertex   2.031161e+02 1.566980e+03 3.423068e+01
      vertex   2.031161e+02 1.566980e+03 3.573068e+01
    endloop
  endfacet
  facet normal -5.888109e-01 -8.082708e-01 -0.000000e+00
    outer loop
      vertex   2.031161e+02 1.566980e+03 3.573068e+01
      vertex   2.031161e+02 1.566980e+03 3.423068e+01
      vertex   2.039682e+02 1.566360e+03 3.433530e+01
    endloop
  endfacet
  facet normal -5.888109e-01 -8.082708e-01 1.116293e-14
    outer loop
      vertex   2.031161e+02 1.566980e+03 3.573068e+01
      vertex   2.039682e+02 1.566360e+03 3.433530e+01
      vertex   2.039682e+02 1.566360e+03 3.583530e+01
    endloop
  endfacet
  facet normal -7.557461e-01 -6.548647e-01 1.431973e-14
    outer loop
      vertex   2.039682e+02 1.566360e+03 3.583530e+01
      vertex   2.039682e+02 1.566360e+03 3.433530e+01
      vertex   2.046586e+02 1.565563e+03 3.442007e+01
    endloop
  endfacet
  facet normal -7.557461e-01 -6.548647e-01 0.000000e+00
    outer loop
      vertex   2.039682e+02 1.566360e+03 3.583530e+01
      vertex   2.046586e+02 1.565563e+03 3.442007e+01
      vertex   2.046586e+02 1.565563e+03 3.592007e+01
    endloop
  endfacet
  facet normal -8.838354e-01 -4.677980e-01 -0.000000e+00
    outer loop
      vertex   2.046586e+02 1.565563e+03 3.592007e+01
      vertex   2.046586e+02 1.565563e+03 3.442007e+01
      vertex   2.051518e+02 1.564631e+03 3.448063e+01
    endloop
  endfacet
  facet normal -8.838354e-01 -4.677980e-01 3.348879e-14
    outer loop
      vertex   2.046586e+02 1.565563e+03 3.592007e+01
      vertex   2.051518e+02 1.564631e+03 3.448063e+01
      vertex   2.051518e+02 1.564631e+03 3.598063e+01
    endloop
  endfacet
  facet normal -9.664948e-01 -2.566861e-01 3.662591e-14
    outer loop
      vertex   2.051518e+02 1.564631e+03 3.598063e+01
      vertex   2.051518e+02 1.564631e+03 3.448063e+01
      vertex   2.054224e+02 1.563612e+03 3.451385e+01
    endloop
  endfacet
  facet normal -9.664948e-01 -2.566861e-01 3.664811e-14
    outer loop
      vertex   2.051518e+02 1.564631e+03 3.598063e+01
      vertex   2.054224e+02 1.563612e+03 3.451385e+01
      vertex   2.054224e+02 1.563612e+03 3.601385e+01
    endloop
  endfacet
  facet normal -9.994756e-01 -3.238037e-02 3.787574e-14
    outer loop
      vertex   2.054224e+02 1.563612e+03 3.601385e+01
      vertex   2.054224e+02 1.563612e+03 3.451385e+01
      vertex   2.054565e+02 1.562559e+03 3.451804e+01
    endloop
  endfacet
  facet normal -9.994756e-01 -3.238037e-02 -9.815830e-15
    outer loop
      vertex   2.054224e+02 1.563612e+03 3.601385e+01
      vertex   2.054565e+02 1.562559e+03 3.451804e+01
      vertex   2.054565e+02 1.562559e+03 3.601804e+01
    endloop
  endfacet
  facet normal -9.810826e-01 1.935898e-01 5.868962e-14
    outer loop
      vertex   2.054565e+02 1.562559e+03 3.601804e+01
      vertex   2.054565e+02 1.562559e+03 3.451804e+01
      vertex   2.052524e+02 1.561524e+03 3.599298e+01
    endloop
  endfacet
  facet normal -9.810826e-01 1.935898e-01 -1.858936e-14
    outer loop
      vertex   2.052524e+02 1.561524e+03 3.599298e+01
      vertex   2.054565e+02 1.562559e+03 3.451804e+01
      vertex   2.052524e+02 1.561524e+03 3.449298e+01
    endloop
  endfacet
  facet normal -9.122611e-01 4.096092e-01 -1.728535e-14
    outer loop
      vertex   2.052524e+02 1.561524e+03 3.599298e+01
      vertex   2.052524e+02 1.561524e+03 3.449298e+01
      vertex   2.048206e+02 1.560563e+03 3.593996e+01
    endloop
  endfacet
  facet normal -9.122611e-01 4.096092e-01 0.000000e+00
    outer loop
      vertex   2.048206e+02 1.560563e+03 3.593996e+01
      vertex   2.052524e+02 1.561524e+03 3.449298e+01
      vertex   2.048206e+02 1.560563e+03 3.443996e+01
    endloop
  endfacet
  facet normal -1.000000e+00 0.000000e+00 0.000000e+00
    outer loop
      vertex   2.257515e+02 1.508119e+03 3.700996e+01
      vertex   2.257515e+02 1.483411e+03 3.700996e+01
      vertex   2.257515e+02 1.508119e+03 3.850996e+01
    endloop
  endfacet
  facet normal -1.000000e+00 -0.000000e+00 0.000000e+00
    outer loop
      vertex   2.257515e+02 1.508119e+03 3.850996e+01
      vertex   2.257515e+02 1.483411e+03 3.700996e+01
      vertex   2.257515e+02 1.483411e+03 3.850996e+01
    endloop
  endfacet
  facet normal -1.000000e+00 0.000000e+00 0.000000e+00
    outer loop
      vertex   2.257515e+02 1.483411e+03 3.197241e+01
      vertex   2.257515e+02 1.508119e+03 3.197241e+01
      vertex   2.257515e+02 1.483411e+03 0.000000e+00
    endloop
  endfacet
  facet normal -1.000000e+00 0.000000e+00 0.000000e+00
    outer loop
      vertex   2.257515e+02 1.483411e+03 0.000000e+00
      vertex   2.257515e+02 1.508119e+03 3.197241e+01
      vertex   2.257515e+02 1.508119e+03 0.000000e+00
    endloop
  endfacet
  facet normal -9.173752e-01 -3.980235e-01 5.406869e-13
    outer loop
      vertex   2.048206e+02 1.560563e+03 2.940241e+01
      vertex   2.144498e+02 1.538369e+03 3.050000e+01
      vertex   2.240791e+02 1.516175e+03 3.176706e+01
    endloop
  endfacet
  facet normal -9.173752e-01 -3.980235e-01 2.011317e-13
    outer loop
      vertex   2.240791e+02 1.516175e+03 3.176706e+01
      vertex   2.144498e+02 1.538369e+03 3.050000e+01
      vertex   2.152571e+02 1.536508e+03 3.036674e+01
    endloop
  endfacet
  facet normal -9.173752e-01 -3.980235e-01 -8.084562e-14
    outer loop
      vertex   2.240791e+02 1.516175e+03 3.176706e+01
      vertex   2.152571e+02 1.536508e+03 3.036674e+01
      vertex   2.160504e+02 1.534680e+03 2.996925e+01
    endloop
  endfacet
  facet normal -9.173752e-01 -3.980235e-01 0.000000e+00
    outer loop
      vertex   2.048206e+02 1.560563e+03 0.000000e+00
      vertex   2.082805e+02 1.552588e+03 1.493988e+01
      vertex   2.048206e+02 1.560563e+03 2.940241e+01
    endloop
  endfacet
  facet normal -9.173752e-01 -3.980235e-01 9.133900e-16
    outer loop
      vertex   2.048206e+02 1.560563e+03 2.940241e+01
      vertex   2.082805e+02 1.552588e+03 1.493988e+01
      vertex   2.083304e+02 1.552473e+03 1.696850e+01
    endloop
  endfacet
  facet normal -9.173752e-01 -3.980235e-01 -1.868473e-14
    outer loop
      vertex   2.048206e+02 1.560563e+03 2.940241e+01
      vertex   2.083304e+02 1.552473e+03 1.696850e+01
      vertex   2.084856e+02 1.552115e+03 1.896328e+01
    endloop
  endfacet
  facet normal -9.173752e-01 -3.980235e-01 1.618639e-13
    outer loop
      vertex   2.128955e+02 1.541951e+03 0.000000e+00
      vertex   2.121277e+02 1.543721e+03 6.399333e-01
      vertex   2.048206e+02 1.560563e+03 0.000000e+00
    endloop
  endfacet
  facet normal -9.173752e-01 -3.980235e-01 -6.188711e-14
    outer loop
      vertex   2.048206e+02 1.560563e+03 0.000000e+00
      vertex   2.121277e+02 1.543721e+03 6.399333e-01
      vertex   2.113998e+02 1.545399e+03 1.526785e+00
    endloop
  endfacet
  facet normal -9.173752e-01 -3.980235e-01 2.426929e-14
    outer loop
      vertex   2.048206e+02 1.560563e+03 0.000000e+00
      vertex   2.113998e+02 1.545399e+03 1.526785e+00
      vertex   2.107243e+02 1.546956e+03 2.645305e+00
    endloop
  endfacet
  facet normal -9.173752e-01 -3.980235e-01 -3.395264e-14
    outer loop
      vertex   2.107243e+02 1.546956e+03 2.645305e+00
      vertex   2.101129e+02 1.548365e+03 3.976261e+00
      vertex   2.048206e+02 1.560563e+03 0.000000e+00
    endloop
  endfacet
  facet normal -9.173752e-01 -3.980235e-01 2.194373e-14
    outer loop
      vertex   2.048206e+02 1.560563e+03 0.000000e+00
      vertex   2.101129e+02 1.548365e+03 3.976261e+00
      vertex   2.095761e+02 1.549602e+03 5.496767e+00
    endloop
  endfacet
  facet normal -9.173752e-01 -3.980235e-01 -4.633617e-14
    outer loop
      vertex   2.048206e+02 1.560563e+03 0.000000e+00
      vertex   2.095761e+02 1.549602e+03 5.496767e+00
      vertex   2.091230e+02 1.550646e+03 7.180680e+00
    endloop
  endfacet
  facet normal -9.173752e-01 -3.980235e-01 6.667366e-15
    outer loop
      vertex   2.091230e+02 1.550646e+03 7.180680e+00
      vertex   2.087616e+02 1.551479e+03 8.999044e+00
      vertex   2.048206e+02 1.560563e+03 0.000000e+00
    endloop
  endfacet
  facet normal -9.173752e-01 -3.980235e-01 5.118645e-15
    outer loop
      vertex   2.048206e+02 1.560563e+03 0.000000e+00
      vertex   2.087616e+02 1.551479e+03 8.999044e+00
      vertex   2.084980e+02 1.552087e+03 1.092059e+01
    endloop
  endfacet
  facet normal -9.173752e-01 -3.980235e-01 9.493919e-15
    outer loop
      vertex   2.048206e+02 1.560563e+03 0.000000e+00
      vertex   2.084980e+02 1.552087e+03 1.092059e+01
      vertex   2.083367e+02 1.552459e+03 1.291229e+01
    endloop
  endfacet
  facet normal -9.173752e-01 -3.980235e-01 8.739949e-15
    outer loop
      vertex   2.083367e+02 1.552459e+03 1.291229e+01
      vertex   2.082805e+02 1.552588e+03 1.493988e+01
      vertex   2.048206e+02 1.560563e+03 0.000000e+00
    endloop
  endfacet
  facet normal -9.173752e-01 -3.980235e-01 3.208481e-15
    outer loop
      vertex   2.084856e+02 1.552115e+03 1.896328e+01
      vertex   2.087433e+02 1.551522e+03 2.088991e+01
      vertex   2.048206e+02 1.560563e+03 2.940241e+01
    endloop
  endfacet
  facet normal -9.173752e-01 -3.980235e-01 7.216674e-15
    outer loop
      vertex   2.048206e+02 1.560563e+03 2.940241e+01
      vertex   2.087433e+02 1.551522e+03 2.088991e+01
      vertex   2.090991e+02 1.550701e+03 2.271526e+01
    endloop
  endfacet
  facet normal -9.173752e-01 -3.980235e-01 2.707466e-14
    outer loop
      vertex   2.048206e+02 1.560563e+03 2.940241e+01
      vertex   2.090991e+02 1.550701e+03 2.271526e+01
      vertex   2.095469e+02 1.549669e+03 2.440795e+01
    endloop
  endfacet
  facet normal -9.173752e-01 -3.980235e-01 -5.124119e-14
    outer loop
      vertex   2.095469e+02 1.549669e+03 2.440795e+01
      vertex   2.100790e+02 1.548443e+03 2.593888e+01
      vertex   2.048206e+02 1.560563e+03 2.940241e+01
    endloop
  endfacet
  facet normal -9.173752e-01 -3.980235e-01 2.036735e-14
    outer loop
      vertex   2.048206e+02 1.560563e+03 2.940241e+01
      vertex   2.100790e+02 1.548443e+03 2.593888e+01
      vertex   2.106863e+02 1.547043e+03 2.728171e+01
    endloop
  endfacet
  facet normal -9.173752e-01 -3.980235e-01 -4.279192e-14
    outer loop
      vertex   2.048206e+02 1.560563e+03 2.940241e+01
      vertex   2.106863e+02 1.547043e+03 2.728171e+01
      vertex   2.113583e+02 1.545494e+03 2.841336e+01
    endloop
  endfacet
  facet normal -9.173752e-01 -3.980235e-01 2.578715e-14
    outer loop
      vertex   2.113583e+02 1.545494e+03 2.841336e+01
      vertex   2.120834e+02 1.543823e+03 2.931437e+01
      vertex   2.048206e+02 1.560563e+03 2.940241e+01
    endloop
  endfacet
  facet normal -9.173752e-01 -3.980235e-01 1.125692e-13
    outer loop
      vertex   2.048206e+02 1.560563e+03 2.940241e+01
      vertex   2.120834e+02 1.543823e+03 2.931437e+01
      vertex   2.128492e+02 1.542058e+03 2.996925e+01
    endloop
  endfacet
  facet normal -9.173752e-01 -3.980235e-01 1.609246e-13
    outer loop
      vertex   2.048206e+02 1.560563e+03 2.940241e+01
      vertex   2.128492e+02 1.542058e+03 2.996925e+01
      vertex   2.136426e+02 1.540229e+03 3.036674e+01
    endloop
  endfacet
  facet normal -9.173752e-01 -3.980235e-01 -9.968864e-13
    outer loop
      vertex   2.136426e+02 1.540229e+03 3.036674e+01
      vertex   2.144498e+02 1.538369e+03 3.050000e+01
      vertex   2.048206e+02 1.560563e+03 2.940241e+01
    endloop
  endfacet
  facet normal -9.173752e-01 -3.980235e-01 3.751147e-14
    outer loop
      vertex   2.160504e+02 1.534680e+03 2.996925e+01
      vertex   2.168163e+02 1.532915e+03 2.931437e+01
      vertex   2.240791e+02 1.516175e+03 3.176706e+01
    endloop
  endfacet
  facet normal -9.173752e-01 -3.980235e-01 -8.359542e-14
    outer loop
      vertex   2.240791e+02 1.516175e+03 3.176706e+01
      vertex   2.168163e+02 1.532915e+03 2.931437e+01
      vertex   2.175414e+02 1.531243e+03 2.841336e+01
    endloop
  endfacet
  facet normal -9.173752e-01 -3.980235e-01 4.160724e-14
    outer loop
      vertex   2.240791e+02 1.516175e+03 3.176706e+01
      vertex   2.175414e+02 1.531243e+03 2.841336e+01
      vertex   2.182134e+02 1.529694e+03 2.728171e+01
    endloop
  endfacet
  facet normal -9.173752e-01 -3.980235e-01 2.341102e-14
    outer loop
      vertex   2.182134e+02 1.529694e+03 2.728171e+01
      vertex   2.188207e+02 1.528295e+03 2.593888e+01
      vertex   2.240791e+02 1.516175e+03 3.176706e+01
    endloop
  endfacet
  facet normal -9.173752e-01 -3.980235e-01 -2.003511e-14
    outer loop
      vertex   2.240791e+02 1.516175e+03 3.176706e+01
      vertex   2.188207e+02 1.528295e+03 2.593888e+01
      vertex   2.193528e+02 1.527068e+03 2.440795e+01
    endloop
  endfacet
  facet normal -9.173752e-01 -3.980235e-01 1.326975e-14
    outer loop
      vertex   2.240791e+02 1.516175e+03 3.176706e+01
      vertex   2.193528e+02 1.527068e+03 2.440795e+01
      vertex   2.198006e+02 1.526036e+03 2.271526e+01
    endloop
  endfacet
  facet normal -9.173752e-01 -3.980235e-01 -3.876338e-14
    outer loop
      vertex   2.198006e+02 1.526036e+03 2.271526e+01
      vertex   2.201564e+02 1.525216e+03 2.088991e+01
      vertex   2.240791e+02 1.516175e+03 3.176706e+01
    endloop
  endfacet
  facet normal -9.173752e-01 -3.980235e-01 3.139205e-14
    outer loop
      vertex   2.240791e+02 1.516175e+03 3.176706e+01
      vertex   2.201564e+02 1.525216e+03 2.088991e+01
      vertex   2.204141e+02 1.524622e+03 1.896328e+01
    endloop
  endfacet
  facet normal -9.173752e-01 -3.980235e-01 -1.627443e-14
    outer loop
      vertex   2.240791e+02 1.516175e+03 3.176706e+01
      vertex   2.204141e+02 1.524622e+03 1.896328e+01
      vertex   2.205693e+02 1.524265e+03 1.696850e+01
    endloop
  endfacet
  facet normal -9.173752e-01 -3.980235e-01 -8.856160e-16
    outer loop
      vertex   2.205693e+02 1.524265e+03 1.696850e+01
      vertex   2.206192e+02 1.524150e+03 1.493988e+01
      vertex   2.240791e+02 1.516175e+03 3.176706e+01
    endloop
  endfacet
  facet normal -9.173752e-01 -3.980235e-01 -0.000000e+00
    outer loop
      vertex   2.240791e+02 1.516175e+03 3.176706e+01
      vertex   2.206192e+02 1.524150e+03 1.493988e+01
      vertex   2.240791e+02 1.516175e+03 0.000000e+00
    endloop
  endfacet
  facet normal -9.173752e-01 -3.980235e-01 3.114539e-14
    outer loop
      vertex   2.240791e+02 1.516175e+03 0.000000e+00
      vertex   2.206192e+02 1.524150e+03 1.493988e+01
      vertex   2.205630e+02 1.524279e+03 1.291229e+01
    endloop
  endfacet
  facet normal -9.173752e-01 -3.980235e-01 -1.120594e-14
    outer loop
      vertex   2.240791e+02 1.516175e+03 0.000000e+00
      vertex   2.205630e+02 1.524279e+03 1.291229e+01
      vertex   2.204017e+02 1.524651e+03 1.092059e+01
    endloop
  endfacet
  facet normal -9.173752e-01 -3.980235e-01 -7.589103e-15
    outer loop
      vertex   2.204017e+02 1.524651e+03 1.092059e+01
      vertex   2.201381e+02 1.525258e+03 8.999044e+00
      vertex   2.240791e+02 1.516175e+03 0.000000e+00
    endloop
  endfacet
  facet normal -9.173752e-01 -3.980235e-01 -4.397408e-14
    outer loop
      vertex   2.240791e+02 1.516175e+03 0.000000e+00
      vertex   2.201381e+02 1.525258e+03 8.999044e+00
      vertex   2.197766e+02 1.526091e+03 7.180680e+00
    endloop
  endfacet
  facet normal -9.173752e-01 -3.980235e-01 4.633617e-14
    outer loop
      vertex   2.240791e+02 1.516175e+03 0.000000e+00
      vertex   2.197766e+02 1.526091e+03 7.180680e+00
      vertex   2.193236e+02 1.527136e+03 5.496767e+00
    endloop
  endfacet
  facet normal -9.173752e-01 -3.980235e-01 -2.215206e-14
    outer loop
      vertex   2.193236e+02 1.527136e+03 5.496767e+00
      vertex   2.187868e+02 1.528373e+03 3.976261e+00
      vertex   2.240791e+02 1.516175e+03 0.000000e+00
    endloop
  endfacet
  facet normal -9.173752e-01 -3.980235e-01 4.835453e-14
    outer loop
      vertex   2.240791e+02 1.516175e+03 0.000000e+00
      vertex   2.187868e+02 1.528373e+03 3.976261e+00
      vertex   2.181754e+02 1.529782e+03 2.645305e+00
    endloop
  endfacet
  facet normal -9.173752e-01 -3.980235e-01 -4.516784e-14
    outer loop
      vertex   2.240791e+02 1.516175e+03 0.000000e+00
      vertex   2.181754e+02 1.529782e+03 2.645305e+00
      vertex   2.174999e+02 1.531339e+03 1.526785e+00
    endloop
  endfacet
  facet normal -9.173752e-01 -3.980235e-01 8.651981e-14
    outer loop
      vertex   2.174999e+02 1.531339e+03 1.526785e+00
      vertex   2.167720e+02 1.533017e+03 6.399333e-01
      vertex   2.240791e+02 1.516175e+03 0.000000e+00
    endloop
  endfacet
  facet normal -9.173752e-01 -3.980235e-01 7.443276e-14
    outer loop
      vertex   2.240791e+02 1.516175e+03 0.000000e+00
      vertex   2.167720e+02 1.533017e+03 6.399333e-01
      vertex   2.160042e+02 1.534786e+03 0.000000e+00
    endloop
  endfacet
  facet normal -9.173752e-01 -3.980235e-01 0.000000e+00
    outer loop
      vertex   2.048206e+02 1.560563e+03 3.443996e+01
      vertex   2.240791e+02 1.516175e+03 3.680461e+01
      vertex   2.048206e+02 1.560563e+03 3.593996e+01
    endloop
  endfacet
  facet normal -9.173752e-01 -3.980235e-01 0.000000e+00
    outer loop
      vertex   2.048206e+02 1.560563e+03 3.593996e+01
      vertex   2.240791e+02 1.516175e+03 3.680461e+01
      vertex   2.240791e+02 1.516175e+03 3.830461e+01
    endloop
  endfacet
  facet normal -9.295924e-01 3.649615e-01 5.158517e-02
    outer loop
      vertex   2.221242e+02 1.528218e+03 1.317999e+01
      vertex   2.205630e+02 1.524279e+03 1.291229e+01
      vertex   2.221773e+02 1.528096e+03 1.500000e+01
    endloop
  endfacet
  facet normal -9.292527e-01 3.661643e-01 4.912363e-02
    outer loop
      vertex   2.221773e+02 1.528096e+03 1.500000e+01
      vertex   2.205630e+02 1.524279e+03 1.291229e+01
      vertex   2.206192e+02 1.524150e+03 1.493988e+01
    endloop
  endfacet
  facet normal -9.290043e-01 3.674804e-01 -4.369321e-02
    outer loop
      vertex   2.221773e+02 1.528096e+03 1.500000e+01
      vertex   2.206192e+02 1.524150e+03 1.493988e+01
      vertex   2.205693e+02 1.524265e+03 1.696850e+01
    endloop
  endfacet
  facet normal -9.235568e-01 3.564703e-01 1.413212e-01
    outer loop
      vertex   2.205630e+02 1.524279e+03 1.291229e+01
      vertex   2.221242e+02 1.528218e+03 1.317999e+01
      vertex   2.204017e+02 1.524651e+03 1.092059e+01
    endloop
  endfacet
  facet normal -9.243930e-01 3.492654e-01 1.533337e-01
    outer loop
      vertex   2.204017e+02 1.524651e+03 1.092059e+01
      vertex   2.221242e+02 1.528218e+03 1.317999e+01
      vertex   2.219663e+02 1.528582e+03 1.139876e+01
    endloop
  endfacet
  facet normal -9.132524e-01 3.353437e-01 2.313323e-01
    outer loop
      vertex   2.204017e+02 1.524651e+03 1.092059e+01
      vertex   2.219663e+02 1.528582e+03 1.139876e+01
      vertex   2.201381e+02 1.525258e+03 8.999044e+00
    endloop
  endfacet
  facet normal -9.131677e-01 3.207076e-01 2.515380e-01
    outer loop
      vertex   2.201381e+02 1.525258e+03 8.999044e+00
      vertex   2.219663e+02 1.528582e+03 1.139876e+01
      vertex   2.217068e+02 1.529180e+03 9.694291e+00
    endloop
  endfacet
  facet normal -8.985033e-01 3.031511e-01 3.174763e-01
    outer loop
      vertex   2.201381e+02 1.525258e+03 8.999044e+00
      vertex   2.217068e+02 1.529180e+03 9.694291e+00
      vertex   2.197766e+02 1.526091e+03 7.180680e+00
    endloop
  endfacet
  facet normal -8.961781e-01 2.798779e-01 3.442865e-01
    outer loop
      vertex   2.197766e+02 1.526091e+03 7.180680e+00
      vertex   2.217068e+02 1.529180e+03 9.694291e+00
      vertex   2.213514e+02 1.529999e+03 8.102903e+00
    endloop
  endfacet
  facet normal -8.795652e-01 2.604734e-01 3.981441e-01
    outer loop
      vertex   2.197766e+02 1.526091e+03 7.180680e+00
      vertex   2.213514e+02 1.529999e+03 8.102903e+00
      vertex   2.193236e+02 1.527136e+03 5.496767e+00
    endloop
  endfacet
  facet normal -8.737825e-01 2.275940e-01 4.297733e-01
    outer loop
      vertex   2.193236e+02 1.527136e+03 5.496767e+00
      vertex   2.213514e+02 1.529999e+03 8.102903e+00
      vertex   2.209074e+02 1.531022e+03 6.658515e+00
    endloop
  endfacet
  facet normal -8.567801e-01 2.080951e-01 4.718308e-01
    outer loop
      vertex   2.193236e+02 1.527136e+03 5.496767e+00
      vertex   2.209074e+02 1.531022e+03 6.658515e+00
      vertex   2.187868e+02 1.528373e+03 3.976261e+00
    endloop
  endfacet
  facet normal -8.464299e-01 1.648870e-01 5.063287e-01
    outer loop
      vertex   2.187868e+02 1.528373e+03 3.976261e+00
      vertex   2.209074e+02 1.531022e+03 6.658515e+00
      vertex   2.203845e+02 1.532228e+03 5.391911e+00
    endloop
  endfacet
  facet normal -8.305700e-01 1.469879e-01 5.371667e-01
    outer loop
      vertex   2.187868e+02 1.528373e+03 3.976261e+00
      vertex   2.203845e+02 1.532228e+03 5.391911e+00
      vertex   2.181754e+02 1.529782e+03 2.645305e+00
    endloop
  endfacet
  facet normal -8.146517e-01 9.298372e-02 5.724480e-01
    outer loop
      vertex   2.181754e+02 1.529782e+03 2.645305e+00
      vertex   2.203845e+02 1.532228e+03 5.391911e+00
      vertex   2.197938e+02 1.533589e+03 4.330086e+00
    endloop
  endfacet
  facet normal -8.014279e-01 7.829143e-02 5.929450e-01
    outer loop
      vertex   2.181754e+02 1.529782e+03 2.645305e+00
      vertex   2.197938e+02 1.533589e+03 4.330086e+00
      vertex   2.174999e+02 1.531339e+03 1.526785e+00
    endloop
  endfacet
  facet normal -7.790529e-01 1.328539e-02 6.268174e-01
    outer loop
      vertex   2.174999e+02 1.531339e+03 1.526785e+00
      vertex   2.197938e+02 1.533589e+03 4.330086e+00
      vertex   2.191478e+02 1.535078e+03 3.495673e+00
    endloop
  endfacet
  facet normal -7.699079e-01 3.289409e-03 6.381465e-01
    outer loop
      vertex   2.174999e+02 1.531339e+03 1.526785e+00
      vertex   2.191478e+02 1.535078e+03 3.495673e+00
      vertex   2.167720e+02 1.533017e+03 6.399333e-01
    endloop
  endfacet
  facet normal -7.403021e-01 -7.265596e-02 6.683367e-01
    outer loop
      vertex   2.167720e+02 1.533017e+03 6.399333e-01
      vertex   2.191478e+02 1.535078e+03 3.495673e+00
      vertex   2.184604e+02 1.536662e+03 2.906454e+00
    endloop
  endfacet
  facet normal -7.366139e-01 -7.661629e-02 6.719597e-01
    outer loop
      vertex   2.167720e+02 1.533017e+03 6.399333e-01
      vertex   2.184604e+02 1.536662e+03 2.906454e+00
      vertex   2.160042e+02 1.534786e+03 0.000000e+00
    endloop
  endfacet
  facet normal -7.108495e-01 -1.378388e-01 6.897053e-01
    outer loop
      vertex   2.160042e+02 1.534786e+03 0.000000e+00
      vertex   2.184604e+02 1.536662e+03 2.906454e+00
      vertex   2.158097e+02 1.535789e+03 6.846334e-16
    endloop
  endfacet
  facet normal -7.032914e-01 -1.659565e-01 6.912594e-01
    outer loop
      vertex   2.158097e+02 1.535789e+03 6.846334e-16
      vertex   2.184604e+02 1.536662e+03 2.906454e+00
      vertex   2.177461e+02 1.538309e+03 2.574988e+00
    endloop
  endfacet
  facet normal -6.945199e-01 -1.785351e-01 6.969702e-01
    outer loop
      vertex   2.158097e+02 1.535789e+03 6.846334e-16
      vertex   2.177461e+02 1.538309e+03 2.574988e+00
      vertex   2.155629e+02 1.536750e+03 1.167620e-15
    endloop
  endfacet
  facet normal -6.644022e-01 -2.390906e-01 7.080999e-01
    outer loop
      vertex   2.155629e+02 1.536750e+03 1.167620e-15
      vertex   2.177461e+02 1.538309e+03 2.574988e+00
      vertex   2.149085e+02 1.538568e+03 1.550446e-15
    endloop
  endfacet
  facet normal -6.619202e-01 -2.591688e-01 7.033443e-01
    outer loop
      vertex   2.149085e+02 1.538568e+03 1.550446e-15
      vertex   2.177461e+02 1.538309e+03 2.574988e+00
      vertex   2.170203e+02 1.539982e+03 2.508339e+00
    endloop
  endfacet
  facet normal -6.274072e-01 -3.213045e-01 7.093121e-01
    outer loop
      vertex   2.149085e+02 1.538568e+03 1.550446e-15
      vertex   2.170203e+02 1.539982e+03 2.508339e+00
      vertex   2.140277e+02 1.540288e+03 1.167620e-15
    endloop
  endfacet
  facet normal -6.218577e-01 -3.536155e-01 6.987482e-01
    outer loop
      vertex   2.140277e+02 1.540288e+03 1.167620e-15
      vertex   2.170203e+02 1.539982e+03 2.508339e+00
      vertex   2.162983e+02 1.541646e+03 2.707929e+00
    endloop
  endfacet
  facet normal -6.034282e-01 -3.843209e-01 6.986930e-01
    outer loop
      vertex   2.140277e+02 1.540288e+03 1.167620e-15
      vertex   2.162983e+02 1.541646e+03 2.707929e+00
      vertex   2.134951e+02 1.541124e+03 6.846334e-16
    endloop
  endfacet
  facet normal -5.866591e-01 -4.252242e-01 6.892137e-01
    outer loop
      vertex   2.134951e+02 1.541124e+03 6.846334e-16
      vertex   2.162983e+02 1.541646e+03 2.707929e+00
      vertex   2.128955e+02 1.541951e+03 0.000000e+00
    endloop
  endfacet
  facet normal -5.814643e-01 -4.461602e-01 6.803237e-01
    outer loop
      vertex   2.128955e+02 1.541951e+03 0.000000e+00
      vertex   2.162983e+02 1.541646e+03 2.707929e+00
      vertex   2.155955e+02 1.543265e+03 3.169503e+00
    endloop
  endfacet
  facet normal -5.559952e-01 -4.852502e-01 6.748345e-01
    outer loop
      vertex   2.128955e+02 1.541951e+03 0.000000e+00
      vertex   2.155955e+02 1.543265e+03 3.169503e+00
      vertex   2.121277e+02 1.543721e+03 6.399333e-01
    endloop
  endfacet
  facet normal -5.425483e-01 -5.352849e-01 6.473881e-01
    outer loop
      vertex   2.121277e+02 1.543721e+03 6.399333e-01
      vertex   2.155955e+02 1.543265e+03 3.169503e+00
      vertex   2.149271e+02 1.544806e+03 3.883223e+00
    endloop
  endfacet
  facet normal -5.220024e-01 -5.644894e-01 6.394257e-01
    outer loop
      vertex   2.121277e+02 1.543721e+03 6.399333e-01
      vertex   2.149271e+02 1.544806e+03 3.883223e+00
      vertex   2.113998e+02 1.545399e+03 1.526785e+00
    endloop
  endfacet
  facet normal -5.054911e-01 -6.191205e-01 6.009730e-01
    outer loop
      vertex   2.113998e+02 1.545399e+03 1.526785e+00
      vertex   2.149271e+02 1.544806e+03 3.883223e+00
      vertex   2.143071e+02 1.546235e+03 4.833878e+00
    endloop
  endfacet
  facet normal -4.905397e-01 -6.387274e-01 5.927883e-01
    outer loop
      vertex   2.113998e+02 1.545399e+03 1.526785e+00
      vertex   2.143071e+02 1.546235e+03 4.833878e+00
      vertex   2.107243e+02 1.546956e+03 2.645305e+00
    endloop
  endfacet
  facet normal -4.710098e-01 -6.960062e-01 5.419641e-01
    outer loop
      vertex   2.107243e+02 1.546956e+03 2.645305e+00
      vertex   2.143071e+02 1.546235e+03 4.833878e+00
      vertex   2.137488e+02 1.547522e+03 6.001207e+00
    endloop
  endfacet
  facet normal -4.621958e-01 -7.066003e-01 5.358088e-01
    outer loop
      vertex   2.107243e+02 1.546956e+03 2.645305e+00
      vertex   2.137488e+02 1.547522e+03 6.001207e+00
      vertex   2.101129e+02 1.548365e+03 3.976261e+00
    endloop
  endfacet
  facet normal -4.397674e-01 -7.644014e-01 4.714819e-01
    outer loop
      vertex   2.101129e+02 1.548365e+03 3.976261e+00
      vertex   2.137488e+02 1.547522e+03 6.001207e+00
      vertex   2.132640e+02 1.548639e+03 7.360329e+00
    endloop
  endfacet
  facet normal -4.375018e-01 -7.668727e-01 4.695726e-01
    outer loop
      vertex   2.101129e+02 1.548365e+03 3.976261e+00
      vertex   2.132640e+02 1.548639e+03 7.360329e+00
      vertex   2.095761e+02 1.549602e+03 5.496767e+00
    endloop
  endfacet
  facet normal -4.142659e-01 -8.192341e-01 3.965341e-01
    outer loop
      vertex   2.095761e+02 1.549602e+03 5.496767e+00
      vertex   2.132640e+02 1.548639e+03 7.360329e+00
      vertex   2.091230e+02 1.550646e+03 7.180680e+00
    endloop
  endfacet
  facet normal -4.153241e-01 -8.220421e-01 3.895545e-01
    outer loop
      vertex   2.091230e+02 1.550646e+03 7.180680e+00
      vertex   2.132640e+02 1.548639e+03 7.360329e+00
      vertex   2.128633e+02 1.549563e+03 8.882277e+00
    endloop
  endfacet
  facet normal -3.940571e-01 -8.627207e-01 3.169100e-01
    outer loop
      vertex   2.091230e+02 1.550646e+03 7.180680e+00
      vertex   2.128633e+02 1.549563e+03 8.882277e+00
      vertex   2.087616e+02 1.551479e+03 8.999044e+00
    endloop
  endfacet
  facet normal -3.969133e-01 -8.677498e-01 2.991156e-01
    outer loop
      vertex   2.087616e+02 1.551479e+03 8.999044e+00
      vertex   2.128633e+02 1.549563e+03 8.882277e+00
      vertex   2.125550e+02 1.550273e+03 1.053461e+01
    endloop
  endfacet
  facet normal -3.785549e-01 -8.961752e-01 2.314437e-01
    outer loop
      vertex   2.087616e+02 1.551479e+03 8.999044e+00
      vertex   2.125550e+02 1.550273e+03 1.053461e+01
      vertex   2.084980e+02 1.552087e+03 1.092059e+01
    endloop
  endfacet
  facet normal -3.834525e-01 -9.010278e-01 2.027636e-01
    outer loop
      vertex   2.084980e+02 1.552087e+03 1.092059e+01
      vertex   2.125550e+02 1.550273e+03 1.053461e+01
      vertex   2.123457e+02 1.550756e+03 1.228212e+01
    endloop
  endfacet
  facet normal -3.680469e-01 -9.189449e-01 1.417101e-01
    outer loop
      vertex   2.084980e+02 1.552087e+03 1.092059e+01
      vertex   2.123457e+02 1.550756e+03 1.228212e+01
      vertex   2.083367e+02 1.552459e+03 1.291229e+01
    endloop
  endfacet
  facet normal -3.752115e-01 -9.212656e-01 1.024010e-01
    outer loop
      vertex   2.083367e+02 1.552459e+03 1.291229e+01
      vertex   2.123457e+02 1.550756e+03 1.228212e+01
      vertex   2.122400e+02 1.550999e+03 1.408756e+01
    endloop
  endfacet
  facet normal -3.627281e-01 -9.305863e-01 4.937059e-02
    outer loop
      vertex   2.083367e+02 1.552459e+03 1.291229e+01
      vertex   2.122400e+02 1.550999e+03 1.408756e+01
      vertex   2.082805e+02 1.552588e+03 1.493988e+01
    endloop
  endfacet
  facet normal -3.723545e-01 -9.280906e-01 0.000000e+00
    outer loop
      vertex   2.082805e+02 1.552588e+03 1.493988e+01
      vertex   2.122400e+02 1.550999e+03 1.408756e+01
      vertex   2.122400e+02 1.550999e+03 1.591244e+01
    endloop
  endfacet
  facet normal -3.626975e-01 -9.308742e-01 -4.386108e-02
    outer loop
      vertex   2.082805e+02 1.552588e+03 1.493988e+01
      vertex   2.122400e+02 1.550999e+03 1.591244e+01
      vertex   2.083304e+02 1.552473e+03 1.696850e+01
    endloop
  endfacet
  facet normal -3.749381e-01 -9.213735e-01 -1.024316e-01
    outer loop
      vertex   2.083304e+02 1.552473e+03 1.696850e+01
      vertex   2.122400e+02 1.550999e+03 1.591244e+01
      vertex   2.123457e+02 1.550756e+03 1.771788e+01
    endloop
  endfacet
  facet normal -3.679557e-01 -9.198063e-01 -1.362532e-01
    outer loop
      vertex   2.083304e+02 1.552473e+03 1.696850e+01
      vertex   2.123457e+02 1.550756e+03 1.771788e+01
      vertex   2.084856e+02 1.552115e+03 1.896328e+01
    endloop
  endfacet
  facet normal -3.829101e-01 -9.012312e-01 -2.028847e-01
    outer loop
      vertex   2.084856e+02 1.552115e+03 1.896328e+01
      vertex   2.123457e+02 1.550756e+03 1.771788e+01
      vertex   2.125550e+02 1.550273e+03 1.946539e+01
    endloop
  endfacet
  facet normal -3.784047e-01 -8.976037e-01 -2.260917e-01
    outer loop
      vertex   2.084856e+02 1.552115e+03 1.896328e+01
      vertex   2.125550e+02 1.550273e+03 1.946539e+01
      vertex   2.087433e+02 1.551522e+03 2.088991e+01
    endloop
  endfacet
  facet normal -3.961101e-01 -8.680244e-01 -2.993835e-01
    outer loop
      vertex   2.087433e+02 1.551522e+03 2.088991e+01
      vertex   2.125550e+02 1.550273e+03 1.946539e+01
      vertex   2.128633e+02 1.549563e+03 2.111772e+01
    endloop
  endfacet
  facet normal -3.938505e-01 -8.647056e-01 -3.117148e-01
    outer loop
      vertex   2.087433e+02 1.551522e+03 2.088991e+01
      vertex   2.128633e+02 1.549563e+03 2.111772e+01
      vertex   2.090991e+02 1.550701e+03 2.271526e+01
    endloop
  endfacet
  facet normal -4.142722e-01 -8.223522e-01 -3.900198e-01
    outer loop
      vertex   2.090991e+02 1.550701e+03 2.271526e+01
      vertex   2.128633e+02 1.549563e+03 2.111772e+01
      vertex   2.132640e+02 1.548639e+03 2.263967e+01
    endloop
  endfacet
  facet normal -4.140067e-01 -8.217600e-01 -3.915469e-01
    outer loop
      vertex   2.090991e+02 1.550701e+03 2.271526e+01
      vertex   2.132640e+02 1.548639e+03 2.263967e+01
      vertex   2.095469e+02 1.549669e+03 2.440795e+01
    endloop
  endfacet
  facet normal -4.351632e-01 -7.704142e-01 -4.659345e-01
    outer loop
      vertex   2.095469e+02 1.549669e+03 2.440795e+01
      vertex   2.132640e+02 1.548639e+03 2.263967e+01
      vertex   2.100790e+02 1.548443e+03 2.593888e+01
    endloop
  endfacet
  facet normal -4.407394e-01 -7.641716e-01 -4.709464e-01
    outer loop
      vertex   2.100790e+02 1.548443e+03 2.593888e+01
      vertex   2.132640e+02 1.548639e+03 2.263967e+01
      vertex   2.137488e+02 1.547522e+03 2.399879e+01
    endloop
  endfacet
  facet normal -4.598773e-01 -7.105168e-01 -5.326150e-01
    outer loop
      vertex   2.100790e+02 1.548443e+03 2.593888e+01
      vertex   2.137488e+02 1.547522e+03 2.399879e+01
      vertex   2.106863e+02 1.547043e+03 2.728171e+01
    endloop
  endfacet
  facet normal -4.716986e-01 -6.958932e-01 -5.415100e-01
    outer loop
      vertex   2.106863e+02 1.547043e+03 2.728171e+01
      vertex   2.137488e+02 1.547522e+03 2.399879e+01
      vertex   2.143071e+02 1.546235e+03 2.516612e+01
    endloop
  endfacet
  facet normal -4.882614e-01 -6.429785e-01 -5.900673e-01
    outer loop
      vertex   2.106863e+02 1.547043e+03 2.728171e+01
      vertex   2.143071e+02 1.546235e+03 2.516612e+01
      vertex   2.113583e+02 1.545494e+03 2.841336e+01
    endloop
  endfacet
  facet normal -5.059152e-01 -6.190888e-01 -6.006487e-01
    outer loop
      vertex   2.113583e+02 1.545494e+03 2.841336e+01
      vertex   2.143071e+02 1.546235e+03 2.516612e+01
      vertex   2.149271e+02 1.544806e+03 2.611678e+01
    endloop
  endfacet
  facet normal -5.197847e-01 -5.690325e-01 -6.372016e-01
    outer loop
      vertex   2.113583e+02 1.545494e+03 2.841336e+01
      vertex   2.149271e+02 1.544806e+03 2.611678e+01
      vertex   2.120834e+02 1.543823e+03 2.931437e+01
    endloop
  endfacet
  facet normal -5.427288e-01 -5.352908e-01 -6.472319e-01
    outer loop
      vertex   2.120834e+02 1.543823e+03 2.931437e+01
      vertex   2.149271e+02 1.544806e+03 2.611678e+01
      vertex   2.155955e+02 1.543265e+03 2.683050e+01
    endloop
  endfacet
  facet normal -5.538584e-01 -4.900410e-01 -6.731276e-01
    outer loop
      vertex   2.120834e+02 1.543823e+03 2.931437e+01
      vertex   2.155955e+02 1.543265e+03 2.683050e+01
      vertex   2.128492e+02 1.542058e+03 2.996925e+01
    endloop
  endfacet
  facet normal -5.814237e-01 -4.461537e-01 -6.803626e-01
    outer loop
      vertex   2.128492e+02 1.542058e+03 2.996925e+01
      vertex   2.155955e+02 1.543265e+03 2.683050e+01
      vertex   2.162983e+02 1.541646e+03 2.729207e+01
    endloop
  endfacet
  facet normal -5.898483e-01 -4.074680e-01 -6.971720e-01
    outer loop
      vertex   2.128492e+02 1.542058e+03 2.996925e+01
      vertex   2.162983e+02 1.541646e+03 2.729207e+01
      vertex   2.136426e+02 1.540229e+03 3.036674e+01
    endloop
  endfacet
  facet normal -6.212417e-01 -3.534255e-01 -6.993920e-01
    outer loop
      vertex   2.136426e+02 1.540229e+03 3.036674e+01
      vertex   2.162983e+02 1.541646e+03 2.729207e+01
      vertex   2.170203e+02 1.539982e+03 2.749166e+01
    endloop
  endfacet
  facet normal -6.270873e-01 -3.228492e-01 -7.088934e-01
    outer loop
      vertex   2.136426e+02 1.540229e+03 3.036674e+01
      vertex   2.170203e+02 1.539982e+03 2.749166e+01
      vertex   2.144498e+02 1.538369e+03 3.050000e+01
    endloop
  endfacet
  facet normal -6.613948e-01 -2.589175e-01 -7.039308e-01
    outer loop
      vertex   2.144498e+02 1.538369e+03 3.050000e+01
      vertex   2.170203e+02 1.539982e+03 2.749166e+01
      vertex   2.177461e+02 1.538309e+03 2.742501e+01
    endloop
  endfacet
  facet normal -6.648893e-01 -2.377608e-01 -7.080904e-01
    outer loop
      vertex   2.144498e+02 1.538369e+03 3.050000e+01
      vertex   2.177461e+02 1.538309e+03 2.742501e+01
      vertex   2.152571e+02 1.536508e+03 3.036674e+01
    endloop
  endfacet
  facet normal -7.010789e-01 -1.644736e-01 -6.938565e-01
    outer loop
      vertex   2.152571e+02 1.536508e+03 3.036674e+01
      vertex   2.177461e+02 1.538309e+03 2.742501e+01
      vertex   2.184604e+02 1.536662e+03 2.709355e+01
    endloop
  endfacet
  facet normal -7.025629e-01 -1.537875e-01 -6.948055e-01
    outer loop
      vertex   2.152571e+02 1.536508e+03 3.036674e+01
      vertex   2.184604e+02 1.536662e+03 2.709355e+01
      vertex   2.160504e+02 1.534680e+03 2.996925e+01
    endloop
  endfacet
  facet normal -7.393044e-01 -7.238334e-02 -6.694696e-01
    outer loop
      vertex   2.160504e+02 1.534680e+03 2.996925e+01
      vertex   2.184604e+02 1.536662e+03 2.709355e+01
      vertex   2.168163e+02 1.532915e+03 2.931437e+01
    endloop
  endfacet
  facet normal -7.396220e-01 -7.205698e-02 -6.691540e-01
    outer loop
      vertex   2.168163e+02 1.532915e+03 2.931437e+01
      vertex   2.184604e+02 1.536662e+03 2.709355e+01
      vertex   2.191478e+02 1.535078e+03 2.650433e+01
    endloop
  endfacet
  facet normal -7.723321e-01 7.327484e-03 -6.351767e-01
    outer loop
      vertex   2.168163e+02 1.532915e+03 2.931437e+01
      vertex   2.191478e+02 1.535078e+03 2.650433e+01
      vertex   2.175414e+02 1.531243e+03 2.841336e+01
    endloop
  endfacet
  facet normal -7.785771e-01 1.381656e-02 -6.273968e-01
    outer loop
      vertex   2.175414e+02 1.531243e+03 2.841336e+01
      vertex   2.191478e+02 1.535078e+03 2.650433e+01
      vertex   2.197938e+02 1.533589e+03 2.566991e+01
    endloop
  endfacet
  facet normal -8.035660e-01 8.209593e-02 -5.895269e-01
    outer loop
      vertex   2.175414e+02 1.531243e+03 2.841336e+01
      vertex   2.197938e+02 1.533589e+03 2.566991e+01
      vertex   2.182134e+02 1.529694e+03 2.728171e+01
    endloop
  endfacet
  facet normal -8.143530e-01 9.339268e-02 -5.728062e-01
    outer loop
      vertex   2.182134e+02 1.529694e+03 2.728171e+01
      vertex   2.197938e+02 1.533589e+03 2.566991e+01
      vertex   2.203845e+02 1.532228e+03 2.460809e+01
    endloop
  endfacet
  facet normal -8.324042e-01 1.505227e-01 -5.333349e-01
    outer loop
      vertex   2.182134e+02 1.529694e+03 2.728171e+01
      vertex   2.203845e+02 1.532228e+03 2.460809e+01
      vertex   2.188207e+02 1.528295e+03 2.593888e+01
    endloop
  endfacet
  facet normal -8.462845e-01 1.651242e-01 -5.064943e-01
    outer loop
      vertex   2.188207e+02 1.528295e+03 2.593888e+01
      vertex   2.203845e+02 1.532228e+03 2.460809e+01
      vertex   2.209074e+02 1.531022e+03 2.334149e+01
    endloop
  endfacet
  facet normal -8.582946e-01 2.113268e-01 -4.676231e-01
    outer loop
      vertex   2.188207e+02 1.528295e+03 2.593888e+01
      vertex   2.209074e+02 1.531022e+03 2.334149e+01
      vertex   2.193528e+02 1.527068e+03 2.440795e+01
    endloop
  endfacet
  facet normal -8.737706e-01 2.276165e-01 -4.297856e-01
    outer loop
      vertex   2.193528e+02 1.527068e+03 2.440795e+01
      vertex   2.209074e+02 1.531022e+03 2.334149e+01
      vertex   2.213514e+02 1.529999e+03 2.189710e+01
    endloop
  endfacet
  facet normal -8.807462e-01 2.633713e-01 -3.936008e-01
    outer loop
      vertex   2.193528e+02 1.527068e+03 2.440795e+01
      vertex   2.213514e+02 1.529999e+03 2.189710e+01
      vertex   2.198006e+02 1.526036e+03 2.271526e+01
    endloop
  endfacet
  facet normal -8.962845e-01 2.796513e-01 -3.441936e-01
    outer loop
      vertex   2.198006e+02 1.526036e+03 2.271526e+01
      vertex   2.213514e+02 1.529999e+03 2.189710e+01
      vertex   2.217068e+02 1.529180e+03 2.030571e+01
    endloop
  endfacet
  facet normal -8.993392e-01 3.056875e-01 -3.126406e-01
    outer loop
      vertex   2.198006e+02 1.526036e+03 2.271526e+01
      vertex   2.217068e+02 1.529180e+03 2.030571e+01
      vertex   2.201564e+02 1.525216e+03 2.088991e+01
    endloop
  endfacet
  facet normal -9.133828e-01 3.202069e-01 -2.513951e-01
    outer loop
      vertex   2.201564e+02 1.525216e+03 2.088991e+01
      vertex   2.217068e+02 1.529180e+03 2.030571e+01
      vertex   2.219663e+02 1.528582e+03 1.860124e+01
    endloop
  endfacet
  facet normal -9.137335e-01 3.374938e-01 -2.262497e-01
    outer loop
      vertex   2.201564e+02 1.525216e+03 2.088991e+01
      vertex   2.219663e+02 1.528582e+03 1.860124e+01
      vertex   2.204141e+02 1.524622e+03 1.896328e+01
    endloop
  endfacet
  facet normal -9.247127e-01 3.484766e-01 -1.532009e-01
    outer loop
      vertex   2.204141e+02 1.524622e+03 1.896328e+01
      vertex   2.219663e+02 1.528582e+03 1.860124e+01
      vertex   2.221242e+02 1.528218e+03 1.682001e+01
    endloop
  endfacet
  facet normal -9.236758e-01 3.582125e-01 -1.360397e-01
    outer loop
      vertex   2.204141e+02 1.524622e+03 1.896328e+01
      vertex   2.221242e+02 1.528218e+03 1.682001e+01
      vertex   2.205693e+02 1.524265e+03 1.696850e+01
    endloop
  endfacet
  facet normal -9.300189e-01 3.638820e-01 -5.152511e-02
    outer loop
      vertex   2.205693e+02 1.524265e+03 1.696850e+01
      vertex   2.221242e+02 1.528218e+03 1.682001e+01
      vertex   2.221773e+02 1.528096e+03 1.500000e+01
    endloop
  endfacet
  facet normal -9.173752e-01 -3.980235e-01 3.172040e-14
    outer loop
      vertex   2.221242e+02 1.528218e+03 1.317999e+01
      vertex   2.221773e+02 1.528096e+03 1.500000e+01
      vertex   2.209832e+02 1.530848e+03 1.500000e+01
    endloop
  endfacet
  facet normal -9.173752e-01 -3.980235e-01 -3.172040e-14
    outer loop
      vertex   2.209832e+02 1.530848e+03 1.500000e+01
      vertex   2.221773e+02 1.528096e+03 1.500000e+01
      vertex   2.221242e+02 1.528218e+03 1.682001e+01
    endloop
  endfacet
  facet normal -9.173752e-01 -3.980235e-01 -3.856452e-14
    outer loop
      vertex   2.209832e+02 1.530848e+03 1.500000e+01
      vertex   2.221242e+02 1.528218e+03 1.682001e+01
      vertex   2.209316e+02 1.530967e+03 1.656365e+01
    endloop
  endfacet
  facet normal -9.173752e-01 -3.980235e-01 -4.000870e-15
    outer loop
      vertex   2.209316e+02 1.530967e+03 1.656365e+01
      vertex   2.221242e+02 1.528218e+03 1.682001e+01
      vertex   2.219663e+02 1.528582e+03 1.860124e+01
    endloop
  endfacet
  facet normal -9.173752e-01 -3.980235e-01 -2.372141e-14
    outer loop
      vertex   2.209316e+02 1.530967e+03 1.656365e+01
      vertex   2.219663e+02 1.528582e+03 1.860124e+01
      vertex   2.207783e+02 1.531320e+03 1.808464e+01
    endloop
  endfacet
  facet normal -9.173752e-01 -3.980235e-01 7.204754e-15
    outer loop
      vertex   2.207783e+02 1.531320e+03 1.808464e+01
      vertex   2.219663e+02 1.528582e+03 1.860124e+01
      vertex   2.217068e+02 1.529180e+03 2.030571e+01
    endloop
  endfacet
  facet normal -9.173752e-01 -3.980235e-01 3.670520e-14
    outer loop
      vertex   2.207783e+02 1.531320e+03 1.808464e+01
      vertex   2.217068e+02 1.529180e+03 2.030571e+01
      vertex   2.205275e+02 1.531898e+03 1.952150e+01
    endloop
  endfacet
  facet normal -9.173752e-01 -3.980235e-01 -2.459944e-16
    outer loop
      vertex   2.205275e+02 1.531898e+03 1.952150e+01
      vertex   2.217068e+02 1.529180e+03 2.030571e+01
      vertex   2.213514e+02 1.529999e+03 2.189710e+01
    endloop
  endfacet
  facet normal -9.173752e-01 -3.980235e-01 -3.133991e-14
    outer loop
      vertex   2.205275e+02 1.531898e+03 1.952150e+01
      vertex   2.213514e+02 1.529999e+03 2.189710e+01
      vertex   2.201859e+02 1.532685e+03 2.083502e+01
    endloop
  endfacet
  facet normal -9.173752e-01 -3.980235e-01 -2.752014e-14
    outer loop
      vertex   2.201859e+02 1.532685e+03 2.083502e+01
      vertex   2.213514e+02 1.529999e+03 2.189710e+01
      vertex   2.209074e+02 1.531022e+03 2.334149e+01
    endloop
  endfacet
  facet normal -9.173752e-01 -3.980235e-01 -2.163883e-14
    outer loop
      vertex   2.201859e+02 1.532685e+03 2.083502e+01
      vertex   2.209074e+02 1.531022e+03 2.334149e+01
      vertex   2.197629e+02 1.533660e+03 2.198938e+01
    endloop
  endfacet
  facet normal -9.173752e-01 -3.980235e-01 -2.458780e-16
    outer loop
      vertex   2.197629e+02 1.533660e+03 2.198938e+01
      vertex   2.209074e+02 1.531022e+03 2.334149e+01
      vertex   2.203845e+02 1.532228e+03 2.460809e+01
    endloop
  endfacet
  facet normal -9.173752e-01 -3.980235e-01 2.034550e-15
    outer loop
      vertex   2.197629e+02 1.533660e+03 2.198938e+01
      vertex   2.203845e+02 1.532228e+03 2.460809e+01
      vertex   2.192701e+02 1.534796e+03 2.295308e+01
    endloop
  endfacet
  facet normal -9.173752e-01 -3.980235e-01 -3.296335e-14
    outer loop
      vertex   2.192701e+02 1.534796e+03 2.295308e+01
      vertex   2.203845e+02 1.532228e+03 2.460809e+01
      vertex   2.197938e+02 1.533589e+03 2.566991e+01
    endloop
  endfacet
  facet normal -9.173752e-01 -3.980235e-01 -3.782468e-14
    outer loop
      vertex   2.192701e+02 1.534796e+03 2.295308e+01
      vertex   2.197938e+02 1.533589e+03 2.566991e+01
      vertex   2.187209e+02 1.536062e+03 2.369985e+01
    endloop
  endfacet
  facet normal -9.173752e-01 -3.980235e-01 -8.968870e-15
    outer loop
      vertex   2.187209e+02 1.536062e+03 2.369985e+01
      vertex   2.197938e+02 1.533589e+03 2.566991e+01
      vertex   2.191478e+02 1.535078e+03 2.650433e+01
    endloop
  endfacet
  facet normal -9.173752e-01 -3.980235e-01 -2.025521e-14
    outer loop
      vertex   2.187209e+02 1.536062e+03 2.369985e+01
      vertex   2.191478e+02 1.535078e+03 2.650433e+01
      vertex   2.181302e+02 1.537423e+03 2.420930e+01
    endloop
  endfacet
  facet normal -9.173752e-01 -3.980235e-01 5.071849e-14
    outer loop
      vertex   2.181302e+02 1.537423e+03 2.420930e+01
      vertex   2.191478e+02 1.535078e+03 2.650433e+01
      vertex   2.184604e+02 1.536662e+03 2.709355e+01
    endloop
  endfacet
  facet normal -9.173752e-01 -3.980235e-01 1.705819e-14
    outer loop
      vertex   2.181302e+02 1.537423e+03 2.420930e+01
      vertex   2.184604e+02 1.536662e+03 2.709355e+01
      vertex   2.177461e+02 1.538309e+03 2.742501e+01
    endloop
  endfacet
  facet normal -9.173752e-01 -3.980235e-01 -9.158987e-15
    outer loop
      vertex   2.181302e+02 1.537423e+03 2.420930e+01
      vertex   2.177461e+02 1.538309e+03 2.742501e+01
      vertex   2.175142e+02 1.538843e+03 2.446755e+01
    endloop
  endfacet
  facet normal -9.173752e-01 -3.980235e-01 -6.509386e-15
    outer loop
      vertex   2.175142e+02 1.538843e+03 2.446755e+01
      vertex   2.177461e+02 1.538309e+03 2.742501e+01
      vertex   2.170203e+02 1.539982e+03 2.749166e+01
    endloop
  endfacet
  facet normal -9.173752e-01 -3.980235e-01 -4.679699e-17
    outer loop
      vertex   2.175142e+02 1.538843e+03 2.446755e+01
      vertex   2.170203e+02 1.539982e+03 2.749166e+01
      vertex   2.168897e+02 1.540283e+03 2.446755e+01
    endloop
  endfacet
  facet normal -9.173752e-01 -3.980235e-01 -6.605940e-15
    outer loop
      vertex   2.168897e+02 1.540283e+03 2.446755e+01
      vertex   2.170203e+02 1.539982e+03 2.749166e+01
      vertex   2.162983e+02 1.541646e+03 2.729207e+01
    endloop
  endfacet
  facet normal -9.173752e-01 -3.980235e-01 -2.757464e-14
    outer loop
      vertex   2.168897e+02 1.540283e+03 2.446755e+01
      vertex   2.162983e+02 1.541646e+03 2.729207e+01
      vertex   2.162737e+02 1.541702e+03 2.420930e+01
    endloop
  endfacet
  facet normal -9.173752e-01 -3.980235e-01 -2.744129e-14
    outer loop
      vertex   2.162737e+02 1.541702e+03 2.420930e+01
      vertex   2.162983e+02 1.541646e+03 2.729207e+01
      vertex   2.155955e+02 1.543265e+03 2.683050e+01
    endloop
  endfacet
  facet normal -9.173752e-01 -3.980235e-01 -1.864413e-14
    outer loop
      vertex   2.162737e+02 1.541702e+03 2.420930e+01
      vertex   2.155955e+02 1.543265e+03 2.683050e+01
      vertex   2.156831e+02 1.543064e+03 2.369985e+01
    endloop
  endfacet
  facet normal -9.173752e-01 -3.980235e-01 -2.088223e-14
    outer loop
      vertex   2.156831e+02 1.543064e+03 2.369985e+01
      vertex   2.155955e+02 1.543265e+03 2.683050e+01
      vertex   2.149271e+02 1.544806e+03 2.611678e+01
    endloop
  endfacet
  facet normal -9.173752e-01 -3.980235e-01 2.249152e-14
    outer loop
      vertex   2.156831e+02 1.543064e+03 2.369985e+01
      vertex   2.149271e+02 1.544806e+03 2.611678e+01
      vertex   2.151338e+02 1.544330e+03 2.295308e+01
    endloop
  endfacet
  facet normal -9.173752e-01 -3.980235e-01 1.539816e-14
    outer loop
      vertex   2.151338e+02 1.544330e+03 2.295308e+01
      vertex   2.149271e+02 1.544806e+03 2.611678e+01
      vertex   2.143071e+02 1.546235e+03 2.516612e+01
    endloop
  endfacet
  facet normal -9.173752e-01 -3.980235e-01 -1.137862e-14
    outer loop
      vertex   2.151338e+02 1.544330e+03 2.295308e+01
      vertex   2.143071e+02 1.546235e+03 2.516612e+01
      vertex   2.146410e+02 1.545465e+03 2.198938e+01
    endloop
  endfacet
  facet normal -9.173752e-01 -3.980235e-01 -3.329371e-15
    outer loop
      vertex   2.146410e+02 1.545465e+03 2.198938e+01
      vertex   2.143071e+02 1.546235e+03 2.516612e+01
      vertex   2.137488e+02 1.547522e+03 2.399879e+01
    endloop
  endfacet
  facet normal -9.173752e-01 -3.980235e-01 8.908849e-15
    outer loop
      vertex   2.146410e+02 1.545465e+03 2.198938e+01
      vertex   2.137488e+02 1.547522e+03 2.399879e+01
      vertex   2.142181e+02 1.546440e+03 2.083502e+01
    endloop
  endfacet
  facet normal -9.173752e-01 -3.980235e-01 3.443432e-14
    outer loop
      vertex   2.142181e+02 1.546440e+03 2.083502e+01
      vertex   2.137488e+02 1.547522e+03 2.399879e+01
      vertex   2.132640e+02 1.548639e+03 2.263967e+01
    endloop
  endfacet
  facet normal -9.173752e-01 -3.980235e-01 -8.507927e-14
    outer loop
      vertex   2.142181e+02 1.546440e+03 2.083502e+01
      vertex   2.132640e+02 1.548639e+03 2.263967e+01
      vertex   2.128633e+02 1.549563e+03 2.111772e+01
    endloop
  endfacet
  facet normal -9.173752e-01 -3.980235e-01 3.608456e-14
    outer loop
      vertex   2.142181e+02 1.546440e+03 2.083502e+01
      vertex   2.128633e+02 1.549563e+03 2.111772e+01
      vertex   2.138765e+02 1.547228e+03 1.952150e+01
    endloop
  endfacet
  facet normal -9.173752e-01 -3.980235e-01 7.718856e-14
    outer loop
      vertex   2.138765e+02 1.547228e+03 1.952150e+01
      vertex   2.128633e+02 1.549563e+03 2.111772e+01
      vertex   2.125550e+02 1.550273e+03 1.946539e+01
    endloop
  endfacet
  facet normal -9.173752e-01 -3.980235e-01 -4.759491e-14
    outer loop
      vertex   2.138765e+02 1.547228e+03 1.952150e+01
      vertex   2.125550e+02 1.550273e+03 1.946539e+01
      vertex   2.136256e+02 1.547806e+03 1.808464e+01
    endloop
  endfacet
  facet normal -9.173752e-01 -3.980235e-01 -3.404355e-14
    outer loop
      vertex   2.136256e+02 1.547806e+03 1.808464e+01
      vertex   2.125550e+02 1.550273e+03 1.946539e+01
      vertex   2.123457e+02 1.550756e+03 1.771788e+01
    endloop
  endfacet
  facet normal -9.173752e-01 -3.980235e-01 -4.621082e-14
    outer loop
      vertex   2.136256e+02 1.547806e+03 1.808464e+01
      vertex   2.123457e+02 1.550756e+03 1.771788e+01
      vertex   2.134723e+02 1.548159e+03 1.656365e+01
    endloop
  endfacet
  facet normal -9.173752e-01 -3.980235e-01 -3.066077e-14
    outer loop
      vertex   2.134723e+02 1.548159e+03 1.656365e+01
      vertex   2.123457e+02 1.550756e+03 1.771788e+01
      vertex   2.122400e+02 1.550999e+03 1.591244e+01
    endloop
  endfacet
  facet normal -9.173752e-01 -3.980235e-01 3.472199e-14
    outer loop
      vertex   2.134723e+02 1.548159e+03 1.656365e+01
      vertex   2.122400e+02 1.550999e+03 1.591244e+01
      vertex   2.134208e+02 1.548278e+03 1.500000e+01
    endloop
  endfacet
  facet normal -9.173752e-01 -3.980235e-01 0.000000e+00
    outer loop
      vertex   2.134208e+02 1.548278e+03 1.500000e+01
      vertex   2.122400e+02 1.550999e+03 1.591244e+01
      vertex   2.122400e+02 1.550999e+03 1.408756e+01
    endloop
  endfacet
  facet normal -9.173752e-01 -3.980235e-01 -3.472199e-14
    outer loop
      vertex   2.134208e+02 1.548278e+03 1.500000e+01
      vertex   2.122400e+02 1.550999e+03 1.408756e+01
      vertex   2.134723e+02 1.548159e+03 1.343635e+01
    endloop
  endfacet
  facet normal -9.173752e-01 -3.980235e-01 3.066077e-14
    outer loop
      vertex   2.134723e+02 1.548159e+03 1.343635e+01
      vertex   2.122400e+02 1.550999e+03 1.408756e+01
      vertex   2.123457e+02 1.550756e+03 1.228212e+01
    endloop
  endfacet
  facet normal -9.173752e-01 -3.980235e-01 4.621082e-14
    outer loop
      vertex   2.134723e+02 1.548159e+03 1.343635e+01
      vertex   2.123457e+02 1.550756e+03 1.228212e+01
      vertex   2.136256e+02 1.547806e+03 1.191536e+01
    endloop
  endfacet
  facet normal -9.173752e-01 -3.980235e-01 3.404355e-14
    outer loop
      vertex   2.136256e+02 1.547806e+03 1.191536e+01
      vertex   2.123457e+02 1.550756e+03 1.228212e+01
      vertex   2.125550e+02 1.550273e+03 1.053461e+01
    endloop
  endfacet
  facet normal -9.173752e-01 -3.980235e-01 4.759491e-14
    outer loop
      vertex   2.136256e+02 1.547806e+03 1.191536e+01
      vertex   2.125550e+02 1.550273e+03 1.053461e+01
      vertex   2.138765e+02 1.547228e+03 1.047850e+01
    endloop
  endfacet
  facet normal -9.173752e-01 -3.980235e-01 -7.718856e-14
    outer loop
      vertex   2.138765e+02 1.547228e+03 1.047850e+01
      vertex   2.125550e+02 1.550273e+03 1.053461e+01
      vertex   2.128633e+02 1.549563e+03 8.882277e+00
    endloop
  endfacet
  facet normal -9.173752e-01 -3.980235e-01 -3.603745e-14
    outer loop
      vertex   2.138765e+02 1.547228e+03 1.047850e+01
      vertex   2.128633e+02 1.549563e+03 8.882277e+00
      vertex   2.142181e+02 1.546440e+03 9.164979e+00
    endloop
  endfacet
  facet normal -9.173752e-01 -3.980235e-01 8.507927e-14
    outer loop
      vertex   2.142181e+02 1.546440e+03 9.164979e+00
      vertex   2.128633e+02 1.549563e+03 8.882277e+00
      vertex   2.132640e+02 1.548639e+03 7.360329e+00
    endloop
  endfacet
  facet normal -9.173752e-01 -3.980235e-01 -3.443432e-14
    outer loop
      vertex   2.142181e+02 1.546440e+03 9.164979e+00
      vertex   2.132640e+02 1.548639e+03 7.360329e+00
      vertex   2.137488e+02 1.547522e+03 6.001207e+00
    endloop
  endfacet
  facet normal -9.173752e-01 -3.980235e-01 -8.908849e-15
    outer loop
      vertex   2.142181e+02 1.546440e+03 9.164979e+00
      vertex   2.137488e+02 1.547522e+03 6.001207e+00
      vertex   2.146410e+02 1.545465e+03 8.010623e+00
    endloop
  endfacet
  facet normal -9.173752e-01 -3.980235e-01 3.329371e-15
    outer loop
      vertex   2.146410e+02 1.545465e+03 8.010623e+00
      vertex   2.137488e+02 1.547522e+03 6.001207e+00
      vertex   2.143071e+02 1.546235e+03 4.833878e+00
    endloop
  endfacet
  facet normal -9.173752e-01 -3.980235e-01 1.139033e-14
    outer loop
      vertex   2.146410e+02 1.545465e+03 8.010623e+00
      vertex   2.143071e+02 1.546235e+03 4.833878e+00
      vertex   2.151338e+02 1.544330e+03 7.046918e+00
    endloop
  endfacet
  facet normal -9.173752e-01 -3.980235e-01 -1.539816e-14
    outer loop
      vertex   2.151338e+02 1.544330e+03 7.046918e+00
      vertex   2.143071e+02 1.546235e+03 4.833878e+00
      vertex   2.149271e+02 1.544806e+03 3.883223e+00
    endloop
  endfacet
  facet normal -9.173752e-01 -3.980235e-01 -2.247984e-14
    outer loop
      vertex   2.151338e+02 1.544330e+03 7.046918e+00
      vertex   2.149271e+02 1.544806e+03 3.883223e+00
      vertex   2.156831e+02 1.543064e+03 6.300153e+00
    endloop
  endfacet
  facet normal -9.173752e-01 -3.980235e-01 2.088223e-14
    outer loop
      vertex   2.156831e+02 1.543064e+03 6.300153e+00
      vertex   2.149271e+02 1.544806e+03 3.883223e+00
      vertex   2.155955e+02 1.543265e+03 3.169503e+00
    endloop
  endfacet
  facet normal -9.173752e-01 -3.980235e-01 1.862371e-14
    outer loop
      vertex   2.156831e+02 1.543064e+03 6.300153e+00
      vertex   2.155955e+02 1.543265e+03 3.169503e+00
      vertex   2.162737e+02 1.541702e+03 5.790697e+00
    endloop
  endfacet
  facet normal -9.173752e-01 -3.980235e-01 2.744129e-14
    outer loop
      vertex   2.162737e+02 1.541702e+03 5.790697e+00
      vertex   2.155955e+02 1.543265e+03 3.169503e+00
      vertex   2.162983e+02 1.541646e+03 2.707929e+00
    endloop
  endfacet
  facet normal -9.173752e-01 -3.980235e-01 2.757756e-14
    outer loop
      vertex   2.162737e+02 1.541702e+03 5.790697e+00
      vertex   2.162983e+02 1.541646e+03 2.707929e+00
      vertex   2.168897e+02 1.540283e+03 5.532447e+00
    endloop
  endfacet
  facet normal -9.173752e-01 -3.980235e-01 6.605940e-15
    outer loop
      vertex   2.168897e+02 1.540283e+03 5.532447e+00
      vertex   2.162983e+02 1.541646e+03 2.707929e+00
      vertex   2.170203e+02 1.539982e+03 2.508339e+00
    endloop
  endfacet
  facet normal -9.173752e-01 -3.980235e-01 4.679699e-17
    outer loop
      vertex   2.168897e+02 1.540283e+03 5.532447e+00
      vertex   2.170203e+02 1.539982e+03 2.508339e+00
      vertex   2.175142e+02 1.538843e+03 5.532447e+00
    endloop
  endfacet
  facet normal -9.173752e-01 -3.980235e-01 6.509386e-15
    outer loop
      vertex   2.175142e+02 1.538843e+03 5.532447e+00
      vertex   2.170203e+02 1.539982e+03 2.508339e+00
      vertex   2.177461e+02 1.538309e+03 2.574988e+00
    endloop
  endfacet
  facet normal -9.173752e-01 -3.980235e-01 9.158987e-15
    outer loop
      vertex   2.175142e+02 1.538843e+03 5.532447e+00
      vertex   2.177461e+02 1.538309e+03 2.574988e+00
      vertex   2.181302e+02 1.537423e+03 5.790697e+00
    endloop
  endfacet
  facet normal -9.173752e-01 -3.980235e-01 -1.705819e-14
    outer loop
      vertex   2.181302e+02 1.537423e+03 5.790697e+00
      vertex   2.177461e+02 1.538309e+03 2.574988e+00
      vertex   2.184604e+02 1.536662e+03 2.906454e+00
    endloop
  endfacet
  facet normal -9.173752e-01 -3.980235e-01 -5.071849e-14
    outer loop
      vertex   2.181302e+02 1.537423e+03 5.790697e+00
      vertex   2.184604e+02 1.536662e+03 2.906454e+00
      vertex   2.191478e+02 1.535078e+03 3.495673e+00
    endloop
  endfacet
  facet normal -9.173752e-01 -3.980235e-01 2.027879e-14
    outer loop
      vertex   2.181302e+02 1.537423e+03 5.790697e+00
      vertex   2.191478e+02 1.535078e+03 3.495673e+00
      vertex   2.187209e+02 1.536062e+03 6.300153e+00
    endloop
  endfacet
  facet normal -9.173752e-01 -3.980235e-01 8.968870e-15
    outer loop
      vertex   2.187209e+02 1.536062e+03 6.300153e+00
      vertex   2.191478e+02 1.535078e+03 3.495673e+00
      vertex   2.197938e+02 1.533589e+03 4.330086e+00
    endloop
  endfacet
  facet normal -9.173752e-01 -3.980235e-01 3.782468e-14
    outer loop
      vertex   2.187209e+02 1.536062e+03 6.300153e+00
      vertex   2.197938e+02 1.533589e+03 4.330086e+00
      vertex   2.192701e+02 1.534796e+03 7.046918e+00
    endloop
  endfacet
  facet normal -9.173752e-01 -3.980235e-01 3.296335e-14
    outer loop
      vertex   2.192701e+02 1.534796e+03 7.046918e+00
      vertex   2.197938e+02 1.533589e+03 4.330086e+00
      vertex   2.203845e+02 1.532228e+03 5.391911e+00
    endloop
  endfacet
  facet normal -9.173752e-01 -3.980235e-01 -2.057936e-15
    outer loop
      vertex   2.192701e+02 1.534796e+03 7.046918e+00
      vertex   2.203845e+02 1.532228e+03 5.391911e+00
      vertex   2.197629e+02 1.533660e+03 8.010623e+00
    endloop
  endfacet
  facet normal -9.173752e-01 -3.980235e-01 2.458780e-16
    outer loop
      vertex   2.197629e+02 1.533660e+03 8.010623e+00
      vertex   2.203845e+02 1.532228e+03 5.391911e+00
      vertex   2.209074e+02 1.531022e+03 6.658515e+00
    endloop
  endfacet
  facet normal -9.173752e-01 -3.980235e-01 2.166218e-14
    outer loop
      vertex   2.197629e+02 1.533660e+03 8.010623e+00
      vertex   2.209074e+02 1.531022e+03 6.658515e+00
      vertex   2.201859e+02 1.532685e+03 9.164979e+00
    endloop
  endfacet
  facet normal -9.173752e-01 -3.980235e-01 2.752014e-14
    outer loop
      vertex   2.201859e+02 1.532685e+03 9.164979e+00
      vertex   2.209074e+02 1.531022e+03 6.658515e+00
      vertex   2.213514e+02 1.529999e+03 8.102903e+00
    endloop
  endfacet
  facet normal -9.173752e-01 -3.980235e-01 3.133991e-14
    outer loop
      vertex   2.201859e+02 1.532685e+03 9.164979e+00
      vertex   2.213514e+02 1.529999e+03 8.102903e+00
      vertex   2.205275e+02 1.531898e+03 1.047850e+01
    endloop
  endfacet
  facet normal -9.173752e-01 -3.980235e-01 2.459944e-16
    outer loop
      vertex   2.205275e+02 1.531898e+03 1.047850e+01
      vertex   2.213514e+02 1.529999e+03 8.102903e+00
      vertex   2.217068e+02 1.529180e+03 9.694291e+00
    endloop
  endfacet
  facet normal -9.173752e-01 -3.980235e-01 -3.670520e-14
    outer loop
      vertex   2.205275e+02 1.531898e+03 1.047850e+01
      vertex   2.217068e+02 1.529180e+03 9.694291e+00
      vertex   2.207783e+02 1.531320e+03 1.191536e+01
    endloop
  endfacet
  facet normal -9.173752e-01 -3.980235e-01 -7.204754e-15
    outer loop
      vertex   2.207783e+02 1.531320e+03 1.191536e+01
      vertex   2.217068e+02 1.529180e+03 9.694291e+00
      vertex   2.219663e+02 1.528582e+03 1.139876e+01
    endloop
  endfacet
  facet normal -9.173752e-01 -3.980235e-01 2.372141e-14
    outer loop
      vertex   2.207783e+02 1.531320e+03 1.191536e+01
      vertex   2.219663e+02 1.528582e+03 1.139876e+01
      vertex   2.209316e+02 1.530967e+03 1.343635e+01
    endloop
  endfacet
  facet normal -9.173752e-01 -3.980235e-01 4.000870e-15
    outer loop
      vertex   2.209316e+02 1.530967e+03 1.343635e+01
      vertex   2.219663e+02 1.528582e+03 1.139876e+01
      vertex   2.221242e+02 1.528218e+03 1.317999e+01
    endloop
  endfacet
  facet normal -9.173752e-01 -3.980235e-01 3.856452e-14
    outer loop
      vertex   2.209316e+02 1.530967e+03 1.343635e+01
      vertex   2.221242e+02 1.528218e+03 1.317999e+01
      vertex   2.209832e+02 1.530848e+03 1.500000e+01
    endloop
  endfacet
  facet normal 3.966640e-01 -9.142419e-01 8.257935e-02
    outer loop
      vertex   2.134723e+02 1.548159e+03 1.343635e+01
      vertex   2.153071e+02 1.548955e+03 1.343635e+01
      vertex   2.134208e+02 1.548278e+03 1.500000e+01
    endloop
  endfacet
  facet normal 3.966640e-01 -9.142419e-01 8.257935e-02
    outer loop
      vertex   2.134208e+02 1.548278e+03 1.500000e+01
      vertex   2.153071e+02 1.548955e+03 1.343635e+01
      vertex   2.152555e+02 1.549074e+03 1.500000e+01
    endloop
  endfacet
  facet normal 3.966640e-01 -9.142419e-01 -8.257935e-02
    outer loop
      vertex   2.134208e+02 1.548278e+03 1.500000e+01
      vertex   2.152555e+02 1.549074e+03 1.500000e+01
      vertex   2.134723e+02 1.548159e+03 1.656365e+01
    endloop
  endfacet
  facet normal 3.966640e-01 -9.142419e-01 -8.257935e-02
    outer loop
      vertex   2.134723e+02 1.548159e+03 1.656365e+01
      vertex   2.152555e+02 1.549074e+03 1.500000e+01
      vertex   2.153071e+02 1.548955e+03 1.656365e+01
    endloop
  endfacet
  facet normal 3.858440e-01 -8.893038e-01 -2.454855e-01
    outer loop
      vertex   2.134723e+02 1.548159e+03 1.656365e+01
      vertex   2.153071e+02 1.548955e+03 1.656365e+01
      vertex   2.136256e+02 1.547806e+03 1.808464e+01
    endloop
  endfacet
  facet normal 3.858440e-01 -8.893038e-01 -2.454855e-01
    outer loop
      vertex   2.136256e+02 1.547806e+03 1.808464e+01
      vertex   2.153071e+02 1.548955e+03 1.656365e+01
      vertex   2.154604e+02 1.548602e+03 1.808464e+01
    endloop
  endfacet
  facet normal 3.644993e-01 -8.401078e-01 -4.016954e-01
    outer loop
      vertex   2.136256e+02 1.547806e+03 1.808464e+01
      vertex   2.154604e+02 1.548602e+03 1.808464e+01
      vertex   2.138765e+02 1.547228e+03 1.952150e+01
    endloop
  endfacet
  facet normal 3.644993e-01 -8.401078e-01 -4.016954e-01
    outer loop
      vertex   2.138765e+02 1.547228e+03 1.952150e+01
      vertex   2.154604e+02 1.548602e+03 1.808464e+01
      vertex   2.157112e+02 1.548024e+03 1.952150e+01
    endloop
  endfacet
  facet normal 3.332119e-01 -7.679958e-01 -5.469482e-01
    outer loop
      vertex   2.138765e+02 1.547228e+03 1.952150e+01
      vertex   2.157112e+02 1.548024e+03 1.952150e+01
      vertex   2.142181e+02 1.546440e+03 2.083502e+01
    endloop
  endfacet
  facet normal 3.332119e-01 -7.679958e-01 -5.469482e-01
    outer loop
      vertex   2.142181e+02 1.546440e+03 2.083502e+01
      vertex   2.157112e+02 1.548024e+03 1.952150e+01
      vertex   2.160528e+02 1.547236e+03 2.083502e+01
    endloop
  endfacet
  facet normal 2.928354e-01 -6.749349e-01 -6.772816e-01
    outer loop
      vertex   2.142181e+02 1.546440e+03 2.083502e+01
      vertex   2.160528e+02 1.547236e+03 2.083502e+01
      vertex   2.146410e+02 1.545465e+03 2.198938e+01
    endloop
  endfacet
  facet normal 2.928354e-01 -6.749349e-01 -6.772816e-01
    outer loop
      vertex   2.146410e+02 1.545465e+03 2.198938e+01
      vertex   2.160528e+02 1.547236e+03 2.083502e+01
      vertex   2.164758e+02 1.546261e+03 2.198938e+01
    endloop
  endfacet
  facet normal 2.444711e-01 -5.634635e-01 -7.891405e-01
    outer loop
      vertex   2.146410e+02 1.545465e+03 2.198938e+01
      vertex   2.164758e+02 1.546261e+03 2.198938e+01
      vertex   2.151338e+02 1.544330e+03 2.295308e+01
    endloop
  endfacet
  facet normal 2.444711e-01 -5.634635e-01 -7.891405e-01
    outer loop
      vertex   2.151338e+02 1.544330e+03 2.295308e+01
      vertex   2.164758e+02 1.546261e+03 2.198938e+01
      vertex   2.169686e+02 1.545126e+03 2.295308e+01
    endloop
  endfacet
  facet normal 1.894382e-01 -4.366224e-01 -8.794738e-01
    outer loop
      vertex   2.151338e+02 1.544330e+03 2.295308e+01
      vertex   2.169686e+02 1.545126e+03 2.295308e+01
      vertex   2.156831e+02 1.543064e+03 2.369985e+01
    endloop
  endfacet
  facet normal 1.894382e-01 -4.366224e-01 -8.794738e-01
    outer loop
      vertex   2.156831e+02 1.543064e+03 2.369985e+01
      vertex   2.169686e+02 1.545126e+03 2.295308e+01
      vertex   2.175178e+02 1.543860e+03 2.369985e+01
    endloop
  endfacet
  facet normal 1.292380e-01 -2.978713e-01 -9.458172e-01
    outer loop
      vertex   2.156831e+02 1.543064e+03 2.369985e+01
      vertex   2.175178e+02 1.543860e+03 2.369985e+01
      vertex   2.162737e+02 1.541702e+03 2.420930e+01
    endloop
  endfacet
  facet normal 1.292380e-01 -2.978713e-01 -9.458172e-01
    outer loop
      vertex   2.162737e+02 1.541702e+03 2.420930e+01
      vertex   2.175178e+02 1.543860e+03 2.369985e+01
      vertex   2.181085e+02 1.542498e+03 2.420930e+01
    endloop
  endfacet
  facet normal 6.551251e-02 -1.509950e-01 -9.863613e-01
    outer loop
      vertex   2.162737e+02 1.541702e+03 2.420930e+01
      vertex   2.181085e+02 1.542498e+03 2.420930e+01
      vertex   2.168897e+02 1.540283e+03 2.446755e+01
    endloop
  endfacet
  facet normal 6.551251e-02 -1.509950e-01 -9.863613e-01
    outer loop
      vertex   2.168897e+02 1.540283e+03 2.446755e+01
      vertex   2.181085e+02 1.542498e+03 2.420930e+01
      vertex   2.187245e+02 1.541079e+03 2.446755e+01
    endloop
  endfacet
  facet normal 0.000000e+00 0.000000e+00 -1.000000e+00
    outer loop
      vertex   2.168897e+02 1.540283e+03 2.446755e+01
      vertex   2.187245e+02 1.541079e+03 2.446755e+01
      vertex   2.175142e+02 1.538843e+03 2.446755e+01
    endloop
  endfacet
  facet normal 0.000000e+00 0.000000e+00 -1.000000e+00
    outer loop
      vertex   2.175142e+02 1.538843e+03 2.446755e+01
      vertex   2.187245e+02 1.541079e+03 2.446755e+01
      vertex   2.193490e+02 1.539639e+03 2.446755e+01
    endloop
  endfacet
  facet normal -6.551251e-02 1.509950e-01 -9.863613e-01
    outer loop
      vertex   2.175142e+02 1.538843e+03 2.446755e+01
      vertex   2.193490e+02 1.539639e+03 2.446755e+01
      vertex   2.181302e+02 1.537423e+03 2.420930e+01
    endloop
  endfacet
  facet normal -6.551251e-02 1.509950e-01 -9.863613e-01
    outer loop
      vertex   2.181302e+02 1.537423e+03 2.420930e+01
      vertex   2.193490e+02 1.539639e+03 2.446755e+01
      vertex   2.199650e+02 1.538220e+03 2.420930e+01
    endloop
  endfacet
  facet normal -1.292380e-01 2.978713e-01 -9.458172e-01
    outer loop
      vertex   2.181302e+02 1.537423e+03 2.420930e+01
      vertex   2.199650e+02 1.538220e+03 2.420930e+01
      vertex   2.187209e+02 1.536062e+03 2.369985e+01
    endloop
  endfacet
  facet normal -1.292380e-01 2.978713e-01 -9.458172e-01
    outer loop
      vertex   2.187209e+02 1.536062e+03 2.369985e+01
      vertex   2.199650e+02 1.538220e+03 2.420930e+01
      vertex   2.205556e+02 1.536858e+03 2.369985e+01
    endloop
  endfacet
  facet normal -1.894382e-01 4.366224e-01 -8.794738e-01
    outer loop
      vertex   2.187209e+02 1.536062e+03 2.369985e+01
      vertex   2.205556e+02 1.536858e+03 2.369985e+01
      vertex   2.192701e+02 1.534796e+03 2.295308e+01
    endloop
  endfacet
  facet normal -1.894382e-01 4.366224e-01 -8.794738e-01
    outer loop
      vertex   2.192701e+02 1.534796e+03 2.295308e+01
      vertex   2.205556e+02 1.536858e+03 2.369985e+01
      vertex   2.211049e+02 1.535592e+03 2.295308e+01
    endloop
  endfacet
  facet normal -2.444711e-01 5.634635e-01 -7.891405e-01
    outer loop
      vertex   2.192701e+02 1.534796e+03 2.295308e+01
      vertex   2.211049e+02 1.535592e+03 2.295308e+01
      vertex   2.197629e+02 1.533660e+03 2.198938e+01
    endloop
  endfacet
  facet normal -2.444711e-01 5.634635e-01 -7.891405e-01
    outer loop
      vertex   2.197629e+02 1.533660e+03 2.198938e+01
      vertex   2.211049e+02 1.535592e+03 2.295308e+01
      vertex   2.215977e+02 1.534456e+03 2.198938e+01
    endloop
  endfacet
  facet normal -2.928354e-01 6.749349e-01 -6.772816e-01
    outer loop
      vertex   2.197629e+02 1.533660e+03 2.198938e+01
      vertex   2.215977e+02 1.534456e+03 2.198938e+01
      vertex   2.201859e+02 1.532685e+03 2.083502e+01
    endloop
  endfacet
  facet normal -2.928354e-01 6.749349e-01 -6.772816e-01
    outer loop
      vertex   2.201859e+02 1.532685e+03 2.083502e+01
      vertex   2.215977e+02 1.534456e+03 2.198938e+01
      vertex   2.220206e+02 1.533482e+03 2.083502e+01
    endloop
  endfacet
  facet normal -3.332119e-01 7.679958e-01 -5.469482e-01
    outer loop
      vertex   2.201859e+02 1.532685e+03 2.083502e+01
      vertex   2.220206e+02 1.533482e+03 2.083502e+01
      vertex   2.205275e+02 1.531898e+03 1.952150e+01
    endloop
  endfacet
  facet normal -3.332119e-01 7.679958e-01 -5.469482e-01
    outer loop
      vertex   2.205275e+02 1.531898e+03 1.952150e+01
      vertex   2.220206e+02 1.533482e+03 2.083502e+01
      vertex   2.223622e+02 1.532694e+03 1.952150e+01
    endloop
  endfacet
  facet normal -3.644993e-01 8.401078e-01 -4.016954e-01
    outer loop
      vertex   2.205275e+02 1.531898e+03 1.952150e+01
      vertex   2.223622e+02 1.532694e+03 1.952150e+01
      vertex   2.207783e+02 1.531320e+03 1.808464e+01
    endloop
  endfacet
  facet normal -3.644993e-01 8.401078e-01 -4.016954e-01
    outer loop
      vertex   2.207783e+02 1.531320e+03 1.808464e+01
      vertex   2.223622e+02 1.532694e+03 1.952150e+01
      vertex   2.226131e+02 1.532116e+03 1.808464e+01
    endloop
  endfacet
  facet normal -3.858440e-01 8.893038e-01 -2.454855e-01
    outer loop
      vertex   2.207783e+02 1.531320e+03 1.808464e+01
      vertex   2.226131e+02 1.532116e+03 1.808464e+01
      vertex   2.209316e+02 1.530967e+03 1.656365e+01
    endloop
  endfacet
  facet normal -3.858440e-01 8.893038e-01 -2.454855e-01
    outer loop
      vertex   2.209316e+02 1.530967e+03 1.656365e+01
      vertex   2.226131e+02 1.532116e+03 1.808464e+01
      vertex   2.227664e+02 1.531763e+03 1.656365e+01
    endloop
  endfacet
  facet normal -3.966640e-01 9.142419e-01 -8.257935e-02
    outer loop
      vertex   2.209316e+02 1.530967e+03 1.656365e+01
      vertex   2.227664e+02 1.531763e+03 1.656365e+01
      vertex   2.209832e+02 1.530848e+03 1.500000e+01
    endloop
  endfacet
  facet normal -3.966640e-01 9.142419e-01 -8.257935e-02
    outer loop
      vertex   2.209832e+02 1.530848e+03 1.500000e+01
      vertex   2.227664e+02 1.531763e+03 1.656365e+01
      vertex   2.228179e+02 1.531644e+03 1.500000e+01
    endloop
  endfacet
  facet normal -3.966640e-01 9.142419e-01 8.257935e-02
    outer loop
      vertex   2.209832e+02 1.530848e+03 1.500000e+01
      vertex   2.228179e+02 1.531644e+03 1.500000e+01
      vertex   2.209316e+02 1.530967e+03 1.343635e+01
    endloop
  endfacet
  facet normal -3.966640e-01 9.142419e-01 8.257935e-02
    outer loop
      vertex   2.209316e+02 1.530967e+03 1.343635e+01
      vertex   2.228179e+02 1.531644e+03 1.500000e+01
      vertex   2.227664e+02 1.531763e+03 1.343635e+01
    endloop
  endfacet
  facet normal -3.858440e-01 8.893038e-01 2.454855e-01
    outer loop
      vertex   2.209316e+02 1.530967e+03 1.343635e+01
      vertex   2.227664e+02 1.531763e+03 1.343635e+01
      vertex   2.207783e+02 1.531320e+03 1.191536e+01
    endloop
  endfacet
  facet normal -3.858440e-01 8.893038e-01 2.454855e-01
    outer loop
      vertex   2.207783e+02 1.531320e+03 1.191536e+01
      vertex   2.227664e+02 1.531763e+03 1.343635e+01
      vertex   2.226131e+02 1.532116e+03 1.191536e+01
    endloop
  endfacet
  facet normal -3.644993e-01 8.401078e-01 4.016954e-01
    outer loop
      vertex   2.207783e+02 1.531320e+03 1.191536e+01
      vertex   2.226131e+02 1.532116e+03 1.191536e+01
      vertex   2.205275e+02 1.531898e+03 1.047850e+01
    endloop
  endfacet
  facet normal -3.644993e-01 8.401078e-01 4.016954e-01
    outer loop
      vertex   2.205275e+02 1.531898e+03 1.047850e+01
      vertex   2.226131e+02 1.532116e+03 1.191536e+01
      vertex   2.223622e+02 1.532694e+03 1.047850e+01
    endloop
  endfacet
  facet normal -3.332119e-01 7.679958e-01 5.469482e-01
    outer loop
      vertex   2.205275e+02 1.531898e+03 1.047850e+01
      vertex   2.223622e+02 1.532694e+03 1.047850e+01
      vertex   2.201859e+02 1.532685e+03 9.164979e+00
    endloop
  endfacet
  facet normal -3.332119e-01 7.679958e-01 5.469482e-01
    outer loop
      vertex   2.201859e+02 1.532685e+03 9.164979e+00
      vertex   2.223622e+02 1.532694e+03 1.047850e+01
      vertex   2.220206e+02 1.533482e+03 9.164979e+00
    endloop
  endfacet
  facet normal -2.928354e-01 6.749349e-01 6.772816e-01
    outer loop
      vertex   2.201859e+02 1.532685e+03 9.164979e+00
      vertex   2.220206e+02 1.533482e+03 9.164979e+00
      vertex   2.197629e+02 1.533660e+03 8.010623e+00
    endloop
  endfacet
  facet normal -2.928354e-01 6.749349e-01 6.772816e-01
    outer loop
      vertex   2.197629e+02 1.533660e+03 8.010623e+00
      vertex   2.220206e+02 1.533482e+03 9.164979e+00
      vertex   2.215977e+02 1.534456e+03 8.010623e+00
    endloop
  endfacet
  facet normal -2.444711e-01 5.634635e-01 7.891405e-01
    outer loop
      vertex   2.197629e+02 1.533660e+03 8.010623e+00
      vertex   2.215977e+02 1.534456e+03 8.010623e+00
      vertex   2.192701e+02 1.534796e+03 7.046918e+00
    endloop
  endfacet
  facet normal -2.444711e-01 5.634635e-01 7.891405e-01
    outer loop
      vertex   2.192701e+02 1.534796e+03 7.046918e+00
      vertex   2.215977e+02 1.534456e+03 8.010623e+00
      vertex   2.211049e+02 1.535592e+03 7.046918e+00
    endloop
  endfacet
  facet normal -1.894382e-01 4.366224e-01 8.794738e-01
    outer loop
      vertex   2.192701e+02 1.534796e+03 7.046918e+00
      vertex   2.211049e+02 1.535592e+03 7.046918e+00
      vertex   2.187209e+02 1.536062e+03 6.300153e+00
    endloop
  endfacet
  facet normal -1.894382e-01 4.366224e-01 8.794738e-01
    outer loop
      vertex   2.187209e+02 1.536062e+03 6.300153e+00
      vertex   2.211049e+02 1.535592e+03 7.046918e+00
      vertex   2.205556e+02 1.536858e+03 6.300153e+00
    endloop
  endfacet
  facet normal -1.292380e-01 2.978713e-01 9.458172e-01
    outer loop
      vertex   2.187209e+02 1.536062e+03 6.300153e+00
      vertex   2.205556e+02 1.536858e+03 6.300153e+00
      vertex   2.181302e+02 1.537423e+03 5.790697e+00
    endloop
  endfacet
  facet normal -1.292380e-01 2.978713e-01 9.458172e-01
    outer loop
      vertex   2.181302e+02 1.537423e+03 5.790697e+00
      vertex   2.205556e+02 1.536858e+03 6.300153e+00
      vertex   2.199650e+02 1.538220e+03 5.790697e+00
    endloop
  endfacet
  facet normal -6.551251e-02 1.509950e-01 9.863613e-01
    outer loop
      vertex   2.181302e+02 1.537423e+03 5.790697e+00
      vertex   2.199650e+02 1.538220e+03 5.790697e+00
      vertex   2.175142e+02 1.538843e+03 5.532447e+00
    endloop
  endfacet
  facet normal -6.551251e-02 1.509950e-01 9.863613e-01
    outer loop
      vertex   2.175142e+02 1.538843e+03 5.532447e+00
      vertex   2.199650e+02 1.538220e+03 5.790697e+00
      vertex   2.193490e+02 1.539639e+03 5.532447e+00
    endloop
  endfacet
  facet normal 4.073964e-16 1.767579e-16 1.000000e+00
    outer loop
      vertex   2.175142e+02 1.538843e+03 5.532447e+00
      vertex   2.193490e+02 1.539639e+03 5.532447e+00
      vertex   2.168897e+02 1.540283e+03 5.532447e+00
    endloop
  endfacet
  facet normal 4.073964e-16 1.767579e-16 1.000000e+00
    outer loop
      vertex   2.168897e+02 1.540283e+03 5.532447e+00
      vertex   2.193490e+02 1.539639e+03 5.532447e+00
      vertex   2.187245e+02 1.541079e+03 5.532447e+00
    endloop
  endfacet
  facet normal 6.551251e-02 -1.509950e-01 9.863613e-01
    outer loop
      vertex   2.168897e+02 1.540283e+03 5.532447e+00
      vertex   2.187245e+02 1.541079e+03 5.532447e+00
      vertex   2.162737e+02 1.541702e+03 5.790697e+00
    endloop
  endfacet
  facet normal 6.551251e-02 -1.509950e-01 9.863613e-01
    outer loop
      vertex   2.162737e+02 1.541702e+03 5.790697e+00
      vertex   2.187245e+02 1.541079e+03 5.532447e+00
      vertex   2.181085e+02 1.542498e+03 5.790697e+00
    endloop
  endfacet
  facet normal 1.292380e-01 -2.978713e-01 9.458172e-01
    outer loop
      vertex   2.162737e+02 1.541702e+03 5.790697e+00
      vertex   2.181085e+02 1.542498e+03 5.790697e+00
      vertex   2.156831e+02 1.543064e+03 6.300153e+00
    endloop
  endfacet
  facet normal 1.292380e-01 -2.978713e-01 9.458172e-01
    outer loop
      vertex   2.156831e+02 1.543064e+03 6.300153e+00
      vertex   2.181085e+02 1.542498e+03 5.790697e+00
      vertex   2.175178e+02 1.543860e+03 6.300153e+00
    endloop
  endfacet
  facet normal 1.894382e-01 -4.366224e-01 8.794738e-01
    outer loop
      vertex   2.156831e+02 1.543064e+03 6.300153e+00
      vertex   2.175178e+02 1.543860e+03 6.300153e+00
      vertex   2.151338e+02 1.544330e+03 7.046918e+00
    endloop
  endfacet
  facet normal 1.894382e-01 -4.366224e-01 8.794738e-01
    outer loop
      vertex   2.151338e+02 1.544330e+03 7.046918e+00
      vertex   2.175178e+02 1.543860e+03 6.300153e+00
      vertex   2.169686e+02 1.545126e+03 7.046918e+00
    endloop
  endfacet
  facet normal 2.444711e-01 -5.634635e-01 7.891405e-01
    outer loop
      vertex   2.151338e+02 1.544330e+03 7.046918e+00
      vertex   2.169686e+02 1.545126e+03 7.046918e+00
      vertex   2.146410e+02 1.545465e+03 8.010623e+00
    endloop
  endfacet
  facet normal 2.444711e-01 -5.634635e-01 7.891405e-01
    outer loop
      vertex   2.146410e+02 1.545465e+03 8.010623e+00
      vertex   2.169686e+02 1.545126e+03 7.046918e+00
      vertex   2.164758e+02 1.546261e+03 8.010623e+00
    endloop
  endfacet
  facet normal 2.928354e-01 -6.749349e-01 6.772816e-01
    outer loop
      vertex   2.146410e+02 1.545465e+03 8.010623e+00
      vertex   2.164758e+02 1.546261e+03 8.010623e+00
      vertex   2.142181e+02 1.546440e+03 9.164979e+00
    endloop
  endfacet
  facet normal 2.928354e-01 -6.749349e-01 6.772816e-01
    outer loop
      vertex   2.142181e+02 1.546440e+03 9.164979e+00
      vertex   2.164758e+02 1.546261e+03 8.010623e+00
      vertex   2.160528e+02 1.547236e+03 9.164979e+00
    endloop
  endfacet
  facet normal 3.332119e-01 -7.679958e-01 5.469482e-01
    outer loop
      vertex   2.142181e+02 1.546440e+03 9.164979e+00
      vertex   2.160528e+02 1.547236e+03 9.164979e+00
      vertex   2.138765e+02 1.547228e+03 1.047850e+01
    endloop
  endfacet
  facet normal 3.332119e-01 -7.679958e-01 5.469482e-01
    outer loop
      vertex   2.138765e+02 1.547228e+03 1.047850e+01
      vertex   2.160528e+02 1.547236e+03 9.164979e+00
      vertex   2.157112e+02 1.548024e+03 1.047850e+01
    endloop
  endfacet
  facet normal 3.644993e-01 -8.401078e-01 4.016954e-01
    outer loop
      vertex   2.138765e+02 1.547228e+03 1.047850e+01
      vertex   2.157112e+02 1.548024e+03 1.047850e+01
      vertex   2.136256e+02 1.547806e+03 1.191536e+01
    endloop
  endfacet
  facet normal 3.644993e-01 -8.401078e-01 4.016954e-01
    outer loop
      vertex   2.136256e+02 1.547806e+03 1.191536e+01
      vertex   2.157112e+02 1.548024e+03 1.047850e+01
      vertex   2.154604e+02 1.548602e+03 1.191536e+01
    endloop
  endfacet
  facet normal 3.858440e-01 -8.893038e-01 2.454855e-01
    outer loop
      vertex   2.136256e+02 1.547806e+03 1.191536e+01
      vertex   2.154604e+02 1.548602e+03 1.191536e+01
      vertex   2.134723e+02 1.548159e+03 1.343635e+01
    endloop
  endfacet
  facet normal 3.858440e-01 -8.893038e-01 2.454855e-01
    outer loop
      vertex   2.134723e+02 1.548159e+03 1.343635e+01
      vertex   2.154604e+02 1.548602e+03 1.191536e+01
      vertex   2.153071e+02 1.548955e+03 1.343635e+01
    endloop
  endfacet
  facet normal 5.787278e-01 -3.350222e-01 7.435282e-01
    outer loop
      vertex   2.074478e+02 1.440068e+03 3.626254e+01
      vertex   2.084924e+02 1.437712e+03 3.438779e+01
      vertex   2.287664e+02 1.482704e+03 3.888014e+01
    endloop
  endfacet
  facet normal 5.787278e-01 -3.350222e-01 7.435282e-01
    outer loop
      vertex   2.287664e+02 1.482704e+03 3.888014e+01
      vertex   2.084924e+02 1.437712e+03 3.438779e+01
      vertex   2.307515e+02 1.482229e+03 3.712087e+01
    endloop
  endfacet
  facet normal 5.787278e-01 -3.350222e-01 7.435282e-01
    outer loop
      vertex   2.287664e+02 1.482704e+03 3.888014e+01
      vertex   2.307515e+02 1.482229e+03 3.712087e+01
      vertex   2.307515e+02 1.482235e+03 3.712388e+01
    endloop
  endfacet
  facet normal -2.720349e-01 -6.701226e-01 6.906031e-01
    outer loop
      vertex   2.084875e+02 1.437702e+03 3.437627e+01
      vertex   2.074478e+02 1.440068e+03 3.626254e+01
      vertex   7.500000e+01 1.475000e+03 1.798606e+01
    endloop
  endfacet
  facet normal -2.720349e-01 -6.701226e-01 6.906031e-01
    outer loop
      vertex   7.500000e+01 1.475000e+03 1.798606e+01
      vertex   2.074478e+02 1.440068e+03 3.626254e+01
      vertex   7.698509e+01 1.476521e+03 2.024374e+01
    endloop
  endfacet
  facet normal -2.720349e-01 -6.701226e-01 6.906031e-01
    outer loop
      vertex   7.500000e+01 1.475000e+03 1.798606e+01
      vertex   7.698509e+01 1.476521e+03 2.024374e+01
      vertex   7.500000e+01 1.475014e+03 1.800000e+01
    endloop
  endfacet
  facet normal -2.720349e-01 -6.701226e-01 6.906031e-01
    outer loop
      vertex   2.084875e+02 1.437702e+03 3.437627e+01
      vertex   2.084924e+02 1.437712e+03 3.438779e+01
      vertex   2.074478e+02 1.440068e+03 3.626254e+01
    endloop
  endfacet
  facet normal 6.626200e-01 6.228527e-16 7.489557e-01
    outer loop
      vertex   2.287664e+02 1.512940e+03 3.888014e+01
      vertex   2.287664e+02 1.482704e+03 3.888014e+01
      vertex   2.307515e+02 1.513352e+03 3.712388e+01
    endloop
  endfacet
  facet normal 6.626200e-01 0.000000e+00 7.489557e-01
    outer loop
      vertex   2.307515e+02 1.513352e+03 3.712388e+01
      vertex   2.287664e+02 1.482704e+03 3.888014e+01
      vertex   2.307515e+02 1.482235e+03 3.712388e+01
    endloop
  endfacet
  facet normal -7.489557e-01 0.000000e+00 6.626200e-01
    outer loop
      vertex   7.500000e+01 1.567969e+03 1.800000e+01
      vertex   7.500000e+01 1.475014e+03 1.800000e+01
      vertex   7.698509e+01 1.566172e+03 2.024374e+01
    endloop
  endfacet
  facet normal -7.489557e-01 2.625831e-17 6.626200e-01
    outer loop
      vertex   7.698509e+01 1.566172e+03 2.024374e+01
      vertex   7.500000e+01 1.475014e+03 1.800000e+01
      vertex   7.698509e+01 1.476521e+03 2.024374e+01
    endloop
  endfacet
  facet normal 5.968607e-01 2.986333e-01 7.446982e-01
    outer loop
      vertex   2.047464e+02 1.568302e+03 3.593085e+01
      vertex   2.287664e+02 1.512940e+03 3.888014e+01
      vertex   2.061042e+02 1.570166e+03 3.409518e+01
    endloop
  endfacet
  facet normal 5.968607e-01 2.986333e-01 7.446982e-01
    outer loop
      vertex   2.061042e+02 1.570166e+03 3.409518e+01
      vertex   2.287664e+02 1.512940e+03 3.888014e+01
      vertex   2.307515e+02 1.513358e+03 3.712149e+01
    endloop
  endfacet
  facet normal 5.968607e-01 2.986333e-01 7.446982e-01
    outer loop
      vertex   2.307515e+02 1.513358e+03 3.712149e+01
      vertex   2.287664e+02 1.512940e+03 3.888014e+01
      vertex   2.307515e+02 1.513352e+03 3.712388e+01
    endloop
  endfacet
  facet normal -1.556781e-01 6.993562e-01 6.976139e-01
    outer loop
      vertex   1.509438e+02 1.575587e+03 2.730985e+01
      vertex   7.500000e+01 1.567984e+03 1.798513e+01
      vertex   1.509458e+02 1.573578e+03 2.932497e+01
    endloop
  endfacet
  facet normal -1.556781e-01 6.993562e-01 6.976139e-01
    outer loop
      vertex   1.509458e+02 1.573578e+03 2.932497e+01
      vertex   7.500000e+01 1.567984e+03 1.798513e+01
      vertex   7.500000e+01 1.567969e+03 1.800000e+01
    endloop
  endfacet
  facet normal -1.556781e-01 6.993562e-01 6.976139e-01
    outer loop
      vertex   1.509458e+02 1.573578e+03 2.932497e+01
      vertex   7.500000e+01 1.567969e+03 1.800000e+01
      vertex   7.698509e+01 1.566172e+03 2.024374e+01
    endloop
  endfacet
  facet normal -1.727597e-02 7.079543e-01 7.060470e-01
    outer loop
      vertex   2.047464e+02 1.568302e+03 3.593085e+01
      vertex   2.061042e+02 1.570166e+03 3.409518e+01
      vertex   1.509458e+02 1.573578e+03 2.932497e+01
    endloop
  endfacet
  facet normal -1.727597e-02 7.079543e-01 7.060470e-01
    outer loop
      vertex   1.509458e+02 1.573578e+03 2.932497e+01
      vertex   2.061042e+02 1.570166e+03 3.409518e+01
      vertex   2.060985e+02 1.570179e+03 3.408200e+01
    endloop
  endfacet
  facet normal -1.727612e-02 7.079532e-01 7.060480e-01
    outer loop
      vertex   1.509458e+02 1.573578e+03 2.932497e+01
      vertex   2.060985e+02 1.570179e+03 3.408200e+01
      vertex   1.509438e+02 1.575587e+03 2.730985e+01
    endloop
  endfacet
  facet normal 1.000000e+00 0.000000e+00 0.000000e+00
    outer loop
      vertex   2.307515e+02 1.513358e+03 3.712149e+01
      vertex   2.307515e+02 1.513352e+03 3.712388e+01
      vertex   2.307515e+02 1.513358e+03 0.000000e+00
    endloop
  endfacet
  facet normal 1.000000e+00 0.000000e+00 0.000000e+00
    outer loop
      vertex   2.307515e+02 1.513358e+03 0.000000e+00
      vertex   2.307515e+02 1.513352e+03 3.712388e+01
      vertex   2.307515e+02 1.482235e+03 3.712388e+01
    endloop
  endfacet
  facet normal 1.000000e+00 0.000000e+00 0.000000e+00
    outer loop
      vertex   2.307515e+02 1.513358e+03 0.000000e+00
      vertex   2.307515e+02 1.482235e+03 3.712388e+01
      vertex   2.307515e+02 1.482229e+03 0.000000e+00
    endloop
  endfacet
  facet normal 1.000000e+00 0.000000e+00 0.000000e+00
    outer loop
      vertex   2.307515e+02 1.482229e+03 0.000000e+00
      vertex   2.307515e+02 1.482235e+03 3.712388e+01
      vertex   2.307515e+02 1.482229e+03 3.712087e+01
    endloop
  endfacet
  facet normal 8.944211e-01 -4.472258e-01 -2.296730e-12
    outer loop
      vertex   2.084924e+02 1.437712e+03 3.438779e+01
      vertex   2.084875e+02 1.437702e+03 3.437627e+01
      vertex   2.307515e+02 1.482229e+03 3.712087e+01
    endloop
  endfacet
  facet normal 8.944211e-01 -4.472258e-01 0.000000e+00
    outer loop
      vertex   2.307515e+02 1.482229e+03 3.712087e+01
      vertex   2.084875e+02 1.437702e+03 3.437627e+01
      vertex   2.307515e+02 1.482229e+03 0.000000e+00
    endloop
  endfacet
  facet normal 8.944211e-01 -4.472258e-01 0.000000e+00
    outer loop
      vertex   2.307515e+02 1.482229e+03 0.000000e+00
      vertex   2.084875e+02 1.437702e+03 3.437627e+01
      vertex   2.084875e+02 1.437702e+03 0.000000e+00
    endloop
  endfacet
  facet normal -2.691037e-01 -9.631112e-01 -0.000000e+00
    outer loop
      vertex   2.084875e+02 1.437702e+03 3.437627e+01
      vertex   7.500000e+01 1.475000e+03 1.798606e+01
      vertex   2.084875e+02 1.437702e+03 0.000000e+00
    endloop
  endfacet
  facet normal -2.691037e-01 -9.631112e-01 0.000000e+00
    outer loop
      vertex   2.084875e+02 1.437702e+03 0.000000e+00
      vertex   7.500000e+01 1.475000e+03 1.798606e+01
      vertex   7.500000e+01 1.475000e+03 0.000000e+00
    endloop
  endfacet
  facet normal -1.218693e-01 0.000000e+00 9.925462e-01
    outer loop
      vertex   2.257515e+02 1.508119e+03 3.850996e+01
      vertex   2.257515e+02 1.483411e+03 3.850996e+01
      vertex   2.287664e+02 1.482704e+03 3.888014e+01
    endloop
  endfacet
  facet normal -1.218693e-01 -7.451240e-16 9.925462e-01
    outer loop
      vertex   2.287664e+02 1.482704e+03 3.888014e+01
      vertex   2.257515e+02 1.483411e+03 3.850996e+01
      vertex   2.085398e+02 1.448987e+03 3.639663e+01
    endloop
  endfacet
  facet normal -1.218693e-01 -3.795746e-15 9.925462e-01
    outer loop
      vertex   2.287664e+02 1.482704e+03 3.888014e+01
      vertex   2.085398e+02 1.448987e+03 3.639663e+01
      vertex   2.089608e+02 1.448035e+03 3.644832e+01
    endloop
  endfacet
  facet normal -1.218693e-01 3.140580e-15 9.925462e-01
    outer loop
      vertex   2.089608e+02 1.448035e+03 3.644832e+01
      vertex   2.091595e+02 1.447014e+03 3.647272e+01
      vertex   2.287664e+02 1.482704e+03 3.888014e+01
    endloop
  endfacet
  facet normal -1.218693e-01 5.509188e-15 9.925462e-01
    outer loop
      vertex   2.287664e+02 1.482704e+03 3.888014e+01
      vertex   2.091595e+02 1.447014e+03 3.647272e+01
      vertex   2.091261e+02 1.445974e+03 3.646862e+01
    endloop
  endfacet
  facet normal -1.218693e-01 -6.297676e-15 9.925462e-01
    outer loop
      vertex   2.287664e+02 1.482704e+03 3.888014e+01
      vertex   2.091261e+02 1.445974e+03 3.646862e+01
      vertex   2.088623e+02 1.444967e+03 3.643622e+01
    endloop
  endfacet
  facet normal -1.218693e-01 -1.118656e-15 9.925462e-01
    outer loop
      vertex   2.287664e+02 1.482704e+03 3.888014e+01
      vertex   2.088623e+02 1.444967e+03 3.643622e+01
      vertex   2.074478e+02 1.440068e+03 3.626254e+01
    endloop
  endfacet
  facet normal -1.218693e-01 4.583221e-15 9.925462e-01
    outer loop
      vertex   2.074478e+02 1.440068e+03 3.626254e+01
      vertex   2.088623e+02 1.444967e+03 3.643622e+01
      vertex   2.083811e+02 1.444044e+03 3.637714e+01
    endloop
  endfacet
  facet normal -1.218693e-01 -2.034499e-15 9.925462e-01
    outer loop
      vertex   2.074478e+02 1.440068e+03 3.626254e+01
      vertex   2.083811e+02 1.444044e+03 3.637714e+01
      vertex   2.077068e+02 1.443252e+03 3.629435e+01
    endloop
  endfacet
  facet normal -1.218693e-01 -1.054002e-15 9.925462e-01
    outer loop
      vertex   2.077068e+02 1.443252e+03 3.629435e+01
      vertex   2.068731e+02 1.442629e+03 3.619198e+01
      vertex   2.074478e+02 1.440068e+03 3.626254e+01
    endloop
  endfacet
  facet normal -1.218693e-01 -1.265044e-15 9.925462e-01
    outer loop
      vertex   2.074478e+02 1.440068e+03 3.626254e+01
      vertex   2.068731e+02 1.442629e+03 3.619198e+01
      vertex   2.059217e+02 1.442207e+03 3.607517e+01
    endloop
  endfacet
  facet normal -1.218693e-01 2.434747e-15 9.925462e-01
    outer loop
      vertex   2.074478e+02 1.440068e+03 3.626254e+01
      vertex   2.059217e+02 1.442207e+03 3.607517e+01
      vertex   2.049004e+02 1.442007e+03 3.594976e+01
    endloop
  endfacet
  facet normal -1.218693e-01 -3.674246e-15 9.925462e-01
    outer loop
      vertex   2.049004e+02 1.442007e+03 3.594976e+01
      vertex   2.038602e+02 1.442040e+03 3.582205e+01
      vertex   2.074478e+02 1.440068e+03 3.626254e+01
    endloop
  endfacet
  facet normal -1.218693e-01 -5.923011e-15 9.925462e-01
    outer loop
      vertex   2.074478e+02 1.440068e+03 3.626254e+01
      vertex   2.038602e+02 1.442040e+03 3.582205e+01
      vertex   2.028533e+02 1.442303e+03 3.569841e+01
    endloop
  endfacet
  facet normal -1.218693e-01 4.547832e-16 9.925462e-01
    outer loop
      vertex   2.074478e+02 1.440068e+03 3.626254e+01
      vertex   2.028533e+02 1.442303e+03 3.569841e+01
      vertex   7.698509e+01 1.476521e+03 2.024374e+01
    endloop
  endfacet
  facet normal -1.218693e-01 1.563601e-14 9.925462e-01
    outer loop
      vertex   7.698509e+01 1.476521e+03 2.024374e+01
      vertex   2.028533e+02 1.442303e+03 3.569841e+01
      vertex   2.019301e+02 1.442783e+03 3.558506e+01
    endloop
  endfacet
  facet normal -1.218693e-01 2.764102e-16 9.925462e-01
    outer loop
      vertex   7.698509e+01 1.476521e+03 2.024374e+01
      vertex   2.019301e+02 1.442783e+03 3.558506e+01
      vertex   8.226665e+01 1.476320e+03 2.089223e+01
    endloop
  endfacet
  facet normal -1.218693e-01 8.235849e-16 9.925462e-01
    outer loop
      vertex   8.226665e+01 1.476320e+03 2.089223e+01
      vertex   2.019301e+02 1.442783e+03 3.558506e+01
      vertex   8.334416e+01 1.476412e+03 2.102453e+01
    endloop
  endfacet
  facet normal -1.218693e-01 -4.241779e-15 9.925462e-01
    outer loop
      vertex   8.334416e+01 1.476412e+03 2.102453e+01
      vertex   2.019301e+02 1.442783e+03 3.558506e+01
      vertex   2.011369e+02 1.443457e+03 3.548766e+01
    endloop
  endfacet
  facet normal -1.218693e-01 1.603561e-15 9.925462e-01
    outer loop
      vertex   8.334416e+01 1.476412e+03 2.102453e+01
      vertex   2.011369e+02 1.443457e+03 3.548766e+01
      vertex   8.437138e+01 1.476750e+03 2.115066e+01
    endloop
  endfacet
  facet normal -1.218693e-01 -5.898383e-15 9.925462e-01
    outer loop
      vertex   8.437138e+01 1.476750e+03 2.115066e+01
      vertex   2.011369e+02 1.443457e+03 3.548766e+01
      vertex   2.005133e+02 1.444290e+03 3.541109e+01
    endloop
  endfacet
  facet normal -1.218693e-01 6.999443e-15 9.925462e-01
    outer loop
      vertex   8.437138e+01 1.476750e+03 2.115066e+01
      vertex   2.005133e+02 1.444290e+03 3.541109e+01
      vertex   2.000906e+02 1.445241e+03 3.535919e+01
    endloop
  endfacet
  facet normal -1.218693e-01 -4.774057e-15 9.925462e-01
    outer loop
      vertex   2.000906e+02 1.445241e+03 3.535919e+01
      vertex   8.529275e+01 1.477316e+03 2.126379e+01
      vertex   8.437138e+01 1.476750e+03 2.115066e+01
    endloop
  endfacet
  facet normal -1.218693e-01 1.681948e-14 9.925462e-01
    outer loop
      vertex   8.226665e+01 1.476320e+03 2.089223e+01
      vertex   8.119711e+01 1.476480e+03 2.076091e+01
      vertex   7.698509e+01 1.476521e+03 2.024374e+01
    endloop
  endfacet
  facet normal -1.218693e-01 9.327161e-16 9.925462e-01
    outer loop
      vertex   7.698509e+01 1.476521e+03 2.024374e+01
      vertex   8.119711e+01 1.476480e+03 2.076091e+01
      vertex   8.019340e+01 1.476882e+03 2.063767e+01
    endloop
  endfacet
  facet normal -1.218693e-01 1.140190e-15 9.925462e-01
    outer loop
      vertex   7.698509e+01 1.476521e+03 2.024374e+01
      vertex   8.019340e+01 1.476882e+03 2.063767e+01
      vertex   7.930980e+01 1.477506e+03 2.052918e+01
    endloop
  endfacet
  facet normal -1.218693e-01 9.894196e-16 9.925462e-01
    outer loop
      vertex   7.930980e+01 1.477506e+03 2.052918e+01
      vertex   7.859410e+01 1.478316e+03 2.044130e+01
      vertex   7.698509e+01 1.476521e+03 2.024374e+01
    endloop
  endfacet
  facet normal -1.218693e-01 5.061648e-16 9.925462e-01
    outer loop
      vertex   7.698509e+01 1.476521e+03 2.024374e+01
      vertex   7.859410e+01 1.478316e+03 2.044130e+01
      vertex   7.808501e+01 1.479270e+03 2.037879e+01
    endloop
  endfacet
  facet normal -1.218693e-01 -7.803485e-16 9.925462e-01
    outer loop
      vertex   7.698509e+01 1.476521e+03 2.024374e+01
      vertex   7.808501e+01 1.479270e+03 2.037879e+01
      vertex   7.781006e+01 1.480316e+03 2.034503e+01
    endloop
  endfacet
  facet normal -1.218693e-01 1.076637e-15 9.925462e-01
    outer loop
      vertex   7.781006e+01 1.480316e+03 2.034503e+01
      vertex   7.778411e+01 1.481397e+03 2.034185e+01
      vertex   7.698509e+01 1.476521e+03 2.024374e+01
    endloop
  endfacet
  facet normal -1.218693e-01 -4.348197e-19 9.925462e-01
    outer loop
      vertex   7.698509e+01 1.476521e+03 2.024374e+01
      vertex   7.778411e+01 1.481397e+03 2.034185e+01
      vertex   7.778523e+01 1.560697e+03 2.034198e+01
    endloop
  endfacet
  facet normal -1.218693e-01 3.933262e-17 9.925462e-01
    outer loop
      vertex   7.698509e+01 1.476521e+03 2.024374e+01
      vertex   7.778523e+01 1.560697e+03 2.034198e+01
      vertex   7.698509e+01 1.566172e+03 2.024374e+01
    endloop
  endfacet
  facet normal -1.218693e-01 3.766630e-16 9.925462e-01
    outer loop
      vertex   7.698509e+01 1.566172e+03 2.024374e+01
      vertex   7.778523e+01 1.560697e+03 2.034198e+01
      vertex   7.780800e+01 1.561775e+03 2.034478e+01
    endloop
  endfacet
  facet normal -1.218693e-01 -7.059561e-16 9.925462e-01
    outer loop
      vertex   7.698509e+01 1.566172e+03 2.024374e+01
      vertex   7.780800e+01 1.561775e+03 2.034478e+01
      vertex   7.807853e+01 1.562819e+03 2.037800e+01
    endloop
  endfacet
  facet normal -1.218693e-01 -4.636428e-19 9.925462e-01
    outer loop
      vertex   7.778411e+01 1.481397e+03 2.034185e+01
      vertex   7.800859e+01 1.482455e+03 2.036941e+01
      vertex   7.778523e+01 1.560697e+03 2.034198e+01
    endloop
  endfacet
  facet normal -1.218693e-01 3.726672e-17 9.925462e-01
    outer loop
      vertex   7.778523e+01 1.560697e+03 2.034198e+01
      vertex   7.800859e+01 1.482455e+03 2.036941e+01
      vertex   7.801145e+01 1.559642e+03 2.036976e+01
    endloop
  endfacet
  facet normal -1.218693e-01 3.752321e-17 9.925462e-01
    outer loop
      vertex   7.801145e+01 1.559642e+03 2.036976e+01
      vertex   7.800859e+01 1.482455e+03 2.036941e+01
      vertex   7.847133e+01 1.483433e+03 2.042623e+01
    endloop
  endfacet
  facet normal -1.218693e-01 3.538456e-17 9.925462e-01
    outer loop
      vertex   7.801145e+01 1.559642e+03 2.036976e+01
      vertex   7.847133e+01 1.483433e+03 2.042623e+01
      vertex   7.847449e+01 1.558668e+03 2.042661e+01
    endloop
  endfacet
  facet normal -1.218693e-01 3.575638e-17 9.925462e-01
    outer loop
      vertex   7.847449e+01 1.558668e+03 2.042661e+01
      vertex   7.847133e+01 1.483433e+03 2.042623e+01
      vertex   7.914732e+01 1.484277e+03 2.050923e+01
    endloop
  endfacet
  facet normal -1.218693e-01 4.439324e-17 9.925462e-01
    outer loop
      vertex   7.847449e+01 1.558668e+03 2.042661e+01
      vertex   7.914732e+01 1.484277e+03 2.050923e+01
      vertex   7.914944e+01 1.557827e+03 2.050949e+01
    endloop
  endfacet
  facet normal -1.218693e-01 4.436412e-17 9.925462e-01
    outer loop
      vertex   7.914944e+01 1.557827e+03 2.050949e+01
      vertex   7.914732e+01 1.484277e+03 2.050923e+01
      vertex   8.000000e+01 1.484942e+03 2.061392e+01
    endloop
  endfacet
  facet normal -1.218693e-01 0.000000e+00 9.925462e-01
    outer loop
      vertex   7.914944e+01 1.557827e+03 2.050949e+01
      vertex   8.000000e+01 1.484942e+03 2.061392e+01
      vertex   8.000000e+01 1.557164e+03 2.061392e+01
    endloop
  endfacet
  facet normal -1.218693e-01 1.235277e-15 9.925462e-01
    outer loop
      vertex   7.807853e+01 1.562819e+03 2.037800e+01
      vertex   7.858226e+01 1.563773e+03 2.043985e+01
      vertex   7.698509e+01 1.566172e+03 2.024374e+01
    endloop
  endfacet
  facet normal -1.218693e-01 1.395655e-15 9.925462e-01
    outer loop
      vertex   7.698509e+01 1.566172e+03 2.024374e+01
      vertex   7.858226e+01 1.563773e+03 2.043985e+01
      vertex   7.929212e+01 1.564584e+03 2.052701e+01
    endloop
  endfacet
  facet normal -1.218693e-01 6.209520e-16 9.925462e-01
    outer loop
      vertex   7.698509e+01 1.566172e+03 2.024374e+01
      vertex   7.929212e+01 1.564584e+03 2.052701e+01
      vertex   8.016991e+01 1.565211e+03 2.063478e+01
    endloop
  endfacet
  facet normal -1.218693e-01 1.000531e-15 9.925462e-01
    outer loop
      vertex   8.016991e+01 1.565211e+03 2.063478e+01
      vertex   8.116841e+01 1.565618e+03 2.075739e+01
      vertex   7.698509e+01 1.566172e+03 2.024374e+01
    endloop
  endfacet
  facet normal -1.218693e-01 1.370101e-15 9.925462e-01
    outer loop
      vertex   7.698509e+01 1.566172e+03 2.024374e+01
      vertex   8.116841e+01 1.565618e+03 2.075739e+01
      vertex   8.223393e+01 1.565785e+03 2.088821e+01
    endloop
  endfacet
  facet normal -1.218693e-01 -2.506331e-15 9.925462e-01
    outer loop
      vertex   7.698509e+01 1.566172e+03 2.024374e+01
      vertex   8.223393e+01 1.565785e+03 2.088821e+01
      vertex   1.509458e+02 1.573578e+03 2.932497e+01
    endloop
  endfacet
  facet normal -1.218693e-01 1.599220e-14 9.925462e-01
    outer loop
      vertex   1.509458e+02 1.573578e+03 2.932497e+01
      vertex   8.223393e+01 1.565785e+03 2.088821e+01
      vertex   8.330914e+01 1.565701e+03 2.102023e+01
    endloop
  endfacet
  facet normal -1.218693e-01 3.719961e-15 9.925462e-01
    outer loop
      vertex   1.509458e+02 1.573578e+03 2.932497e+01
      vertex   8.330914e+01 1.565701e+03 2.102023e+01
      vertex   8.433622e+01 1.565373e+03 2.114634e+01
    endloop
  endfacet
  facet normal -1.218693e-01 -3.533681e-15 9.925462e-01
    outer loop
      vertex   8.433622e+01 1.565373e+03 2.114634e+01
      vertex   8.525991e+01 1.564816e+03 2.125976e+01
      vertex   1.509458e+02 1.573578e+03 2.932497e+01
    endloop
  endfacet
  facet normal -1.218693e-01 -4.007939e-15 9.925462e-01
    outer loop
      vertex   1.509458e+02 1.573578e+03 2.932497e+01
      vertex   8.525991e+01 1.564816e+03 2.125976e+01
      vertex   8.603054e+01 1.564061e+03 2.135438e+01
    endloop
  endfacet
  facet normal -1.218693e-01 8.017879e-16 9.925462e-01
    outer loop
      vertex   1.509458e+02 1.573578e+03 2.932497e+01
      vertex   8.603054e+01 1.564061e+03 2.135438e+01
      vertex   1.509490e+02 1.570563e+03 2.932536e+01
    endloop
  endfacet
  facet normal -1.218693e-01 8.020319e-16 9.925462e-01
    outer loop
      vertex   1.509490e+02 1.570563e+03 2.932536e+01
      vertex   1.973368e+02 1.566014e+03 3.502107e+01
      vertex   1.509458e+02 1.573578e+03 2.932497e+01
    endloop
  endfacet
  facet normal -1.218693e-01 7.295107e-15 9.925462e-01
    outer loop
      vertex   1.509458e+02 1.573578e+03 2.932497e+01
      vertex   1.973368e+02 1.566014e+03 3.502107e+01
      vertex   1.981198e+02 1.566720e+03 3.511722e+01
    endloop
  endfacet
  facet normal -1.218693e-01 -9.265676e-15 9.925462e-01
    outer loop
      vertex   1.509458e+02 1.573578e+03 2.932497e+01
      vertex   1.981198e+02 1.566720e+03 3.511722e+01
      vertex   1.990417e+02 1.567232e+03 3.523041e+01
    endloop
  endfacet
  facet normal -1.218693e-01 4.536040e-15 9.925462e-01
    outer loop
      vertex   1.990417e+02 1.567232e+03 3.523041e+01
      vertex   2.000551e+02 1.567522e+03 3.535484e+01
      vertex   1.509458e+02 1.573578e+03 2.932497e+01
    endloop
  endfacet
  facet normal -1.218693e-01 -8.456118e-16 9.925462e-01
    outer loop
      vertex   1.509458e+02 1.573578e+03 2.932497e+01
      vertex   2.000551e+02 1.567522e+03 3.535484e+01
      vertex   2.047464e+02 1.568302e+03 3.593085e+01
    endloop
  endfacet
  facet normal -1.218693e-01 3.125221e-15 9.925462e-01
    outer loop
      vertex   2.047464e+02 1.568302e+03 3.593085e+01
      vertex   2.000551e+02 1.567522e+03 3.535484e+01
      vertex   2.011080e+02 1.567577e+03 3.548411e+01
    endloop
  endfacet
  facet normal -1.218693e-01 -1.100806e-14 9.925462e-01
    outer loop
      vertex   2.047464e+02 1.568302e+03 3.593085e+01
      vertex   2.011080e+02 1.567577e+03 3.548411e+01
      vertex   2.021461e+02 1.567393e+03 3.561157e+01
    endloop
  endfacet
  facet normal -1.218693e-01 -7.044370e-16 9.925462e-01
    outer loop
      vertex   2.021461e+02 1.567393e+03 3.561157e+01
      vertex   2.031161e+02 1.566980e+03 3.573068e+01
      vertex   2.047464e+02 1.568302e+03 3.593085e+01
    endloop
  endfacet
  facet normal -1.218693e-01 -3.285118e-15 9.925462e-01
    outer loop
      vertex   2.047464e+02 1.568302e+03 3.593085e+01
      vertex   2.031161e+02 1.566980e+03 3.573068e+01
      vertex   2.039682e+02 1.566360e+03 3.583530e+01
    endloop
  endfacet
  facet normal -1.218693e-01 1.667208e-15 9.925462e-01
    outer loop
      vertex   2.047464e+02 1.568302e+03 3.593085e+01
      vertex   2.039682e+02 1.566360e+03 3.583530e+01
      vertex   2.046586e+02 1.565563e+03 3.592007e+01
    endloop
  endfacet
  facet normal -1.218693e-01 1.013043e-15 9.925462e-01
    outer loop
      vertex   2.046586e+02 1.565563e+03 3.592007e+01
      vertex   2.051518e+02 1.564631e+03 3.598063e+01
      vertex   2.047464e+02 1.568302e+03 3.593085e+01
    endloop
  endfacet
  facet normal -1.218693e-01 2.432604e-15 9.925462e-01
    outer loop
      vertex   2.047464e+02 1.568302e+03 3.593085e+01
      vertex   2.051518e+02 1.564631e+03 3.598063e+01
      vertex   2.054224e+02 1.563612e+03 3.601385e+01
    endloop
  endfacet
  facet normal -1.218693e-01 -1.013599e-15 9.925462e-01
    outer loop
      vertex   2.047464e+02 1.568302e+03 3.593085e+01
      vertex   2.054224e+02 1.563612e+03 3.601385e+01
      vertex   2.287664e+02 1.512940e+03 3.888014e+01
    endloop
  endfacet
  facet normal -1.218693e-01 6.168119e-15 9.925462e-01
    outer loop
      vertex   2.287664e+02 1.512940e+03 3.888014e+01
      vertex   2.054224e+02 1.563612e+03 3.601385e+01
      vertex   2.054565e+02 1.562559e+03 3.601804e+01
    endloop
  endfacet
  facet normal -1.218693e-01 -6.510508e-16 9.925462e-01
    outer loop
      vertex   2.287664e+02 1.512940e+03 3.888014e+01
      vertex   2.054565e+02 1.562559e+03 3.601804e+01
      vertex   2.258403e+02 1.515219e+03 3.852086e+01
    endloop
  endfacet
  facet normal -1.218693e-01 -4.129028e-15 9.925462e-01
    outer loop
      vertex   2.258403e+02 1.515219e+03 3.852086e+01
      vertex   2.054565e+02 1.562559e+03 3.601804e+01
      vertex   2.052524e+02 1.561524e+03 3.599298e+01
    endloop
  endfacet
  facet normal -1.218693e-01 2.573854e-15 9.925462e-01
    outer loop
      vertex   2.258403e+02 1.515219e+03 3.852086e+01
      vertex   2.052524e+02 1.561524e+03 3.599298e+01
      vertex   2.250118e+02 1.515793e+03 3.841914e+01
    endloop
  endfacet
  facet normal -1.218693e-01 5.459783e-15 9.925462e-01
    outer loop
      vertex   2.250118e+02 1.515793e+03 3.841914e+01
      vertex   2.052524e+02 1.561524e+03 3.599298e+01
      vertex   2.048206e+02 1.560563e+03 3.593996e+01
    endloop
  endfacet
  facet normal -1.218693e-01 -1.165288e-16 9.925462e-01
    outer loop
      vertex   2.250118e+02 1.515793e+03 3.841914e+01
      vertex   2.048206e+02 1.560563e+03 3.593996e+01
      vertex   2.240791e+02 1.516175e+03 3.830461e+01
    endloop
  endfacet
  facet normal -1.218693e-01 1.617549e-14 9.925462e-01
    outer loop
      vertex   2.258403e+02 1.515219e+03 3.852086e+01
      vertex   2.265256e+02 1.514480e+03 3.860501e+01
      vertex   2.287664e+02 1.512940e+03 3.888014e+01
    endloop
  endfacet
  facet normal -1.218693e-01 -4.357919e-15 9.925462e-01
    outer loop
      vertex   2.287664e+02 1.512940e+03 3.888014e+01
      vertex   2.265256e+02 1.514480e+03 3.860501e+01
      vertex   2.270356e+02 1.513610e+03 3.866762e+01
    endloop
  endfacet
  facet normal -1.218693e-01 -7.971084e-16 9.925462e-01
    outer loop
      vertex   2.287664e+02 1.512940e+03 3.888014e+01
      vertex   2.270356e+02 1.513610e+03 3.866762e+01
      vertex   2.273462e+02 1.512651e+03 3.870576e+01
    endloop
  endfacet
  facet normal -1.218693e-01 -2.140351e-15 9.925462e-01
    outer loop
      vertex   2.273462e+02 1.512651e+03 3.870576e+01
      vertex   2.274429e+02 1.511648e+03 3.871763e+01
      vertex   2.287664e+02 1.512940e+03 3.888014e+01
    endloop
  endfacet
  facet normal -1.218693e-01 -1.652562e-16 9.925462e-01
    outer loop
      vertex   2.287664e+02 1.512940e+03 3.888014e+01
      vertex   2.274429e+02 1.511648e+03 3.871763e+01
      vertex   2.273211e+02 1.510648e+03 3.870268e+01
    endloop
  endfacet
  facet normal -1.218693e-01 9.526621e-15 9.925462e-01
    outer loop
      vertex   2.287664e+02 1.512940e+03 3.888014e+01
      vertex   2.273211e+02 1.510648e+03 3.870268e+01
      vertex   2.269866e+02 1.509697e+03 3.866161e+01
    endloop
  endfacet
  facet normal -1.218693e-01 -1.145553e-16 9.925462e-01
    outer loop
      vertex   2.287664e+02 1.512940e+03 3.888014e+01
      vertex   2.269866e+02 1.509697e+03 3.866161e+01
      vertex   2.287664e+02 1.482704e+03 3.888014e+01
    endloop
  endfacet
  facet normal -1.218693e-01 -1.735706e-16 9.925462e-01
    outer loop
      vertex   2.287664e+02 1.482704e+03 3.888014e+01
      vertex   2.269866e+02 1.509697e+03 3.866161e+01
      vertex   2.264551e+02 1.508840e+03 3.859635e+01
    endloop
  endfacet
  facet normal -1.218693e-01 3.241452e-16 9.925462e-01
    outer loop
      vertex   2.287664e+02 1.482704e+03 3.888014e+01
      vertex   2.264551e+02 1.508840e+03 3.859635e+01
      vertex   2.257515e+02 1.508119e+03 3.850996e+01
    endloop
  endfacet
  facet normal 6.900171e-02 7.037320e-01 -7.071068e-01
    outer loop
      vertex   1.705593e+02 1.573664e+03 1.690000e+01
      vertex   1.864830e+02 1.572103e+03 1.690000e+01
      vertex   1.723546e+02 1.571478e+03 1.490000e+01
    endloop
  endfacet
  facet normal 6.900171e-02 7.037320e-01 -7.071068e-01
    outer loop
      vertex   1.723546e+02 1.571478e+03 1.490000e+01
      vertex   1.864830e+02 1.572103e+03 1.690000e+01
      vertex   1.842973e+02 1.570307e+03 1.490000e+01
    endloop
  endfacet
  facet normal -6.347303e-01 7.727337e-01 0.000000e+00
    outer loop
      vertex   1.864830e+02 1.572103e+03 1.690000e+01
      vertex   1.864830e+02 1.572103e+03 5.900000e+00
      vertex   1.842973e+02 1.570307e+03 1.490000e+01
    endloop
  endfacet
  facet normal -6.347303e-01 7.727337e-01 -4.246832e-14
    outer loop
      vertex   1.842973e+02 1.570307e+03 1.490000e+01
      vertex   1.864830e+02 1.572103e+03 5.900000e+00
      vertex   1.842973e+02 1.570307e+03 7.900000e+00
    endloop
  endfacet
  facet normal 6.900171e-02 7.037320e-01 7.071068e-01
    outer loop
      vertex   1.842973e+02 1.570307e+03 7.900000e+00
      vertex   1.864830e+02 1.572103e+03 5.900000e+00
      vertex   1.723546e+02 1.571478e+03 7.900000e+00
    endloop
  endfacet
  facet normal 6.900171e-02 7.037320e-01 7.071068e-01
    outer loop
      vertex   1.723546e+02 1.571478e+03 7.900000e+00
      vertex   1.864830e+02 1.572103e+03 5.900000e+00
      vertex   1.705593e+02 1.573664e+03 5.900000e+00
    endloop
  endfacet
  facet normal 7.727337e-01 6.347303e-01 -0.000000e+00
    outer loop
      vertex   1.705593e+02 1.573664e+03 5.900000e+00
      vertex   1.705593e+02 1.573664e+03 1.690000e+01
      vertex   1.723546e+02 1.571478e+03 7.900000e+00
    endloop
  endfacet
  facet normal 7.727337e-01 6.347303e-01 -0.000000e+00
    outer loop
      vertex   1.723546e+02 1.571478e+03 7.900000e+00
      vertex   1.705593e+02 1.573664e+03 1.690000e+01
      vertex   1.723546e+02 1.571478e+03 1.490000e+01
    endloop
  endfacet
  facet normal 9.952274e-01 -9.758315e-02 0.000000e+00
    outer loop
      vertex   1.723546e+02 1.571478e+03 7.900000e+00
      vertex   1.723546e+02 1.571478e+03 1.490000e+01
      vertex   1.720619e+02 1.568493e+03 7.900000e+00
    endloop
  endfacet
  facet normal 9.952274e-01 -9.758315e-02 0.000000e+00
    outer loop
      vertex   1.720619e+02 1.568493e+03 7.900000e+00
      vertex   1.723546e+02 1.571478e+03 1.490000e+01
      vertex   1.720619e+02 1.568493e+03 1.490000e+01
    endloop
  endfacet
  facet normal 0.000000e+00 -0.000000e+00 -1.000000e+00
    outer loop
      vertex   1.723546e+02 1.571478e+03 1.490000e+01
      vertex   1.842973e+02 1.570307e+03 1.490000e+01
      vertex   1.720619e+02 1.568493e+03 1.490000e+01
    endloop
  endfacet
  facet normal 0.000000e+00 0.000000e+00 -1.000000e+00
    outer loop
      vertex   1.720619e+02 1.568493e+03 1.490000e+01
      vertex   1.842973e+02 1.570307e+03 1.490000e+01
      vertex   1.840046e+02 1.567322e+03 1.490000e+01
    endloop
  endfacet
  facet normal 9.758315e-02 9.952274e-01 -0.000000e+00
    outer loop
      vertex   1.509438e+02 1.575587e+03 0.000000e+00
      vertex   1.509438e+02 1.575587e+03 2.730985e+01
      vertex   1.705593e+02 1.573664e+03 1.690000e+01
    endloop
  endfacet
  facet normal 9.758315e-02 9.952274e-01 -2.600586e-16
    outer loop
      vertex   1.705593e+02 1.573664e+03 1.690000e+01
      vertex   1.509438e+02 1.575587e+03 2.730985e+01
      vertex   2.060985e+02 1.570179e+03 3.408200e+01
    endloop
  endfacet
  facet normal 9.758315e-02 9.952274e-01 -1.121725e-14
    outer loop
      vertex   1.705593e+02 1.573664e+03 1.690000e+01
      vertex   2.060985e+02 1.570179e+03 3.408200e+01
      vertex   1.864830e+02 1.572103e+03 1.690000e+01
    endloop
  endfacet
  facet normal 9.758315e-02 9.952274e-01 0.000000e+00
    outer loop
      vertex   1.864830e+02 1.572103e+03 1.690000e+01
      vertex   2.060985e+02 1.570179e+03 3.408200e+01
      vertex   2.060985e+02 1.570179e+03 0.000000e+00
    endloop
  endfacet
  facet normal 9.758315e-02 9.952274e-01 0.000000e+00
    outer loop
      vertex   1.864830e+02 1.572103e+03 1.690000e+01
      vertex   2.060985e+02 1.570179e+03 0.000000e+00
      vertex   1.864830e+02 1.572103e+03 5.900000e+00
    endloop
  endfacet
  facet normal 9.758315e-02 9.952274e-01 1.495085e-14
    outer loop
      vertex   1.864830e+02 1.572103e+03 5.900000e+00
      vertex   2.060985e+02 1.570179e+03 0.000000e+00
      vertex   1.509438e+02 1.575587e+03 0.000000e+00
    endloop
  endfacet
  facet normal 9.758315e-02 9.952274e-01 -1.716141e-14
    outer loop
      vertex   1.864830e+02 1.572103e+03 5.900000e+00
      vertex   1.509438e+02 1.575587e+03 0.000000e+00
      vertex   1.705593e+02 1.573664e+03 5.900000e+00
    endloop
  endfacet
  facet normal 9.758315e-02 9.952274e-01 -0.000000e+00
    outer loop
      vertex   1.705593e+02 1.573664e+03 5.900000e+00
      vertex   1.509438e+02 1.575587e+03 0.000000e+00
      vertex   1.705593e+02 1.573664e+03 1.690000e+01
    endloop
  endfacet
  facet normal 1.000000e+00 0.000000e+00 0.000000e+00
    outer loop
      vertex   8.000000e+01 1.557164e+03 1.407637e+01
      vertex   8.000000e+01 1.484942e+03 1.407637e+01
      vertex   8.000000e+01 1.557164e+03 0.000000e+00
    endloop
  endfacet
  facet normal 1.000000e+00 0.000000e+00 0.000000e+00
    outer loop
      vertex   8.000000e+01 1.557164e+03 0.000000e+00
      vertex   8.000000e+01 1.484942e+03 1.407637e+01
      vertex   8.000000e+01 1.484942e+03 0.000000e+00
    endloop
  endfacet
  facet normal 2.690966e-01 9.631132e-01 -5.307251e-16
    outer loop
      vertex   2.000906e+02 1.445241e+03 2.882164e+01
      vertex   2.000906e+02 1.445241e+03 0.000000e+00
      vertex   8.529275e+01 1.477316e+03 1.472624e+01
    endloop
  endfacet
  facet normal 2.690966e-01 9.631132e-01 0.000000e+00
    outer loop
      vertex   8.529275e+01 1.477316e+03 1.472624e+01
      vertex   2.000906e+02 1.445241e+03 0.000000e+00
      vertex   8.529275e+01 1.477316e+03 0.000000e+00
    endloop
  endfacet
  facet normal -9.145331e-01 -4.045110e-01 0.000000e+00
    outer loop
      vertex   2.085398e+02 1.448987e+03 3.489663e+01
      vertex   2.089608e+02 1.448035e+03 3.494832e+01
      vertex   2.085398e+02 1.448987e+03 3.639663e+01
    endloop
  endfacet
  facet normal -9.145331e-01 -4.045110e-01 1.052962e-13
    outer loop
      vertex   2.085398e+02 1.448987e+03 3.639663e+01
      vertex   2.089608e+02 1.448035e+03 3.494832e+01
      vertex   2.089608e+02 1.448035e+03 3.644832e+01
    endloop
  endfacet
  facet normal -9.815914e-01 -1.909929e-01 3.930334e-14
    outer loop
      vertex   2.089608e+02 1.448035e+03 3.644832e+01
      vertex   2.089608e+02 1.448035e+03 3.494832e+01
      vertex   2.091595e+02 1.447014e+03 3.497272e+01
    endloop
  endfacet
  facet normal -9.815914e-01 -1.909929e-01 0.000000e+00
    outer loop
      vertex   2.089608e+02 1.448035e+03 3.644832e+01
      vertex   2.091595e+02 1.447014e+03 3.497272e+01
      vertex   2.091595e+02 1.447014e+03 3.647272e+01
    endloop
  endfacet
  facet normal -9.994849e-01 3.209142e-02 0.000000e+00
    outer loop
      vertex   2.091595e+02 1.447014e+03 3.647272e+01
      vertex   2.091595e+02 1.447014e+03 3.497272e+01
      vertex   2.091261e+02 1.445974e+03 3.646862e+01
    endloop
  endfacet
  facet normal -9.994849e-01 3.209142e-02 -9.728991e-15
    outer loop
      vertex   2.091261e+02 1.445974e+03 3.646862e+01
      vertex   2.091595e+02 1.447014e+03 3.497272e+01
      vertex   2.091261e+02 1.445974e+03 3.496862e+01
    endloop
  endfacet
  facet normal -9.673175e-01 2.535684e-01 -7.687303e-14
    outer loop
      vertex   2.091261e+02 1.445974e+03 3.646862e+01
      vertex   2.091261e+02 1.445974e+03 3.496862e+01
      vertex   2.088623e+02 1.444967e+03 3.643622e+01
    endloop
  endfacet
  facet normal -9.673175e-01 2.535684e-01 0.000000e+00
    outer loop
      vertex   2.088623e+02 1.444967e+03 3.643622e+01
      vertex   2.091261e+02 1.445974e+03 3.496862e+01
      vertex   2.088623e+02 1.444967e+03 3.493622e+01
    endloop
  endfacet
  facet normal -8.867002e-01 4.623449e-01 0.000000e+00
    outer loop
      vertex   2.088623e+02 1.444967e+03 3.643622e+01
      vertex   2.088623e+02 1.444967e+03 3.493622e+01
      vertex   2.083811e+02 1.444044e+03 3.637714e+01
    endloop
  endfacet
  facet normal -8.867002e-01 4.623449e-01 3.360205e-14
    outer loop
      vertex   2.083811e+02 1.444044e+03 3.637714e+01
      vertex   2.088623e+02 1.444967e+03 3.493622e+01
      vertex   2.083811e+02 1.444044e+03 3.487714e+01
    endloop
  endfacet
  facet normal -7.616709e-01 6.479641e-01 2.886399e-14
    outer loop
      vertex   2.083811e+02 1.444044e+03 3.637714e+01
      vertex   2.083811e+02 1.444044e+03 3.487714e+01
      vertex   2.077068e+02 1.443252e+03 3.629435e+01
    endloop
  endfacet
  facet normal -7.616709e-01 6.479641e-01 0.000000e+00
    outer loop
      vertex   2.077068e+02 1.443252e+03 3.629435e+01
      vertex   2.083811e+02 1.444044e+03 3.487714e+01
      vertex   2.077068e+02 1.443252e+03 3.479435e+01
    endloop
  endfacet
  facet normal -5.984920e-01 8.011288e-01 0.000000e+00
    outer loop
      vertex   2.077068e+02 1.443252e+03 3.629435e+01
      vertex   2.077068e+02 1.443252e+03 3.479435e+01
      vertex   2.068731e+02 1.442629e+03 3.619198e+01
    endloop
  endfacet
  facet normal -5.984920e-01 8.011288e-01 0.000000e+00
    outer loop
      vertex   2.068731e+02 1.442629e+03 3.619198e+01
      vertex   2.077068e+02 1.443252e+03 3.479435e+01
      vertex   2.068731e+02 1.442629e+03 3.469198e+01
    endloop
  endfacet
  facet normal -4.053365e-01 9.141675e-01 0.000000e+00
    outer loop
      vertex   2.068731e+02 1.442629e+03 3.619198e+01
      vertex   2.068731e+02 1.442629e+03 3.469198e+01
      vertex   2.059217e+02 1.442207e+03 3.607517e+01
    endloop
  endfacet
  facet normal -4.053365e-01 9.141675e-01 0.000000e+00
    outer loop
      vertex   2.059217e+02 1.442207e+03 3.607517e+01
      vertex   2.068731e+02 1.442629e+03 3.469198e+01
      vertex   2.059217e+02 1.442207e+03 3.457517e+01
    endloop
  endfacet
  facet normal -1.918791e-01 9.814186e-01 0.000000e+00
    outer loop
      vertex   2.059217e+02 1.442207e+03 3.607517e+01
      vertex   2.059217e+02 1.442207e+03 3.457517e+01
      vertex   2.049004e+02 1.442007e+03 3.594976e+01
    endloop
  endfacet
  facet normal -1.918791e-01 9.814186e-01 -7.271374e-15
    outer loop
      vertex   2.049004e+02 1.442007e+03 3.594976e+01
      vertex   2.059217e+02 1.442207e+03 3.457517e+01
      vertex   2.049004e+02 1.442007e+03 3.444976e+01
    endloop
  endfacet
  facet normal 3.118902e-02 9.995135e-01 1.181927e-15
    outer loop
      vertex   2.049004e+02 1.442007e+03 3.594976e+01
      vertex   2.049004e+02 1.442007e+03 3.444976e+01
      vertex   2.038602e+02 1.442040e+03 3.582205e+01
    endloop
  endfacet
  facet normal 3.118902e-02 9.995135e-01 1.181927e-15
    outer loop
      vertex   2.038602e+02 1.442040e+03 3.582205e+01
      vertex   2.049004e+02 1.442007e+03 3.444976e+01
      vertex   2.038602e+02 1.442040e+03 3.432205e+01
    endloop
  endfacet
  facet normal 2.526949e-01 9.675460e-01 9.576029e-15
    outer loop
      vertex   2.038602e+02 1.442040e+03 3.582205e+01
      vertex   2.038602e+02 1.442040e+03 3.432205e+01
      vertex   2.028533e+02 1.442303e+03 3.569841e+01
    endloop
  endfacet
  facet normal 2.526949e-01 9.675460e-01 -1.370870e-13
    outer loop
      vertex   2.028533e+02 1.442303e+03 3.569841e+01
      vertex   2.038602e+02 1.442040e+03 3.432205e+01
      vertex   2.028533e+02 1.442303e+03 3.419841e+01
    endloop
  endfacet
  facet normal 4.615442e-01 8.871172e-01 -1.169809e-13
    outer loop
      vertex   2.028533e+02 1.442303e+03 3.569841e+01
      vertex   2.028533e+02 1.442303e+03 3.419841e+01
      vertex   2.019301e+02 1.442783e+03 3.558506e+01
    endloop
  endfacet
  facet normal 4.615442e-01 8.871172e-01 1.749050e-14
    outer loop
      vertex   2.019301e+02 1.442783e+03 3.558506e+01
      vertex   2.028533e+02 1.442303e+03 3.419841e+01
      vertex   2.019301e+02 1.442783e+03 3.408506e+01
    endloop
  endfacet
  facet normal 6.472761e-01 7.622556e-01 2.452893e-14
    outer loop
      vertex   2.019301e+02 1.442783e+03 3.558506e+01
      vertex   2.019301e+02 1.442783e+03 3.408506e+01
      vertex   2.011369e+02 1.443457e+03 3.548766e+01
    endloop
  endfacet
  facet normal 6.472761e-01 7.622556e-01 3.679339e-14
    outer loop
      vertex   2.011369e+02 1.443457e+03 3.548766e+01
      vertex   2.019301e+02 1.442783e+03 3.408506e+01
      vertex   2.011369e+02 1.443457e+03 3.398766e+01
    endloop
  endfacet
  facet normal 8.005881e-01 5.992150e-01 4.550817e-14
    outer loop
      vertex   2.011369e+02 1.443457e+03 3.548766e+01
      vertex   2.011369e+02 1.443457e+03 3.398766e+01
      vertex   2.005133e+02 1.444290e+03 3.541109e+01
    endloop
  endfacet
  facet normal 8.005881e-01 5.992150e-01 -1.664916e-13
    outer loop
      vertex   2.005133e+02 1.444290e+03 3.541109e+01
      vertex   2.011369e+02 1.443457e+03 3.398766e+01
      vertex   2.005133e+02 1.444290e+03 3.391109e+01
    endloop
  endfacet
  facet normal 9.138012e-01 4.061617e-01 -1.058194e-13
    outer loop
      vertex   2.005133e+02 1.444290e+03 3.541109e+01
      vertex   2.005133e+02 1.444290e+03 3.391109e+01
      vertex   2.000906e+02 1.445241e+03 3.535919e+01
    endloop
  endfacet
  facet normal 9.138012e-01 4.061617e-01 6.925811e-14
    outer loop
      vertex   2.000906e+02 1.445241e+03 3.535919e+01
      vertex   2.005133e+02 1.444290e+03 3.391109e+01
      vertex   2.000906e+02 1.445241e+03 3.385919e+01
    endloop
  endfacet
  facet normal -1.000000e+00 -0.000000e+00 -0.000000e+00
    outer loop
      vertex   7.500000e+01 1.567969e+03 1.800000e+01
      vertex   7.500000e+01 1.567984e+03 1.798513e+01
      vertex   7.500000e+01 1.475014e+03 1.800000e+01
    endloop
  endfacet
  facet normal -1.000000e+00 0.000000e+00 -0.000000e+00
    outer loop
      vertex   7.500000e+01 1.475014e+03 1.800000e+01
      vertex   7.500000e+01 1.567984e+03 1.798513e+01
      vertex   7.500000e+01 1.475000e+03 1.798606e+01
    endloop
  endfacet
  facet normal -1.000000e+00 0.000000e+00 0.000000e+00
    outer loop
      vertex   7.500000e+01 1.475000e+03 1.798606e+01
      vertex   7.500000e+01 1.567984e+03 1.798513e+01
      vertex   7.500000e+01 1.475000e+03 0.000000e+00
    endloop
  endfacet
  facet normal -1.000000e+00 0.000000e+00 0.000000e+00
    outer loop
      vertex   7.500000e+01 1.475000e+03 0.000000e+00
      vertex   7.500000e+01 1.567984e+03 1.798513e+01
      vertex   7.500000e+01 1.567984e+03 0.000000e+00
    endloop
  endfacet
  facet normal -9.962522e-02 9.950250e-01 0.000000e+00
    outer loop
      vertex   1.509438e+02 1.575587e+03 2.730985e+01
      vertex   1.509438e+02 1.575587e+03 0.000000e+00
      vertex   7.500000e+01 1.567984e+03 1.798513e+01
    endloop
  endfacet
  facet normal -9.962522e-02 9.950250e-01 0.000000e+00
    outer loop
      vertex   7.500000e+01 1.567984e+03 1.798513e+01
      vertex   1.509438e+02 1.575587e+03 0.000000e+00
      vertex   7.500000e+01 1.567984e+03 0.000000e+00
    endloop
  endfacet
  facet normal 9.964700e-02 -9.950229e-01 0.000000e+00
    outer loop
      vertex   1.509490e+02 1.570563e+03 2.278781e+01
      vertex   8.603054e+01 1.564061e+03 1.481683e+01
      vertex   1.509490e+02 1.570563e+03 0.000000e+00
    endloop
  endfacet
  facet normal 9.964700e-02 -9.950229e-01 0.000000e+00
    outer loop
      vertex   1.509490e+02 1.570563e+03 0.000000e+00
      vertex   8.603054e+01 1.564061e+03 1.481683e+01
      vertex   8.603054e+01 1.564061e+03 0.000000e+00
    endloop
  endfacet
  facet normal -3.790537e-01 -9.253747e-01 0.000000e+00
    outer loop
      vertex   2.240791e+02 1.516175e+03 3.680461e+01
      vertex   2.250118e+02 1.515793e+03 3.691914e+01
      vertex   2.240791e+02 1.516175e+03 3.830461e+01
    endloop
  endfacet
  facet normal -3.790537e-01 -9.253747e-01 0.000000e+00
    outer loop
      vertex   2.240791e+02 1.516175e+03 3.830461e+01
      vertex   2.250118e+02 1.515793e+03 3.691914e+01
      vertex   2.250118e+02 1.515793e+03 3.841914e+01
    endloop
  endfacet
  facet normal -5.695519e-01 -8.219554e-01 -0.000000e+00
    outer loop
      vertex   2.250118e+02 1.515793e+03 3.841914e+01
      vertex   2.250118e+02 1.515793e+03 3.691914e+01
      vertex   2.258403e+02 1.515219e+03 3.702086e+01
    endloop
  endfacet
  facet normal -5.695519e-01 -8.219554e-01 0.000000e+00
    outer loop
      vertex   2.250118e+02 1.515793e+03 3.841914e+01
      vertex   2.258403e+02 1.515219e+03 3.702086e+01
      vertex   2.258403e+02 1.515219e+03 3.852086e+01
    endloop
  endfacet
  facet normal -7.332897e-01 -6.799164e-01 -0.000000e+00
    outer loop
      vertex   2.258403e+02 1.515219e+03 3.852086e+01
      vertex   2.258403e+02 1.515219e+03 3.702086e+01
      vertex   2.265256e+02 1.514480e+03 3.710501e+01
    endloop
  endfacet
  facet normal -7.332897e-01 -6.799164e-01 0.000000e+00
    outer loop
      vertex   2.258403e+02 1.515219e+03 3.852086e+01
      vertex   2.265256e+02 1.514480e+03 3.710501e+01
      vertex   2.265256e+02 1.514480e+03 3.860501e+01
    endloop
  endfacet
  facet normal -8.625737e-01 -5.059314e-01 -0.000000e+00
    outer loop
      vertex   2.265256e+02 1.514480e+03 3.860501e+01
      vertex   2.265256e+02 1.514480e+03 3.710501e+01
      vertex   2.270356e+02 1.513610e+03 3.716762e+01
    endloop
  endfacet
  facet normal -8.625737e-01 -5.059314e-01 0.000000e+00
    outer loop
      vertex   2.265256e+02 1.514480e+03 3.860501e+01
      vertex   2.270356e+02 1.513610e+03 3.716762e+01
      vertex   2.270356e+02 1.513610e+03 3.866762e+01
    endloop
  endfacet
  facet normal -9.513296e-01 -3.081751e-01 -0.000000e+00
    outer loop
      vertex   2.270356e+02 1.513610e+03 3.866762e+01
      vertex   2.270356e+02 1.513610e+03 3.716762e+01
      vertex   2.273462e+02 1.512651e+03 3.720576e+01
    endloop
  endfacet
  facet normal -9.513296e-01 -3.081751e-01 0.000000e+00
    outer loop
      vertex   2.270356e+02 1.513610e+03 3.866762e+01
      vertex   2.273462e+02 1.512651e+03 3.720576e+01
      vertex   2.273462e+02 1.512651e+03 3.870576e+01
    endloop
  endfacet
  facet normal -9.953872e-01 -9.593926e-02 -0.000000e+00
    outer loop
      vertex   2.273462e+02 1.512651e+03 3.870576e+01
      vertex   2.273462e+02 1.512651e+03 3.720576e+01
      vertex   2.274429e+02 1.511648e+03 3.721763e+01
    endloop
  endfacet
  facet normal -9.953872e-01 -9.593926e-02 0.000000e+00
    outer loop
      vertex   2.273462e+02 1.512651e+03 3.870576e+01
      vertex   2.274429e+02 1.511648e+03 3.721763e+01
      vertex   2.274429e+02 1.511648e+03 3.871763e+01
    endloop
  endfacet
  facet normal -9.926763e-01 1.208043e-01 0.000000e+00
    outer loop
      vertex   2.274429e+02 1.511648e+03 3.871763e+01
      vertex   2.274429e+02 1.511648e+03 3.721763e+01
      vertex   2.273211e+02 1.510648e+03 3.870268e+01
    endloop
  endfacet
  facet normal -9.926763e-01 1.208043e-01 0.000000e+00
    outer loop
      vertex   2.273211e+02 1.510648e+03 3.870268e+01
      vertex   2.274429e+02 1.511648e+03 3.721763e+01
      vertex   2.273211e+02 1.510648e+03 3.720268e+01
    endloop
  endfacet
  facet normal -9.433244e-01 3.318719e-01 0.000000e+00
    outer loop
      vertex   2.273211e+02 1.510648e+03 3.870268e+01
      vertex   2.273211e+02 1.510648e+03 3.720268e+01
      vertex   2.269866e+02 1.509697e+03 3.866161e+01
    endloop
  endfacet
  facet normal -9.433244e-01 3.318719e-01 1.787393e-14
    outer loop
      vertex   2.269866e+02 1.509697e+03 3.866161e+01
      vertex   2.273211e+02 1.510648e+03 3.720268e+01
      vertex   2.269866e+02 1.509697e+03 3.716161e+01
    endloop
  endfacet
  facet normal -8.496503e-01 5.273465e-01 1.609901e-14
    outer loop
      vertex   2.269866e+02 1.509697e+03 3.866161e+01
      vertex   2.269866e+02 1.509697e+03 3.716161e+01
      vertex   2.264551e+02 1.508840e+03 3.859635e+01
    endloop
  endfacet
  facet normal -8.496503e-01 5.273465e-01 3.219802e-14
    outer loop
      vertex   2.264551e+02 1.508840e+03 3.859635e+01
      vertex   2.269866e+02 1.509697e+03 3.716161e+01
      vertex   2.264551e+02 1.508840e+03 3.709635e+01
    endloop
  endfacet
  facet normal -7.160553e-01 6.980436e-01 2.713535e-14
    outer loop
      vertex   2.264551e+02 1.508840e+03 3.859635e+01
      vertex   2.264551e+02 1.508840e+03 3.709635e+01
      vertex   2.257515e+02 1.508119e+03 3.850996e+01
    endloop
  endfacet
  facet normal -7.160553e-01 6.980436e-01 0.000000e+00
    outer loop
      vertex   2.257515e+02 1.508119e+03 3.850996e+01
      vertex   2.264551e+02 1.508840e+03 3.709635e+01
      vertex   2.257515e+02 1.508119e+03 3.700996e+01
    endloop
  endfacet
  facet normal 9.173752e-01 3.980235e-01 -6.599487e-14
    outer loop
      vertex   2.227664e+02 1.531763e+03 1.343635e+01
      vertex   2.228179e+02 1.531644e+03 1.500000e+01
      vertex   2.307515e+02 1.513358e+03 0.000000e+00
    endloop
  endfacet
  facet normal 9.173752e-01 3.980235e-01 7.488677e-14
    outer loop
      vertex   2.307515e+02 1.513358e+03 0.000000e+00
      vertex   2.228179e+02 1.531644e+03 1.500000e+01
      vertex   2.227664e+02 1.531763e+03 1.656365e+01
    endloop
  endfacet
  facet normal 9.173752e-01 3.980235e-01 -0.000000e+00
    outer loop
      vertex   2.307515e+02 1.513358e+03 0.000000e+00
      vertex   2.227664e+02 1.531763e+03 1.656365e+01
      vertex   2.307515e+02 1.513358e+03 3.712149e+01
    endloop
  endfacet
  facet normal 9.173752e-01 3.980235e-01 -4.511100e-14
    outer loop
      vertex   2.307515e+02 1.513358e+03 3.712149e+01
      vertex   2.227664e+02 1.531763e+03 1.656365e+01
      vertex   2.226131e+02 1.532116e+03 1.808464e+01
    endloop
  endfacet
  facet normal 9.173752e-01 3.980235e-01 -2.678845e-14
    outer loop
      vertex   2.307515e+02 1.513358e+03 3.712149e+01
      vertex   2.226131e+02 1.532116e+03 1.808464e+01
      vertex   2.223622e+02 1.532694e+03 1.952150e+01
    endloop
  endfacet
  facet normal 9.173752e-01 3.980235e-01 2.206471e-14
    outer loop
      vertex   2.223622e+02 1.532694e+03 1.952150e+01
      vertex   2.220206e+02 1.533482e+03 2.083502e+01
      vertex   2.307515e+02 1.513358e+03 3.712149e+01
    endloop
  endfacet
  facet normal 9.173752e-01 3.980235e-01 8.667507e-15
    outer loop
      vertex   2.307515e+02 1.513358e+03 3.712149e+01
      vertex   2.220206e+02 1.533482e+03 2.083502e+01
      vertex   2.215977e+02 1.534456e+03 2.198938e+01
    endloop
  endfacet
  facet normal 9.173752e-01 3.980235e-01 -1.667795e-14
    outer loop
      vertex   2.307515e+02 1.513358e+03 3.712149e+01
      vertex   2.215977e+02 1.534456e+03 2.198938e+01
      vertex   2.211049e+02 1.535592e+03 2.295308e+01
    endloop
  endfacet
  facet normal 9.173752e-01 3.980235e-01 2.698749e-14
    outer loop
      vertex   2.211049e+02 1.535592e+03 2.295308e+01
      vertex   2.205556e+02 1.536858e+03 2.369985e+01
      vertex   2.307515e+02 1.513358e+03 3.712149e+01
    endloop
  endfacet
  facet normal 9.173752e-01 3.980235e-01 2.758718e-14
    outer loop
      vertex   2.307515e+02 1.513358e+03 3.712149e+01
      vertex   2.205556e+02 1.536858e+03 2.369985e+01
      vertex   2.199650e+02 1.538220e+03 2.420930e+01
    endloop
  endfacet
  facet normal 9.173752e-01 3.980235e-01 -2.738765e-14
    outer loop
      vertex   2.307515e+02 1.513358e+03 3.712149e+01
      vertex   2.199650e+02 1.538220e+03 2.420930e+01
      vertex   2.193490e+02 1.539639e+03 2.446755e+01
    endloop
  endfacet
  facet normal 9.173752e-01 3.980235e-01 -3.471452e-14
    outer loop
      vertex   2.193490e+02 1.539639e+03 2.446755e+01
      vertex   2.187245e+02 1.541079e+03 2.446755e+01
      vertex   2.307515e+02 1.513358e+03 3.712149e+01
    endloop
  endfacet
  facet normal 9.173752e-01 3.980235e-01 5.420374e-15
    outer loop
      vertex   2.307515e+02 1.513358e+03 3.712149e+01
      vertex   2.187245e+02 1.541079e+03 2.446755e+01
      vertex   2.061042e+02 1.570166e+03 3.409518e+01
    endloop
  endfacet
  facet normal 9.173752e-01 3.980235e-01 4.924012e-15
    outer loop
      vertex   2.061042e+02 1.570166e+03 3.409518e+01
      vertex   2.187245e+02 1.541079e+03 2.446755e+01
      vertex   2.181085e+02 1.542498e+03 2.420930e+01
    endloop
  endfacet
  facet normal 9.173752e-01 3.980235e-01 -9.462640e-14
    outer loop
      vertex   2.061042e+02 1.570166e+03 3.409518e+01
      vertex   2.181085e+02 1.542498e+03 2.420930e+01
      vertex   2.175178e+02 1.543860e+03 2.369985e+01
    endloop
  endfacet
  facet normal 9.173752e-01 3.980235e-01 4.113194e-14
    outer loop
      vertex   2.175178e+02 1.543860e+03 2.369985e+01
      vertex   2.169686e+02 1.545126e+03 2.295308e+01
      vertex   2.061042e+02 1.570166e+03 3.409518e+01
    endloop
  endfacet
  facet normal 9.173752e-01 3.980235e-01 6.407852e-12
    outer loop
      vertex   2.061042e+02 1.570166e+03 3.409518e+01
      vertex   2.169686e+02 1.545126e+03 2.295308e+01
      vertex   2.060985e+02 1.570179e+03 3.408200e+01
    endloop
  endfacet
  facet normal 9.173752e-01 3.980235e-01 1.842879e-14
    outer loop
      vertex   2.060985e+02 1.570179e+03 3.408200e+01
      vertex   2.169686e+02 1.545126e+03 2.295308e+01
      vertex   2.164758e+02 1.546261e+03 2.198938e+01
    endloop
  endfacet
  facet normal 9.173752e-01 3.980235e-01 -1.058864e-14
    outer loop
      vertex   2.060985e+02 1.570179e+03 3.408200e+01
      vertex   2.164758e+02 1.546261e+03 2.198938e+01
      vertex   2.160528e+02 1.547236e+03 2.083502e+01
    endloop
  endfacet
  facet normal 9.173752e-01 3.980235e-01 -2.466584e-14
    outer loop
      vertex   2.160528e+02 1.547236e+03 2.083502e+01
      vertex   2.157112e+02 1.548024e+03 1.952150e+01
      vertex   2.060985e+02 1.570179e+03 3.408200e+01
    endloop
  endfacet
  facet normal 9.173752e-01 3.980235e-01 2.914804e-14
    outer loop
      vertex   2.060985e+02 1.570179e+03 3.408200e+01
      vertex   2.157112e+02 1.548024e+03 1.952150e+01
      vertex   2.154604e+02 1.548602e+03 1.808464e+01
    endloop
  endfacet
  facet normal 9.173752e-01 3.980235e-01 -1.762088e-14
    outer loop
      vertex   2.060985e+02 1.570179e+03 3.408200e+01
      vertex   2.154604e+02 1.548602e+03 1.808464e+01
      vertex   2.153071e+02 1.548955e+03 1.656365e+01
    endloop
  endfacet
  facet normal 9.173752e-01 3.980235e-01 0.000000e+00
    outer loop
      vertex   2.060985e+02 1.570179e+03 3.408200e+01
      vertex   2.153071e+02 1.548955e+03 1.656365e+01
      vertex   2.060985e+02 1.570179e+03 0.000000e+00
    endloop
  endfacet
  facet normal 9.173752e-01 3.980235e-01 -2.171507e-14
    outer loop
      vertex   2.060985e+02 1.570179e+03 0.000000e+00
      vertex   2.153071e+02 1.548955e+03 1.656365e+01
      vertex   2.152555e+02 1.549074e+03 1.500000e+01
    endloop
  endfacet
  facet normal 9.173752e-01 3.980235e-01 1.948897e-14
    outer loop
      vertex   2.060985e+02 1.570179e+03 0.000000e+00
      vertex   2.152555e+02 1.549074e+03 1.500000e+01
      vertex   2.153071e+02 1.548955e+03 1.343635e+01
    endloop
  endfacet
  facet normal 9.173752e-01 3.980235e-01 1.885733e-14
    outer loop
      vertex   2.153071e+02 1.548955e+03 1.343635e+01
      vertex   2.154604e+02 1.548602e+03 1.191536e+01
      vertex   2.060985e+02 1.570179e+03 0.000000e+00
    endloop
  endfacet
  facet normal 9.173752e-01 3.980235e-01 -3.096352e-14
    outer loop
      vertex   2.060985e+02 1.570179e+03 0.000000e+00
      vertex   2.154604e+02 1.548602e+03 1.191536e+01
      vertex   2.157112e+02 1.548024e+03 1.047850e+01
    endloop
  endfacet
  facet normal 9.173752e-01 3.980235e-01 2.652625e-14
    outer loop
      vertex   2.060985e+02 1.570179e+03 0.000000e+00
      vertex   2.157112e+02 1.548024e+03 1.047850e+01
      vertex   2.160528e+02 1.547236e+03 9.164979e+00
    endloop
  endfacet
  facet normal 9.173752e-01 3.980235e-01 1.154825e-14
    outer loop
      vertex   2.160528e+02 1.547236e+03 9.164979e+00
      vertex   2.164758e+02 1.546261e+03 8.010623e+00
      vertex   2.060985e+02 1.570179e+03 0.000000e+00
    endloop
  endfacet
  facet normal 9.173752e-01 3.980235e-01 -2.108665e-14
    outer loop
      vertex   2.060985e+02 1.570179e+03 0.000000e+00
      vertex   2.164758e+02 1.546261e+03 8.010623e+00
      vertex   2.169686e+02 1.545126e+03 7.046918e+00
    endloop
  endfacet
  facet normal 9.173752e-01 3.980235e-01 -4.340876e-14
    outer loop
      vertex   2.060985e+02 1.570179e+03 0.000000e+00
      vertex   2.169686e+02 1.545126e+03 7.046918e+00
      vertex   2.175178e+02 1.543860e+03 6.300153e+00
    endloop
  endfacet
  facet normal 9.173752e-01 3.980235e-01 1.260053e-13
    outer loop
      vertex   2.175178e+02 1.543860e+03 6.300153e+00
      vertex   2.181085e+02 1.542498e+03 5.790697e+00
      vertex   2.060985e+02 1.570179e+03 0.000000e+00
    endloop
  endfacet
  facet normal 9.173752e-01 3.980235e-01 3.392790e-15
    outer loop
      vertex   2.060985e+02 1.570179e+03 0.000000e+00
      vertex   2.181085e+02 1.542498e+03 5.790697e+00
      vertex   2.187245e+02 1.541079e+03 5.532447e+00
    endloop
  endfacet
  facet normal 9.173752e-01 3.980235e-01 -3.317660e-16
    outer loop
      vertex   2.060985e+02 1.570179e+03 0.000000e+00
      vertex   2.187245e+02 1.541079e+03 5.532447e+00
      vertex   2.307515e+02 1.513358e+03 0.000000e+00
    endloop
  endfacet
  facet normal 9.173752e-01 3.980235e-01 7.858128e-14
    outer loop
      vertex   2.307515e+02 1.513358e+03 0.000000e+00
      vertex   2.187245e+02 1.541079e+03 5.532447e+00
      vertex   2.193490e+02 1.539639e+03 5.532447e+00
    endloop
  endfacet
  facet normal 9.173752e-01 3.980235e-01 4.629992e-14
    outer loop
      vertex   2.307515e+02 1.513358e+03 0.000000e+00
      vertex   2.193490e+02 1.539639e+03 5.532447e+00
      vertex   2.199650e+02 1.538220e+03 5.790697e+00
    endloop
  endfacet
  facet normal 9.173752e-01 3.980235e-01 -4.012706e-14
    outer loop
      vertex   2.199650e+02 1.538220e+03 5.790697e+00
      vertex   2.205556e+02 1.536858e+03 6.300153e+00
      vertex   2.307515e+02 1.513358e+03 0.000000e+00
    endloop
  endfacet
  facet normal 9.173752e-01 3.980235e-01 -3.677475e-14
    outer loop
      vertex   2.307515e+02 1.513358e+03 0.000000e+00
      vertex   2.205556e+02 1.536858e+03 6.300153e+00
      vertex   2.211049e+02 1.535592e+03 7.046918e+00
    endloop
  endfacet
  facet normal 9.173752e-01 3.980235e-01 2.126181e-14
    outer loop
      vertex   2.307515e+02 1.513358e+03 0.000000e+00
      vertex   2.211049e+02 1.535592e+03 7.046918e+00
      vertex   2.215977e+02 1.534456e+03 8.010623e+00
    endloop
  endfacet
  facet normal 9.173752e-01 3.980235e-01 -1.074102e-14
    outer loop
      vertex   2.215977e+02 1.534456e+03 8.010623e+00
      vertex   2.220206e+02 1.533482e+03 9.164979e+00
      vertex   2.307515e+02 1.513358e+03 0.000000e+00
    endloop
  endfacet
  facet normal 9.173752e-01 3.980235e-01 -2.634662e-14
    outer loop
      vertex   2.307515e+02 1.513358e+03 0.000000e+00
      vertex   2.220206e+02 1.533482e+03 9.164979e+00
      vertex   2.223622e+02 1.532694e+03 1.047850e+01
    endloop
  endfacet
  facet normal 9.173752e-01 3.980235e-01 3.004786e-14
    outer loop
      vertex   2.307515e+02 1.513358e+03 0.000000e+00
      vertex   2.223622e+02 1.532694e+03 1.047850e+01
      vertex   2.226131e+02 1.532116e+03 1.191536e+01
    endloop
  endfacet
  facet normal 9.173752e-01 3.980235e-01 4.842877e-14
    outer loop
      vertex   2.226131e+02 1.532116e+03 1.191536e+01
      vertex   2.227664e+02 1.531763e+03 1.343635e+01
      vertex   2.307515e+02 1.513358e+03 0.000000e+00
    endloop
  endfacet
  facet normal -9.758315e-02 -9.952274e-01 4.609066e-14
    outer loop
      vertex   1.973368e+02 1.566014e+03 2.848569e+01
      vertex   1.567295e+02 1.569996e+03 2.349757e+01
      vertex   1.720619e+02 1.568493e+03 1.490000e+01
    endloop
  endfacet
  facet normal -9.758315e-02 -9.952274e-01 1.015544e-13
    outer loop
      vertex   1.720619e+02 1.568493e+03 1.490000e+01
      vertex   1.567295e+02 1.569996e+03 2.349757e+01
      vertex   1.509490e+02 1.570563e+03 2.278781e+01
    endloop
  endfacet
  facet normal -9.758315e-02 -9.952274e-01 -0.000000e+00
    outer loop
      vertex   1.720619e+02 1.568493e+03 1.490000e+01
      vertex   1.509490e+02 1.570563e+03 2.278781e+01
      vertex   1.720619e+02 1.568493e+03 7.900000e+00
    endloop
  endfacet
  facet normal -9.758315e-02 -9.952274e-01 0.000000e+00
    outer loop
      vertex   1.720619e+02 1.568493e+03 7.900000e+00
      vertex   1.509490e+02 1.570563e+03 2.278781e+01
      vertex   1.509490e+02 1.570563e+03 0.000000e+00
    endloop
  endfacet
  facet normal -9.758315e-02 -9.952274e-01 -4.606102e-14
    outer loop
      vertex   1.720619e+02 1.568493e+03 7.900000e+00
      vertex   1.509490e+02 1.570563e+03 0.000000e+00
      vertex   1.973368e+02 1.566014e+03 0.000000e+00
    endloop
  endfacet
  facet normal -9.758315e-02 -9.952274e-01 -0.000000e+00
    outer loop
      vertex   1.973368e+02 1.566014e+03 2.848569e+01
      vertex   1.840046e+02 1.567322e+03 1.490000e+01
      vertex   1.973368e+02 1.566014e+03 0.000000e+00
    endloop
  endfacet
  facet normal -9.758315e-02 -9.952274e-01 0.000000e+00
    outer loop
      vertex   1.973368e+02 1.566014e+03 0.000000e+00
      vertex   1.840046e+02 1.567322e+03 1.490000e+01
      vertex   1.840046e+02 1.567322e+03 7.900000e+00
    endloop
  endfacet
  facet normal -9.758315e-02 -9.952274e-01 -2.728244e-14
    outer loop
      vertex   1.973368e+02 1.566014e+03 0.000000e+00
      vertex   1.840046e+02 1.567322e+03 7.900000e+00
      vertex   1.720619e+02 1.568493e+03 7.900000e+00
    endloop
  endfacet
  facet normal -9.758315e-02 -9.952274e-01 1.586458e-14
    outer loop
      vertex   1.840046e+02 1.567322e+03 1.490000e+01
      vertex   1.973368e+02 1.566014e+03 2.848569e+01
      vertex   1.720619e+02 1.568493e+03 1.490000e+01
    endloop
  endfacet
  facet normal 0.000000e+00 0.000000e+00 1.000000e+00
    outer loop
      vertex   1.842973e+02 1.570307e+03 7.900000e+00
      vertex   1.723546e+02 1.571478e+03 7.900000e+00
      vertex   1.840046e+02 1.567322e+03 7.900000e+00
    endloop
  endfacet
  facet normal 0.000000e+00 0.000000e+00 1.000000e+00
    outer loop
      vertex   1.840046e+02 1.567322e+03 7.900000e+00
      vertex   1.723546e+02 1.571478e+03 7.900000e+00
      vertex   1.720619e+02 1.568493e+03 7.900000e+00
    endloop
  endfacet
  facet normal -9.952274e-01 9.758315e-02 5.783216e-15
    outer loop
      vertex   1.842973e+02 1.570307e+03 1.490000e+01
      vertex   1.842973e+02 1.570307e+03 7.900000e+00
      vertex   1.840046e+02 1.567322e+03 1.490000e+01
    endloop
  endfacet
  facet normal -9.952274e-01 9.758315e-02 0.000000e+00
    outer loop
      vertex   1.840046e+02 1.567322e+03 1.490000e+01
      vertex   1.842973e+02 1.570307e+03 7.900000e+00
      vertex   1.840046e+02 1.567322e+03 7.900000e+00
    endloop
  endfacet
  facet normal -7.856262e-01 6.187014e-01 0.000000e+00
    outer loop
      vertex   1.973368e+02 1.566014e+03 2.848569e+01
      vertex   1.973368e+02 1.566014e+03 0.000000e+00
      vertex   1.970121e+02 1.565602e+03 2.889111e+01
    endloop
  endfacet
  facet normal -8.362553e-01 5.483380e-01 -1.573033e-03
    outer loop
      vertex   1.970121e+02 1.565602e+03 2.889111e+01
      vertex   1.973368e+02 1.566014e+03 0.000000e+00
      vertex   1.967097e+02 1.565107e+03 1.701187e+01
    endloop
  endfacet
  facet normal -8.504588e-01 5.260416e-01 -2.815330e-04
    outer loop
      vertex   1.970121e+02 1.565602e+03 2.889111e+01
      vertex   1.967097e+02 1.565107e+03 1.701187e+01
      vertex   1.967360e+02 1.565156e+03 2.933178e+01
    endloop
  endfacet
  facet normal -9.267047e-01 3.757901e-01 4.811787e-04
    outer loop
      vertex   1.967360e+02 1.565156e+03 2.933178e+01
      vertex   1.967097e+02 1.565107e+03 1.701187e+01
      vertex   1.963426e+02 1.564185e+03 3.029599e+01
    endloop
  endfacet
  facet normal -9.334751e-01 3.586412e-01 -8.961867e-04
    outer loop
      vertex   1.963426e+02 1.564185e+03 3.029599e+01
      vertex   1.967097e+02 1.565107e+03 1.701187e+01
      vertex   1.963140e+02 1.564077e+03 1.701187e+01
    endloop
  endfacet
  facet normal -9.872574e-01 1.591290e-01 8.391693e-04
    outer loop
      vertex   1.963426e+02 1.564185e+03 3.029599e+01
      vertex   1.963140e+02 1.564077e+03 1.701187e+01
      vertex   1.961768e+02 1.563150e+03 3.132937e+01
    endloop
  endfacet
  facet normal -9.916916e-01 1.286324e-01 -1.177491e-03
    outer loop
      vertex   1.961768e+02 1.563150e+03 3.132937e+01
      vertex   1.963140e+02 1.564077e+03 1.701187e+01
      vertex   1.961721e+02 1.562983e+03 1.701187e+01
    endloop
  endfacet
  facet normal -9.978388e-01 -6.570026e-02 1.094954e-03
    outer loop
      vertex   1.961768e+02 1.563150e+03 3.132937e+01
      vertex   1.961721e+02 1.562983e+03 1.701187e+01
      vertex   1.962468e+02 1.562105e+03 3.237943e+01
    endloop
  endfacet
  facet normal -9.940827e-01 -1.086173e-01 -1.375982e-03
    outer loop
      vertex   1.962468e+02 1.562105e+03 3.237943e+01
      vertex   1.961721e+02 1.562983e+03 1.701187e+01
      vertex   1.962919e+02 1.561886e+03 1.701187e+01
    endloop
  endfacet
  facet normal -9.590268e-01 -2.833129e-01 1.210818e-03
    outer loop
      vertex   1.962468e+02 1.562105e+03 3.237943e+01
      vertex   1.962919e+02 1.561886e+03 1.701187e+01
      vertex   1.965339e+02 1.561137e+03 3.342249e+01
    endloop
  endfacet
  facet normal -9.405134e-01 -3.397525e-01 -1.638477e-03
    outer loop
      vertex   1.965339e+02 1.561137e+03 3.342249e+01
      vertex   1.962919e+02 1.561886e+03 1.701187e+01
      vertex   1.966667e+02 1.560848e+03 1.701187e+01
    endloop
  endfacet
  facet normal -8.747408e-01 -4.845889e-01 1.440580e-03
    outer loop
      vertex   1.965339e+02 1.561137e+03 3.342249e+01
      vertex   1.966667e+02 1.560848e+03 1.701187e+01
      vertex   1.970231e+02 1.560254e+03 3.348255e+01
    endloop
  endfacet
  facet normal -8.339997e-01 -5.517618e-01 -1.864519e-03
    outer loop
      vertex   1.970231e+02 1.560254e+03 3.348255e+01
      vertex   1.966667e+02 1.560848e+03 1.701187e+01
      vertex   1.972755e+02 1.559928e+03 1.701187e+01
    endloop
  endfacet
  facet normal -7.496049e-01 -6.618836e-01 1.607362e-03
    outer loop
      vertex   1.970231e+02 1.560254e+03 3.348255e+01
      vertex   1.972755e+02 1.559928e+03 1.701187e+01
      vertex   1.976912e+02 1.559498e+03 3.356459e+01
    endloop
  endfacet
  facet normal -6.805376e-01 -7.327105e-01 -1.969970e-03
    outer loop
      vertex   1.976912e+02 1.559498e+03 3.356459e+01
      vertex   1.972755e+02 1.559928e+03 1.701187e+01
      vertex   1.980839e+02 1.559177e+03 1.701187e+01
    endloop
  endfacet
  facet normal -5.891592e-01 -8.080153e-01 1.654209e-03
    outer loop
      vertex   1.976912e+02 1.559498e+03 3.356459e+01
      vertex   1.980839e+02 1.559177e+03 1.701187e+01
      vertex   1.985068e+02 1.558903e+03 3.366473e+01
    endloop
  endfacet
  facet normal -4.887660e-01 -8.724127e-01 -1.956601e-03
    outer loop
      vertex   1.985068e+02 1.558903e+03 3.366473e+01
      vertex   1.980839e+02 1.559177e+03 1.701187e+01
      vertex   1.990464e+02 1.558638e+03 1.701187e+01
    endloop
  endfacet
  facet normal -4.009478e-01 -9.160995e-01 1.583538e-03
    outer loop
      vertex   1.985068e+02 1.558903e+03 3.366473e+01
      vertex   1.990464e+02 1.558638e+03 1.701187e+01
      vertex   1.994315e+02 1.558499e+03 3.377827e+01
    endloop
  endfacet
  facet normal -2.694803e-01 -9.630042e-01 -1.827100e-03
    outer loop
      vertex   1.994315e+02 1.558499e+03 3.377827e+01
      vertex   1.990464e+02 1.558638e+03 1.701187e+01
      vertex   2.001088e+02 1.558341e+03 1.701187e+01
    endloop
  endfacet
  facet normal -1.938262e-01 -9.810349e-01 1.398604e-03
    outer loop
      vertex   1.994315e+02 1.558499e+03 3.377827e+01
      vertex   2.001088e+02 1.558341e+03 1.701187e+01
      vertex   2.004217e+02 1.558303e+03 3.389985e+01
    endloop
  endfacet
  facet normal -3.502445e-02 -9.993852e-01 -1.584665e-03
    outer loop
      vertex   2.004217e+02 1.558303e+03 3.389985e+01
      vertex   2.001088e+02 1.558341e+03 1.701187e+01
      vertex   2.012114e+02 1.558302e+03 1.701187e+01
    endloop
  endfacet
  facet normal 2.245122e-02 -9.997473e-01 1.102956e-03
    outer loop
      vertex   2.004217e+02 1.558303e+03 3.389985e+01
      vertex   2.012114e+02 1.558302e+03 1.701187e+01
      vertex   2.014308e+02 1.558326e+03 3.402374e+01
    endloop
  endfacet
  facet normal 1.073967e-01 -9.942163e-01 0.000000e+00
    outer loop
      vertex   2.014308e+02 1.558326e+03 3.402374e+01
      vertex   2.012114e+02 1.558302e+03 1.701187e+01
      vertex   2.014308e+02 1.558326e+03 3.299097e+01
    endloop
  endfacet
  facet normal 2.014032e-01 -9.795075e-01 -1.312233e-03
    outer loop
      vertex   2.014308e+02 1.558326e+03 3.299097e+01
      vertex   2.012114e+02 1.558302e+03 1.701187e+01
      vertex   2.022921e+02 1.558524e+03 1.701187e+01
    endloop
  endfacet
  facet normal 2.419172e-01 -9.702964e-01 9.860146e-04
    outer loop
      vertex   2.014308e+02 1.558326e+03 3.299097e+01
      vertex   2.022921e+02 1.558524e+03 1.701187e+01
      vertex   2.024409e+02 1.558577e+03 3.208076e+01
    endloop
  endfacet
  facet normal 4.264933e-01 -9.044901e-01 -1.065438e-03
    outer loop
      vertex   2.024409e+02 1.558577e+03 3.208076e+01
      vertex   2.022921e+02 1.558524e+03 1.701187e+01
      vertex   2.032900e+02 1.558995e+03 1.701187e+01
    endloop
  endfacet
  facet normal 4.514483e-01 -8.922970e-01 6.790484e-04
    outer loop
      vertex   2.024409e+02 1.558577e+03 3.208076e+01
      vertex   2.032900e+02 1.558995e+03 1.701187e+01
      vertex   2.033699e+02 1.559046e+03 3.114799e+01
    endloop
  endfacet
  facet normal 6.275749e-01 -7.785559e-01 -7.282419e-04
    outer loop
      vertex   2.033699e+02 1.559046e+03 3.114799e+01
      vertex   2.032900e+02 1.558995e+03 1.701187e+01
      vertex   2.041489e+02 1.559687e+03 1.701187e+01
    endloop
  endfacet
  facet normal 6.383156e-01 -7.697747e-01 2.620017e-04
    outer loop
      vertex   2.033699e+02 1.559046e+03 3.114799e+01
      vertex   2.041489e+02 1.559687e+03 1.701187e+01
      vertex   2.041712e+02 1.559710e+03 3.023939e+01
    endloop
  endfacet
  facet normal 7.932664e-01 -6.088747e-01 -2.785663e-04
    outer loop
      vertex   2.041712e+02 1.559710e+03 3.023939e+01
      vertex   2.041489e+02 1.559687e+03 1.701187e+01
      vertex   2.048047e+02 1.560536e+03 2.940047e+01
    endloop
  endfacet
  facet normal 7.921716e-01 -6.102984e-01 -1.230654e-04
    outer loop
      vertex   2.048047e+02 1.560536e+03 2.940047e+01
      vertex   2.041489e+02 1.559687e+03 1.701187e+01
      vertex   2.048206e+02 1.560563e+03 0.000000e+00
    endloop
  endfacet
  facet normal 8.571116e-01 -5.151307e-01 -2.322862e-06
    outer loop
      vertex   2.048047e+02 1.560536e+03 2.940047e+01
      vertex   2.048206e+02 1.560563e+03 0.000000e+00
      vertex   2.048100e+02 1.560545e+03 2.940112e+01
    endloop
  endfacet
  facet normal 8.582493e-01 -5.132330e-01 -7.742888e-07
    outer loop
      vertex   2.048100e+02 1.560545e+03 2.940112e+01
      vertex   2.048206e+02 1.560563e+03 0.000000e+00
      vertex   2.048153e+02 1.560554e+03 2.940177e+01
    endloop
  endfacet
  facet normal 8.593828e-01 -5.113328e-01 0.000000e+00
    outer loop
      vertex   2.048153e+02 1.560554e+03 2.940177e+01
      vertex   2.048206e+02 1.560563e+03 0.000000e+00
      vertex   2.048206e+02 1.560563e+03 2.940241e+01
    endloop
  endfacet
  facet normal -8.227102e-01 5.684611e-01 0.000000e+00
    outer loop
      vertex   1.973368e+02 1.566014e+03 0.000000e+00
      vertex   1.967097e+02 1.565107e+03 0.000000e+00
      vertex   1.967097e+02 1.565107e+03 1.701187e+01
    endloop
  endfacet
  facet normal -9.334754e-01 3.586414e-01 0.000000e+00
    outer loop
      vertex   1.967097e+02 1.565107e+03 1.701187e+01
      vertex   1.967097e+02 1.565107e+03 0.000000e+00
      vertex   1.963140e+02 1.564077e+03 1.701187e+01
    endloop
  endfacet
  facet normal -9.334754e-01 3.586414e-01 0.000000e+00
    outer loop
      vertex   1.967097e+02 1.565107e+03 0.000000e+00
      vertex   1.963140e+02 1.564077e+03 0.000000e+00
      vertex   1.963140e+02 1.564077e+03 1.701187e+01
    endloop
  endfacet
  facet normal -9.916923e-01 1.286325e-01 0.000000e+00
    outer loop
      vertex   1.963140e+02 1.564077e+03 1.701187e+01
      vertex   1.963140e+02 1.564077e+03 0.000000e+00
      vertex   1.961721e+02 1.562983e+03 1.701187e+01
    endloop
  endfacet
  facet normal -9.916923e-01 1.286325e-01 0.000000e+00
    outer loop
      vertex   1.963140e+02 1.564077e+03 0.000000e+00
      vertex   1.961721e+02 1.562983e+03 0.000000e+00
      vertex   1.961721e+02 1.562983e+03 1.701187e+01
    endloop
  endfacet
  facet normal -9.940836e-01 -1.086174e-01 -0.000000e+00
    outer loop
      vertex   1.961721e+02 1.562983e+03 1.701187e+01
      vertex   1.961721e+02 1.562983e+03 0.000000e+00
      vertex   1.962919e+02 1.561886e+03 1.701187e+01
    endloop
  endfacet
  facet normal -9.940836e-01 -1.086174e-01 -1.660721e-15
    outer loop
      vertex   1.961721e+02 1.562983e+03 0.000000e+00
      vertex   1.962919e+02 1.561886e+03 0.000000e+00
      vertex   1.962919e+02 1.561886e+03 1.701187e+01
    endloop
  endfacet
  facet normal -9.405147e-01 -3.397530e-01 -1.571317e-15
    outer loop
      vertex   1.962919e+02 1.561886e+03 1.701187e+01
      vertex   1.962919e+02 1.561886e+03 0.000000e+00
      vertex   1.966667e+02 1.560848e+03 1.701187e+01
    endloop
  endfacet
  facet normal -9.405147e-01 -3.397530e-01 0.000000e+00
    outer loop
      vertex   1.962919e+02 1.561886e+03 0.000000e+00
      vertex   1.966667e+02 1.560848e+03 0.000000e+00
      vertex   1.966667e+02 1.560848e+03 1.701187e+01
    endloop
  endfacet
  facet normal -8.340011e-01 -5.517627e-01 -0.000000e+00
    outer loop
      vertex   1.966667e+02 1.560848e+03 1.701187e+01
      vertex   1.966667e+02 1.560848e+03 0.000000e+00
      vertex   1.972755e+02 1.559928e+03 1.701187e+01
    endloop
  endfacet
  facet normal -8.340011e-01 -5.517627e-01 0.000000e+00
    outer loop
      vertex   1.966667e+02 1.560848e+03 0.000000e+00
      vertex   1.972755e+02 1.559928e+03 0.000000e+00
      vertex   1.972755e+02 1.559928e+03 1.701187e+01
    endloop
  endfacet
  facet normal -6.805389e-01 -7.327119e-01 -0.000000e+00
    outer loop
      vertex   1.972755e+02 1.559928e+03 1.701187e+01
      vertex   1.972755e+02 1.559928e+03 0.000000e+00
      vertex   1.980839e+02 1.559177e+03 1.701187e+01
    endloop
  endfacet
  facet normal -6.805389e-01 -7.327119e-01 1.135738e-15
    outer loop
      vertex   1.972755e+02 1.559928e+03 0.000000e+00
      vertex   1.980839e+02 1.559177e+03 0.000000e+00
      vertex   1.980839e+02 1.559177e+03 1.701187e+01
    endloop
  endfacet
  facet normal -4.887670e-01 -8.724144e-01 8.165822e-16
    outer loop
      vertex   1.980839e+02 1.559177e+03 1.701187e+01
      vertex   1.980839e+02 1.559177e+03 0.000000e+00
      vertex   1.990464e+02 1.558638e+03 1.701187e+01
    endloop
  endfacet
  facet normal -4.887670e-01 -8.724144e-01 0.000000e+00
    outer loop
      vertex   1.980839e+02 1.559177e+03 0.000000e+00
      vertex   1.990464e+02 1.558638e+03 0.000000e+00
      vertex   1.990464e+02 1.558638e+03 1.701187e+01
    endloop
  endfacet
  facet normal -2.694807e-01 -9.630058e-01 -0.000000e+00
    outer loop
      vertex   1.990464e+02 1.558638e+03 1.701187e+01
      vertex   1.990464e+02 1.558638e+03 0.000000e+00
      vertex   2.001088e+02 1.558341e+03 1.701187e+01
    endloop
  endfacet
  facet normal -2.694807e-01 -9.630058e-01 0.000000e+00
    outer loop
      vertex   1.990464e+02 1.558638e+03 0.000000e+00
      vertex   2.001088e+02 1.558341e+03 0.000000e+00
      vertex   2.001088e+02 1.558341e+03 1.701187e+01
    endloop
  endfacet
  facet normal -3.502450e-02 -9.993865e-01 -0.000000e+00
    outer loop
      vertex   2.001088e+02 1.558341e+03 1.701187e+01
      vertex   2.001088e+02 1.558341e+03 0.000000e+00
      vertex   2.012114e+02 1.558302e+03 1.701187e+01
    endloop
  endfacet
  facet normal -3.502450e-02 -9.993865e-01 0.000000e+00
    outer loop
      vertex   2.001088e+02 1.558341e+03 0.000000e+00
      vertex   2.012114e+02 1.558302e+03 0.000000e+00
      vertex   2.012114e+02 1.558302e+03 1.701187e+01
    endloop
  endfacet
  facet normal 2.014034e-01 -9.795084e-01 0.000000e+00
    outer loop
      vertex   2.012114e+02 1.558302e+03 1.701187e+01
      vertex   2.012114e+02 1.558302e+03 0.000000e+00
      vertex   2.022921e+02 1.558524e+03 1.701187e+01
    endloop
  endfacet
  facet normal 2.014034e-01 -9.795084e-01 0.000000e+00
    outer loop
      vertex   2.012114e+02 1.558302e+03 0.000000e+00
      vertex   2.022921e+02 1.558524e+03 0.000000e+00
      vertex   2.022921e+02 1.558524e+03 1.701187e+01
    endloop
  endfacet
  facet normal 4.264936e-01 -9.044906e-01 0.000000e+00
    outer loop
      vertex   2.022921e+02 1.558524e+03 1.701187e+01
      vertex   2.022921e+02 1.558524e+03 0.000000e+00
      vertex   2.032900e+02 1.558995e+03 1.701187e+01
    endloop
  endfacet
  facet normal 4.264936e-01 -9.044906e-01 1.425588e-15
    outer loop
      vertex   2.022921e+02 1.558524e+03 0.000000e+00
      vertex   2.032900e+02 1.558995e+03 0.000000e+00
      vertex   2.032900e+02 1.558995e+03 1.701187e+01
    endloop
  endfacet
  facet normal 6.275750e-01 -7.785561e-01 2.096977e-15
    outer loop
      vertex   2.032900e+02 1.558995e+03 1.701187e+01
      vertex   2.032900e+02 1.558995e+03 0.000000e+00
      vertex   2.041489e+02 1.559687e+03 1.701187e+01
    endloop
  endfacet
  facet normal 6.275750e-01 -7.785561e-01 -1.052924e-15
    outer loop
      vertex   2.032900e+02 1.558995e+03 0.000000e+00
      vertex   2.041489e+02 1.559687e+03 0.000000e+00
      vertex   2.041489e+02 1.559687e+03 1.701187e+01
    endloop
  endfacet
  facet normal 7.933283e-01 -6.087941e-01 -1.325412e-15
    outer loop
      vertex   2.041489e+02 1.559687e+03 1.701187e+01
      vertex   2.041489e+02 1.559687e+03 0.000000e+00
      vertex   2.048206e+02 1.560563e+03 0.000000e+00
    endloop
  endfacet
  facet normal -9.586722e-01 -2.845129e-01 0.000000e+00
    outer loop
      vertex   1.965339e+02 1.561137e+03 3.342249e+01
      vertex   1.962468e+02 1.562105e+03 3.338723e+01
      vertex   1.962468e+02 1.562105e+03 3.237943e+01
    endloop
  endfacet
  facet normal 6.351176e-01 -7.724155e-01 0.000000e+00
    outer loop
      vertex   2.257515e+02 1.508119e+03 3.197241e+01
      vertex   2.257416e+02 1.508111e+03 3.197119e+01
      vertex   2.257515e+02 1.508119e+03 0.000000e+00
    endloop
  endfacet
  facet normal 6.329828e-01 -7.741659e-01 -1.108521e-06
    outer loop
      vertex   2.257515e+02 1.508119e+03 0.000000e+00
      vertex   2.257416e+02 1.508111e+03 3.197119e+01
      vertex   2.257317e+02 1.508102e+03 3.196997e+01
    endloop
  endfacet
  facet normal 6.308432e-01 -7.759103e-01 -3.325554e-06
    outer loop
      vertex   2.257515e+02 1.508119e+03 0.000000e+00
      vertex   2.257317e+02 1.508102e+03 3.196997e+01
      vertex   2.257217e+02 1.508094e+03 3.196875e+01
    endloop
  endfacet
  facet normal 5.421638e-01 -8.402728e-01 -1.351118e-04
    outer loop
      vertex   2.257515e+02 1.508119e+03 0.000000e+00
      vertex   2.257217e+02 1.508094e+03 3.196875e+01
      vertex   2.248623e+02 1.507542e+03 1.825941e+01
    endloop
  endfacet
  facet normal 5.379754e-01 -8.429605e-01 2.357007e-04
    outer loop
      vertex   2.248623e+02 1.507542e+03 1.825941e+01
      vertex   2.257217e+02 1.508094e+03 3.196875e+01
      vertex   2.248345e+02 1.507528e+03 3.275368e+01
    endloop
  endfacet
  facet normal 3.400139e-01 -9.404204e-01 -2.370344e-04
    outer loop
      vertex   2.248623e+02 1.507542e+03 1.825941e+01
      vertex   2.248345e+02 1.507528e+03 3.275368e+01
      vertex   2.238657e+02 1.507182e+03 1.825941e+01
    endloop
  endfacet
  facet normal 3.346157e-01 -9.423547e-01 1.700295e-04
    outer loop
      vertex   2.238657e+02 1.507182e+03 1.825941e+01
      vertex   2.248345e+02 1.507528e+03 3.275368e+01
      vertex   2.238427e+02 1.507176e+03 3.363111e+01
    endloop
  endfacet
  facet normal 1.182480e-01 -9.929841e-01 -1.710368e-04
    outer loop
      vertex   2.238657e+02 1.507182e+03 1.825941e+01
      vertex   2.238427e+02 1.507176e+03 3.363111e+01
      vertex   2.228134e+02 1.507056e+03 1.825941e+01
    endloop
  endfacet
  facet normal 1.141016e-01 -9.934691e-01 1.104159e-04
    outer loop
      vertex   2.228134e+02 1.507056e+03 1.825941e+01
      vertex   2.238427e+02 1.507176e+03 3.363111e+01
      vertex   2.227972e+02 1.507056e+03 3.455610e+01
    endloop
  endfacet
  facet normal -1.124105e-01 -9.936619e-01 -1.138318e-04
    outer loop
      vertex   2.228134e+02 1.507056e+03 1.825941e+01
      vertex   2.227972e+02 1.507056e+03 3.455610e+01
      vertex   2.217515e+02 1.507175e+03 3.548127e+01
    endloop
  endfacet
  facet normal -3.331046e-01 -9.428899e-01 -0.000000e+00
    outer loop
      vertex   2.217515e+02 1.507175e+03 3.651882e+01
      vertex   2.207571e+02 1.507526e+03 1.825941e+01
      vertex   2.217515e+02 1.507175e+03 3.548127e+01
    endloop
  endfacet
  facet normal -3.326759e-01 -9.430412e-01 -2.783896e-05
    outer loop
      vertex   2.217515e+02 1.507175e+03 3.548127e+01
      vertex   2.207571e+02 1.507526e+03 1.825941e+01
      vertex   2.217600e+02 1.507173e+03 0.000000e+00
    endloop
  endfacet
  facet normal -1.101389e-01 -9.939162e-01 2.796795e-05
    outer loop
      vertex   2.217515e+02 1.507175e+03 3.548127e+01
      vertex   2.217600e+02 1.507173e+03 0.000000e+00
      vertex   2.228134e+02 1.507056e+03 1.825941e+01
    endloop
  endfacet
  facet normal -1.096600e-01 -9.939692e-01 1.706914e-16
    outer loop
      vertex   2.228134e+02 1.507056e+03 1.825941e+01
      vertex   2.217600e+02 1.507173e+03 0.000000e+00
      vertex   2.228134e+02 1.507056e+03 0.000000e+00
    endloop
  endfacet
  facet normal 1.182480e-01 -9.929841e-01 -1.840591e-16
    outer loop
      vertex   2.228134e+02 1.507056e+03 1.825941e+01
      vertex   2.228134e+02 1.507056e+03 0.000000e+00
      vertex   2.238657e+02 1.507182e+03 1.825941e+01
    endloop
  endfacet
  facet normal 1.182480e-01 -9.929841e-01 -3.681182e-16
    outer loop
      vertex   2.238657e+02 1.507182e+03 1.825941e+01
      vertex   2.228134e+02 1.507056e+03 0.000000e+00
      vertex   2.238657e+02 1.507182e+03 0.000000e+00
    endloop
  endfacet
  facet normal 3.400139e-01 -9.404204e-01 -1.058498e-15
    outer loop
      vertex   2.238657e+02 1.507182e+03 1.825941e+01
      vertex   2.238657e+02 1.507182e+03 0.000000e+00
      vertex   2.248623e+02 1.507542e+03 1.825941e+01
    endloop
  endfacet
  facet normal 3.400139e-01 -9.404204e-01 -5.292491e-16
    outer loop
      vertex   2.248623e+02 1.507542e+03 1.825941e+01
      vertex   2.238657e+02 1.507182e+03 0.000000e+00
      vertex   2.248623e+02 1.507542e+03 0.000000e+00
    endloop
  endfacet
  facet normal 5.441184e-01 -8.390085e-01 -8.469482e-16
    outer loop
      vertex   2.248623e+02 1.507542e+03 1.825941e+01
      vertex   2.248623e+02 1.507542e+03 0.000000e+00
      vertex   2.257515e+02 1.508119e+03 0.000000e+00
    endloop
  endfacet
  facet normal -3.334575e-01 -9.427651e-01 2.162020e-05
    outer loop
      vertex   2.217515e+02 1.507175e+03 3.651882e+01
      vertex   2.207540e+02 1.507527e+03 3.639634e+01
      vertex   2.207571e+02 1.507526e+03 1.825941e+01
    endloop
  endfacet
  facet normal -5.373987e-01 -8.433283e-01 -2.163844e-05
    outer loop
      vertex   2.207571e+02 1.507526e+03 1.825941e+01
      vertex   2.207540e+02 1.507527e+03 3.639634e+01
      vertex   2.198641e+02 1.508095e+03 1.825941e+01
    endloop
  endfacet
  facet normal -5.373987e-01 -8.433283e-01 1.629067e-05
    outer loop
      vertex   2.207571e+02 1.507526e+03 1.825941e+01
      vertex   2.198641e+02 1.508095e+03 1.825941e+01
      vertex   2.198661e+02 1.508093e+03 0.000000e+00
    endloop
  endfacet
  facet normal -7.139336e-01 -7.002134e-01 -1.630388e-05
    outer loop
      vertex   2.198661e+02 1.508093e+03 0.000000e+00
      vertex   2.198641e+02 1.508095e+03 1.825941e+01
      vertex   2.191241e+02 1.508850e+03 0.000000e+00
    endloop
  endfacet
  facet normal -7.142625e-01 -6.998780e-01 1.089655e-05
    outer loop
      vertex   2.191241e+02 1.508850e+03 0.000000e+00
      vertex   2.198641e+02 1.508095e+03 1.825941e+01
      vertex   2.191230e+02 1.508851e+03 1.825941e+01
    endloop
  endfacet
  facet normal -8.539378e-01 -5.203751e-01 -1.090544e-05
    outer loop
      vertex   2.191241e+02 1.508850e+03 0.000000e+00
      vertex   2.191230e+02 1.508851e+03 1.825941e+01
      vertex   2.185726e+02 1.509755e+03 0.000000e+00
    endloop
  endfacet
  facet normal -8.540848e-01 -5.201338e-01 5.462914e-06
    outer loop
      vertex   2.185726e+02 1.509755e+03 0.000000e+00
      vertex   2.191230e+02 1.508851e+03 1.825941e+01
      vertex   2.185722e+02 1.509756e+03 1.825941e+01
    endloop
  endfacet
  facet normal -9.495859e-01 -3.135068e-01 -5.467395e-06
    outer loop
      vertex   2.185726e+02 1.509755e+03 0.000000e+00
      vertex   2.185722e+02 1.509756e+03 1.825941e+01
      vertex   2.182403e+02 1.510761e+03 0.000000e+00
    endloop
  endfacet
  facet normal -9.496155e-01 -3.134173e-01 4.434376e-15
    outer loop
      vertex   2.182403e+02 1.510761e+03 0.000000e+00
      vertex   2.185722e+02 1.509756e+03 1.825941e+01
      vertex   2.182403e+02 1.510761e+03 1.825941e+01
    endloop
  endfacet
  facet normal -9.959012e-01 -9.044811e-02 4.650514e-15
    outer loop
      vertex   2.182403e+02 1.510761e+03 0.000000e+00
      vertex   2.182403e+02 1.510761e+03 1.825941e+01
      vertex   2.181445e+02 1.511816e+03 1.825941e+01
    endloop
  endfacet
  facet normal -9.959012e-01 -9.044811e-02 -5.470939e-06
    outer loop
      vertex   2.181445e+02 1.511816e+03 1.825941e+01
      vertex   2.182403e+02 1.510761e+03 1.825941e+01
      vertex   2.181445e+02 1.511815e+03 3.607594e+01
    endloop
  endfacet
  facet normal -9.905797e-01 1.369375e-01 5.466533e-06
    outer loop
      vertex   2.181445e+02 1.511816e+03 1.825941e+01
      vertex   2.181445e+02 1.511815e+03 3.607594e+01
      vertex   2.182894e+02 1.512863e+03 3.609373e+01
    endloop
  endfacet
  facet normal -5.379481e-01 -8.429780e-01 1.627757e-05
    outer loop
      vertex   2.207540e+02 1.507527e+03 3.639634e+01
      vertex   2.198621e+02 1.508097e+03 3.628683e+01
      vertex   2.198641e+02 1.508095e+03 1.825941e+01
    endloop
  endfacet
  facet normal -7.142625e-01 -6.998780e-01 -1.629108e-05
    outer loop
      vertex   2.198641e+02 1.508095e+03 1.825941e+01
      vertex   2.198621e+02 1.508097e+03 3.628683e+01
      vertex   2.191230e+02 1.508851e+03 1.825941e+01
    endloop
  endfacet
  facet normal -7.145870e-01 -6.995466e-01 1.088790e-05
    outer loop
      vertex   2.198621e+02 1.508097e+03 3.628683e+01
      vertex   2.191219e+02 1.508853e+03 3.619595e+01
      vertex   2.191230e+02 1.508851e+03 1.825941e+01
    endloop
  endfacet
  facet normal -8.540848e-01 -5.201338e-01 -1.089681e-05
    outer loop
      vertex   2.191230e+02 1.508851e+03 1.825941e+01
      vertex   2.191219e+02 1.508853e+03 3.619595e+01
      vertex   2.185722e+02 1.509756e+03 1.825941e+01
    endloop
  endfacet
  facet normal -8.542291e-01 -5.198968e-01 5.458575e-06
    outer loop
      vertex   2.191219e+02 1.508853e+03 3.619595e+01
      vertex   2.185718e+02 1.509756e+03 3.612841e+01
      vertex   2.185722e+02 1.509756e+03 1.825941e+01
    endloop
  endfacet
  facet normal -9.496155e-01 -3.134173e-01 -5.462993e-06
    outer loop
      vertex   2.185722e+02 1.509756e+03 1.825941e+01
      vertex   2.185718e+02 1.509756e+03 3.612841e+01
      vertex   2.182403e+02 1.510761e+03 1.825941e+01
    endloop
  endfacet
  facet normal -9.496444e-01 -3.133297e-01 -6.477104e-15
    outer loop
      vertex   2.185718e+02 1.509756e+03 3.612841e+01
      vertex   2.182403e+02 1.510761e+03 3.608770e+01
      vertex   2.182403e+02 1.510761e+03 1.825941e+01
    endloop
  endfacet
  facet normal -9.958928e-01 -9.053986e-02 -7.217621e-16
    outer loop
      vertex   2.182403e+02 1.510761e+03 1.825941e+01
      vertex   2.182403e+02 1.510761e+03 3.608770e+01
      vertex   2.181445e+02 1.511815e+03 3.607594e+01
    endloop
  endfacet
  facet normal -9.905418e-01 1.372114e-01 -1.092769e-05
    outer loop
      vertex   2.181445e+02 1.511816e+03 1.825941e+01
      vertex   2.182894e+02 1.512863e+03 3.609373e+01
      vertex   2.182898e+02 1.512865e+03 1.825941e+01
    endloop
  endfacet
  facet normal -9.339802e-01 3.573248e-01 1.091883e-05
    outer loop
      vertex   2.182898e+02 1.512865e+03 1.825941e+01
      vertex   2.182894e+02 1.512863e+03 3.609373e+01
      vertex   2.186675e+02 1.513851e+03 3.614015e+01
    endloop
  endfacet
  facet normal -9.338151e-01 3.577559e-01 -1.635728e-05
    outer loop
      vertex   2.182898e+02 1.512865e+03 1.825941e+01
      vertex   2.186675e+02 1.513851e+03 3.614015e+01
      vertex   2.186687e+02 1.513854e+03 1.825941e+01
    endloop
  endfacet
  facet normal -8.290249e-01 5.592117e-01 1.634388e-05
    outer loop
      vertex   2.186687e+02 1.513854e+03 1.825941e+01
      vertex   2.186675e+02 1.513851e+03 3.614015e+01
      vertex   2.192592e+02 1.514728e+03 3.621280e+01
    endloop
  endfacet
  facet normal -8.286624e-01 5.597487e-01 -2.174834e-05
    outer loop
      vertex   2.186687e+02 1.513854e+03 1.825941e+01
      vertex   2.192592e+02 1.514728e+03 3.621280e+01
      vertex   2.192614e+02 1.514731e+03 1.825941e+01
    endloop
  endfacet
  facet normal -6.811479e-01 7.321458e-01 2.173025e-05
    outer loop
      vertex   2.192614e+02 1.514731e+03 1.825941e+01
      vertex   2.192592e+02 1.514728e+03 3.621280e+01
      vertex   2.200338e+02 1.515449e+03 3.630791e+01
    endloop
  endfacet
  facet normal -6.808756e-01 7.323991e-01 0.000000e+00
    outer loop
      vertex   2.192614e+02 1.514731e+03 1.825941e+01
      vertex   2.200338e+02 1.515449e+03 3.630791e+01
      vertex   2.200338e+02 1.515449e+03 3.527514e+01
    endloop
  endfacet
  facet normal -4.984754e-01 8.669039e-01 -1.044962e-04
    outer loop
      vertex   2.209475e+02 1.515974e+03 3.433222e+01
      vertex   2.209609e+02 1.515980e+03 1.825941e+01
      vertex   2.200338e+02 1.515449e+03 3.527514e+01
    endloop
  endfacet
  facet normal -4.966431e-01 8.679548e-01 2.813070e-05
    outer loop
      vertex   2.200338e+02 1.515449e+03 3.527514e+01
      vertex   2.209609e+02 1.515980e+03 1.825941e+01
      vertex   2.200408e+02 1.515454e+03 0.000000e+00
    endloop
  endfacet
  facet normal -6.805446e-01 7.327066e-01 -2.800279e-05
    outer loop
      vertex   2.200338e+02 1.515449e+03 3.527514e+01
      vertex   2.200408e+02 1.515454e+03 0.000000e+00
      vertex   2.192614e+02 1.514731e+03 1.825941e+01
    endloop
  endfacet
  facet normal -6.799164e-01 7.332897e-01 2.190818e-05
    outer loop
      vertex   2.192614e+02 1.514731e+03 1.825941e+01
      vertex   2.200408e+02 1.515454e+03 0.000000e+00
      vertex   2.192637e+02 1.514734e+03 0.000000e+00
    endloop
  endfacet
  facet normal -8.282934e-01 5.602946e-01 -2.176493e-05
    outer loop
      vertex   2.192614e+02 1.514731e+03 1.825941e+01
      vertex   2.192637e+02 1.514734e+03 0.000000e+00
      vertex   2.186699e+02 1.513856e+03 0.000000e+00
    endloop
  endfacet
  facet normal -2.902860e-01 9.569399e-01 1.016561e-04
    outer loop
      vertex   2.209475e+02 1.515974e+03 3.433222e+01
      vertex   2.219560e+02 1.516280e+03 3.340123e+01
      vertex   2.209609e+02 1.515980e+03 1.825941e+01
    endloop
  endfacet
  facet normal -2.867531e-01 9.580045e-01 -1.516180e-04
    outer loop
      vertex   2.209609e+02 1.515980e+03 1.825941e+01
      vertex   2.219560e+02 1.516280e+03 3.340123e+01
      vertex   2.219762e+02 1.516284e+03 1.825941e+01
    endloop
  endfacet
  facet normal -2.867532e-01 9.580045e-01 0.000000e+00
    outer loop
      vertex   2.209609e+02 1.515980e+03 1.825941e+01
      vertex   2.219762e+02 1.516284e+03 1.825941e+01
      vertex   2.219762e+02 1.516284e+03 0.000000e+00
    endloop
  endfacet
  facet normal -6.238907e-02 9.980519e-01 0.000000e+00
    outer loop
      vertex   2.219762e+02 1.516284e+03 0.000000e+00
      vertex   2.219762e+02 1.516284e+03 1.825941e+01
      vertex   2.230339e+02 1.516350e+03 0.000000e+00
    endloop
  endfacet
  facet normal -6.238907e-02 9.980519e-01 0.000000e+00
    outer loop
      vertex   2.230339e+02 1.516350e+03 0.000000e+00
      vertex   2.219762e+02 1.516284e+03 1.825941e+01
      vertex   2.230339e+02 1.516350e+03 1.825941e+01
    endloop
  endfacet
  facet normal 1.652157e-01 9.862575e-01 -0.000000e+00
    outer loop
      vertex   2.230339e+02 1.516350e+03 0.000000e+00
      vertex   2.230339e+02 1.516350e+03 1.825941e+01
      vertex   2.240791e+02 1.516175e+03 0.000000e+00
    endloop
  endfacet
  facet normal 1.423655e-01 9.898132e-01 -1.342105e-03
    outer loop
      vertex   2.240791e+02 1.516175e+03 0.000000e+00
      vertex   2.230339e+02 1.516350e+03 1.825941e+01
      vertex   2.235325e+02 1.516297e+03 3.213093e+01
    endloop
  endfacet
  facet normal 2.146999e-01 9.766801e-01 -6.150057e-05
    outer loop
      vertex   2.240791e+02 1.516175e+03 0.000000e+00
      vertex   2.235325e+02 1.516297e+03 3.213093e+01
      vertex   2.240479e+02 1.516184e+03 3.176324e+01
    endloop
  endfacet
  facet normal -6.730960e-02 9.977321e-01 1.509260e-04
    outer loop
      vertex   2.219560e+02 1.516280e+03 3.340123e+01
      vertex   2.230074e+02 1.516351e+03 3.252998e+01
      vertex   2.219762e+02 1.516284e+03 1.825941e+01
    endloop
  endfacet
  facet normal -6.238907e-02 9.980519e-01 -2.061698e-04
    outer loop
      vertex   2.219762e+02 1.516284e+03 1.825941e+01
      vertex   2.230074e+02 1.516351e+03 3.252998e+01
      vertex   2.230339e+02 1.516350e+03 1.825941e+01
    endloop
  endfacet
  facet normal 1.027564e-01 9.947065e-01 1.001573e-04
    outer loop
      vertex   2.230074e+02 1.516351e+03 3.252998e+01
      vertex   2.235325e+02 1.516297e+03 3.213093e+01
      vertex   2.230339e+02 1.516350e+03 1.825941e+01
    endloop
  endfacet
  facet normal 2.709424e-01 9.625956e-01 -2.370284e-06
    outer loop
      vertex   2.240479e+02 1.516184e+03 3.176324e+01
      vertex   2.240583e+02 1.516181e+03 3.176451e+01
      vertex   2.240791e+02 1.516175e+03 0.000000e+00
    endloop
  endfacet
  facet normal 2.731779e-01 9.619635e-01 -7.900960e-07
    outer loop
      vertex   2.240791e+02 1.516175e+03 0.000000e+00
      vertex   2.240583e+02 1.516181e+03 3.176451e+01
      vertex   2.240687e+02 1.516178e+03 3.176579e+01
    endloop
  endfacet
  facet normal 2.754120e-01 9.613263e-01 -0.000000e+00
    outer loop
      vertex   2.240791e+02 1.516175e+03 0.000000e+00
      vertex   2.240687e+02 1.516178e+03 3.176579e+01
      vertex   2.240791e+02 1.516175e+03 3.176706e+01
    endloop
  endfacet
  facet normal -2.867532e-01 9.580045e-01 0.000000e+00
    outer loop
      vertex   2.219762e+02 1.516284e+03 0.000000e+00
      vertex   2.209609e+02 1.515980e+03 0.000000e+00
      vertex   2.209609e+02 1.515980e+03 1.825941e+01
    endloop
  endfacet
  facet normal -4.962224e-01 8.681954e-01 0.000000e+00
    outer loop
      vertex   2.209609e+02 1.515980e+03 1.825941e+01
      vertex   2.209609e+02 1.515980e+03 0.000000e+00
      vertex   2.200408e+02 1.515454e+03 0.000000e+00
    endloop
  endfacet
  facet normal -8.286624e-01 5.597487e-01 1.635651e-05
    outer loop
      vertex   2.192614e+02 1.514731e+03 1.825941e+01
      vertex   2.186699e+02 1.513856e+03 0.000000e+00
      vertex   2.186687e+02 1.513854e+03 1.825941e+01
    endloop
  endfacet
  facet normal -9.336463e-01 3.581962e-01 -1.636989e-05
    outer loop
      vertex   2.186687e+02 1.513854e+03 1.825941e+01
      vertex   2.186699e+02 1.513856e+03 0.000000e+00
      vertex   2.182903e+02 1.512866e+03 0.000000e+00
    endloop
  endfacet
  facet normal -9.338151e-01 3.577559e-01 1.092730e-05
    outer loop
      vertex   2.186687e+02 1.513854e+03 1.825941e+01
      vertex   2.182903e+02 1.512866e+03 0.000000e+00
      vertex   2.182898e+02 1.512865e+03 1.825941e+01
    endloop
  endfacet
  facet normal -9.905029e-01 1.374919e-01 -1.093627e-05
    outer loop
      vertex   2.182898e+02 1.512865e+03 1.825941e+01
      vertex   2.182903e+02 1.512866e+03 0.000000e+00
      vertex   2.181446e+02 1.511817e+03 0.000000e+00
    endloop
  endfacet
  facet normal -9.905418e-01 1.372114e-01 5.470834e-06
    outer loop
      vertex   2.182898e+02 1.512865e+03 1.825941e+01
      vertex   2.181446e+02 1.511817e+03 0.000000e+00
      vertex   2.181445e+02 1.511816e+03 1.825941e+01
    endloop
  endfacet
  facet normal -9.959097e-01 -9.035408e-02 -5.475340e-06
    outer loop
      vertex   2.181445e+02 1.511816e+03 1.825941e+01
      vertex   2.181446e+02 1.511817e+03 0.000000e+00
      vertex   2.182403e+02 1.510761e+03 0.000000e+00
    endloop
  endfacet
  facet normal -5.368454e-01 -8.436806e-01 -2.165553e-05
    outer loop
      vertex   2.198661e+02 1.508093e+03 0.000000e+00
      vertex   2.207602e+02 1.507524e+03 0.000000e+00
      vertex   2.207571e+02 1.507526e+03 1.825941e+01
    endloop
  endfacet
  facet normal -3.318719e-01 -9.433244e-01 2.179734e-05
    outer loop
      vertex   2.207571e+02 1.507526e+03 1.825941e+01
      vertex   2.207602e+02 1.507524e+03 0.000000e+00
      vertex   2.217600e+02 1.507173e+03 0.000000e+00
    endloop
  endfacet
  facet normal -0.000000e+00 0.000000e+00 -1.000000e+00
    outer loop
      vertex   8.033747e+01 1.561695e+03 0.000000e+00
      vertex   8.026421e+01 1.561138e+03 0.000000e+00
      vertex   7.500000e+01 1.567984e+03 0.000000e+00
    endloop
  endfacet
  facet normal 0.000000e+00 0.000000e+00 -1.000000e+00
    outer loop
      vertex   7.500000e+01 1.567984e+03 0.000000e+00
      vertex   8.026421e+01 1.561138e+03 0.000000e+00
      vertex   8.033747e+01 1.560582e+03 0.000000e+00
    endloop
  endfacet
  facet normal 0.000000e+00 0.000000e+00 -1.000000e+00
    outer loop
      vertex   7.500000e+01 1.567984e+03 0.000000e+00
      vertex   8.033747e+01 1.560582e+03 0.000000e+00
      vertex   8.000000e+01 1.557164e+03 0.000000e+00
    endloop
  endfacet
  facet normal 0.000000e+00 0.000000e+00 -1.000000e+00
    outer loop
      vertex   8.000000e+01 1.557164e+03 0.000000e+00
      vertex   8.033747e+01 1.560582e+03 0.000000e+00
      vertex   8.055226e+01 1.560063e+03 0.000000e+00
    endloop
  endfacet
  facet normal 0.000000e+00 0.000000e+00 -1.000000e+00
    outer loop
      vertex   8.000000e+01 1.557164e+03 0.000000e+00
      vertex   8.055226e+01 1.560063e+03 0.000000e+00
      vertex   8.089393e+01 1.559618e+03 0.000000e+00
    endloop
  endfacet
  facet normal 0.000000e+00 -0.000000e+00 -1.000000e+00
    outer loop
      vertex   8.089393e+01 1.559618e+03 0.000000e+00
      vertex   8.133921e+01 1.559276e+03 0.000000e+00
      vertex   8.000000e+01 1.557164e+03 0.000000e+00
    endloop
  endfacet
  facet normal 0.000000e+00 0.000000e+00 -1.000000e+00
    outer loop
      vertex   8.000000e+01 1.557164e+03 0.000000e+00
      vertex   8.133921e+01 1.559276e+03 0.000000e+00
      vertex   8.185775e+01 1.559062e+03 0.000000e+00
    endloop
  endfacet
  facet normal 0.000000e+00 0.000000e+00 -1.000000e+00
    outer loop
      vertex   8.000000e+01 1.557164e+03 0.000000e+00
      vertex   8.185775e+01 1.559062e+03 0.000000e+00
      vertex   8.098304e+01 1.556714e+03 0.000000e+00
    endloop
  endfacet
  facet normal 0.000000e+00 0.000000e+00 -1.000000e+00
    outer loop
      vertex   8.098304e+01 1.556714e+03 0.000000e+00
      vertex   8.185775e+01 1.559062e+03 0.000000e+00
      vertex   8.204346e+01 1.556503e+03 0.000000e+00
    endloop
  endfacet
  facet normal 0.000000e+00 0.000000e+00 -1.000000e+00
    outer loop
      vertex   8.204346e+01 1.556503e+03 0.000000e+00
      vertex   8.185775e+01 1.559062e+03 0.000000e+00
      vertex   8.241421e+01 1.558988e+03 0.000000e+00
    endloop
  endfacet
  facet normal 0.000000e+00 0.000000e+00 -1.000000e+00
    outer loop
      vertex   8.204346e+01 1.556503e+03 0.000000e+00
      vertex   8.241421e+01 1.558988e+03 0.000000e+00
      vertex   8.312392e+01 1.556543e+03 0.000000e+00
    endloop
  endfacet
  facet normal 0.000000e+00 0.000000e+00 -1.000000e+00
    outer loop
      vertex   8.312392e+01 1.556543e+03 0.000000e+00
      vertex   8.241421e+01 1.558988e+03 0.000000e+00
      vertex   8.297067e+01 1.559062e+03 0.000000e+00
    endloop
  endfacet
  facet normal 0.000000e+00 0.000000e+00 -1.000000e+00
    outer loop
      vertex   8.312392e+01 1.556543e+03 0.000000e+00
      vertex   8.297067e+01 1.559062e+03 0.000000e+00
      vertex   8.416601e+01 1.556831e+03 0.000000e+00
    endloop
  endfacet
  facet normal 0.000000e+00 0.000000e+00 -1.000000e+00
    outer loop
      vertex   8.416601e+01 1.556831e+03 0.000000e+00
      vertex   8.297067e+01 1.559062e+03 0.000000e+00
      vertex   8.348921e+01 1.559276e+03 0.000000e+00
    endloop
  endfacet
  facet normal 0.000000e+00 0.000000e+00 -1.000000e+00
    outer loop
      vertex   8.416601e+01 1.556831e+03 0.000000e+00
      vertex   8.348921e+01 1.559276e+03 0.000000e+00
      vertex   8.511339e+01 1.557352e+03 0.000000e+00
    endloop
  endfacet
  facet normal 0.000000e+00 0.000000e+00 -1.000000e+00
    outer loop
      vertex   8.511339e+01 1.557352e+03 0.000000e+00
      vertex   8.348921e+01 1.559276e+03 0.000000e+00
      vertex   8.591485e+01 1.558078e+03 0.000000e+00
    endloop
  endfacet
  facet normal 0.000000e+00 0.000000e+00 -1.000000e+00
    outer loop
      vertex   8.591485e+01 1.558078e+03 0.000000e+00
      vertex   8.348921e+01 1.559276e+03 0.000000e+00
      vertex   8.393449e+01 1.559618e+03 0.000000e+00
    endloop
  endfacet
  facet normal 0.000000e+00 0.000000e+00 -1.000000e+00
    outer loop
      vertex   8.591485e+01 1.558078e+03 0.000000e+00
      vertex   8.393449e+01 1.559618e+03 0.000000e+00
      vertex   8.652706e+01 1.558969e+03 0.000000e+00
    endloop
  endfacet
  facet normal 0.000000e+00 0.000000e+00 -1.000000e+00
    outer loop
      vertex   8.652706e+01 1.558969e+03 0.000000e+00
      vertex   8.393449e+01 1.559618e+03 0.000000e+00
      vertex   8.427617e+01 1.560063e+03 0.000000e+00
    endloop
  endfacet
  facet normal 0.000000e+00 0.000000e+00 -1.000000e+00
    outer loop
      vertex   8.652706e+01 1.558969e+03 0.000000e+00
      vertex   8.427617e+01 1.560063e+03 0.000000e+00
      vertex   8.691692e+01 1.559977e+03 0.000000e+00
    endloop
  endfacet
  facet normal 0.000000e+00 0.000000e+00 -1.000000e+00
    outer loop
      vertex   8.691692e+01 1.559977e+03 0.000000e+00
      vertex   8.427617e+01 1.560063e+03 0.000000e+00
      vertex   8.449095e+01 1.560582e+03 0.000000e+00
    endloop
  endfacet
  facet normal 0.000000e+00 0.000000e+00 -1.000000e+00
    outer loop
      vertex   8.691692e+01 1.559977e+03 0.000000e+00
      vertex   8.449095e+01 1.560582e+03 0.000000e+00
      vertex   8.706334e+01 1.561048e+03 0.000000e+00
    endloop
  endfacet
  facet normal -0.000000e+00 0.000000e+00 -1.000000e+00
    outer loop
      vertex   8.706334e+01 1.561048e+03 0.000000e+00
      vertex   8.449095e+01 1.560582e+03 0.000000e+00
      vertex   8.456421e+01 1.561138e+03 0.000000e+00
    endloop
  endfacet
  facet normal 0.000000e+00 0.000000e+00 -1.000000e+00
    outer loop
      vertex   8.706334e+01 1.561048e+03 0.000000e+00
      vertex   8.456421e+01 1.561138e+03 0.000000e+00
      vertex   8.695843e+01 1.562125e+03 0.000000e+00
    endloop
  endfacet
  facet normal 0.000000e+00 0.000000e+00 -1.000000e+00
    outer loop
      vertex   8.695843e+01 1.562125e+03 0.000000e+00
      vertex   8.456421e+01 1.561138e+03 0.000000e+00
      vertex   8.449095e+01 1.561695e+03 0.000000e+00
    endloop
  endfacet
  facet normal -0.000000e+00 0.000000e+00 -1.000000e+00
    outer loop
      vertex   8.695843e+01 1.562125e+03 0.000000e+00
      vertex   8.449095e+01 1.561695e+03 0.000000e+00
      vertex   8.660785e+01 1.563147e+03 0.000000e+00
    endloop
  endfacet
  facet normal 0.000000e+00 0.000000e+00 -1.000000e+00
    outer loop
      vertex   8.660785e+01 1.563147e+03 0.000000e+00
      vertex   8.449095e+01 1.561695e+03 0.000000e+00
      vertex   8.427617e+01 1.562213e+03 0.000000e+00
    endloop
  endfacet
  facet normal -0.000000e+00 0.000000e+00 -1.000000e+00
    outer loop
      vertex   8.660785e+01 1.563147e+03 0.000000e+00
      vertex   8.427617e+01 1.562213e+03 0.000000e+00
      vertex   8.603054e+01 1.564061e+03 0.000000e+00
    endloop
  endfacet
  facet normal 0.000000e+00 0.000000e+00 -1.000000e+00
    outer loop
      vertex   8.603054e+01 1.564061e+03 0.000000e+00
      vertex   8.427617e+01 1.562213e+03 0.000000e+00
      vertex   8.393449e+01 1.562659e+03 0.000000e+00
    endloop
  endfacet
  facet normal 0.000000e+00 0.000000e+00 -1.000000e+00
    outer loop
      vertex   8.603054e+01 1.564061e+03 0.000000e+00
      vertex   8.393449e+01 1.562659e+03 0.000000e+00
      vertex   8.348921e+01 1.563000e+03 0.000000e+00
    endloop
  endfacet
  facet normal 0.000000e+00 0.000000e+00 -1.000000e+00
    outer loop
      vertex   8.348921e+01 1.563000e+03 0.000000e+00
      vertex   8.297067e+01 1.563215e+03 0.000000e+00
      vertex   8.603054e+01 1.564061e+03 0.000000e+00
    endloop
  endfacet
  facet normal 0.000000e+00 0.000000e+00 -1.000000e+00
    outer loop
      vertex   8.603054e+01 1.564061e+03 0.000000e+00
      vertex   8.297067e+01 1.563215e+03 0.000000e+00
      vertex   8.241421e+01 1.563288e+03 0.000000e+00
    endloop
  endfacet
  facet normal -0.000000e+00 0.000000e+00 -1.000000e+00
    outer loop
      vertex   8.603054e+01 1.564061e+03 0.000000e+00
      vertex   8.241421e+01 1.563288e+03 0.000000e+00
      vertex   7.500000e+01 1.567984e+03 0.000000e+00
    endloop
  endfacet
  facet normal 0.000000e+00 0.000000e+00 -1.000000e+00
    outer loop
      vertex   7.500000e+01 1.567984e+03 0.000000e+00
      vertex   8.241421e+01 1.563288e+03 0.000000e+00
      vertex   8.185775e+01 1.563215e+03 0.000000e+00
    endloop
  endfacet
  facet normal 0.000000e+00 0.000000e+00 -1.000000e+00
    outer loop
      vertex   7.500000e+01 1.567984e+03 0.000000e+00
      vertex   8.185775e+01 1.563215e+03 0.000000e+00
      vertex   8.133921e+01 1.563000e+03 0.000000e+00
    endloop
  endfacet
  facet normal -0.000000e+00 0.000000e+00 -1.000000e+00
    outer loop
      vertex   8.133921e+01 1.563000e+03 0.000000e+00
      vertex   8.089393e+01 1.562659e+03 0.000000e+00
      vertex   7.500000e+01 1.567984e+03 0.000000e+00
    endloop
  endfacet
  facet normal 0.000000e+00 0.000000e+00 -1.000000e+00
    outer loop
      vertex   7.500000e+01 1.567984e+03 0.000000e+00
      vertex   8.089393e+01 1.562659e+03 0.000000e+00
      vertex   8.055226e+01 1.562213e+03 0.000000e+00
    endloop
  endfacet
  facet normal 0.000000e+00 0.000000e+00 -1.000000e+00
    outer loop
      vertex   7.500000e+01 1.567984e+03 0.000000e+00
      vertex   8.055226e+01 1.562213e+03 0.000000e+00
      vertex   8.033747e+01 1.561695e+03 0.000000e+00
    endloop
  endfacet
  facet normal 0.000000e+00 0.000000e+00 -1.000000e+00
    outer loop
      vertex   8.033747e+01 1.481524e+03 0.000000e+00
      vertex   8.026421e+01 1.480968e+03 0.000000e+00
      vertex   7.500000e+01 1.475000e+03 0.000000e+00
    endloop
  endfacet
  facet normal 0.000000e+00 0.000000e+00 -1.000000e+00
    outer loop
      vertex   7.500000e+01 1.475000e+03 0.000000e+00
      vertex   8.026421e+01 1.480968e+03 0.000000e+00
      vertex   8.033747e+01 1.480411e+03 0.000000e+00
    endloop
  endfacet
  facet normal 0.000000e+00 0.000000e+00 -1.000000e+00
    outer loop
      vertex   7.500000e+01 1.475000e+03 0.000000e+00
      vertex   8.033747e+01 1.480411e+03 0.000000e+00
      vertex   8.055226e+01 1.479893e+03 0.000000e+00
    endloop
  endfacet
  facet normal 0.000000e+00 -0.000000e+00 -1.000000e+00
    outer loop
      vertex   8.055226e+01 1.479893e+03 0.000000e+00
      vertex   8.089393e+01 1.479447e+03 0.000000e+00
      vertex   7.500000e+01 1.475000e+03 0.000000e+00
    endloop
  endfacet
  facet normal 0.000000e+00 0.000000e+00 -1.000000e+00
    outer loop
      vertex   7.500000e+01 1.475000e+03 0.000000e+00
      vertex   8.089393e+01 1.479447e+03 0.000000e+00
      vertex   8.133921e+01 1.479106e+03 0.000000e+00
    endloop
  endfacet
  facet normal 0.000000e+00 0.000000e+00 -1.000000e+00
    outer loop
      vertex   7.500000e+01 1.475000e+03 0.000000e+00
      vertex   8.133921e+01 1.479106e+03 0.000000e+00
      vertex   8.185775e+01 1.478891e+03 0.000000e+00
    endloop
  endfacet
  facet normal 0.000000e+00 0.000000e+00 -1.000000e+00
    outer loop
      vertex   7.500000e+01 1.475000e+03 0.000000e+00
      vertex   8.185775e+01 1.478891e+03 0.000000e+00
      vertex   8.529275e+01 1.477316e+03 0.000000e+00
    endloop
  endfacet
  facet normal 0.000000e+00 0.000000e+00 -1.000000e+00
    outer loop
      vertex   8.529275e+01 1.477316e+03 0.000000e+00
      vertex   8.185775e+01 1.478891e+03 0.000000e+00
      vertex   8.241421e+01 1.478818e+03 0.000000e+00
    endloop
  endfacet
  facet normal 0.000000e+00 0.000000e+00 -1.000000e+00
    outer loop
      vertex   8.529275e+01 1.477316e+03 0.000000e+00
      vertex   8.241421e+01 1.478818e+03 0.000000e+00
      vertex   8.297067e+01 1.478891e+03 0.000000e+00
    endloop
  endfacet
  facet normal 0.000000e+00 0.000000e+00 -1.000000e+00
    outer loop
      vertex   8.297067e+01 1.478891e+03 0.000000e+00
      vertex   8.348921e+01 1.479106e+03 0.000000e+00
      vertex   8.529275e+01 1.477316e+03 0.000000e+00
    endloop
  endfacet
  facet normal 0.000000e+00 0.000000e+00 -1.000000e+00
    outer loop
      vertex   8.529275e+01 1.477316e+03 0.000000e+00
      vertex   8.348921e+01 1.479106e+03 0.000000e+00
      vertex   8.393449e+01 1.479447e+03 0.000000e+00
    endloop
  endfacet
  facet normal 0.000000e+00 0.000000e+00 -1.000000e+00
    outer loop
      vertex   8.529275e+01 1.477316e+03 0.000000e+00
      vertex   8.393449e+01 1.479447e+03 0.000000e+00
      vertex   8.605618e+01 1.478076e+03 0.000000e+00
    endloop
  endfacet
  facet normal 0.000000e+00 0.000000e+00 -1.000000e+00
    outer loop
      vertex   8.605618e+01 1.478076e+03 0.000000e+00
      vertex   8.393449e+01 1.479447e+03 0.000000e+00
      vertex   8.427617e+01 1.479893e+03 0.000000e+00
    endloop
  endfacet
  facet normal 0.000000e+00 0.000000e+00 -1.000000e+00
    outer loop
      vertex   8.605618e+01 1.478076e+03 0.000000e+00
      vertex   8.427617e+01 1.479893e+03 0.000000e+00
      vertex   8.662395e+01 1.478993e+03 0.000000e+00
    endloop
  endfacet
  facet normal 0.000000e+00 0.000000e+00 -1.000000e+00
    outer loop
      vertex   8.662395e+01 1.478993e+03 0.000000e+00
      vertex   8.427617e+01 1.479893e+03 0.000000e+00
      vertex   8.449095e+01 1.480411e+03 0.000000e+00
    endloop
  endfacet
  facet normal 0.000000e+00 0.000000e+00 -1.000000e+00
    outer loop
      vertex   8.662395e+01 1.478993e+03 0.000000e+00
      vertex   8.449095e+01 1.480411e+03 0.000000e+00
      vertex   8.696556e+01 1.480015e+03 0.000000e+00
    endloop
  endfacet
  facet normal 0.000000e+00 0.000000e+00 -1.000000e+00
    outer loop
      vertex   8.696556e+01 1.480015e+03 0.000000e+00
      vertex   8.449095e+01 1.480411e+03 0.000000e+00
      vertex   8.456421e+01 1.480968e+03 0.000000e+00
    endloop
  endfacet
  facet normal 0.000000e+00 0.000000e+00 -1.000000e+00
    outer loop
      vertex   8.696556e+01 1.480015e+03 0.000000e+00
      vertex   8.456421e+01 1.480968e+03 0.000000e+00
      vertex   8.706265e+01 1.481088e+03 0.000000e+00
    endloop
  endfacet
  facet normal -0.000000e+00 0.000000e+00 -1.000000e+00
    outer loop
      vertex   8.706265e+01 1.481088e+03 0.000000e+00
      vertex   8.456421e+01 1.480968e+03 0.000000e+00
      vertex   8.449095e+01 1.481524e+03 0.000000e+00
    endloop
  endfacet
  facet normal 0.000000e+00 0.000000e+00 -1.000000e+00
    outer loop
      vertex   8.706265e+01 1.481088e+03 0.000000e+00
      vertex   8.449095e+01 1.481524e+03 0.000000e+00
      vertex   8.691001e+01 1.482155e+03 0.000000e+00
    endloop
  endfacet
  facet normal 0.000000e+00 0.000000e+00 -1.000000e+00
    outer loop
      vertex   8.691001e+01 1.482155e+03 0.000000e+00
      vertex   8.449095e+01 1.481524e+03 0.000000e+00
      vertex   8.427617e+01 1.482043e+03 0.000000e+00
    endloop
  endfacet
  facet normal -0.000000e+00 0.000000e+00 -1.000000e+00
    outer loop
      vertex   8.691001e+01 1.482155e+03 0.000000e+00
      vertex   8.427617e+01 1.482043e+03 0.000000e+00
      vertex   8.651584e+01 1.483158e+03 0.000000e+00
    endloop
  endfacet
  facet normal 0.000000e+00 0.000000e+00 -1.000000e+00
    outer loop
      vertex   8.651584e+01 1.483158e+03 0.000000e+00
      vertex   8.427617e+01 1.482043e+03 0.000000e+00
      vertex   8.393449e+01 1.482488e+03 0.000000e+00
    endloop
  endfacet
  facet normal -0.000000e+00 0.000000e+00 -1.000000e+00
    outer loop
      vertex   8.651584e+01 1.483158e+03 0.000000e+00
      vertex   8.393449e+01 1.482488e+03 0.000000e+00
      vertex   8.590132e+01 1.484044e+03 0.000000e+00
    endloop
  endfacet
  facet normal 0.000000e+00 0.000000e+00 -1.000000e+00
    outer loop
      vertex   8.590132e+01 1.484044e+03 0.000000e+00
      vertex   8.393449e+01 1.482488e+03 0.000000e+00
      vertex   8.348921e+01 1.482830e+03 0.000000e+00
    endloop
  endfacet
  facet normal -0.000000e+00 0.000000e+00 -1.000000e+00
    outer loop
      vertex   8.590132e+01 1.484044e+03 0.000000e+00
      vertex   8.348921e+01 1.482830e+03 0.000000e+00
      vertex   8.509946e+01 1.484764e+03 0.000000e+00
    endloop
  endfacet
  facet normal -0.000000e+00 0.000000e+00 -1.000000e+00
    outer loop
      vertex   8.509946e+01 1.484764e+03 0.000000e+00
      vertex   8.348921e+01 1.482830e+03 0.000000e+00
      vertex   8.415334e+01 1.485280e+03 0.000000e+00
    endloop
  endfacet
  facet normal 0.000000e+00 0.000000e+00 -1.000000e+00
    outer loop
      vertex   8.415334e+01 1.485280e+03 0.000000e+00
      vertex   8.348921e+01 1.482830e+03 0.000000e+00
      vertex   8.297067e+01 1.483044e+03 0.000000e+00
    endloop
  endfacet
  facet normal -0.000000e+00 0.000000e+00 -1.000000e+00
    outer loop
      vertex   8.415334e+01 1.485280e+03 0.000000e+00
      vertex   8.297067e+01 1.483044e+03 0.000000e+00
      vertex   8.311378e+01 1.485565e+03 0.000000e+00
    endloop
  endfacet
  facet normal 0.000000e+00 0.000000e+00 -1.000000e+00
    outer loop
      vertex   8.311378e+01 1.485565e+03 0.000000e+00
      vertex   8.297067e+01 1.483044e+03 0.000000e+00
      vertex   8.241421e+01 1.483118e+03 0.000000e+00
    endloop
  endfacet
  facet normal -0.000000e+00 0.000000e+00 -1.000000e+00
    outer loop
      vertex   8.311378e+01 1.485565e+03 0.000000e+00
      vertex   8.241421e+01 1.483118e+03 0.000000e+00
      vertex   8.203664e+01 1.485602e+03 0.000000e+00
    endloop
  endfacet
  facet normal 0.000000e+00 -0.000000e+00 -1.000000e+00
    outer loop
      vertex   8.203664e+01 1.485602e+03 0.000000e+00
      vertex   8.241421e+01 1.483118e+03 0.000000e+00
      vertex   8.185775e+01 1.483044e+03 0.000000e+00
    endloop
  endfacet
  facet normal 0.000000e+00 0.000000e+00 -1.000000e+00
    outer loop
      vertex   8.203664e+01 1.485602e+03 0.000000e+00
      vertex   8.185775e+01 1.483044e+03 0.000000e+00
      vertex   8.097979e+01 1.485391e+03 0.000000e+00
    endloop
  endfacet
  facet normal 0.000000e+00 -0.000000e+00 -1.000000e+00
    outer loop
      vertex   8.097979e+01 1.485391e+03 0.000000e+00
      vertex   8.185775e+01 1.483044e+03 0.000000e+00
      vertex   8.000000e+01 1.484942e+03 0.000000e+00
    endloop
  endfacet
  facet normal 0.000000e+00 0.000000e+00 -1.000000e+00
    outer loop
      vertex   8.000000e+01 1.484942e+03 0.000000e+00
      vertex   8.185775e+01 1.483044e+03 0.000000e+00
      vertex   8.133921e+01 1.482830e+03 0.000000e+00
    endloop
  endfacet
  facet normal 0.000000e+00 0.000000e+00 -1.000000e+00
    outer loop
      vertex   8.000000e+01 1.484942e+03 0.000000e+00
      vertex   8.133921e+01 1.482830e+03 0.000000e+00
      vertex   8.089393e+01 1.482488e+03 0.000000e+00
    endloop
  endfacet
  facet normal -0.000000e+00 0.000000e+00 -1.000000e+00
    outer loop
      vertex   8.089393e+01 1.482488e+03 0.000000e+00
      vertex   8.055226e+01 1.482043e+03 0.000000e+00
      vertex   8.000000e+01 1.484942e+03 0.000000e+00
    endloop
  endfacet
  facet normal 0.000000e+00 0.000000e+00 -1.000000e+00
    outer loop
      vertex   8.000000e+01 1.484942e+03 0.000000e+00
      vertex   8.055226e+01 1.482043e+03 0.000000e+00
      vertex   8.033747e+01 1.481524e+03 0.000000e+00
    endloop
  endfacet
  facet normal 0.000000e+00 -0.000000e+00 -1.000000e+00
    outer loop
      vertex   8.000000e+01 1.484942e+03 0.000000e+00
      vertex   8.033747e+01 1.481524e+03 0.000000e+00
      vertex   7.500000e+01 1.475000e+03 0.000000e+00
    endloop
  endfacet
  facet normal -0.000000e+00 0.000000e+00 -1.000000e+00
    outer loop
      vertex   1.987451e+02 1.562379e+03 0.000000e+00
      vertex   1.962919e+02 1.561886e+03 0.000000e+00
      vertex   1.986718e+02 1.562936e+03 0.000000e+00
    endloop
  endfacet
  facet normal -0.000000e+00 0.000000e+00 -1.000000e+00
    outer loop
      vertex   1.986718e+02 1.562936e+03 0.000000e+00
      vertex   1.962919e+02 1.561886e+03 0.000000e+00
      vertex   1.961721e+02 1.562983e+03 0.000000e+00
    endloop
  endfacet
  facet normal 0.000000e+00 0.000000e+00 -1.000000e+00
    outer loop
      vertex   1.986718e+02 1.562936e+03 0.000000e+00
      vertex   1.961721e+02 1.562983e+03 0.000000e+00
      vertex   1.987451e+02 1.563492e+03 0.000000e+00
    endloop
  endfacet
  facet normal -0.000000e+00 0.000000e+00 -1.000000e+00
    outer loop
      vertex   1.987451e+02 1.563492e+03 0.000000e+00
      vertex   1.961721e+02 1.562983e+03 0.000000e+00
      vertex   1.963140e+02 1.564077e+03 0.000000e+00
    endloop
  endfacet
  facet normal 0.000000e+00 0.000000e+00 -1.000000e+00
    outer loop
      vertex   1.987451e+02 1.563492e+03 0.000000e+00
      vertex   1.963140e+02 1.564077e+03 0.000000e+00
      vertex   1.989599e+02 1.564011e+03 0.000000e+00
    endloop
  endfacet
  facet normal 0.000000e+00 0.000000e+00 -1.000000e+00
    outer loop
      vertex   1.989599e+02 1.564011e+03 0.000000e+00
      vertex   1.963140e+02 1.564077e+03 0.000000e+00
      vertex   1.967097e+02 1.565107e+03 0.000000e+00
    endloop
  endfacet
  facet normal 0.000000e+00 0.000000e+00 -1.000000e+00
    outer loop
      vertex   1.989599e+02 1.564011e+03 0.000000e+00
      vertex   1.967097e+02 1.565107e+03 0.000000e+00
      vertex   1.993015e+02 1.564456e+03 0.000000e+00
    endloop
  endfacet
  facet normal 0.000000e+00 0.000000e+00 -1.000000e+00
    outer loop
      vertex   1.993015e+02 1.564456e+03 0.000000e+00
      vertex   1.967097e+02 1.565107e+03 0.000000e+00
      vertex   1.973368e+02 1.566014e+03 0.000000e+00
    endloop
  endfacet
  facet normal 0.000000e+00 0.000000e+00 -1.000000e+00
    outer loop
      vertex   1.993015e+02 1.564456e+03 0.000000e+00
      vertex   1.973368e+02 1.566014e+03 0.000000e+00
      vertex   1.997468e+02 1.564798e+03 0.000000e+00
    endloop
  endfacet
  facet normal 0.000000e+00 0.000000e+00 -1.000000e+00
    outer loop
      vertex   1.997468e+02 1.564798e+03 0.000000e+00
      vertex   1.973368e+02 1.566014e+03 0.000000e+00
      vertex   2.002654e+02 1.565013e+03 0.000000e+00
    endloop
  endfacet
  facet normal 0.000000e+00 0.000000e+00 -1.000000e+00
    outer loop
      vertex   2.002654e+02 1.565013e+03 0.000000e+00
      vertex   1.973368e+02 1.566014e+03 0.000000e+00
      vertex   2.008218e+02 1.565086e+03 0.000000e+00
    endloop
  endfacet
  facet normal 0.000000e+00 0.000000e+00 -1.000000e+00
    outer loop
      vertex   2.008218e+02 1.565086e+03 0.000000e+00
      vertex   1.973368e+02 1.566014e+03 0.000000e+00
      vertex   2.060985e+02 1.570179e+03 0.000000e+00
    endloop
  endfacet
  facet normal 0.000000e+00 0.000000e+00 -1.000000e+00
    outer loop
      vertex   2.008218e+02 1.565086e+03 0.000000e+00
      vertex   2.060985e+02 1.570179e+03 0.000000e+00
      vertex   2.013783e+02 1.565013e+03 0.000000e+00
    endloop
  endfacet
  facet normal 0.000000e+00 0.000000e+00 -1.000000e+00
    outer loop
      vertex   2.013783e+02 1.565013e+03 0.000000e+00
      vertex   2.060985e+02 1.570179e+03 0.000000e+00
      vertex   2.018968e+02 1.564798e+03 0.000000e+00
    endloop
  endfacet
  facet normal 0.000000e+00 0.000000e+00 -1.000000e+00
    outer loop
      vertex   2.018968e+02 1.564798e+03 0.000000e+00
      vertex   2.060985e+02 1.570179e+03 0.000000e+00
      vertex   2.023421e+02 1.564456e+03 0.000000e+00
    endloop
  endfacet
  facet normal 0.000000e+00 0.000000e+00 -1.000000e+00
    outer loop
      vertex   2.023421e+02 1.564456e+03 0.000000e+00
      vertex   2.060985e+02 1.570179e+03 0.000000e+00
      vertex   2.026838e+02 1.564011e+03 0.000000e+00
    endloop
  endfacet
  facet normal 0.000000e+00 0.000000e+00 -1.000000e+00
    outer loop
      vertex   2.026838e+02 1.564011e+03 0.000000e+00
      vertex   2.060985e+02 1.570179e+03 0.000000e+00
      vertex   2.028986e+02 1.563492e+03 0.000000e+00
    endloop
  endfacet
  facet normal 0.000000e+00 0.000000e+00 -1.000000e+00
    outer loop
      vertex   2.028986e+02 1.563492e+03 0.000000e+00
      vertex   2.060985e+02 1.570179e+03 0.000000e+00
      vertex   2.048206e+02 1.560563e+03 0.000000e+00
    endloop
  endfacet
  facet normal 0.000000e+00 0.000000e+00 -1.000000e+00
    outer loop
      vertex   2.028986e+02 1.563492e+03 0.000000e+00
      vertex   2.048206e+02 1.560563e+03 0.000000e+00
      vertex   2.029718e+02 1.562936e+03 0.000000e+00
    endloop
  endfacet
  facet normal 0.000000e+00 -0.000000e+00 -1.000000e+00
    outer loop
      vertex   2.029718e+02 1.562936e+03 0.000000e+00
      vertex   2.048206e+02 1.560563e+03 0.000000e+00
      vertex   2.028986e+02 1.562379e+03 0.000000e+00
    endloop
  endfacet
  facet normal 0.000000e+00 -0.000000e+00 -1.000000e+00
    outer loop
      vertex   2.028986e+02 1.562379e+03 0.000000e+00
      vertex   2.048206e+02 1.560563e+03 0.000000e+00
      vertex   2.026838e+02 1.561861e+03 0.000000e+00
    endloop
  endfacet
  facet normal 0.000000e+00 -0.000000e+00 -1.000000e+00
    outer loop
      vertex   2.026838e+02 1.561861e+03 0.000000e+00
      vertex   2.048206e+02 1.560563e+03 0.000000e+00
      vertex   2.023421e+02 1.561416e+03 0.000000e+00
    endloop
  endfacet
  facet normal 0.000000e+00 0.000000e+00 -1.000000e+00
    outer loop
      vertex   2.023421e+02 1.561416e+03 0.000000e+00
      vertex   2.048206e+02 1.560563e+03 0.000000e+00
      vertex   2.041489e+02 1.559687e+03 0.000000e+00
    endloop
  endfacet
  facet normal 0.000000e+00 -0.000000e+00 -1.000000e+00
    outer loop
      vertex   2.023421e+02 1.561416e+03 0.000000e+00
      vertex   2.041489e+02 1.559687e+03 0.000000e+00
      vertex   2.018968e+02 1.561074e+03 0.000000e+00
    endloop
  endfacet
  facet normal 0.000000e+00 0.000000e+00 -1.000000e+00
    outer loop
      vertex   2.018968e+02 1.561074e+03 0.000000e+00
      vertex   2.041489e+02 1.559687e+03 0.000000e+00
      vertex   2.032900e+02 1.558995e+03 0.000000e+00
    endloop
  endfacet
  facet normal 0.000000e+00 -0.000000e+00 -1.000000e+00
    outer loop
      vertex   2.018968e+02 1.561074e+03 0.000000e+00
      vertex   2.032900e+02 1.558995e+03 0.000000e+00
      vertex   2.013783e+02 1.560859e+03 0.000000e+00
    endloop
  endfacet
  facet normal 0.000000e+00 0.000000e+00 -1.000000e+00
    outer loop
      vertex   2.013783e+02 1.560859e+03 0.000000e+00
      vertex   2.032900e+02 1.558995e+03 0.000000e+00
      vertex   2.022921e+02 1.558524e+03 0.000000e+00
    endloop
  endfacet
  facet normal 0.000000e+00 -0.000000e+00 -1.000000e+00
    outer loop
      vertex   2.013783e+02 1.560859e+03 0.000000e+00
      vertex   2.022921e+02 1.558524e+03 0.000000e+00
      vertex   2.012114e+02 1.558302e+03 0.000000e+00
    endloop
  endfacet
  facet normal 0.000000e+00 -0.000000e+00 -1.000000e+00
    outer loop
      vertex   1.987451e+02 1.562379e+03 0.000000e+00
      vertex   1.989599e+02 1.561861e+03 0.000000e+00
      vertex   1.962919e+02 1.561886e+03 0.000000e+00
    endloop
  endfacet
  facet normal 0.000000e+00 0.000000e+00 -1.000000e+00
    outer loop
      vertex   1.962919e+02 1.561886e+03 0.000000e+00
      vertex   1.989599e+02 1.561861e+03 0.000000e+00
      vertex   1.966667e+02 1.560848e+03 0.000000e+00
    endloop
  endfacet
  facet normal 0.000000e+00 0.000000e+00 -1.000000e+00
    outer loop
      vertex   1.966667e+02 1.560848e+03 0.000000e+00
      vertex   1.989599e+02 1.561861e+03 0.000000e+00
      vertex   1.993015e+02 1.561416e+03 0.000000e+00
    endloop
  endfacet
  facet normal 0.000000e+00 0.000000e+00 -1.000000e+00
    outer loop
      vertex   1.966667e+02 1.560848e+03 0.000000e+00
      vertex   1.993015e+02 1.561416e+03 0.000000e+00
      vertex   1.972755e+02 1.559928e+03 0.000000e+00
    endloop
  endfacet
  facet normal 0.000000e+00 0.000000e+00 -1.000000e+00
    outer loop
      vertex   1.972755e+02 1.559928e+03 0.000000e+00
      vertex   1.993015e+02 1.561416e+03 0.000000e+00
      vertex   1.980839e+02 1.559177e+03 0.000000e+00
    endloop
  endfacet
  facet normal 0.000000e+00 0.000000e+00 -1.000000e+00
    outer loop
      vertex   1.980839e+02 1.559177e+03 0.000000e+00
      vertex   1.993015e+02 1.561416e+03 0.000000e+00
      vertex   1.997468e+02 1.561074e+03 0.000000e+00
    endloop
  endfacet
  facet normal 0.000000e+00 0.000000e+00 -1.000000e+00
    outer loop
      vertex   1.980839e+02 1.559177e+03 0.000000e+00
      vertex   1.997468e+02 1.561074e+03 0.000000e+00
      vertex   1.990464e+02 1.558638e+03 0.000000e+00
    endloop
  endfacet
  facet normal 0.000000e+00 0.000000e+00 -1.000000e+00
    outer loop
      vertex   1.990464e+02 1.558638e+03 0.000000e+00
      vertex   1.997468e+02 1.561074e+03 0.000000e+00
      vertex   2.002654e+02 1.560859e+03 0.000000e+00
    endloop
  endfacet
  facet normal 0.000000e+00 0.000000e+00 -1.000000e+00
    outer loop
      vertex   1.990464e+02 1.558638e+03 0.000000e+00
      vertex   2.002654e+02 1.560859e+03 0.000000e+00
      vertex   2.001088e+02 1.558341e+03 0.000000e+00
    endloop
  endfacet
  facet normal 0.000000e+00 0.000000e+00 -1.000000e+00
    outer loop
      vertex   2.001088e+02 1.558341e+03 0.000000e+00
      vertex   2.002654e+02 1.560859e+03 0.000000e+00
      vertex   2.008218e+02 1.560786e+03 0.000000e+00
    endloop
  endfacet
  facet normal 0.000000e+00 0.000000e+00 -1.000000e+00
    outer loop
      vertex   2.001088e+02 1.558341e+03 0.000000e+00
      vertex   2.008218e+02 1.560786e+03 0.000000e+00
      vertex   2.012114e+02 1.558302e+03 0.000000e+00
    endloop
  endfacet
  facet normal 0.000000e+00 0.000000e+00 -1.000000e+00
    outer loop
      vertex   2.012114e+02 1.558302e+03 0.000000e+00
      vertex   2.008218e+02 1.560786e+03 0.000000e+00
      vertex   2.013783e+02 1.560859e+03 0.000000e+00
    endloop
  endfacet
  facet normal 0.000000e+00 0.000000e+00 -1.000000e+00
    outer loop
      vertex   7.500000e+01 1.567984e+03 0.000000e+00
      vertex   1.509438e+02 1.575587e+03 0.000000e+00
      vertex   8.603054e+01 1.564061e+03 0.000000e+00
    endloop
  endfacet
  facet normal 0.000000e+00 0.000000e+00 -1.000000e+00
    outer loop
      vertex   8.603054e+01 1.564061e+03 0.000000e+00
      vertex   1.509438e+02 1.575587e+03 0.000000e+00
      vertex   1.509490e+02 1.570563e+03 0.000000e+00
    endloop
  endfacet
  facet normal 0.000000e+00 0.000000e+00 -1.000000e+00
    outer loop
      vertex   1.509490e+02 1.570563e+03 0.000000e+00
      vertex   1.509438e+02 1.575587e+03 0.000000e+00
      vertex   1.973368e+02 1.566014e+03 0.000000e+00
    endloop
  endfacet
  facet normal 0.000000e+00 0.000000e+00 -1.000000e+00
    outer loop
      vertex   1.973368e+02 1.566014e+03 0.000000e+00
      vertex   1.509438e+02 1.575587e+03 0.000000e+00
      vertex   2.060985e+02 1.570179e+03 0.000000e+00
    endloop
  endfacet
  facet normal -3.160758e-16 -1.371364e-16 -1.000000e+00
    outer loop
      vertex   2.307515e+02 1.513358e+03 0.000000e+00
      vertex   2.149085e+02 1.538568e+03 1.550446e-15
      vertex   2.060985e+02 1.570179e+03 0.000000e+00
    endloop
  endfacet
  facet normal 7.434273e-16 1.581442e-16 -1.000000e+00
    outer loop
      vertex   2.060985e+02 1.570179e+03 0.000000e+00
      vertex   2.149085e+02 1.538568e+03 1.550446e-15
      vertex   2.140277e+02 1.540288e+03 1.167620e-15
    endloop
  endfacet
  facet normal 1.448959e-15 3.452979e-16 -1.000000e+00
    outer loop
      vertex   2.060985e+02 1.570179e+03 0.000000e+00
      vertex   2.140277e+02 1.540288e+03 1.167620e-15
      vertex   2.134951e+02 1.541124e+03 6.846334e-16
    endloop
  endfacet
  facet normal 0.000000e+00 0.000000e+00 -1.000000e+00
    outer loop
      vertex   2.307515e+02 1.482229e+03 0.000000e+00
      vertex   2.257515e+02 1.508119e+03 0.000000e+00
      vertex   2.307515e+02 1.513358e+03 0.000000e+00
    endloop
  endfacet
  facet normal 0.000000e+00 0.000000e+00 -1.000000e+00
    outer loop
      vertex   2.307515e+02 1.513358e+03 0.000000e+00
      vertex   2.257515e+02 1.508119e+03 0.000000e+00
      vertex   2.248700e+02 1.511150e+03 0.000000e+00
    endloop
  endfacet
  facet normal 0.000000e+00 0.000000e+00 -1.000000e+00
    outer loop
      vertex   2.307515e+02 1.513358e+03 0.000000e+00
      vertex   2.248700e+02 1.511150e+03 0.000000e+00
      vertex   2.249433e+02 1.511706e+03 0.000000e+00
    endloop
  endfacet
  facet normal 0.000000e+00 0.000000e+00 -1.000000e+00
    outer loop
      vertex   2.084875e+02 1.437702e+03 0.000000e+00
      vertex   2.085398e+02 1.448987e+03 0.000000e+00
      vertex   2.307515e+02 1.482229e+03 0.000000e+00
    endloop
  endfacet
  facet normal -0.000000e+00 0.000000e+00 -1.000000e+00
    outer loop
      vertex   2.307515e+02 1.482229e+03 0.000000e+00
      vertex   2.085398e+02 1.448987e+03 0.000000e+00
      vertex   2.257515e+02 1.483411e+03 0.000000e+00
    endloop
  endfacet
  facet normal 0.000000e+00 0.000000e+00 -1.000000e+00
    outer loop
      vertex   2.307515e+02 1.482229e+03 0.000000e+00
      vertex   2.257515e+02 1.483411e+03 0.000000e+00
      vertex   2.257515e+02 1.508119e+03 0.000000e+00
    endloop
  endfacet
  facet normal 0.000000e+00 0.000000e+00 -1.000000e+00
    outer loop
      vertex   7.500000e+01 1.475000e+03 0.000000e+00
      vertex   2.000906e+02 1.445241e+03 0.000000e+00
      vertex   2.084875e+02 1.437702e+03 0.000000e+00
    endloop
  endfacet
  facet normal 0.000000e+00 0.000000e+00 -1.000000e+00
    outer loop
      vertex   2.084875e+02 1.437702e+03 0.000000e+00
      vertex   2.000906e+02 1.445241e+03 0.000000e+00
      vertex   2.039680e+02 1.444565e+03 0.000000e+00
    endloop
  endfacet
  facet normal 0.000000e+00 0.000000e+00 -1.000000e+00
    outer loop
      vertex   2.084875e+02 1.437702e+03 0.000000e+00
      vertex   2.039680e+02 1.444565e+03 0.000000e+00
      vertex   2.045244e+02 1.444492e+03 0.000000e+00
    endloop
  endfacet
  facet normal -0.000000e+00 0.000000e+00 -1.000000e+00
    outer loop
      vertex   8.000000e+01 1.484942e+03 0.000000e+00
      vertex   7.500000e+01 1.475000e+03 0.000000e+00
      vertex   8.000000e+01 1.557164e+03 0.000000e+00
    endloop
  endfacet
  facet normal -0.000000e+00 0.000000e+00 -1.000000e+00
    outer loop
      vertex   8.000000e+01 1.557164e+03 0.000000e+00
      vertex   7.500000e+01 1.475000e+03 0.000000e+00
      vertex   7.500000e+01 1.567984e+03 0.000000e+00
    endloop
  endfacet
  facet normal -0.000000e+00 0.000000e+00 -1.000000e+00
    outer loop
      vertex   2.207165e+02 1.511150e+03 0.000000e+00
      vertex   2.182403e+02 1.510761e+03 0.000000e+00
      vertex   2.206433e+02 1.511706e+03 0.000000e+00
    endloop
  endfacet
  facet normal -0.000000e+00 0.000000e+00 -1.000000e+00
    outer loop
      vertex   2.206433e+02 1.511706e+03 0.000000e+00
      vertex   2.182403e+02 1.510761e+03 0.000000e+00
      vertex   2.181446e+02 1.511817e+03 0.000000e+00
    endloop
  endfacet
  facet normal 0.000000e+00 0.000000e+00 -1.000000e+00
    outer loop
      vertex   2.206433e+02 1.511706e+03 0.000000e+00
      vertex   2.181446e+02 1.511817e+03 0.000000e+00
      vertex   2.207165e+02 1.512263e+03 0.000000e+00
    endloop
  endfacet
  facet normal -0.000000e+00 0.000000e+00 -1.000000e+00
    outer loop
      vertex   2.207165e+02 1.512263e+03 0.000000e+00
      vertex   2.181446e+02 1.511817e+03 0.000000e+00
      vertex   2.182903e+02 1.512866e+03 0.000000e+00
    endloop
  endfacet
  facet normal 0.000000e+00 0.000000e+00 -1.000000e+00
    outer loop
      vertex   2.207165e+02 1.512263e+03 0.000000e+00
      vertex   2.182903e+02 1.512866e+03 0.000000e+00
      vertex   2.209313e+02 1.512781e+03 0.000000e+00
    endloop
  endfacet
  facet normal 0.000000e+00 0.000000e+00 -1.000000e+00
    outer loop
      vertex   2.209313e+02 1.512781e+03 0.000000e+00
      vertex   2.182903e+02 1.512866e+03 0.000000e+00
      vertex   2.186699e+02 1.513856e+03 0.000000e+00
    endloop
  endfacet
  facet normal 0.000000e+00 0.000000e+00 -1.000000e+00
    outer loop
      vertex   2.209313e+02 1.512781e+03 0.000000e+00
      vertex   2.186699e+02 1.513856e+03 0.000000e+00
      vertex   2.212730e+02 1.513227e+03 0.000000e+00
    endloop
  endfacet
  facet normal 0.000000e+00 0.000000e+00 -1.000000e+00
    outer loop
      vertex   2.212730e+02 1.513227e+03 0.000000e+00
      vertex   2.186699e+02 1.513856e+03 0.000000e+00
      vertex   2.192637e+02 1.514734e+03 0.000000e+00
    endloop
  endfacet
  facet normal 0.000000e+00 0.000000e+00 -1.000000e+00
    outer loop
      vertex   2.212730e+02 1.513227e+03 0.000000e+00
      vertex   2.192637e+02 1.514734e+03 0.000000e+00
      vertex   2.200408e+02 1.515454e+03 0.000000e+00
    endloop
  endfacet
  facet normal 0.000000e+00 0.000000e+00 -1.000000e+00
    outer loop
      vertex   2.182403e+02 1.510761e+03 0.000000e+00
      vertex   2.207165e+02 1.511150e+03 0.000000e+00
      vertex   2.185726e+02 1.509755e+03 0.000000e+00
    endloop
  endfacet
  facet normal 0.000000e+00 0.000000e+00 -1.000000e+00
    outer loop
      vertex   2.185726e+02 1.509755e+03 0.000000e+00
      vertex   2.207165e+02 1.511150e+03 0.000000e+00
      vertex   2.209313e+02 1.510631e+03 0.000000e+00
    endloop
  endfacet
  facet normal 0.000000e+00 0.000000e+00 -1.000000e+00
    outer loop
      vertex   2.185726e+02 1.509755e+03 0.000000e+00
      vertex   2.209313e+02 1.510631e+03 0.000000e+00
      vertex   2.191241e+02 1.508850e+03 0.000000e+00
    endloop
  endfacet
  facet normal 0.000000e+00 0.000000e+00 -1.000000e+00
    outer loop
      vertex   2.191241e+02 1.508850e+03 0.000000e+00
      vertex   2.209313e+02 1.510631e+03 0.000000e+00
      vertex   2.212730e+02 1.510186e+03 0.000000e+00
    endloop
  endfacet
  facet normal 0.000000e+00 0.000000e+00 -1.000000e+00
    outer loop
      vertex   2.191241e+02 1.508850e+03 0.000000e+00
      vertex   2.212730e+02 1.510186e+03 0.000000e+00
      vertex   2.198661e+02 1.508093e+03 0.000000e+00
    endloop
  endfacet
  facet normal 0.000000e+00 0.000000e+00 -1.000000e+00
    outer loop
      vertex   2.198661e+02 1.508093e+03 0.000000e+00
      vertex   2.212730e+02 1.510186e+03 0.000000e+00
      vertex   2.217183e+02 1.509844e+03 0.000000e+00
    endloop
  endfacet
  facet normal 0.000000e+00 0.000000e+00 -1.000000e+00
    outer loop
      vertex   2.198661e+02 1.508093e+03 0.000000e+00
      vertex   2.217183e+02 1.509844e+03 0.000000e+00
      vertex   2.207602e+02 1.507524e+03 0.000000e+00
    endloop
  endfacet
  facet normal 0.000000e+00 0.000000e+00 -1.000000e+00
    outer loop
      vertex   2.207602e+02 1.507524e+03 0.000000e+00
      vertex   2.217183e+02 1.509844e+03 0.000000e+00
      vertex   2.222368e+02 1.509630e+03 0.000000e+00
    endloop
  endfacet
  facet normal 0.000000e+00 0.000000e+00 -1.000000e+00
    outer loop
      vertex   2.207602e+02 1.507524e+03 0.000000e+00
      vertex   2.222368e+02 1.509630e+03 0.000000e+00
      vertex   2.217600e+02 1.507173e+03 0.000000e+00
    endloop
  endfacet
  facet normal 0.000000e+00 0.000000e+00 -1.000000e+00
    outer loop
      vertex   2.217600e+02 1.507173e+03 0.000000e+00
      vertex   2.222368e+02 1.509630e+03 0.000000e+00
      vertex   2.227933e+02 1.509556e+03 0.000000e+00
    endloop
  endfacet
  facet normal 0.000000e+00 0.000000e+00 -1.000000e+00
    outer loop
      vertex   2.217600e+02 1.507173e+03 0.000000e+00
      vertex   2.227933e+02 1.509556e+03 0.000000e+00
      vertex   2.228134e+02 1.507056e+03 0.000000e+00
    endloop
  endfacet
  facet normal 0.000000e+00 0.000000e+00 -1.000000e+00
    outer loop
      vertex   2.228134e+02 1.507056e+03 0.000000e+00
      vertex   2.227933e+02 1.509556e+03 0.000000e+00
      vertex   2.238657e+02 1.507182e+03 0.000000e+00
    endloop
  endfacet
  facet normal 0.000000e+00 0.000000e+00 -1.000000e+00
    outer loop
      vertex   2.238657e+02 1.507182e+03 0.000000e+00
      vertex   2.227933e+02 1.509556e+03 0.000000e+00
      vertex   2.233497e+02 1.509630e+03 0.000000e+00
    endloop
  endfacet
  facet normal 0.000000e+00 0.000000e+00 -1.000000e+00
    outer loop
      vertex   2.238657e+02 1.507182e+03 0.000000e+00
      vertex   2.233497e+02 1.509630e+03 0.000000e+00
      vertex   2.248623e+02 1.507542e+03 0.000000e+00
    endloop
  endfacet
  facet normal 0.000000e+00 0.000000e+00 -1.000000e+00
    outer loop
      vertex   2.248623e+02 1.507542e+03 0.000000e+00
      vertex   2.233497e+02 1.509630e+03 0.000000e+00
      vertex   2.238683e+02 1.509844e+03 0.000000e+00
    endloop
  endfacet
  facet normal 0.000000e+00 0.000000e+00 -1.000000e+00
    outer loop
      vertex   2.248623e+02 1.507542e+03 0.000000e+00
      vertex   2.238683e+02 1.509844e+03 0.000000e+00
      vertex   2.257515e+02 1.508119e+03 0.000000e+00
    endloop
  endfacet
  facet normal 0.000000e+00 0.000000e+00 -1.000000e+00
    outer loop
      vertex   2.257515e+02 1.508119e+03 0.000000e+00
      vertex   2.238683e+02 1.509844e+03 0.000000e+00
      vertex   2.243135e+02 1.510186e+03 0.000000e+00
    endloop
  endfacet
  facet normal 0.000000e+00 0.000000e+00 -1.000000e+00
    outer loop
      vertex   2.257515e+02 1.508119e+03 0.000000e+00
      vertex   2.243135e+02 1.510186e+03 0.000000e+00
      vertex   2.246552e+02 1.510631e+03 0.000000e+00
    endloop
  endfacet
  facet normal 0.000000e+00 0.000000e+00 -1.000000e+00
    outer loop
      vertex   2.246552e+02 1.510631e+03 0.000000e+00
      vertex   2.248700e+02 1.511150e+03 0.000000e+00
      vertex   2.257515e+02 1.508119e+03 0.000000e+00
    endloop
  endfacet
  facet normal 0.000000e+00 0.000000e+00 -1.000000e+00
    outer loop
      vertex   2.249433e+02 1.511706e+03 0.000000e+00
      vertex   2.248700e+02 1.512263e+03 0.000000e+00
      vertex   2.307515e+02 1.513358e+03 0.000000e+00
    endloop
  endfacet
  facet normal 0.000000e+00 0.000000e+00 -1.000000e+00
    outer loop
      vertex   2.307515e+02 1.513358e+03 0.000000e+00
      vertex   2.248700e+02 1.512263e+03 0.000000e+00
      vertex   2.246552e+02 1.512781e+03 0.000000e+00
    endloop
  endfacet
  facet normal 0.000000e+00 0.000000e+00 -1.000000e+00
    outer loop
      vertex   2.307515e+02 1.513358e+03 0.000000e+00
      vertex   2.246552e+02 1.512781e+03 0.000000e+00
      vertex   2.243135e+02 1.513227e+03 0.000000e+00
    endloop
  endfacet
  facet normal -0.000000e+00 0.000000e+00 -1.000000e+00
    outer loop
      vertex   2.307515e+02 1.513358e+03 0.000000e+00
      vertex   2.243135e+02 1.513227e+03 0.000000e+00
      vertex   2.240791e+02 1.516175e+03 0.000000e+00
    endloop
  endfacet
  facet normal 0.000000e+00 -0.000000e+00 -1.000000e+00
    outer loop
      vertex   2.240791e+02 1.516175e+03 0.000000e+00
      vertex   2.243135e+02 1.513227e+03 0.000000e+00
      vertex   2.238683e+02 1.513568e+03 0.000000e+00
    endloop
  endfacet
  facet normal 0.000000e+00 0.000000e+00 -1.000000e+00
    outer loop
      vertex   2.240791e+02 1.516175e+03 0.000000e+00
      vertex   2.238683e+02 1.513568e+03 0.000000e+00
      vertex   2.233497e+02 1.513783e+03 0.000000e+00
    endloop
  endfacet
  facet normal -0.000000e+00 0.000000e+00 -1.000000e+00
    outer loop
      vertex   2.240791e+02 1.516175e+03 0.000000e+00
      vertex   2.233497e+02 1.513783e+03 0.000000e+00
      vertex   2.230339e+02 1.516350e+03 0.000000e+00
    endloop
  endfacet
  facet normal 0.000000e+00 -0.000000e+00 -1.000000e+00
    outer loop
      vertex   2.230339e+02 1.516350e+03 0.000000e+00
      vertex   2.233497e+02 1.513783e+03 0.000000e+00
      vertex   2.227933e+02 1.513856e+03 0.000000e+00
    endloop
  endfacet
  facet normal 0.000000e+00 0.000000e+00 -1.000000e+00
    outer loop
      vertex   2.230339e+02 1.516350e+03 0.000000e+00
      vertex   2.227933e+02 1.513856e+03 0.000000e+00
      vertex   2.219762e+02 1.516284e+03 0.000000e+00
    endloop
  endfacet
  facet normal 0.000000e+00 0.000000e+00 -1.000000e+00
    outer loop
      vertex   2.219762e+02 1.516284e+03 0.000000e+00
      vertex   2.227933e+02 1.513856e+03 0.000000e+00
      vertex   2.222368e+02 1.513783e+03 0.000000e+00
    endloop
  endfacet
  facet normal 0.000000e+00 -0.000000e+00 -1.000000e+00
    outer loop
      vertex   2.219762e+02 1.516284e+03 0.000000e+00
      vertex   2.222368e+02 1.513783e+03 0.000000e+00
      vertex   2.209609e+02 1.515980e+03 0.000000e+00
    endloop
  endfacet
  facet normal 0.000000e+00 0.000000e+00 -1.000000e+00
    outer loop
      vertex   2.209609e+02 1.515980e+03 0.000000e+00
      vertex   2.222368e+02 1.513783e+03 0.000000e+00
      vertex   2.217183e+02 1.513568e+03 0.000000e+00
    endloop
  endfacet
  facet normal 0.000000e+00 -0.000000e+00 -1.000000e+00
    outer loop
      vertex   2.209609e+02 1.515980e+03 0.000000e+00
      vertex   2.217183e+02 1.513568e+03 0.000000e+00
      vertex   2.200408e+02 1.515454e+03 0.000000e+00
    endloop
  endfacet
  facet normal 0.000000e+00 0.000000e+00 -1.000000e+00
    outer loop
      vertex   2.200408e+02 1.515454e+03 0.000000e+00
      vertex   2.217183e+02 1.513568e+03 0.000000e+00
      vertex   2.212730e+02 1.513227e+03 0.000000e+00
    endloop
  endfacet
  facet normal 0.000000e+00 0.000000e+00 -1.000000e+00
    outer loop
      vertex   2.024477e+02 1.446086e+03 0.000000e+00
      vertex   1.998899e+02 1.446263e+03 0.000000e+00
      vertex   2.023744e+02 1.446642e+03 0.000000e+00
    endloop
  endfacet
  facet normal -0.000000e+00 0.000000e+00 -1.000000e+00
    outer loop
      vertex   2.023744e+02 1.446642e+03 0.000000e+00
      vertex   1.998899e+02 1.446263e+03 0.000000e+00
      vertex   1.999219e+02 1.447305e+03 0.000000e+00
    endloop
  endfacet
  facet normal 0.000000e+00 0.000000e+00 -1.000000e+00
    outer loop
      vertex   2.023744e+02 1.446642e+03 0.000000e+00
      vertex   1.999219e+02 1.447305e+03 0.000000e+00
      vertex   2.024477e+02 1.447199e+03 0.000000e+00
    endloop
  endfacet
  facet normal 0.000000e+00 0.000000e+00 -1.000000e+00
    outer loop
      vertex   2.024477e+02 1.447199e+03 0.000000e+00
      vertex   1.999219e+02 1.447305e+03 0.000000e+00
      vertex   2.001850e+02 1.448313e+03 0.000000e+00
    endloop
  endfacet
  facet normal 0.000000e+00 0.000000e+00 -1.000000e+00
    outer loop
      vertex   2.024477e+02 1.447199e+03 0.000000e+00
      vertex   2.001850e+02 1.448313e+03 0.000000e+00
      vertex   2.026625e+02 1.447717e+03 0.000000e+00
    endloop
  endfacet
  facet normal 0.000000e+00 0.000000e+00 -1.000000e+00
    outer loop
      vertex   2.026625e+02 1.447717e+03 0.000000e+00
      vertex   2.001850e+02 1.448313e+03 0.000000e+00
      vertex   2.006659e+02 1.449237e+03 0.000000e+00
    endloop
  endfacet
  facet normal 0.000000e+00 0.000000e+00 -1.000000e+00
    outer loop
      vertex   2.026625e+02 1.447717e+03 0.000000e+00
      vertex   2.006659e+02 1.449237e+03 0.000000e+00
      vertex   2.030041e+02 1.448162e+03 0.000000e+00
    endloop
  endfacet
  facet normal 0.000000e+00 0.000000e+00 -1.000000e+00
    outer loop
      vertex   2.030041e+02 1.448162e+03 0.000000e+00
      vertex   2.006659e+02 1.449237e+03 0.000000e+00
      vertex   2.013406e+02 1.450031e+03 0.000000e+00
    endloop
  endfacet
  facet normal 0.000000e+00 0.000000e+00 -1.000000e+00
    outer loop
      vertex   2.030041e+02 1.448162e+03 0.000000e+00
      vertex   2.013406e+02 1.450031e+03 0.000000e+00
      vertex   2.034494e+02 1.448504e+03 0.000000e+00
    endloop
  endfacet
  facet normal 0.000000e+00 0.000000e+00 -1.000000e+00
    outer loop
      vertex   2.034494e+02 1.448504e+03 0.000000e+00
      vertex   2.013406e+02 1.450031e+03 0.000000e+00
      vertex   2.021752e+02 1.450655e+03 0.000000e+00
    endloop
  endfacet
  facet normal 0.000000e+00 0.000000e+00 -1.000000e+00
    outer loop
      vertex   2.034494e+02 1.448504e+03 0.000000e+00
      vertex   2.021752e+02 1.450655e+03 0.000000e+00
      vertex   2.039680e+02 1.448719e+03 0.000000e+00
    endloop
  endfacet
  facet normal 0.000000e+00 0.000000e+00 -1.000000e+00
    outer loop
      vertex   2.039680e+02 1.448719e+03 0.000000e+00
      vertex   2.021752e+02 1.450655e+03 0.000000e+00
      vertex   2.031277e+02 1.451077e+03 0.000000e+00
    endloop
  endfacet
  facet normal 0.000000e+00 0.000000e+00 -1.000000e+00
    outer loop
      vertex   2.039680e+02 1.448719e+03 0.000000e+00
      vertex   2.031277e+02 1.451077e+03 0.000000e+00
      vertex   2.041504e+02 1.451277e+03 0.000000e+00
    endloop
  endfacet
  facet normal 0.000000e+00 0.000000e+00 -1.000000e+00
    outer loop
      vertex   1.998899e+02 1.446263e+03 0.000000e+00
      vertex   2.024477e+02 1.446086e+03 0.000000e+00
      vertex   2.000906e+02 1.445241e+03 0.000000e+00
    endloop
  endfacet
  facet normal 0.000000e+00 0.000000e+00 -1.000000e+00
    outer loop
      vertex   2.000906e+02 1.445241e+03 0.000000e+00
      vertex   2.024477e+02 1.446086e+03 0.000000e+00
      vertex   2.026625e+02 1.445567e+03 0.000000e+00
    endloop
  endfacet
  facet normal 0.000000e+00 0.000000e+00 -1.000000e+00
    outer loop
      vertex   2.000906e+02 1.445241e+03 0.000000e+00
      vertex   2.026625e+02 1.445567e+03 0.000000e+00
      vertex   2.030041e+02 1.445122e+03 0.000000e+00
    endloop
  endfacet
  facet normal -0.000000e+00 -0.000000e+00 -1.000000e+00
    outer loop
      vertex   2.030041e+02 1.445122e+03 0.000000e+00
      vertex   2.034494e+02 1.444780e+03 0.000000e+00
      vertex   2.000906e+02 1.445241e+03 0.000000e+00
    endloop
  endfacet
  facet normal 0.000000e+00 0.000000e+00 -1.000000e+00
    outer loop
      vertex   2.000906e+02 1.445241e+03 0.000000e+00
      vertex   2.034494e+02 1.444780e+03 0.000000e+00
      vertex   2.039680e+02 1.444565e+03 0.000000e+00
    endloop
  endfacet
  facet normal 0.000000e+00 0.000000e+00 -1.000000e+00
    outer loop
      vertex   2.045244e+02 1.444492e+03 0.000000e+00
      vertex   2.050809e+02 1.444565e+03 0.000000e+00
      vertex   2.084875e+02 1.437702e+03 0.000000e+00
    endloop
  endfacet
  facet normal 0.000000e+00 0.000000e+00 -1.000000e+00
    outer loop
      vertex   2.084875e+02 1.437702e+03 0.000000e+00
      vertex   2.050809e+02 1.444565e+03 0.000000e+00
      vertex   2.055994e+02 1.444780e+03 0.000000e+00
    endloop
  endfacet
  facet normal 0.000000e+00 0.000000e+00 -1.000000e+00
    outer loop
      vertex   2.084875e+02 1.437702e+03 0.000000e+00
      vertex   2.055994e+02 1.444780e+03 0.000000e+00
      vertex   2.060447e+02 1.445122e+03 0.000000e+00
    endloop
  endfacet
  facet normal 0.000000e+00 0.000000e+00 -1.000000e+00
    outer loop
      vertex   2.060447e+02 1.445122e+03 0.000000e+00
      vertex   2.063864e+02 1.445567e+03 0.000000e+00
      vertex   2.084875e+02 1.437702e+03 0.000000e+00
    endloop
  endfacet
  facet normal 0.000000e+00 0.000000e+00 -1.000000e+00
    outer loop
      vertex   2.084875e+02 1.437702e+03 0.000000e+00
      vertex   2.063864e+02 1.445567e+03 0.000000e+00
      vertex   2.066012e+02 1.446086e+03 0.000000e+00
    endloop
  endfacet
  facet normal 0.000000e+00 0.000000e+00 -1.000000e+00
    outer loop
      vertex   2.084875e+02 1.437702e+03 0.000000e+00
      vertex   2.066012e+02 1.446086e+03 0.000000e+00
      vertex   2.085398e+02 1.448987e+03 0.000000e+00
    endloop
  endfacet
  facet normal 0.000000e+00 0.000000e+00 -1.000000e+00
    outer loop
      vertex   2.085398e+02 1.448987e+03 0.000000e+00
      vertex   2.066012e+02 1.446086e+03 0.000000e+00
      vertex   2.066744e+02 1.446642e+03 0.000000e+00
    endloop
  endfacet
  facet normal 0.000000e+00 0.000000e+00 -1.000000e+00
    outer loop
      vertex   2.085398e+02 1.448987e+03 0.000000e+00
      vertex   2.066744e+02 1.446642e+03 0.000000e+00
      vertex   2.066012e+02 1.447199e+03 0.000000e+00
    endloop
  endfacet
  facet normal 0.000000e+00 0.000000e+00 -1.000000e+00
    outer loop
      vertex   2.066012e+02 1.447199e+03 0.000000e+00
      vertex   2.063864e+02 1.447717e+03 0.000000e+00
      vertex   2.085398e+02 1.448987e+03 0.000000e+00
    endloop
  endfacet
  facet normal 0.000000e+00 0.000000e+00 -1.000000e+00
    outer loop
      vertex   2.085398e+02 1.448987e+03 0.000000e+00
      vertex   2.063864e+02 1.447717e+03 0.000000e+00
      vertex   2.060447e+02 1.448162e+03 0.000000e+00
    endloop
  endfacet
  facet normal -0.000000e+00 0.000000e+00 -1.000000e+00
    outer loop
      vertex   2.085398e+02 1.448987e+03 0.000000e+00
      vertex   2.060447e+02 1.448162e+03 0.000000e+00
      vertex   2.079168e+02 1.449822e+03 0.000000e+00
    endloop
  endfacet
  facet normal 0.000000e+00 0.000000e+00 -1.000000e+00
    outer loop
      vertex   2.079168e+02 1.449822e+03 0.000000e+00
      vertex   2.060447e+02 1.448162e+03 0.000000e+00
      vertex   2.055994e+02 1.448504e+03 0.000000e+00
    endloop
  endfacet
  facet normal -0.000000e+00 0.000000e+00 -1.000000e+00
    outer loop
      vertex   2.079168e+02 1.449822e+03 0.000000e+00
      vertex   2.055994e+02 1.448504e+03 0.000000e+00
      vertex   2.071235e+02 1.450498e+03 0.000000e+00
    endloop
  endfacet
  facet normal -0.000000e+00 0.000000e+00 -1.000000e+00
    outer loop
      vertex   2.071235e+02 1.450498e+03 0.000000e+00
      vertex   2.055994e+02 1.448504e+03 0.000000e+00
      vertex   2.061997e+02 1.450980e+03 0.000000e+00
    endloop
  endfacet
  facet normal 0.000000e+00 0.000000e+00 -1.000000e+00
    outer loop
      vertex   2.061997e+02 1.450980e+03 0.000000e+00
      vertex   2.055994e+02 1.448504e+03 0.000000e+00
      vertex   2.050809e+02 1.448719e+03 0.000000e+00
    endloop
  endfacet
  facet normal -0.000000e+00 0.000000e+00 -1.000000e+00
    outer loop
      vertex   2.061997e+02 1.450980e+03 0.000000e+00
      vertex   2.050809e+02 1.448719e+03 0.000000e+00
      vertex   2.051918e+02 1.451244e+03 0.000000e+00
    endloop
  endfacet
  facet normal 0.000000e+00 0.000000e+00 -1.000000e+00
    outer loop
      vertex   2.051918e+02 1.451244e+03 0.000000e+00
      vertex   2.050809e+02 1.448719e+03 0.000000e+00
      vertex   2.045244e+02 1.448792e+03 0.000000e+00
    endloop
  endfacet
  facet normal -0.000000e+00 0.000000e+00 -1.000000e+00
    outer loop
      vertex   2.051918e+02 1.451244e+03 0.000000e+00
      vertex   2.045244e+02 1.448792e+03 0.000000e+00
      vertex   2.041504e+02 1.451277e+03 0.000000e+00
    endloop
  endfacet
  facet normal 0.000000e+00 -0.000000e+00 -1.000000e+00
    outer loop
      vertex   2.041504e+02 1.451277e+03 0.000000e+00
      vertex   2.045244e+02 1.448792e+03 0.000000e+00
      vertex   2.039680e+02 1.448719e+03 0.000000e+00
    endloop
  endfacet
  facet normal 0.000000e+00 0.000000e+00 -1.000000e+00
    outer loop
      vertex   2.240791e+02 1.516175e+03 0.000000e+00
      vertex   2.160042e+02 1.534786e+03 0.000000e+00
      vertex   2.307515e+02 1.513358e+03 0.000000e+00
    endloop
  endfacet
  facet normal 1.380932e-15 9.503964e-16 -1.000000e+00
    outer loop
      vertex   2.307515e+02 1.513358e+03 0.000000e+00
      vertex   2.160042e+02 1.534786e+03 0.000000e+00
      vertex   2.158097e+02 1.535789e+03 6.846334e-16
    endloop
  endfacet
  facet normal 1.154943e-15 7.998594e-16 -1.000000e+00
    outer loop
      vertex   2.307515e+02 1.513358e+03 0.000000e+00
      vertex   2.158097e+02 1.535789e+03 6.846334e-16
      vertex   2.155629e+02 1.536750e+03 1.167620e-15
    endloop
  endfacet
  facet normal 5.548977e-16 4.102302e-16 -1.000000e+00
    outer loop
      vertex   2.155629e+02 1.536750e+03 1.167620e-15
      vertex   2.149085e+02 1.538568e+03 1.550446e-15
      vertex   2.307515e+02 1.513358e+03 0.000000e+00
    endloop
  endfacet
  facet normal 1.709930e-15 4.117331e-16 -1.000000e+00
    outer loop
      vertex   2.134951e+02 1.541124e+03 6.846334e-16
      vertex   2.128955e+02 1.541951e+03 0.000000e+00
      vertex   2.060985e+02 1.570179e+03 0.000000e+00
    endloop
  endfacet
  facet normal 0.000000e+00 -0.000000e+00 -1.000000e+00
    outer loop
      vertex   2.060985e+02 1.570179e+03 0.000000e+00
      vertex   2.128955e+02 1.541951e+03 0.000000e+00
      vertex   2.048206e+02 1.560563e+03 0.000000e+00
    endloop
  endfacet
  facet normal 0.000000e+00 -0.000000e+00 -1.000000e+00
    outer loop
      vertex   8.529275e+01 1.477316e+03 0.000000e+00
      vertex   2.000906e+02 1.445241e+03 0.000000e+00
      vertex   7.500000e+01 1.475000e+03 0.000000e+00
    endloop
  endfacet
  facet normal -7.624786e-01 6.470134e-01 0.000000e+00
    outer loop
      vertex   2.006637e+02 1.449234e+03 3.392956e+01
      vertex   2.013389e+02 1.450030e+03 3.401247e+01
      vertex   2.006637e+02 1.449234e+03 3.291988e+01
    endloop
  endfacet
  facet normal -7.624732e-01 6.470198e-01 -7.968301e-06
    outer loop
      vertex   2.006637e+02 1.449234e+03 3.291988e+01
      vertex   2.013389e+02 1.450030e+03 3.401247e+01
      vertex   2.013398e+02 1.450030e+03 1.724302e+01
    endloop
  endfacet
  facet normal -7.622628e-01 6.472676e-01 1.369474e-05
    outer loop
      vertex   2.006637e+02 1.449234e+03 3.291988e+01
      vertex   2.013398e+02 1.450030e+03 1.724302e+01
      vertex   2.006659e+02 1.449237e+03 0.000000e+00
    endloop
  endfacet
  facet normal -7.620308e-01 6.475408e-01 -7.938410e-06
    outer loop
      vertex   2.006659e+02 1.449237e+03 0.000000e+00
      vertex   2.013398e+02 1.450030e+03 1.724302e+01
      vertex   2.013406e+02 1.450031e+03 0.000000e+00
    endloop
  endfacet
  facet normal -5.988549e-01 8.008576e-01 7.944600e-06
    outer loop
      vertex   2.013406e+02 1.450031e+03 0.000000e+00
      vertex   2.013398e+02 1.450030e+03 1.724302e+01
      vertex   2.021749e+02 1.450655e+03 1.724302e+01
    endloop
  endfacet
  facet normal -5.987145e-01 8.009625e-01 -2.640235e-06
    outer loop
      vertex   2.013406e+02 1.450031e+03 0.000000e+00
      vertex   2.021749e+02 1.450655e+03 1.724302e+01
      vertex   2.021752e+02 1.450655e+03 0.000000e+00
    endloop
  endfacet
  facet normal -4.053367e-01 9.141675e-01 2.642280e-06
    outer loop
      vertex   2.021752e+02 1.450655e+03 0.000000e+00
      vertex   2.021749e+02 1.450655e+03 1.724302e+01
      vertex   2.031281e+02 1.451078e+03 1.724302e+01
    endloop
  endfacet
  facet normal -4.053365e-01 9.141675e-01 2.633239e-06
    outer loop
      vertex   2.021752e+02 1.450655e+03 0.000000e+00
      vertex   2.031281e+02 1.451078e+03 1.724302e+01
      vertex   2.031277e+02 1.451077e+03 0.000000e+00
    endloop
  endfacet
  facet normal -1.916064e-01 9.814718e-01 -2.631205e-06
    outer loop
      vertex   2.031277e+02 1.451077e+03 0.000000e+00
      vertex   2.031281e+02 1.451078e+03 1.724302e+01
      vertex   2.041504e+02 1.451277e+03 0.000000e+00
    endloop
  endfacet
  facet normal -1.914359e-01 9.815051e-01 7.864719e-06
    outer loop
      vertex   2.041504e+02 1.451277e+03 0.000000e+00
      vertex   2.031281e+02 1.451078e+03 1.724302e+01
      vertex   2.041516e+02 1.451277e+03 1.724302e+01
    endloop
  endfacet
  facet normal 3.174434e-02 9.994960e-01 -7.858673e-06
    outer loop
      vertex   2.041504e+02 1.451277e+03 0.000000e+00
      vertex   2.041516e+02 1.451277e+03 1.724302e+01
      vertex   2.051918e+02 1.451244e+03 0.000000e+00
    endloop
  endfacet
  facet normal 3.209764e-02 9.994847e-01 1.347648e-05
    outer loop
      vertex   2.051918e+02 1.451244e+03 0.000000e+00
      vertex   2.041516e+02 1.451277e+03 1.724302e+01
      vertex   2.051958e+02 1.451243e+03 3.345451e+01
    endloop
  endfacet
  facet normal 2.534912e-01 9.673377e-01 -1.341418e-05
    outer loop
      vertex   2.051918e+02 1.451244e+03 0.000000e+00
      vertex   2.051958e+02 1.451243e+03 3.345451e+01
      vertex   2.061977e+02 1.450981e+03 1.724302e+01
    endloop
  endfacet
  facet normal 2.534826e-01 9.673399e-01 -1.398223e-05
    outer loop
      vertex   2.061977e+02 1.450981e+03 1.724302e+01
      vertex   2.051958e+02 1.451243e+03 3.345451e+01
      vertex   2.061959e+02 1.450981e+03 3.255796e+01
    endloop
  endfacet
  facet normal 4.609878e-01 8.874065e-01 1.393070e-05
    outer loop
      vertex   2.061977e+02 1.450981e+03 1.724302e+01
      vertex   2.061959e+02 1.450981e+03 3.255796e+01
      vertex   2.071134e+02 1.450505e+03 3.162908e+01
    endloop
  endfacet
  facet normal -5.989922e-01 8.007549e-01 7.950801e-06
    outer loop
      vertex   2.013389e+02 1.450030e+03 3.401247e+01
      vertex   2.021745e+02 1.450655e+03 3.411507e+01
      vertex   2.013398e+02 1.450030e+03 1.724302e+01
    endloop
  endfacet
  facet normal -5.988549e-01 8.008576e-01 -2.642315e-06
    outer loop
      vertex   2.013398e+02 1.450030e+03 1.724302e+01
      vertex   2.021745e+02 1.450655e+03 3.411507e+01
      vertex   2.021749e+02 1.450655e+03 1.724302e+01
    endloop
  endfacet
  facet normal -4.053367e-01 9.141675e-01 2.644306e-06
    outer loop
      vertex   2.021749e+02 1.450655e+03 1.724302e+01
      vertex   2.021745e+02 1.450655e+03 3.411507e+01
      vertex   2.031281e+02 1.451078e+03 1.724302e+01
    endloop
  endfacet
  facet normal -4.053368e-01 9.141674e-01 2.635264e-06
    outer loop
      vertex   2.031281e+02 1.451078e+03 1.724302e+01
      vertex   2.021745e+02 1.450655e+03 3.411507e+01
      vertex   2.031285e+02 1.451078e+03 3.423220e+01
    endloop
  endfacet
  facet normal -1.914359e-01 9.815051e-01 -2.633242e-06
    outer loop
      vertex   2.031281e+02 1.451078e+03 1.724302e+01
      vertex   2.031285e+02 1.451078e+03 3.423220e+01
      vertex   2.041516e+02 1.451277e+03 1.724302e+01
    endloop
  endfacet
  facet normal -1.912678e-01 9.815379e-01 7.870876e-06
    outer loop
      vertex   2.041516e+02 1.451277e+03 1.724302e+01
      vertex   2.031285e+02 1.451078e+03 3.423220e+01
      vertex   2.041528e+02 1.451277e+03 3.435797e+01
    endloop
  endfacet
  facet normal 3.242899e-02 9.994740e-01 -7.888370e-06
    outer loop
      vertex   2.041516e+02 1.451277e+03 1.724302e+01
      vertex   2.041528e+02 1.451277e+03 3.435797e+01
      vertex   2.051958e+02 1.451243e+03 3.345451e+01
    endloop
  endfacet
  facet normal 3.243581e-02 9.994738e-01 -0.000000e+00
    outer loop
      vertex   2.051958e+02 1.451243e+03 3.345451e+01
      vertex   2.041528e+02 1.451277e+03 3.435797e+01
      vertex   2.051958e+02 1.451243e+03 3.448603e+01
    endloop
  endfacet
  facet normal 4.623233e-01 8.867114e-01 -9.406552e-05
    outer loop
      vertex   2.061977e+02 1.450981e+03 1.724302e+01
      vertex   2.071134e+02 1.450505e+03 3.162908e+01
      vertex   2.071235e+02 1.450498e+03 1.724302e+01
    endloop
  endfacet
  facet normal 6.457328e-01 7.635634e-01 9.320443e-05
    outer loop
      vertex   2.071235e+02 1.450498e+03 1.724302e+01
      vertex   2.071134e+02 1.450505e+03 3.162908e+01
      vertex   2.079029e+02 1.449837e+03 3.071378e+01
    endloop
  endfacet
  facet normal 6.483343e-01 7.613558e-01 -1.655935e-04
    outer loop
      vertex   2.071235e+02 1.450498e+03 1.724302e+01
      vertex   2.079029e+02 1.449837e+03 3.071378e+01
      vertex   2.079168e+02 1.449822e+03 1.724302e+01
    endloop
  endfacet
  facet normal 7.985251e-01 6.019615e-01 1.644915e-04
    outer loop
      vertex   2.079168e+02 1.449822e+03 1.724302e+01
      vertex   2.079029e+02 1.449837e+03 3.071378e+01
      vertex   2.085254e+02 1.449012e+03 2.985731e+01
    endloop
  endfacet
  facet normal 8.005420e-01 5.992766e-01 -1.053717e-04
    outer loop
      vertex   2.079168e+02 1.449822e+03 1.724302e+01
      vertex   2.085254e+02 1.449012e+03 2.985731e+01
      vertex   2.085398e+02 1.448987e+03 0.000000e+00
    endloop
  endfacet
  facet normal 8.609456e-01 5.086971e-01 -1.937876e-06
    outer loop
      vertex   2.085398e+02 1.448987e+03 0.000000e+00
      vertex   2.085254e+02 1.449012e+03 2.985731e+01
      vertex   2.085302e+02 1.449003e+03 2.985790e+01
    endloop
  endfacet
  facet normal 8.619798e-01 5.069427e-01 -6.459596e-07
    outer loop
      vertex   2.085398e+02 1.448987e+03 0.000000e+00
      vertex   2.085302e+02 1.449003e+03 2.985790e+01
      vertex   2.085350e+02 1.448995e+03 2.985849e+01
    endloop
  endfacet
  facet normal 8.630104e-01 5.051861e-01 0.000000e+00
    outer loop
      vertex   2.085350e+02 1.448995e+03 2.985849e+01
      vertex   2.085398e+02 1.448987e+03 2.985908e+01
      vertex   2.085398e+02 1.448987e+03 0.000000e+00
    endloop
  endfacet
  facet normal 8.015858e-01 5.978798e-01 1.322394e-15
    outer loop
      vertex   2.085398e+02 1.448987e+03 0.000000e+00
      vertex   2.079168e+02 1.449822e+03 0.000000e+00
      vertex   2.079168e+02 1.449822e+03 1.724302e+01
    endloop
  endfacet
  facet normal 6.483343e-01 7.613558e-01 1.068651e-15
    outer loop
      vertex   2.079168e+02 1.449822e+03 1.724302e+01
      vertex   2.079168e+02 1.449822e+03 0.000000e+00
      vertex   2.071235e+02 1.450498e+03 1.724302e+01
    endloop
  endfacet
  facet normal 6.483343e-01 7.613558e-01 1.069038e-15
    outer loop
      vertex   2.079168e+02 1.449822e+03 0.000000e+00
      vertex   2.071235e+02 1.450498e+03 0.000000e+00
      vertex   2.071235e+02 1.450498e+03 1.724302e+01
    endloop
  endfacet
  facet normal 4.625296e-01 8.866038e-01 7.623888e-16
    outer loop
      vertex   2.071235e+02 1.450498e+03 1.724302e+01
      vertex   2.071235e+02 1.450498e+03 0.000000e+00
      vertex   2.061997e+02 1.450980e+03 0.000000e+00
    endloop
  endfacet
  facet normal 4.623233e-01 8.867114e-01 1.406368e-05
    outer loop
      vertex   2.071235e+02 1.450498e+03 1.724302e+01
      vertex   2.061997e+02 1.450980e+03 0.000000e+00
      vertex   2.061977e+02 1.450981e+03 1.724302e+01
    endloop
  endfacet
  facet normal 2.535012e-01 9.673351e-01 -1.403465e-05
    outer loop
      vertex   2.061977e+02 1.450981e+03 1.724302e+01
      vertex   2.061997e+02 1.450980e+03 0.000000e+00
      vertex   2.051918e+02 1.451244e+03 0.000000e+00
    endloop
  endfacet
  facet normal -8.872533e-01 4.612826e-01 -1.367750e-05
    outer loop
      vertex   2.006637e+02 1.449234e+03 3.291988e+01
      vertex   2.006659e+02 1.449237e+03 0.000000e+00
      vertex   2.001845e+02 1.448312e+03 1.724302e+01
    endloop
  endfacet
  facet normal -8.870852e-01 4.616058e-01 8.363715e-06
    outer loop
      vertex   2.001845e+02 1.448312e+03 1.724302e+01
      vertex   2.006659e+02 1.449237e+03 0.000000e+00
      vertex   2.001850e+02 1.448313e+03 0.000000e+00
    endloop
  endfacet
  facet normal -9.675986e-01 2.524933e-01 -8.343231e-06
    outer loop
      vertex   2.001845e+02 1.448312e+03 1.724302e+01
      vertex   2.001850e+02 1.448313e+03 0.000000e+00
      vertex   1.999219e+02 1.447305e+03 0.000000e+00
    endloop
  endfacet
  facet normal -9.995285e-01 3.070310e-02 -3.471252e-06
    outer loop
      vertex   1.998899e+02 1.446263e+03 0.000000e+00
      vertex   1.998898e+02 1.446264e+03 1.724302e+01
      vertex   1.999219e+02 1.447305e+03 0.000000e+00
    endloop
  endfacet
  facet normal -9.995281e-01 3.071680e-02 -2.643255e-06
    outer loop
      vertex   1.999219e+02 1.447305e+03 0.000000e+00
      vertex   1.998898e+02 1.446264e+03 1.724302e+01
      vertex   1.999218e+02 1.447304e+03 1.724302e+01
    endloop
  endfacet
  facet normal -9.676446e-01 2.523172e-01 2.641360e-06
    outer loop
      vertex   1.999219e+02 1.447305e+03 0.000000e+00
      vertex   1.999218e+02 1.447304e+03 1.724302e+01
      vertex   2.001845e+02 1.448312e+03 1.724302e+01
    endloop
  endfacet
  facet normal -9.676446e-01 2.523172e-01 -8.337805e-06
    outer loop
      vertex   2.001845e+02 1.448312e+03 1.724302e+01
      vertex   1.999218e+02 1.447304e+03 1.724302e+01
      vertex   2.001841e+02 1.448311e+03 3.183517e+01
    endloop
  endfacet
  facet normal -8.874064e-01 4.609880e-01 8.331035e-06
    outer loop
      vertex   2.001845e+02 1.448312e+03 1.724302e+01
      vertex   2.001841e+02 1.448311e+03 3.183517e+01
      vertex   2.006637e+02 1.449234e+03 3.291988e+01
    endloop
  endfacet
  facet normal -9.812717e-01 -1.926288e-01 1.935311e-15
    outer loop
      vertex   2.000906e+02 1.445241e+03 0.000000e+00
      vertex   2.000906e+02 1.445241e+03 2.882164e+01
      vertex   1.998899e+02 1.446263e+03 0.000000e+00
    endloop
  endfacet
  facet normal -9.812902e-01 -1.925345e-01 3.471835e-06
    outer loop
      vertex   1.998899e+02 1.446263e+03 0.000000e+00
      vertex   2.000906e+02 1.445241e+03 2.882164e+01
      vertex   1.998898e+02 1.446264e+03 1.724302e+01
    endloop
  endfacet
  facet normal -9.533778e-01 -3.016097e-01 -1.011731e-02
    outer loop
      vertex   2.000906e+02 1.445241e+03 2.882164e+01
      vertex   2.000903e+02 1.445242e+03 2.882161e+01
      vertex   1.998898e+02 1.446264e+03 1.724302e+01
    endloop
  endfacet
  facet normal -9.534338e-01 -3.014333e-01 -1.010078e-02
    outer loop
      vertex   1.998898e+02 1.446264e+03 1.724302e+01
      vertex   2.000903e+02 1.445242e+03 2.882161e+01
      vertex   2.000901e+02 1.445242e+03 2.882158e+01
    endloop
  endfacet
  facet normal -9.534897e-01 -3.012570e-01 -1.008425e-02
    outer loop
      vertex   1.998898e+02 1.446264e+03 1.724302e+01
      vertex   2.000901e+02 1.445242e+03 2.882158e+01
      vertex   2.000898e+02 1.445243e+03 2.882155e+01
    endloop
  endfacet
  facet normal -9.699876e-01 -2.431094e-01 -4.674214e-03
    outer loop
      vertex   2.000898e+02 1.445243e+03 2.882155e+01
      vertex   1.999612e+02 1.445748e+03 2.926075e+01
      vertex   1.998898e+02 1.446264e+03 1.724302e+01
    endloop
  endfacet
  facet normal -9.905730e-01 -1.369860e-01 1.735270e-06
    outer loop
      vertex   1.998898e+02 1.446264e+03 1.724302e+01
      vertex   1.999612e+02 1.445748e+03 2.926075e+01
      vertex   1.998898e+02 1.446264e+03 2.973340e+01
    endloop
  endfacet
  facet normal -9.995281e-01 3.071680e-02 -3.468622e-06
    outer loop
      vertex   1.998898e+02 1.446264e+03 1.724302e+01
      vertex   1.998898e+02 1.446264e+03 2.973340e+01
      vertex   1.999218e+02 1.447304e+03 1.724302e+01
    endloop
  endfacet
  facet normal -9.995278e-01 3.072673e-02 -2.641191e-06
    outer loop
      vertex   1.999218e+02 1.447304e+03 1.724302e+01
      vertex   1.998898e+02 1.446264e+03 2.973340e+01
      vertex   1.999218e+02 1.447304e+03 3.075499e+01
    endloop
  endfacet
  facet normal -9.676834e-01 2.521682e-01 2.639578e-06
    outer loop
      vertex   1.999218e+02 1.447304e+03 1.724302e+01
      vertex   1.999218e+02 1.447304e+03 3.075499e+01
      vertex   2.001841e+02 1.448311e+03 3.183517e+01
    endloop
  endfacet
  facet normal 9.914449e-01 -1.305262e-01 2.438464e-15
    outer loop
      vertex   2.024477e+02 1.447199e+03 0.000000e+00
      vertex   2.024477e+02 1.447199e+03 1.155586e+01
      vertex   2.023744e+02 1.446642e+03 0.000000e+00
    endloop
  endfacet
  facet normal 9.914449e-01 -1.305262e-01 0.000000e+00
    outer loop
      vertex   2.023744e+02 1.446642e+03 0.000000e+00
      vertex   2.024477e+02 1.447199e+03 1.155586e+01
      vertex   2.023744e+02 1.446642e+03 1.155586e+01
    endloop
  endfacet
  facet normal 9.914449e-01 1.305262e-01 -0.000000e+00
    outer loop
      vertex   2.023744e+02 1.446642e+03 0.000000e+00
      vertex   2.023744e+02 1.446642e+03 1.155586e+01
      vertex   2.024477e+02 1.446086e+03 0.000000e+00
    endloop
  endfacet
  facet normal 9.914449e-01 1.305262e-01 2.438464e-15
    outer loop
      vertex   2.024477e+02 1.446086e+03 0.000000e+00
      vertex   2.023744e+02 1.446642e+03 1.155586e+01
      vertex   2.024477e+02 1.446086e+03 1.155586e+01
    endloop
  endfacet
  facet normal 9.238795e-01 3.826834e-01 2.272287e-15
    outer loop
      vertex   2.024477e+02 1.446086e+03 0.000000e+00
      vertex   2.024477e+02 1.446086e+03 1.155586e+01
      vertex   2.026625e+02 1.445567e+03 0.000000e+00
    endloop
  endfacet
  facet normal 9.238795e-01 3.826834e-01 4.544574e-15
    outer loop
      vertex   2.026625e+02 1.445567e+03 0.000000e+00
      vertex   2.024477e+02 1.446086e+03 1.155586e+01
      vertex   2.026625e+02 1.445567e+03 1.155586e+01
    endloop
  endfacet
  facet normal 7.933533e-01 6.087614e-01 3.902514e-15
    outer loop
      vertex   2.026625e+02 1.445567e+03 0.000000e+00
      vertex   2.026625e+02 1.445567e+03 1.155586e+01
      vertex   2.030041e+02 1.445122e+03 0.000000e+00
    endloop
  endfacet
  facet normal 7.933533e-01 6.087614e-01 -3.902514e-15
    outer loop
      vertex   2.030041e+02 1.445122e+03 0.000000e+00
      vertex   2.026625e+02 1.445567e+03 1.155586e+01
      vertex   2.030041e+02 1.445122e+03 1.155586e+01
    endloop
  endfacet
  facet normal 6.087614e-01 7.933533e-01 -2.994504e-15
    outer loop
      vertex   2.030041e+02 1.445122e+03 0.000000e+00
      vertex   2.030041e+02 1.445122e+03 1.155586e+01
      vertex   2.034494e+02 1.444780e+03 0.000000e+00
    endloop
  endfacet
  facet normal 6.087614e-01 7.933533e-01 -2.994504e-15
    outer loop
      vertex   2.034494e+02 1.444780e+03 0.000000e+00
      vertex   2.030041e+02 1.445122e+03 1.155586e+01
      vertex   2.034494e+02 1.444780e+03 1.155586e+01
    endloop
  endfacet
  facet normal 3.826834e-01 9.238795e-01 -1.882424e-15
    outer loop
      vertex   2.034494e+02 1.444780e+03 0.000000e+00
      vertex   2.034494e+02 1.444780e+03 1.155586e+01
      vertex   2.039680e+02 1.444565e+03 0.000000e+00
    endloop
  endfacet
  facet normal 3.826834e-01 9.238795e-01 -0.000000e+00
    outer loop
      vertex   2.039680e+02 1.444565e+03 0.000000e+00
      vertex   2.034494e+02 1.444780e+03 1.155586e+01
      vertex   2.039680e+02 1.444565e+03 1.155586e+01
    endloop
  endfacet
  facet normal 1.305262e-01 9.914449e-01 -0.000000e+00
    outer loop
      vertex   2.039680e+02 1.444565e+03 0.000000e+00
      vertex   2.039680e+02 1.444565e+03 1.155586e+01
      vertex   2.045244e+02 1.444492e+03 0.000000e+00
    endloop
  endfacet
  facet normal 1.305262e-01 9.914449e-01 -0.000000e+00
    outer loop
      vertex   2.045244e+02 1.444492e+03 0.000000e+00
      vertex   2.039680e+02 1.444565e+03 1.155586e+01
      vertex   2.045244e+02 1.444492e+03 1.155586e+01
    endloop
  endfacet
  facet normal -1.305262e-01 9.914449e-01 0.000000e+00
    outer loop
      vertex   2.045244e+02 1.444492e+03 0.000000e+00
      vertex   2.045244e+02 1.444492e+03 1.155586e+01
      vertex   2.050809e+02 1.444565e+03 0.000000e+00
    endloop
  endfacet
  facet normal -1.305262e-01 9.914449e-01 0.000000e+00
    outer loop
      vertex   2.050809e+02 1.444565e+03 0.000000e+00
      vertex   2.045244e+02 1.444492e+03 1.155586e+01
      vertex   2.050809e+02 1.444565e+03 1.155586e+01
    endloop
  endfacet
  facet normal -3.826834e-01 9.238795e-01 0.000000e+00
    outer loop
      vertex   2.050809e+02 1.444565e+03 0.000000e+00
      vertex   2.050809e+02 1.444565e+03 1.155586e+01
      vertex   2.055994e+02 1.444780e+03 0.000000e+00
    endloop
  endfacet
  facet normal -3.826834e-01 9.238795e-01 -1.882424e-15
    outer loop
      vertex   2.055994e+02 1.444780e+03 0.000000e+00
      vertex   2.050809e+02 1.444565e+03 1.155586e+01
      vertex   2.055994e+02 1.444780e+03 1.155586e+01
    endloop
  endfacet
  facet normal -6.087614e-01 7.933533e-01 -2.994504e-15
    outer loop
      vertex   2.055994e+02 1.444780e+03 0.000000e+00
      vertex   2.055994e+02 1.444780e+03 1.155586e+01
      vertex   2.060447e+02 1.445122e+03 0.000000e+00
    endloop
  endfacet
  facet normal -6.087614e-01 7.933533e-01 -1.497252e-15
    outer loop
      vertex   2.060447e+02 1.445122e+03 0.000000e+00
      vertex   2.055994e+02 1.444780e+03 1.155586e+01
      vertex   2.060447e+02 1.445122e+03 1.155586e+01
    endloop
  endfacet
  facet normal -7.933533e-01 6.087614e-01 -1.951257e-15
    outer loop
      vertex   2.060447e+02 1.445122e+03 0.000000e+00
      vertex   2.060447e+02 1.445122e+03 1.155586e+01
      vertex   2.063864e+02 1.445567e+03 0.000000e+00
    endloop
  endfacet
  facet normal -7.933533e-01 6.087614e-01 5.853771e-15
    outer loop
      vertex   2.063864e+02 1.445567e+03 0.000000e+00
      vertex   2.060447e+02 1.445122e+03 1.155586e+01
      vertex   2.063864e+02 1.445567e+03 1.155586e+01
    endloop
  endfacet
  facet normal -9.238795e-01 3.826834e-01 6.816861e-15
    outer loop
      vertex   2.063864e+02 1.445567e+03 0.000000e+00
      vertex   2.063864e+02 1.445567e+03 1.155586e+01
      vertex   2.066012e+02 1.446086e+03 0.000000e+00
    endloop
  endfacet
  facet normal -9.238795e-01 3.826834e-01 2.272287e-15
    outer loop
      vertex   2.066012e+02 1.446086e+03 0.000000e+00
      vertex   2.063864e+02 1.445567e+03 1.155586e+01
      vertex   2.066012e+02 1.446086e+03 1.155586e+01
    endloop
  endfacet
  facet normal -9.914449e-01 1.305262e-01 2.438464e-15
    outer loop
      vertex   2.066012e+02 1.446086e+03 0.000000e+00
      vertex   2.066012e+02 1.446086e+03 1.155586e+01
      vertex   2.066744e+02 1.446642e+03 0.000000e+00
    endloop
  endfacet
  facet normal -9.914449e-01 1.305262e-01 0.000000e+00
    outer loop
      vertex   2.066744e+02 1.446642e+03 0.000000e+00
      vertex   2.066012e+02 1.446086e+03 1.155586e+01
      vertex   2.066744e+02 1.446642e+03 1.155586e+01
    endloop
  endfacet
  facet normal -9.914449e-01 -1.305262e-01 0.000000e+00
    outer loop
      vertex   2.066744e+02 1.446642e+03 0.000000e+00
      vertex   2.066744e+02 1.446642e+03 1.155586e+01
      vertex   2.066012e+02 1.447199e+03 0.000000e+00
    endloop
  endfacet
  facet normal -9.914449e-01 -1.305262e-01 2.438464e-15
    outer loop
      vertex   2.066012e+02 1.447199e+03 0.000000e+00
      vertex   2.066744e+02 1.446642e+03 1.155586e+01
      vertex   2.066012e+02 1.447199e+03 1.155586e+01
    endloop
  endfacet
  facet normal -9.238795e-01 -3.826834e-01 2.272287e-15
    outer loop
      vertex   2.066012e+02 1.447199e+03 0.000000e+00
      vertex   2.066012e+02 1.447199e+03 1.155586e+01
      vertex   2.063864e+02 1.447717e+03 0.000000e+00
    endloop
  endfacet
  facet normal -9.238795e-01 -3.826834e-01 6.816861e-15
    outer loop
      vertex   2.063864e+02 1.447717e+03 0.000000e+00
      vertex   2.066012e+02 1.447199e+03 1.155586e+01
      vertex   2.063864e+02 1.447717e+03 1.155586e+01
    endloop
  endfacet
  facet normal -7.933533e-01 -6.087614e-01 5.853771e-15
    outer loop
      vertex   2.063864e+02 1.447717e+03 0.000000e+00
      vertex   2.063864e+02 1.447717e+03 1.155586e+01
      vertex   2.060447e+02 1.448162e+03 0.000000e+00
    endloop
  endfacet
  facet normal -7.933533e-01 -6.087614e-01 -1.951257e-15
    outer loop
      vertex   2.060447e+02 1.448162e+03 0.000000e+00
      vertex   2.063864e+02 1.447717e+03 1.155586e+01
      vertex   2.060447e+02 1.448162e+03 1.155586e+01
    endloop
  endfacet
  facet normal -6.087614e-01 -7.933533e-01 -1.497252e-15
    outer loop
      vertex   2.060447e+02 1.448162e+03 0.000000e+00
      vertex   2.060447e+02 1.448162e+03 1.155586e+01
      vertex   2.055994e+02 1.448504e+03 0.000000e+00
    endloop
  endfacet
  facet normal -6.087614e-01 -7.933533e-01 -4.491757e-15
    outer loop
      vertex   2.055994e+02 1.448504e+03 0.000000e+00
      vertex   2.060447e+02 1.448162e+03 1.155586e+01
      vertex   2.055994e+02 1.448504e+03 1.155586e+01
    endloop
  endfacet
  facet normal -3.826834e-01 -9.238795e-01 -2.823636e-15
    outer loop
      vertex   2.055994e+02 1.448504e+03 0.000000e+00
      vertex   2.055994e+02 1.448504e+03 1.155586e+01
      vertex   2.050809e+02 1.448719e+03 0.000000e+00
    endloop
  endfacet
  facet normal -3.826834e-01 -9.238795e-01 0.000000e+00
    outer loop
      vertex   2.050809e+02 1.448719e+03 0.000000e+00
      vertex   2.055994e+02 1.448504e+03 1.155586e+01
      vertex   2.050809e+02 1.448719e+03 1.155586e+01
    endloop
  endfacet
  facet normal -1.305262e-01 -9.914449e-01 0.000000e+00
    outer loop
      vertex   2.050809e+02 1.448719e+03 0.000000e+00
      vertex   2.050809e+02 1.448719e+03 1.155586e+01
      vertex   2.045244e+02 1.448792e+03 0.000000e+00
    endloop
  endfacet
  facet normal -1.305262e-01 -9.914449e-01 0.000000e+00
    outer loop
      vertex   2.045244e+02 1.448792e+03 0.000000e+00
      vertex   2.050809e+02 1.448719e+03 1.155586e+01
      vertex   2.045244e+02 1.448792e+03 1.155586e+01
    endloop
  endfacet
  facet normal 1.305262e-01 -9.914449e-01 0.000000e+00
    outer loop
      vertex   2.045244e+02 1.448792e+03 0.000000e+00
      vertex   2.045244e+02 1.448792e+03 1.155586e+01
      vertex   2.039680e+02 1.448719e+03 0.000000e+00
    endloop
  endfacet
  facet normal 1.305262e-01 -9.914449e-01 0.000000e+00
    outer loop
      vertex   2.039680e+02 1.448719e+03 0.000000e+00
      vertex   2.045244e+02 1.448792e+03 1.155586e+01
      vertex   2.039680e+02 1.448719e+03 1.155586e+01
    endloop
  endfacet
  facet normal 3.826834e-01 -9.238795e-01 0.000000e+00
    outer loop
      vertex   2.039680e+02 1.448719e+03 0.000000e+00
      vertex   2.039680e+02 1.448719e+03 1.155586e+01
      vertex   2.034494e+02 1.448504e+03 0.000000e+00
    endloop
  endfacet
  facet normal 3.826834e-01 -9.238795e-01 -2.823636e-15
    outer loop
      vertex   2.034494e+02 1.448504e+03 0.000000e+00
      vertex   2.039680e+02 1.448719e+03 1.155586e+01
      vertex   2.034494e+02 1.448504e+03 1.155586e+01
    endloop
  endfacet
  facet normal 6.087614e-01 -7.933533e-01 -4.491757e-15
    outer loop
      vertex   2.034494e+02 1.448504e+03 0.000000e+00
      vertex   2.034494e+02 1.448504e+03 1.155586e+01
      vertex   2.030041e+02 1.448162e+03 0.000000e+00
    endloop
  endfacet
  facet normal 6.087614e-01 -7.933533e-01 -2.994504e-15
    outer loop
      vertex   2.030041e+02 1.448162e+03 0.000000e+00
      vertex   2.034494e+02 1.448504e+03 1.155586e+01
      vertex   2.030041e+02 1.448162e+03 1.155586e+01
    endloop
  endfacet
  facet normal 7.933533e-01 -6.087614e-01 -3.902514e-15
    outer loop
      vertex   2.030041e+02 1.448162e+03 0.000000e+00
      vertex   2.030041e+02 1.448162e+03 1.155586e+01
      vertex   2.026625e+02 1.447717e+03 0.000000e+00
    endloop
  endfacet
  facet normal 7.933533e-01 -6.087614e-01 3.902514e-15
    outer loop
      vertex   2.026625e+02 1.447717e+03 0.000000e+00
      vertex   2.030041e+02 1.448162e+03 1.155586e+01
      vertex   2.026625e+02 1.447717e+03 1.155586e+01
    endloop
  endfacet
  facet normal 9.238795e-01 -3.826834e-01 4.544574e-15
    outer loop
      vertex   2.026625e+02 1.447717e+03 0.000000e+00
      vertex   2.026625e+02 1.447717e+03 1.155586e+01
      vertex   2.024477e+02 1.447199e+03 0.000000e+00
    endloop
  endfacet
  facet normal 9.238795e-01 -3.826834e-01 2.272287e-15
    outer loop
      vertex   2.024477e+02 1.447199e+03 0.000000e+00
      vertex   2.026625e+02 1.447717e+03 1.155586e+01
      vertex   2.024477e+02 1.447199e+03 1.155586e+01
    endloop
  endfacet
  facet normal 9.914449e-01 1.305262e-01 -2.553126e-15
    outer loop
      vertex   2.024477e+02 1.446086e+03 3.414861e+01
      vertex   2.024477e+02 1.446086e+03 2.311172e+01
      vertex   2.023744e+02 1.446642e+03 3.413961e+01
    endloop
  endfacet
  facet normal 9.914449e-01 1.305262e-01 0.000000e+00
    outer loop
      vertex   2.023744e+02 1.446642e+03 3.413961e+01
      vertex   2.024477e+02 1.446086e+03 2.311172e+01
      vertex   2.023744e+02 1.446642e+03 2.311172e+01
    endloop
  endfacet
  facet normal 9.914449e-01 -1.305262e-01 0.000000e+00
    outer loop
      vertex   2.023744e+02 1.446642e+03 3.413961e+01
      vertex   2.023744e+02 1.446642e+03 2.311172e+01
      vertex   2.024477e+02 1.447199e+03 2.311172e+01
    endloop
  endfacet
  facet normal 9.914449e-01 -1.305262e-01 0.000000e+00
    outer loop
      vertex   2.024477e+02 1.447199e+03 2.311172e+01
      vertex   2.023744e+02 1.446642e+03 2.311172e+01
      vertex   2.023744e+02 1.446642e+03 1.155586e+01
    endloop
  endfacet
  facet normal 9.914449e-01 -1.305262e-01 0.000000e+00
    outer loop
      vertex   2.024477e+02 1.447199e+03 2.311172e+01
      vertex   2.023744e+02 1.446642e+03 1.155586e+01
      vertex   2.024477e+02 1.447199e+03 1.155586e+01
    endloop
  endfacet
  facet normal 9.238795e-01 3.826834e-01 -2.379135e-15
    outer loop
      vertex   2.024477e+02 1.446086e+03 2.311172e+01
      vertex   2.024477e+02 1.446086e+03 3.414861e+01
      vertex   2.026625e+02 1.445567e+03 2.311172e+01
    endloop
  endfacet
  facet normal 9.238795e-01 3.826834e-01 -4.746927e-15
    outer loop
      vertex   2.026625e+02 1.445567e+03 2.311172e+01
      vertex   2.024477e+02 1.446086e+03 3.414861e+01
      vertex   2.026625e+02 1.445567e+03 3.417498e+01
    endloop
  endfacet
  facet normal 7.933533e-01 6.087614e-01 -4.076279e-15
    outer loop
      vertex   2.026625e+02 1.445567e+03 2.311172e+01
      vertex   2.026625e+02 1.445567e+03 3.417498e+01
      vertex   2.030041e+02 1.445122e+03 2.311172e+01
    endloop
  endfacet
  facet normal 7.933533e-01 6.087614e-01 4.060880e-15
    outer loop
      vertex   2.030041e+02 1.445122e+03 2.311172e+01
      vertex   2.026625e+02 1.445567e+03 3.417498e+01
      vertex   2.030041e+02 1.445122e+03 3.421693e+01
    endloop
  endfacet
  facet normal 6.087614e-01 7.933533e-01 3.116023e-15
    outer loop
      vertex   2.030041e+02 1.445122e+03 2.311172e+01
      vertex   2.030041e+02 1.445122e+03 3.421693e+01
      vertex   2.034494e+02 1.444780e+03 2.311172e+01
    endloop
  endfacet
  facet normal 6.087614e-01 7.933533e-01 3.100757e-15
    outer loop
      vertex   2.034494e+02 1.444780e+03 2.311172e+01
      vertex   2.030041e+02 1.445122e+03 3.421693e+01
      vertex   2.034494e+02 1.444780e+03 3.427161e+01
    endloop
  endfacet
  facet normal 3.826834e-01 9.238795e-01 1.949217e-15
    outer loop
      vertex   2.034494e+02 1.444780e+03 2.311172e+01
      vertex   2.034494e+02 1.444780e+03 3.427161e+01
      vertex   2.039680e+02 1.444565e+03 2.311172e+01
    endloop
  endfacet
  facet normal 3.826834e-01 9.238795e-01 -0.000000e+00
    outer loop
      vertex   2.039680e+02 1.444565e+03 2.311172e+01
      vertex   2.034494e+02 1.444780e+03 3.427161e+01
      vertex   2.039680e+02 1.444565e+03 3.433527e+01
    endloop
  endfacet
  facet normal 1.305262e-01 9.914449e-01 -0.000000e+00
    outer loop
      vertex   2.039680e+02 1.444565e+03 2.311172e+01
      vertex   2.039680e+02 1.444565e+03 3.433527e+01
      vertex   2.045244e+02 1.444492e+03 2.311172e+01
    endloop
  endfacet
  facet normal 1.305262e-01 9.914449e-01 -0.000000e+00
    outer loop
      vertex   2.045244e+02 1.444492e+03 2.311172e+01
      vertex   2.039680e+02 1.444565e+03 3.433527e+01
      vertex   2.045244e+02 1.444492e+03 3.440360e+01
    endloop
  endfacet
  facet normal -1.305262e-01 9.914449e-01 0.000000e+00
    outer loop
      vertex   2.045244e+02 1.444492e+03 2.311172e+01
      vertex   2.045244e+02 1.444492e+03 3.440360e+01
      vertex   2.050809e+02 1.444565e+03 2.311172e+01
    endloop
  endfacet
  facet normal -1.305262e-01 9.914449e-01 0.000000e+00
    outer loop
      vertex   2.050809e+02 1.444565e+03 2.311172e+01
      vertex   2.045244e+02 1.444492e+03 3.440360e+01
      vertex   2.050809e+02 1.444565e+03 3.447192e+01
    endloop
  endfacet
  facet normal -3.826834e-01 9.238795e-01 0.000000e+00
    outer loop
      vertex   2.050809e+02 1.444565e+03 2.311172e+01
      vertex   2.050809e+02 1.444565e+03 3.447192e+01
      vertex   2.055994e+02 1.444780e+03 2.311172e+01
    endloop
  endfacet
  facet normal -3.826834e-01 9.238795e-01 1.904174e-15
    outer loop
      vertex   2.055994e+02 1.444780e+03 2.311172e+01
      vertex   2.050809e+02 1.444565e+03 3.447192e+01
      vertex   2.055994e+02 1.444780e+03 3.453559e+01
    endloop
  endfacet
  facet normal -6.087614e-01 7.933533e-01 3.029103e-15
    outer loop
      vertex   2.055994e+02 1.444780e+03 2.311172e+01
      vertex   2.055994e+02 1.444780e+03 3.453559e+01
      vertex   2.060447e+02 1.445122e+03 2.311172e+01
    endloop
  endfacet
  facet normal -6.087614e-01 7.933533e-01 1.507338e-15
    outer loop
      vertex   2.060447e+02 1.445122e+03 2.311172e+01
      vertex   2.055994e+02 1.444780e+03 3.453559e+01
      vertex   2.060447e+02 1.445122e+03 3.459027e+01
    endloop
  endfacet
  facet normal -7.933533e-01 6.087614e-01 1.964401e-15
    outer loop
      vertex   2.060447e+02 1.445122e+03 2.311172e+01
      vertex   2.060447e+02 1.445122e+03 3.459027e+01
      vertex   2.063864e+02 1.445567e+03 2.311172e+01
    endloop
  endfacet
  facet normal -7.933533e-01 6.087614e-01 -5.871742e-15
    outer loop
      vertex   2.063864e+02 1.445567e+03 2.311172e+01
      vertex   2.060447e+02 1.445122e+03 3.459027e+01
      vertex   2.063864e+02 1.445567e+03 3.463222e+01
    endloop
  endfacet
  facet normal -9.238795e-01 3.826834e-01 -6.837789e-15
    outer loop
      vertex   2.063864e+02 1.445567e+03 2.311172e+01
      vertex   2.063864e+02 1.445567e+03 3.463222e+01
      vertex   2.066012e+02 1.446086e+03 2.311172e+01
    endloop
  endfacet
  facet normal -9.238795e-01 3.826834e-01 -2.274057e-15
    outer loop
      vertex   2.066012e+02 1.446086e+03 2.311172e+01
      vertex   2.063864e+02 1.445567e+03 3.463222e+01
      vertex   2.066012e+02 1.446086e+03 3.465859e+01
    endloop
  endfacet
  facet normal -9.914449e-01 1.305262e-01 -2.440364e-15
    outer loop
      vertex   2.066012e+02 1.446086e+03 2.311172e+01
      vertex   2.066012e+02 1.446086e+03 3.465859e+01
      vertex   2.066744e+02 1.446642e+03 2.311172e+01
    endloop
  endfacet
  facet normal -9.914449e-01 1.305262e-01 0.000000e+00
    outer loop
      vertex   2.066744e+02 1.446642e+03 2.311172e+01
      vertex   2.066012e+02 1.446086e+03 3.465859e+01
      vertex   2.066744e+02 1.446642e+03 3.466759e+01
    endloop
  endfacet
  facet normal -9.914449e-01 -1.305262e-01 0.000000e+00
    outer loop
      vertex   2.066744e+02 1.446642e+03 2.311172e+01
      vertex   2.066744e+02 1.446642e+03 3.466759e+01
      vertex   2.066012e+02 1.447199e+03 3.465859e+01
    endloop
  endfacet
  facet normal -9.914449e-01 -1.305262e-01 -2.441152e-15
    outer loop
      vertex   2.066744e+02 1.446642e+03 2.311172e+01
      vertex   2.066012e+02 1.447199e+03 3.465859e+01
      vertex   2.066012e+02 1.447199e+03 2.311172e+01
    endloop
  endfacet
  facet normal -9.238795e-01 -3.826834e-01 -2.274057e-15
    outer loop
      vertex   2.066012e+02 1.447199e+03 2.311172e+01
      vertex   2.066012e+02 1.447199e+03 3.465859e+01
      vertex   2.063864e+02 1.447717e+03 3.463222e+01
    endloop
  endfacet
  facet normal -9.238795e-01 -3.826834e-01 -6.837995e-15
    outer loop
      vertex   2.066012e+02 1.447199e+03 2.311172e+01
      vertex   2.063864e+02 1.447717e+03 3.463222e+01
      vertex   2.063864e+02 1.447717e+03 2.311172e+01
    endloop
  endfacet
  facet normal -7.933533e-01 -6.087614e-01 -5.871742e-15
    outer loop
      vertex   2.063864e+02 1.447717e+03 2.311172e+01
      vertex   2.063864e+02 1.447717e+03 3.463222e+01
      vertex   2.060447e+02 1.448162e+03 3.459027e+01
    endloop
  endfacet
  facet normal -7.933533e-01 -6.087614e-01 1.964546e-15
    outer loop
      vertex   2.063864e+02 1.447717e+03 2.311172e+01
      vertex   2.060447e+02 1.448162e+03 3.459027e+01
      vertex   2.060447e+02 1.448162e+03 2.311172e+01
    endloop
  endfacet
  facet normal -6.087614e-01 -7.933533e-01 1.507338e-15
    outer loop
      vertex   2.060447e+02 1.448162e+03 2.311172e+01
      vertex   2.060447e+02 1.448162e+03 3.459027e+01
      vertex   2.055994e+02 1.448504e+03 3.453559e+01
    endloop
  endfacet
  facet normal -6.087614e-01 -7.933533e-01 4.540947e-15
    outer loop
      vertex   2.060447e+02 1.448162e+03 2.311172e+01
      vertex   2.055994e+02 1.448504e+03 3.453559e+01
      vertex   2.055994e+02 1.448504e+03 2.311172e+01
    endloop
  endfacet
  facet normal -3.826834e-01 -9.238795e-01 2.856261e-15
    outer loop
      vertex   2.055994e+02 1.448504e+03 2.311172e+01
      vertex   2.055994e+02 1.448504e+03 3.453559e+01
      vertex   2.050809e+02 1.448719e+03 3.447192e+01
    endloop
  endfacet
  facet normal -3.826834e-01 -9.238795e-01 0.000000e+00
    outer loop
      vertex   2.055994e+02 1.448504e+03 2.311172e+01
      vertex   2.050809e+02 1.448719e+03 3.447192e+01
      vertex   2.050809e+02 1.448719e+03 2.311172e+01
    endloop
  endfacet
  facet normal -1.305262e-01 -9.914449e-01 0.000000e+00
    outer loop
      vertex   2.050809e+02 1.448719e+03 2.311172e+01
      vertex   2.050809e+02 1.448719e+03 3.447192e+01
      vertex   2.045244e+02 1.448792e+03 3.440360e+01
    endloop
  endfacet
  facet normal -1.305262e-01 -9.914449e-01 0.000000e+00
    outer loop
      vertex   2.050809e+02 1.448719e+03 2.311172e+01
      vertex   2.045244e+02 1.448792e+03 3.440360e+01
      vertex   2.045244e+02 1.448792e+03 2.311172e+01
    endloop
  endfacet
  facet normal 1.305262e-01 -9.914449e-01 0.000000e+00
    outer loop
      vertex   2.045244e+02 1.448792e+03 2.311172e+01
      vertex   2.045244e+02 1.448792e+03 3.440360e+01
      vertex   2.039680e+02 1.448719e+03 3.433527e+01
    endloop
  endfacet
  facet normal 1.305262e-01 -9.914449e-01 0.000000e+00
    outer loop
      vertex   2.045244e+02 1.448792e+03 2.311172e+01
      vertex   2.039680e+02 1.448719e+03 3.433527e+01
      vertex   2.039680e+02 1.448719e+03 2.311172e+01
    endloop
  endfacet
  facet normal 3.826834e-01 -9.238795e-01 0.000000e+00
    outer loop
      vertex   2.039680e+02 1.448719e+03 2.311172e+01
      vertex   2.039680e+02 1.448719e+03 3.433527e+01
      vertex   2.034494e+02 1.448504e+03 3.427161e+01
    endloop
  endfacet
  facet normal 3.826834e-01 -9.238795e-01 2.924613e-15
    outer loop
      vertex   2.039680e+02 1.448719e+03 2.311172e+01
      vertex   2.034494e+02 1.448504e+03 3.427161e+01
      vertex   2.034494e+02 1.448504e+03 2.311172e+01
    endloop
  endfacet
  facet normal 6.087614e-01 -7.933533e-01 4.651135e-15
    outer loop
      vertex   2.034494e+02 1.448504e+03 2.311172e+01
      vertex   2.034494e+02 1.448504e+03 3.427161e+01
      vertex   2.030041e+02 1.448162e+03 3.421693e+01
    endloop
  endfacet
  facet normal 6.087614e-01 -7.933533e-01 3.112681e-15
    outer loop
      vertex   2.034494e+02 1.448504e+03 2.311172e+01
      vertex   2.030041e+02 1.448162e+03 3.421693e+01
      vertex   2.030041e+02 1.448162e+03 2.311172e+01
    endloop
  endfacet
  facet normal 7.933533e-01 -6.087614e-01 4.060880e-15
    outer loop
      vertex   2.030041e+02 1.448162e+03 2.311172e+01
      vertex   2.030041e+02 1.448162e+03 3.421693e+01
      vertex   2.026625e+02 1.447717e+03 3.417498e+01
    endloop
  endfacet
  facet normal 7.933533e-01 -6.087614e-01 -4.076580e-15
    outer loop
      vertex   2.030041e+02 1.448162e+03 2.311172e+01
      vertex   2.026625e+02 1.447717e+03 3.417498e+01
      vertex   2.026625e+02 1.447717e+03 2.311172e+01
    endloop
  endfacet
  facet normal 9.238795e-01 -3.826834e-01 -4.746927e-15
    outer loop
      vertex   2.026625e+02 1.447717e+03 2.311172e+01
      vertex   2.026625e+02 1.447717e+03 3.417498e+01
      vertex   2.024477e+02 1.447199e+03 3.414861e+01
    endloop
  endfacet
  facet normal 9.238795e-01 -3.826834e-01 -2.379207e-15
    outer loop
      vertex   2.026625e+02 1.447717e+03 2.311172e+01
      vertex   2.024477e+02 1.447199e+03 3.414861e+01
      vertex   2.024477e+02 1.447199e+03 2.311172e+01
    endloop
  endfacet
  facet normal 9.914449e-01 -1.305262e-01 -2.553126e-15
    outer loop
      vertex   2.024477e+02 1.447199e+03 2.311172e+01
      vertex   2.024477e+02 1.447199e+03 3.414861e+01
      vertex   2.023744e+02 1.446642e+03 3.413961e+01
    endloop
  endfacet
  facet normal 9.914449e-01 1.305262e-01 -0.000000e+00
    outer loop
      vertex   2.023744e+02 1.446642e+03 1.155586e+01
      vertex   2.023744e+02 1.446642e+03 2.311172e+01
      vertex   2.024477e+02 1.446086e+03 1.155586e+01
    endloop
  endfacet
  facet normal 9.914449e-01 1.305262e-01 -0.000000e+00
    outer loop
      vertex   2.024477e+02 1.446086e+03 1.155586e+01
      vertex   2.023744e+02 1.446642e+03 2.311172e+01
      vertex   2.024477e+02 1.446086e+03 2.311172e+01
    endloop
  endfacet
  facet normal 9.238795e-01 3.826834e-01 -0.000000e+00
    outer loop
      vertex   2.024477e+02 1.446086e+03 1.155586e+01
      vertex   2.024477e+02 1.446086e+03 2.311172e+01
      vertex   2.026625e+02 1.445567e+03 1.155586e+01
    endloop
  endfacet
  facet normal 9.238795e-01 3.826834e-01 -0.000000e+00
    outer loop
      vertex   2.026625e+02 1.445567e+03 1.155586e+01
      vertex   2.024477e+02 1.446086e+03 2.311172e+01
      vertex   2.026625e+02 1.445567e+03 2.311172e+01
    endloop
  endfacet
  facet normal 7.933533e-01 6.087614e-01 -0.000000e+00
    outer loop
      vertex   2.026625e+02 1.445567e+03 1.155586e+01
      vertex   2.026625e+02 1.445567e+03 2.311172e+01
      vertex   2.030041e+02 1.445122e+03 1.155586e+01
    endloop
  endfacet
  facet normal 7.933533e-01 6.087614e-01 -0.000000e+00
    outer loop
      vertex   2.030041e+02 1.445122e+03 1.155586e+01
      vertex   2.026625e+02 1.445567e+03 2.311172e+01
      vertex   2.030041e+02 1.445122e+03 2.311172e+01
    endloop
  endfacet
  facet normal 6.087614e-01 7.933533e-01 -0.000000e+00
    outer loop
      vertex   2.030041e+02 1.445122e+03 1.155586e+01
      vertex   2.030041e+02 1.445122e+03 2.311172e+01
      vertex   2.034494e+02 1.444780e+03 1.155586e+01
    endloop
  endfacet
  facet normal 6.087614e-01 7.933533e-01 -0.000000e+00
    outer loop
      vertex   2.034494e+02 1.444780e+03 1.155586e+01
      vertex   2.030041e+02 1.445122e+03 2.311172e+01
      vertex   2.034494e+02 1.444780e+03 2.311172e+01
    endloop
  endfacet
  facet normal 3.826834e-01 9.238795e-01 -0.000000e+00
    outer loop
      vertex   2.034494e+02 1.444780e+03 1.155586e+01
      vertex   2.034494e+02 1.444780e+03 2.311172e+01
      vertex   2.039680e+02 1.444565e+03 1.155586e+01
    endloop
  endfacet
  facet normal 3.826834e-01 9.238795e-01 -0.000000e+00
    outer loop
      vertex   2.039680e+02 1.444565e+03 1.155586e+01
      vertex   2.034494e+02 1.444780e+03 2.311172e+01
      vertex   2.039680e+02 1.444565e+03 2.311172e+01
    endloop
  endfacet
  facet normal 1.305262e-01 9.914449e-01 -0.000000e+00
    outer loop
      vertex   2.039680e+02 1.444565e+03 1.155586e+01
      vertex   2.039680e+02 1.444565e+03 2.311172e+01
      vertex   2.045244e+02 1.444492e+03 1.155586e+01
    endloop
  endfacet
  facet normal 1.305262e-01 9.914449e-01 -0.000000e+00
    outer loop
      vertex   2.045244e+02 1.444492e+03 1.155586e+01
      vertex   2.039680e+02 1.444565e+03 2.311172e+01
      vertex   2.045244e+02 1.444492e+03 2.311172e+01
    endloop
  endfacet
  facet normal -1.305262e-01 9.914449e-01 0.000000e+00
    outer loop
      vertex   2.045244e+02 1.444492e+03 1.155586e+01
      vertex   2.045244e+02 1.444492e+03 2.311172e+01
      vertex   2.050809e+02 1.444565e+03 1.155586e+01
    endloop
  endfacet
  facet normal -1.305262e-01 9.914449e-01 0.000000e+00
    outer loop
      vertex   2.050809e+02 1.444565e+03 1.155586e+01
      vertex   2.045244e+02 1.444492e+03 2.311172e+01
      vertex   2.050809e+02 1.444565e+03 2.311172e+01
    endloop
  endfacet
  facet normal -3.826834e-01 9.238795e-01 0.000000e+00
    outer loop
      vertex   2.050809e+02 1.444565e+03 1.155586e+01
      vertex   2.050809e+02 1.444565e+03 2.311172e+01
      vertex   2.055994e+02 1.444780e+03 1.155586e+01
    endloop
  endfacet
  facet normal -3.826834e-01 9.238795e-01 0.000000e+00
    outer loop
      vertex   2.055994e+02 1.444780e+03 1.155586e+01
      vertex   2.050809e+02 1.444565e+03 2.311172e+01
      vertex   2.055994e+02 1.444780e+03 2.311172e+01
    endloop
  endfacet
  facet normal -6.087614e-01 7.933533e-01 0.000000e+00
    outer loop
      vertex   2.055994e+02 1.444780e+03 1.155586e+01
      vertex   2.055994e+02 1.444780e+03 2.311172e+01
      vertex   2.060447e+02 1.445122e+03 1.155586e+01
    endloop
  endfacet
  facet normal -6.087614e-01 7.933533e-01 0.000000e+00
    outer loop
      vertex   2.060447e+02 1.445122e+03 1.155586e+01
      vertex   2.055994e+02 1.444780e+03 2.311172e+01
      vertex   2.060447e+02 1.445122e+03 2.311172e+01
    endloop
  endfacet
  facet normal -7.933533e-01 6.087614e-01 0.000000e+00
    outer loop
      vertex   2.060447e+02 1.445122e+03 1.155586e+01
      vertex   2.060447e+02 1.445122e+03 2.311172e+01
      vertex   2.063864e+02 1.445567e+03 1.155586e+01
    endloop
  endfacet
  facet normal -7.933533e-01 6.087614e-01 0.000000e+00
    outer loop
      vertex   2.063864e+02 1.445567e+03 1.155586e+01
      vertex   2.060447e+02 1.445122e+03 2.311172e+01
      vertex   2.063864e+02 1.445567e+03 2.311172e+01
    endloop
  endfacet
  facet normal -9.238795e-01 3.826834e-01 0.000000e+00
    outer loop
      vertex   2.063864e+02 1.445567e+03 1.155586e+01
      vertex   2.063864e+02 1.445567e+03 2.311172e+01
      vertex   2.066012e+02 1.446086e+03 1.155586e+01
    endloop
  endfacet
  facet normal -9.238795e-01 3.826834e-01 0.000000e+00
    outer loop
      vertex   2.066012e+02 1.446086e+03 1.155586e+01
      vertex   2.063864e+02 1.445567e+03 2.311172e+01
      vertex   2.066012e+02 1.446086e+03 2.311172e+01
    endloop
  endfacet
  facet normal -9.914449e-01 1.305262e-01 0.000000e+00
    outer loop
      vertex   2.066012e+02 1.446086e+03 1.155586e+01
      vertex   2.066012e+02 1.446086e+03 2.311172e+01
      vertex   2.066744e+02 1.446642e+03 1.155586e+01
    endloop
  endfacet
  facet normal -9.914449e-01 1.305262e-01 0.000000e+00
    outer loop
      vertex   2.066744e+02 1.446642e+03 1.155586e+01
      vertex   2.066012e+02 1.446086e+03 2.311172e+01
      vertex   2.066744e+02 1.446642e+03 2.311172e+01
    endloop
  endfacet
  facet normal -9.914449e-01 -1.305262e-01 0.000000e+00
    outer loop
      vertex   2.066744e+02 1.446642e+03 1.155586e+01
      vertex   2.066744e+02 1.446642e+03 2.311172e+01
      vertex   2.066012e+02 1.447199e+03 1.155586e+01
    endloop
  endfacet
  facet normal -9.914449e-01 -1.305262e-01 0.000000e+00
    outer loop
      vertex   2.066012e+02 1.447199e+03 1.155586e+01
      vertex   2.066744e+02 1.446642e+03 2.311172e+01
      vertex   2.066012e+02 1.447199e+03 2.311172e+01
    endloop
  endfacet
  facet normal -9.238795e-01 -3.826834e-01 0.000000e+00
    outer loop
      vertex   2.066012e+02 1.447199e+03 1.155586e+01
      vertex   2.066012e+02 1.447199e+03 2.311172e+01
      vertex   2.063864e+02 1.447717e+03 1.155586e+01
    endloop
  endfacet
  facet normal -9.238795e-01 -3.826834e-01 0.000000e+00
    outer loop
      vertex   2.063864e+02 1.447717e+03 1.155586e+01
      vertex   2.066012e+02 1.447199e+03 2.311172e+01
      vertex   2.063864e+02 1.447717e+03 2.311172e+01
    endloop
  endfacet
  facet normal -7.933533e-01 -6.087614e-01 0.000000e+00
    outer loop
      vertex   2.063864e+02 1.447717e+03 1.155586e+01
      vertex   2.063864e+02 1.447717e+03 2.311172e+01
      vertex   2.060447e+02 1.448162e+03 1.155586e+01
    endloop
  endfacet
  facet normal -7.933533e-01 -6.087614e-01 0.000000e+00
    outer loop
      vertex   2.060447e+02 1.448162e+03 1.155586e+01
      vertex   2.063864e+02 1.447717e+03 2.311172e+01
      vertex   2.060447e+02 1.448162e+03 2.311172e+01
    endloop
  endfacet
  facet normal -6.087614e-01 -7.933533e-01 0.000000e+00
    outer loop
      vertex   2.060447e+02 1.448162e+03 1.155586e+01
      vertex   2.060447e+02 1.448162e+03 2.311172e+01
      vertex   2.055994e+02 1.448504e+03 1.155586e+01
    endloop
  endfacet
  facet normal -6.087614e-01 -7.933533e-01 0.000000e+00
    outer loop
      vertex   2.055994e+02 1.448504e+03 1.155586e+01
      vertex   2.060447e+02 1.448162e+03 2.311172e+01
      vertex   2.055994e+02 1.448504e+03 2.311172e+01
    endloop
  endfacet
  facet normal -3.826834e-01 -9.238795e-01 0.000000e+00
    outer loop
      vertex   2.055994e+02 1.448504e+03 1.155586e+01
      vertex   2.055994e+02 1.448504e+03 2.311172e+01
      vertex   2.050809e+02 1.448719e+03 1.155586e+01
    endloop
  endfacet
  facet normal -3.826834e-01 -9.238795e-01 0.000000e+00
    outer loop
      vertex   2.050809e+02 1.448719e+03 1.155586e+01
      vertex   2.055994e+02 1.448504e+03 2.311172e+01
      vertex   2.050809e+02 1.448719e+03 2.311172e+01
    endloop
  endfacet
  facet normal -1.305262e-01 -9.914449e-01 0.000000e+00
    outer loop
      vertex   2.050809e+02 1.448719e+03 1.155586e+01
      vertex   2.050809e+02 1.448719e+03 2.311172e+01
      vertex   2.045244e+02 1.448792e+03 1.155586e+01
    endloop
  endfacet
  facet normal -1.305262e-01 -9.914449e-01 0.000000e+00
    outer loop
      vertex   2.045244e+02 1.448792e+03 1.155586e+01
      vertex   2.050809e+02 1.448719e+03 2.311172e+01
      vertex   2.045244e+02 1.448792e+03 2.311172e+01
    endloop
  endfacet
  facet normal 1.305262e-01 -9.914449e-01 0.000000e+00
    outer loop
      vertex   2.045244e+02 1.448792e+03 1.155586e+01
      vertex   2.045244e+02 1.448792e+03 2.311172e+01
      vertex   2.039680e+02 1.448719e+03 1.155586e+01
    endloop
  endfacet
  facet normal 1.305262e-01 -9.914449e-01 0.000000e+00
    outer loop
      vertex   2.039680e+02 1.448719e+03 1.155586e+01
      vertex   2.045244e+02 1.448792e+03 2.311172e+01
      vertex   2.039680e+02 1.448719e+03 2.311172e+01
    endloop
  endfacet
  facet normal 3.826834e-01 -9.238795e-01 0.000000e+00
    outer loop
      vertex   2.039680e+02 1.448719e+03 1.155586e+01
      vertex   2.039680e+02 1.448719e+03 2.311172e+01
      vertex   2.034494e+02 1.448504e+03 1.155586e+01
    endloop
  endfacet
  facet normal 3.826834e-01 -9.238795e-01 0.000000e+00
    outer loop
      vertex   2.034494e+02 1.448504e+03 1.155586e+01
      vertex   2.039680e+02 1.448719e+03 2.311172e+01
      vertex   2.034494e+02 1.448504e+03 2.311172e+01
    endloop
  endfacet
  facet normal 6.087614e-01 -7.933533e-01 0.000000e+00
    outer loop
      vertex   2.034494e+02 1.448504e+03 1.155586e+01
      vertex   2.034494e+02 1.448504e+03 2.311172e+01
      vertex   2.030041e+02 1.448162e+03 1.155586e+01
    endloop
  endfacet
  facet normal 6.087614e-01 -7.933533e-01 0.000000e+00
    outer loop
      vertex   2.030041e+02 1.448162e+03 1.155586e+01
      vertex   2.034494e+02 1.448504e+03 2.311172e+01
      vertex   2.030041e+02 1.448162e+03 2.311172e+01
    endloop
  endfacet
  facet normal 7.933533e-01 -6.087614e-01 0.000000e+00
    outer loop
      vertex   2.030041e+02 1.448162e+03 1.155586e+01
      vertex   2.030041e+02 1.448162e+03 2.311172e+01
      vertex   2.026625e+02 1.447717e+03 1.155586e+01
    endloop
  endfacet
  facet normal 7.933533e-01 -6.087614e-01 0.000000e+00
    outer loop
      vertex   2.026625e+02 1.447717e+03 1.155586e+01
      vertex   2.030041e+02 1.448162e+03 2.311172e+01
      vertex   2.026625e+02 1.447717e+03 2.311172e+01
    endloop
  endfacet
  facet normal 9.238795e-01 -3.826834e-01 0.000000e+00
    outer loop
      vertex   2.026625e+02 1.447717e+03 1.155586e+01
      vertex   2.026625e+02 1.447717e+03 2.311172e+01
      vertex   2.024477e+02 1.447199e+03 1.155586e+01
    endloop
  endfacet
  facet normal 9.238795e-01 -3.826834e-01 0.000000e+00
    outer loop
      vertex   2.024477e+02 1.447199e+03 1.155586e+01
      vertex   2.026625e+02 1.447717e+03 2.311172e+01
      vertex   2.024477e+02 1.447199e+03 2.311172e+01
    endloop
  endfacet
  facet normal 1.731322e-02 -7.079556e-01 -7.060447e-01
    outer loop
      vertex   1.567295e+02 1.569996e+03 2.349757e+01
      vertex   1.973368e+02 1.566014e+03 2.848569e+01
      vertex   1.510030e+02 1.566538e+03 2.682419e+01
    endloop
  endfacet
  facet normal 1.731322e-02 -7.079556e-01 -7.060447e-01
    outer loop
      vertex   1.510030e+02 1.566538e+03 2.682419e+01
      vertex   1.973368e+02 1.566014e+03 2.848569e+01
      vertex   1.970121e+02 1.565602e+03 2.889111e+01
    endloop
  endfacet
  facet normal 1.731322e-02 -7.079556e-01 -7.060447e-01
    outer loop
      vertex   1.510030e+02 1.566538e+03 2.682419e+01
      vertex   1.970121e+02 1.565602e+03 2.889111e+01
      vertex   1.967360e+02 1.565156e+03 2.933178e+01
    endloop
  endfacet
  facet normal 1.731322e-02 -7.079556e-01 -7.060447e-01
    outer loop
      vertex   1.967360e+02 1.565156e+03 2.933178e+01
      vertex   1.963426e+02 1.564185e+03 3.029599e+01
      vertex   1.510030e+02 1.566538e+03 2.682419e+01
    endloop
  endfacet
  facet normal 1.731322e-02 -7.079556e-01 -7.060447e-01
    outer loop
      vertex   1.510030e+02 1.566538e+03 2.682419e+01
      vertex   1.963426e+02 1.564185e+03 3.029599e+01
      vertex   1.961768e+02 1.563150e+03 3.132937e+01
    endloop
  endfacet
  facet normal 1.731322e-02 -7.079556e-01 -7.060447e-01
    outer loop
      vertex   1.510030e+02 1.566538e+03 2.682419e+01
      vertex   1.961768e+02 1.563150e+03 3.132937e+01
      vertex   1.962468e+02 1.562105e+03 3.237943e+01
    endloop
  endfacet
  facet normal 1.731322e-02 -7.079556e-01 -7.060447e-01
    outer loop
      vertex   1.962468e+02 1.562105e+03 3.237943e+01
      vertex   1.510029e+02 1.566538e+03 2.682419e+01
      vertex   1.510030e+02 1.566538e+03 2.682419e+01
    endloop
  endfacet
  facet normal 1.731322e-02 -7.079556e-01 -7.060447e-01
    outer loop
      vertex   1.510030e+02 1.566538e+03 2.682419e+01
      vertex   1.509990e+02 1.570558e+03 2.279395e+01
      vertex   1.567295e+02 1.569996e+03 2.349757e+01
    endloop
  endfacet
  facet normal 1.218693e-01 6.002398e-12 -9.925462e-01
    outer loop
      vertex   1.567295e+02 1.569996e+03 2.349757e+01
      vertex   1.509990e+02 1.570558e+03 2.279395e+01
      vertex   1.509490e+02 1.570563e+03 2.278781e+01
    endloop
  endfacet
  facet normal 1.218693e-01 1.757523e-13 -9.925462e-01
    outer loop
      vertex   1.509490e+02 1.570563e+03 2.278781e+01
      vertex   1.509990e+02 1.570558e+03 2.279395e+01
      vertex   8.603054e+01 1.564061e+03 1.481683e+01
    endloop
  endfacet
  facet normal 1.218693e-01 -9.441989e-12 -9.925462e-01
    outer loop
      vertex   8.603054e+01 1.564061e+03 1.481683e+01
      vertex   1.509990e+02 1.570558e+03 2.279395e+01
      vertex   8.603097e+01 1.564061e+03 1.481688e+01
    endloop
  endfacet
  facet normal 1.218693e-01 -2.353821e-13 -9.925462e-01
    outer loop
      vertex   8.603097e+01 1.564061e+03 1.481688e+01
      vertex   1.509990e+02 1.570558e+03 2.279395e+01
      vertex   8.603139e+01 1.564060e+03 1.481694e+01
    endloop
  endfacet
  facet normal 1.555977e-01 -6.993693e-01 -6.976188e-01
    outer loop
      vertex   8.695425e+01 1.560133e+03 1.895999e+01
      vertex   8.706412e+01 1.561168e+03 1.794666e+01
      vertex   1.510030e+02 1.566538e+03 2.682419e+01
    endloop
  endfacet
  facet normal 1.555977e-01 -6.993693e-01 -6.976188e-01
    outer loop
      vertex   1.510030e+02 1.566538e+03 2.682419e+01
      vertex   8.706412e+01 1.561168e+03 1.794666e+01
      vertex   8.694092e+01 1.562202e+03 1.688285e+01
    endloop
  endfacet
  facet normal 1.555977e-01 -6.993693e-01 -6.976188e-01
    outer loop
      vertex   1.510030e+02 1.566538e+03 2.682419e+01
      vertex   8.694092e+01 1.562202e+03 1.688285e+01
      vertex   8.659083e+01 1.563182e+03 1.582188e+01
    endloop
  endfacet
  facet normal 1.555977e-01 -6.993693e-01 -6.976188e-01
    outer loop
      vertex   8.659083e+01 1.563182e+03 1.582188e+01
      vertex   8.603139e+01 1.564060e+03 1.481694e+01
      vertex   1.510030e+02 1.566538e+03 2.682419e+01
    endloop
  endfacet
  facet normal 1.555977e-01 -6.993693e-01 -6.976188e-01
    outer loop
      vertex   1.510030e+02 1.566538e+03 2.682419e+01
      vertex   8.603139e+01 1.564060e+03 1.481694e+01
      vertex   1.509990e+02 1.570558e+03 2.279395e+01
    endloop
  endfacet
  facet normal 9.950932e-02 -9.950366e-01 0.000000e+00
    outer loop
      vertex   8.695425e+01 1.560133e+03 1.895999e+01
      vertex   1.510030e+02 1.566538e+03 2.682419e+01
      vertex   8.695425e+01 1.560133e+03 1.996780e+01
    endloop
  endfacet
  facet normal 9.950932e-02 -9.950366e-01 -1.841201e-08
    outer loop
      vertex   8.695425e+01 1.560133e+03 1.996780e+01
      vertex   1.510030e+02 1.566538e+03 2.682419e+01
      vertex   1.510029e+02 1.566538e+03 2.682419e+01
    endloop
  endfacet
  facet normal 9.950932e-02 -9.950366e-01 0.000000e+00
    outer loop
      vertex   8.695425e+01 1.560133e+03 1.996780e+01
      vertex   1.510029e+02 1.566538e+03 2.682419e+01
      vertex   1.510029e+02 1.566538e+03 2.783198e+01
    endloop
  endfacet
  facet normal -9.753070e-02 -9.952325e-01 0.000000e+00
    outer loop
      vertex   1.510029e+02 1.566538e+03 2.682419e+01
      vertex   1.962468e+02 1.562105e+03 3.237943e+01
      vertex   1.510029e+02 1.566538e+03 2.783198e+01
    endloop
  endfacet
  facet normal -9.753070e-02 -9.952325e-01 0.000000e+00
    outer loop
      vertex   1.510029e+02 1.566538e+03 2.783198e+01
      vertex   1.962468e+02 1.562105e+03 3.237943e+01
      vertex   1.962468e+02 1.562105e+03 3.338723e+01
    endloop
  endfacet
  facet normal 9.914449e-01 -1.305262e-01 4.580549e-15
    outer loop
      vertex   2.207165e+02 1.512263e+03 0.000000e+00
      vertex   2.207165e+02 1.512263e+03 1.230357e+01
      vertex   2.206433e+02 1.511706e+03 0.000000e+00
    endloop
  endfacet
  facet normal 9.914449e-01 -1.305262e-01 0.000000e+00
    outer loop
      vertex   2.206433e+02 1.511706e+03 0.000000e+00
      vertex   2.207165e+02 1.512263e+03 1.230357e+01
      vertex   2.206433e+02 1.511706e+03 1.230357e+01
    endloop
  endfacet
  facet normal 9.914449e-01 1.305262e-01 -0.000000e+00
    outer loop
      vertex   2.206433e+02 1.511706e+03 0.000000e+00
      vertex   2.206433e+02 1.511706e+03 1.230357e+01
      vertex   2.207165e+02 1.511150e+03 0.000000e+00
    endloop
  endfacet
  facet normal 9.914449e-01 1.305262e-01 4.580549e-15
    outer loop
      vertex   2.207165e+02 1.511150e+03 0.000000e+00
      vertex   2.206433e+02 1.511706e+03 1.230357e+01
      vertex   2.207165e+02 1.511150e+03 1.230357e+01
    endloop
  endfacet
  facet normal 9.238795e-01 3.826834e-01 4.268392e-15
    outer loop
      vertex   2.207165e+02 1.511150e+03 0.000000e+00
      vertex   2.207165e+02 1.511150e+03 1.230357e+01
      vertex   2.209313e+02 1.510631e+03 0.000000e+00
    endloop
  endfacet
  facet normal 9.238795e-01 3.826834e-01 4.268392e-15
    outer loop
      vertex   2.209313e+02 1.510631e+03 0.000000e+00
      vertex   2.207165e+02 1.511150e+03 1.230357e+01
      vertex   2.209313e+02 1.510631e+03 1.230357e+01
    endloop
  endfacet
  facet normal 7.933533e-01 6.087614e-01 3.665351e-15
    outer loop
      vertex   2.209313e+02 1.510631e+03 0.000000e+00
      vertex   2.209313e+02 1.510631e+03 1.230357e+01
      vertex   2.212730e+02 1.510186e+03 0.000000e+00
    endloop
  endfacet
  facet normal 7.933533e-01 6.087614e-01 -1.832676e-15
    outer loop
      vertex   2.212730e+02 1.510186e+03 0.000000e+00
      vertex   2.209313e+02 1.510631e+03 1.230357e+01
      vertex   2.212730e+02 1.510186e+03 1.230357e+01
    endloop
  endfacet
  facet normal 6.087614e-01 7.933533e-01 -1.406262e-15
    outer loop
      vertex   2.212730e+02 1.510186e+03 0.000000e+00
      vertex   2.212730e+02 1.510186e+03 1.230357e+01
      vertex   2.217183e+02 1.509844e+03 0.000000e+00
    endloop
  endfacet
  facet normal 6.087614e-01 7.933533e-01 -4.218785e-15
    outer loop
      vertex   2.217183e+02 1.509844e+03 0.000000e+00
      vertex   2.212730e+02 1.510186e+03 1.230357e+01
      vertex   2.217183e+02 1.509844e+03 1.230357e+01
    endloop
  endfacet
  facet normal 3.826834e-01 9.238795e-01 -2.652039e-15
    outer loop
      vertex   2.217183e+02 1.509844e+03 0.000000e+00
      vertex   2.217183e+02 1.509844e+03 1.230357e+01
      vertex   2.222368e+02 1.509630e+03 0.000000e+00
    endloop
  endfacet
  facet normal 3.826834e-01 9.238795e-01 -0.000000e+00
    outer loop
      vertex   2.222368e+02 1.509630e+03 0.000000e+00
      vertex   2.217183e+02 1.509844e+03 1.230357e+01
      vertex   2.222368e+02 1.509630e+03 1.230357e+01
    endloop
  endfacet
  facet normal 1.305262e-01 9.914449e-01 -0.000000e+00
    outer loop
      vertex   2.222368e+02 1.509630e+03 0.000000e+00
      vertex   2.222368e+02 1.509630e+03 1.230357e+01
      vertex   2.227933e+02 1.509556e+03 0.000000e+00
    endloop
  endfacet
  facet normal 1.305262e-01 9.914449e-01 -0.000000e+00
    outer loop
      vertex   2.227933e+02 1.509556e+03 0.000000e+00
      vertex   2.222368e+02 1.509630e+03 1.230357e+01
      vertex   2.227933e+02 1.509556e+03 1.230357e+01
    endloop
  endfacet
  facet normal -1.305262e-01 9.914449e-01 0.000000e+00
    outer loop
      vertex   2.227933e+02 1.509556e+03 0.000000e+00
      vertex   2.227933e+02 1.509556e+03 1.230357e+01
      vertex   2.233497e+02 1.509630e+03 0.000000e+00
    endloop
  endfacet
  facet normal -1.305262e-01 9.914449e-01 0.000000e+00
    outer loop
      vertex   2.233497e+02 1.509630e+03 0.000000e+00
      vertex   2.227933e+02 1.509556e+03 1.230357e+01
      vertex   2.233497e+02 1.509630e+03 1.230357e+01
    endloop
  endfacet
  facet normal -3.826834e-01 9.238795e-01 0.000000e+00
    outer loop
      vertex   2.233497e+02 1.509630e+03 0.000000e+00
      vertex   2.233497e+02 1.509630e+03 1.230357e+01
      vertex   2.238683e+02 1.509844e+03 0.000000e+00
    endloop
  endfacet
  facet normal -3.826834e-01 9.238795e-01 -1.768026e-15
    outer loop
      vertex   2.238683e+02 1.509844e+03 0.000000e+00
      vertex   2.233497e+02 1.509630e+03 1.230357e+01
      vertex   2.238683e+02 1.509844e+03 1.230357e+01
    endloop
  endfacet
  facet normal -6.087614e-01 7.933533e-01 -2.812523e-15
    outer loop
      vertex   2.238683e+02 1.509844e+03 0.000000e+00
      vertex   2.238683e+02 1.509844e+03 1.230357e+01
      vertex   2.243135e+02 1.510186e+03 0.000000e+00
    endloop
  endfacet
  facet normal -6.087614e-01 7.933533e-01 -1.406262e-15
    outer loop
      vertex   2.243135e+02 1.510186e+03 0.000000e+00
      vertex   2.238683e+02 1.509844e+03 1.230357e+01
      vertex   2.243135e+02 1.510186e+03 1.230357e+01
    endloop
  endfacet
  facet normal -7.933533e-01 6.087614e-01 -1.832676e-15
    outer loop
      vertex   2.243135e+02 1.510186e+03 0.000000e+00
      vertex   2.243135e+02 1.510186e+03 1.230357e+01
      vertex   2.246552e+02 1.510631e+03 0.000000e+00
    endloop
  endfacet
  facet normal -7.933533e-01 6.087614e-01 5.498027e-15
    outer loop
      vertex   2.246552e+02 1.510631e+03 0.000000e+00
      vertex   2.243135e+02 1.510186e+03 1.230357e+01
      vertex   2.246552e+02 1.510631e+03 1.230357e+01
    endloop
  endfacet
  facet normal -9.238795e-01 3.826834e-01 6.402588e-15
    outer loop
      vertex   2.246552e+02 1.510631e+03 0.000000e+00
      vertex   2.246552e+02 1.510631e+03 1.230357e+01
      vertex   2.248700e+02 1.511150e+03 0.000000e+00
    endloop
  endfacet
  facet normal -9.238795e-01 3.826834e-01 2.134196e-15
    outer loop
      vertex   2.248700e+02 1.511150e+03 0.000000e+00
      vertex   2.246552e+02 1.510631e+03 1.230357e+01
      vertex   2.248700e+02 1.511150e+03 1.230357e+01
    endloop
  endfacet
  facet normal -9.914449e-01 1.305262e-01 2.290275e-15
    outer loop
      vertex   2.248700e+02 1.511150e+03 0.000000e+00
      vertex   2.248700e+02 1.511150e+03 1.230357e+01
      vertex   2.249433e+02 1.511706e+03 0.000000e+00
    endloop
  endfacet
  facet normal -9.914449e-01 1.305262e-01 0.000000e+00
    outer loop
      vertex   2.249433e+02 1.511706e+03 0.000000e+00
      vertex   2.248700e+02 1.511150e+03 1.230357e+01
      vertex   2.249433e+02 1.511706e+03 1.230357e+01
    endloop
  endfacet
  facet normal -9.914449e-01 -1.305262e-01 0.000000e+00
    outer loop
      vertex   2.249433e+02 1.511706e+03 0.000000e+00
      vertex   2.249433e+02 1.511706e+03 1.230357e+01
      vertex   2.248700e+02 1.512263e+03 0.000000e+00
    endloop
  endfacet
  facet normal -9.914449e-01 -1.305262e-01 2.290275e-15
    outer loop
      vertex   2.248700e+02 1.512263e+03 0.000000e+00
      vertex   2.249433e+02 1.511706e+03 1.230357e+01
      vertex   2.248700e+02 1.512263e+03 1.230357e+01
    endloop
  endfacet
  facet normal -9.238795e-01 -3.826834e-01 2.134196e-15
    outer loop
      vertex   2.248700e+02 1.512263e+03 0.000000e+00
      vertex   2.248700e+02 1.512263e+03 1.230357e+01
      vertex   2.246552e+02 1.512781e+03 0.000000e+00
    endloop
  endfacet
  facet normal -9.238795e-01 -3.826834e-01 6.402588e-15
    outer loop
      vertex   2.246552e+02 1.512781e+03 0.000000e+00
      vertex   2.248700e+02 1.512263e+03 1.230357e+01
      vertex   2.246552e+02 1.512781e+03 1.230357e+01
    endloop
  endfacet
  facet normal -7.933533e-01 -6.087614e-01 5.498027e-15
    outer loop
      vertex   2.246552e+02 1.512781e+03 0.000000e+00
      vertex   2.246552e+02 1.512781e+03 1.230357e+01
      vertex   2.243135e+02 1.513227e+03 0.000000e+00
    endloop
  endfacet
  facet normal -7.933533e-01 -6.087614e-01 -1.832676e-15
    outer loop
      vertex   2.243135e+02 1.513227e+03 0.000000e+00
      vertex   2.246552e+02 1.512781e+03 1.230357e+01
      vertex   2.243135e+02 1.513227e+03 1.230357e+01
    endloop
  endfacet
  facet normal -6.087614e-01 -7.933533e-01 -1.406262e-15
    outer loop
      vertex   2.243135e+02 1.513227e+03 0.000000e+00
      vertex   2.243135e+02 1.513227e+03 1.230357e+01
      vertex   2.238683e+02 1.513568e+03 0.000000e+00
    endloop
  endfacet
  facet normal -6.087614e-01 -7.933533e-01 -2.812523e-15
    outer loop
      vertex   2.238683e+02 1.513568e+03 0.000000e+00
      vertex   2.243135e+02 1.513227e+03 1.230357e+01
      vertex   2.238683e+02 1.513568e+03 1.230357e+01
    endloop
  endfacet
  facet normal -3.826834e-01 -9.238795e-01 -1.768026e-15
    outer loop
      vertex   2.238683e+02 1.513568e+03 0.000000e+00
      vertex   2.238683e+02 1.513568e+03 1.230357e+01
      vertex   2.233497e+02 1.513783e+03 0.000000e+00
    endloop
  endfacet
  facet normal -3.826834e-01 -9.238795e-01 0.000000e+00
    outer loop
      vertex   2.233497e+02 1.513783e+03 0.000000e+00
      vertex   2.238683e+02 1.513568e+03 1.230357e+01
      vertex   2.233497e+02 1.513783e+03 1.230357e+01
    endloop
  endfacet
  facet normal -1.305262e-01 -9.914449e-01 0.000000e+00
    outer loop
      vertex   2.233497e+02 1.513783e+03 0.000000e+00
      vertex   2.233497e+02 1.513783e+03 1.230357e+01
      vertex   2.227933e+02 1.513856e+03 0.000000e+00
    endloop
  endfacet
  facet normal -1.305262e-01 -9.914449e-01 0.000000e+00
    outer loop
      vertex   2.227933e+02 1.513856e+03 0.000000e+00
      vertex   2.233497e+02 1.513783e+03 1.230357e+01
      vertex   2.227933e+02 1.513856e+03 1.230357e+01
    endloop
  endfacet
  facet normal 1.305262e-01 -9.914449e-01 0.000000e+00
    outer loop
      vertex   2.227933e+02 1.513856e+03 0.000000e+00
      vertex   2.227933e+02 1.513856e+03 1.230357e+01
      vertex   2.222368e+02 1.513783e+03 0.000000e+00
    endloop
  endfacet
  facet normal 1.305262e-01 -9.914449e-01 0.000000e+00
    outer loop
      vertex   2.222368e+02 1.513783e+03 0.000000e+00
      vertex   2.227933e+02 1.513856e+03 1.230357e+01
      vertex   2.222368e+02 1.513783e+03 1.230357e+01
    endloop
  endfacet
  facet normal 3.826834e-01 -9.238795e-01 0.000000e+00
    outer loop
      vertex   2.222368e+02 1.513783e+03 0.000000e+00
      vertex   2.222368e+02 1.513783e+03 1.230357e+01
      vertex   2.217183e+02 1.513568e+03 0.000000e+00
    endloop
  endfacet
  facet normal 3.826834e-01 -9.238795e-01 -2.652039e-15
    outer loop
      vertex   2.217183e+02 1.513568e+03 0.000000e+00
      vertex   2.222368e+02 1.513783e+03 1.230357e+01
      vertex   2.217183e+02 1.513568e+03 1.230357e+01
    endloop
  endfacet
  facet normal 6.087614e-01 -7.933533e-01 -4.218785e-15
    outer loop
      vertex   2.217183e+02 1.513568e+03 0.000000e+00
      vertex   2.217183e+02 1.513568e+03 1.230357e+01
      vertex   2.212730e+02 1.513227e+03 0.000000e+00
    endloop
  endfacet
  facet normal 6.087614e-01 -7.933533e-01 -1.406262e-15
    outer loop
      vertex   2.212730e+02 1.513227e+03 0.000000e+00
      vertex   2.217183e+02 1.513568e+03 1.230357e+01
      vertex   2.212730e+02 1.513227e+03 1.230357e+01
    endloop
  endfacet
  facet normal 7.933533e-01 -6.087614e-01 -1.832676e-15
    outer loop
      vertex   2.212730e+02 1.513227e+03 0.000000e+00
      vertex   2.212730e+02 1.513227e+03 1.230357e+01
      vertex   2.209313e+02 1.512781e+03 0.000000e+00
    endloop
  endfacet
  facet normal 7.933533e-01 -6.087614e-01 3.665351e-15
    outer loop
      vertex   2.209313e+02 1.512781e+03 0.000000e+00
      vertex   2.212730e+02 1.513227e+03 1.230357e+01
      vertex   2.209313e+02 1.512781e+03 1.230357e+01
    endloop
  endfacet
  facet normal 9.238795e-01 -3.826834e-01 4.268392e-15
    outer loop
      vertex   2.209313e+02 1.512781e+03 0.000000e+00
      vertex   2.209313e+02 1.512781e+03 1.230357e+01
      vertex   2.207165e+02 1.512263e+03 0.000000e+00
    endloop
  endfacet
  facet normal 9.238795e-01 -3.826834e-01 4.268392e-15
    outer loop
      vertex   2.207165e+02 1.512263e+03 0.000000e+00
      vertex   2.209313e+02 1.512781e+03 1.230357e+01
      vertex   2.207165e+02 1.512263e+03 1.230357e+01
    endloop
  endfacet
  facet normal 9.914449e-01 1.305262e-01 -4.782271e-15
    outer loop
      vertex   2.207165e+02 1.511150e+03 3.639174e+01
      vertex   2.207165e+02 1.511150e+03 2.460714e+01
      vertex   2.206433e+02 1.511706e+03 3.638274e+01
    endloop
  endfacet
  facet normal 9.914449e-01 1.305262e-01 0.000000e+00
    outer loop
      vertex   2.206433e+02 1.511706e+03 3.638274e+01
      vertex   2.207165e+02 1.511150e+03 2.460714e+01
      vertex   2.206433e+02 1.511706e+03 2.460714e+01
    endloop
  endfacet
  facet normal 9.914449e-01 -1.305262e-01 0.000000e+00
    outer loop
      vertex   2.206433e+02 1.511706e+03 3.638274e+01
      vertex   2.206433e+02 1.511706e+03 2.460714e+01
      vertex   2.207165e+02 1.512263e+03 2.460714e+01
    endloop
  endfacet
  facet normal 9.914449e-01 -1.305262e-01 0.000000e+00
    outer loop
      vertex   2.207165e+02 1.512263e+03 2.460714e+01
      vertex   2.206433e+02 1.511706e+03 2.460714e+01
      vertex   2.206433e+02 1.511706e+03 1.230357e+01
    endloop
  endfacet
  facet normal 9.914449e-01 -1.305262e-01 0.000000e+00
    outer loop
      vertex   2.207165e+02 1.512263e+03 2.460714e+01
      vertex   2.206433e+02 1.511706e+03 1.230357e+01
      vertex   2.207165e+02 1.512263e+03 1.230357e+01
    endloop
  endfacet
  facet normal 9.238795e-01 3.826834e-01 -4.456367e-15
    outer loop
      vertex   2.207165e+02 1.511150e+03 2.460714e+01
      vertex   2.207165e+02 1.511150e+03 3.639174e+01
      vertex   2.209313e+02 1.510631e+03 2.460714e+01
    endloop
  endfacet
  facet normal 9.238795e-01 3.826834e-01 -4.446416e-15
    outer loop
      vertex   2.209313e+02 1.510631e+03 2.460714e+01
      vertex   2.207165e+02 1.511150e+03 3.639174e+01
      vertex   2.209313e+02 1.510631e+03 3.641811e+01
    endloop
  endfacet
  facet normal 7.933533e-01 6.087614e-01 -3.818224e-15
    outer loop
      vertex   2.209313e+02 1.510631e+03 2.460714e+01
      vertex   2.209313e+02 1.510631e+03 3.641811e+01
      vertex   2.212730e+02 1.510186e+03 2.460714e+01
    endloop
  endfacet
  facet normal 7.933533e-01 6.087614e-01 1.902355e-15
    outer loop
      vertex   2.212730e+02 1.510186e+03 2.460714e+01
      vertex   2.209313e+02 1.510631e+03 3.641811e+01
      vertex   2.212730e+02 1.510186e+03 3.646006e+01
    endloop
  endfacet
  facet normal 6.087614e-01 7.933533e-01 1.459728e-15
    outer loop
      vertex   2.212730e+02 1.510186e+03 2.460714e+01
      vertex   2.212730e+02 1.510186e+03 3.646006e+01
      vertex   2.217183e+02 1.509844e+03 2.460714e+01
    endloop
  endfacet
  facet normal 6.087614e-01 7.933533e-01 4.359078e-15
    outer loop
      vertex   2.217183e+02 1.509844e+03 2.460714e+01
      vertex   2.212730e+02 1.510186e+03 3.646006e+01
      vertex   2.217183e+02 1.509844e+03 3.651474e+01
    endloop
  endfacet
  facet normal 3.826834e-01 9.238795e-01 2.740231e-15
    outer loop
      vertex   2.217183e+02 1.509844e+03 2.460714e+01
      vertex   2.217183e+02 1.509844e+03 3.651474e+01
      vertex   2.222368e+02 1.509630e+03 2.460714e+01
    endloop
  endfacet
  facet normal 3.826834e-01 9.238795e-01 -0.000000e+00
    outer loop
      vertex   2.222368e+02 1.509630e+03 2.460714e+01
      vertex   2.217183e+02 1.509844e+03 3.651474e+01
      vertex   2.222368e+02 1.509630e+03 3.657841e+01
    endloop
  endfacet
  facet normal 1.305262e-01 9.914449e-01 -0.000000e+00
    outer loop
      vertex   2.222368e+02 1.509630e+03 2.460714e+01
      vertex   2.222368e+02 1.509630e+03 3.657841e+01
      vertex   2.227933e+02 1.509556e+03 2.460714e+01
    endloop
  endfacet
  facet normal 1.305262e-01 9.914449e-01 -0.000000e+00
    outer loop
      vertex   2.227933e+02 1.509556e+03 2.460714e+01
      vertex   2.222368e+02 1.509630e+03 3.657841e+01
      vertex   2.227933e+02 1.509556e+03 3.664673e+01
    endloop
  endfacet
  facet normal -1.305262e-01 9.914449e-01 0.000000e+00
    outer loop
      vertex   2.227933e+02 1.509556e+03 2.460714e+01
      vertex   2.227933e+02 1.509556e+03 3.664673e+01
      vertex   2.233497e+02 1.509630e+03 2.460714e+01
    endloop
  endfacet
  facet normal -1.305262e-01 9.914449e-01 0.000000e+00
    outer loop
      vertex   2.233497e+02 1.509630e+03 2.460714e+01
      vertex   2.227933e+02 1.509556e+03 3.664673e+01
      vertex   2.233497e+02 1.509630e+03 3.671505e+01
    endloop
  endfacet
  facet normal -3.826834e-01 9.238795e-01 0.000000e+00
    outer loop
      vertex   2.233497e+02 1.509630e+03 2.460714e+01
      vertex   2.233497e+02 1.509630e+03 3.671505e+01
      vertex   2.238683e+02 1.509844e+03 2.460714e+01
    endloop
  endfacet
  facet normal -3.826834e-01 9.238795e-01 1.787199e-15
    outer loop
      vertex   2.238683e+02 1.509844e+03 2.460714e+01
      vertex   2.233497e+02 1.509630e+03 3.671505e+01
      vertex   2.238683e+02 1.509844e+03 3.677872e+01
    endloop
  endfacet
  facet normal -6.087614e-01 7.933533e-01 2.843023e-15
    outer loop
      vertex   2.238683e+02 1.509844e+03 2.460714e+01
      vertex   2.238683e+02 1.509844e+03 3.677872e+01
      vertex   2.243135e+02 1.510186e+03 2.460714e+01
    endloop
  endfacet
  facet normal -6.087614e-01 7.933533e-01 1.415155e-15
    outer loop
      vertex   2.243135e+02 1.510186e+03 2.460714e+01
      vertex   2.238683e+02 1.509844e+03 3.677872e+01
      vertex   2.243135e+02 1.510186e+03 3.683340e+01
    endloop
  endfacet
  facet normal -7.933533e-01 6.087614e-01 1.844266e-15
    outer loop
      vertex   2.243135e+02 1.510186e+03 2.460714e+01
      vertex   2.243135e+02 1.510186e+03 3.683340e+01
      vertex   2.246552e+02 1.510631e+03 2.460714e+01
    endloop
  endfacet
  facet normal -7.933533e-01 6.087614e-01 -5.513877e-15
    outer loop
      vertex   2.246552e+02 1.510631e+03 2.460714e+01
      vertex   2.243135e+02 1.510186e+03 3.683340e+01
      vertex   2.246552e+02 1.510631e+03 3.687535e+01
    endloop
  endfacet
  facet normal -9.238795e-01 3.826834e-01 -6.421046e-15
    outer loop
      vertex   2.246552e+02 1.510631e+03 2.460714e+01
      vertex   2.246552e+02 1.510631e+03 3.687535e+01
      vertex   2.248700e+02 1.511150e+03 2.460714e+01
    endloop
  endfacet
  facet normal -9.238795e-01 3.826834e-01 -2.135758e-15
    outer loop
      vertex   2.248700e+02 1.511150e+03 2.460714e+01
      vertex   2.246552e+02 1.510631e+03 3.687535e+01
      vertex   2.248700e+02 1.511150e+03 3.690172e+01
    endloop
  endfacet
  facet normal -9.914449e-01 1.305262e-01 -2.291950e-15
    outer loop
      vertex   2.248700e+02 1.511150e+03 2.460714e+01
      vertex   2.248700e+02 1.511150e+03 3.690172e+01
      vertex   2.249433e+02 1.511706e+03 2.460714e+01
    endloop
  endfacet
  facet normal -9.914449e-01 1.305262e-01 0.000000e+00
    outer loop
      vertex   2.249433e+02 1.511706e+03 2.460714e+01
      vertex   2.248700e+02 1.511150e+03 3.690172e+01
      vertex   2.249433e+02 1.511706e+03 3.691072e+01
    endloop
  endfacet
  facet normal -9.914449e-01 -1.305262e-01 0.000000e+00
    outer loop
      vertex   2.249433e+02 1.511706e+03 2.460714e+01
      vertex   2.249433e+02 1.511706e+03 3.691072e+01
      vertex   2.248700e+02 1.512263e+03 3.690172e+01
    endloop
  endfacet
  facet normal -9.914449e-01 -1.305262e-01 -2.291685e-15
    outer loop
      vertex   2.249433e+02 1.511706e+03 2.460714e+01
      vertex   2.248700e+02 1.512263e+03 3.690172e+01
      vertex   2.248700e+02 1.512263e+03 2.460714e+01
    endloop
  endfacet
  facet normal -9.238795e-01 -3.826834e-01 -2.135758e-15
    outer loop
      vertex   2.248700e+02 1.512263e+03 2.460714e+01
      vertex   2.248700e+02 1.512263e+03 3.690172e+01
      vertex   2.246552e+02 1.512781e+03 3.687535e+01
    endloop
  endfacet
  facet normal -9.238795e-01 -3.826834e-01 -6.421240e-15
    outer loop
      vertex   2.248700e+02 1.512263e+03 2.460714e+01
      vertex   2.246552e+02 1.512781e+03 3.687535e+01
      vertex   2.246552e+02 1.512781e+03 2.460714e+01
    endloop
  endfacet
  facet normal -7.933533e-01 -6.087614e-01 -5.513877e-15
    outer loop
      vertex   2.246552e+02 1.512781e+03 2.460714e+01
      vertex   2.246552e+02 1.512781e+03 3.687535e+01
      vertex   2.243135e+02 1.513227e+03 3.683340e+01
    endloop
  endfacet
  facet normal -7.933533e-01 -6.087614e-01 1.844402e-15
    outer loop
      vertex   2.246552e+02 1.512781e+03 2.460714e+01
      vertex   2.243135e+02 1.513227e+03 3.683340e+01
      vertex   2.243135e+02 1.513227e+03 2.460714e+01
    endloop
  endfacet
  facet normal -6.087614e-01 -7.933533e-01 1.415155e-15
    outer loop
      vertex   2.243135e+02 1.513227e+03 2.460714e+01
      vertex   2.243135e+02 1.513227e+03 3.683340e+01
      vertex   2.238683e+02 1.513568e+03 3.677872e+01
    endloop
  endfacet
  facet normal -6.087614e-01 -7.933533e-01 2.839974e-15
    outer loop
      vertex   2.243135e+02 1.513227e+03 2.460714e+01
      vertex   2.238683e+02 1.513568e+03 3.677872e+01
      vertex   2.238683e+02 1.513568e+03 2.460714e+01
    endloop
  endfacet
  facet normal -3.826834e-01 -9.238795e-01 1.787199e-15
    outer loop
      vertex   2.238683e+02 1.513568e+03 2.460714e+01
      vertex   2.238683e+02 1.513568e+03 3.677872e+01
      vertex   2.233497e+02 1.513783e+03 3.671505e+01
    endloop
  endfacet
  facet normal -3.826834e-01 -9.238795e-01 0.000000e+00
    outer loop
      vertex   2.238683e+02 1.513568e+03 2.460714e+01
      vertex   2.233497e+02 1.513783e+03 3.671505e+01
      vertex   2.233497e+02 1.513783e+03 2.460714e+01
    endloop
  endfacet
  facet normal -1.305262e-01 -9.914449e-01 0.000000e+00
    outer loop
      vertex   2.233497e+02 1.513783e+03 2.460714e+01
      vertex   2.233497e+02 1.513783e+03 3.671505e+01
      vertex   2.227933e+02 1.513856e+03 3.664673e+01
    endloop
  endfacet
  facet normal -1.305262e-01 -9.914449e-01 0.000000e+00
    outer loop
      vertex   2.233497e+02 1.513783e+03 2.460714e+01
      vertex   2.227933e+02 1.513856e+03 3.664673e+01
      vertex   2.227933e+02 1.513856e+03 2.460714e+01
    endloop
  endfacet
  facet normal 1.305262e-01 -9.914449e-01 0.000000e+00
    outer loop
      vertex   2.227933e+02 1.513856e+03 2.460714e+01
      vertex   2.227933e+02 1.513856e+03 3.664673e+01
      vertex   2.222368e+02 1.513783e+03 3.657841e+01
    endloop
  endfacet
  facet normal 1.305262e-01 -9.914449e-01 0.000000e+00
    outer loop
      vertex   2.227933e+02 1.513856e+03 2.460714e+01
      vertex   2.222368e+02 1.513783e+03 3.657841e+01
      vertex   2.222368e+02 1.513783e+03 2.460714e+01
    endloop
  endfacet
  facet normal 3.826834e-01 -9.238795e-01 0.000000e+00
    outer loop
      vertex   2.222368e+02 1.513783e+03 2.460714e+01
      vertex   2.222368e+02 1.513783e+03 3.657841e+01
      vertex   2.217183e+02 1.513568e+03 3.651474e+01
    endloop
  endfacet
  facet normal 3.826834e-01 -9.238795e-01 2.740969e-15
    outer loop
      vertex   2.222368e+02 1.513783e+03 2.460714e+01
      vertex   2.217183e+02 1.513568e+03 3.651474e+01
      vertex   2.217183e+02 1.513568e+03 2.460714e+01
    endloop
  endfacet
  facet normal 6.087614e-01 -7.933533e-01 4.359078e-15
    outer loop
      vertex   2.217183e+02 1.513568e+03 2.460714e+01
      vertex   2.217183e+02 1.513568e+03 3.651474e+01
      vertex   2.212730e+02 1.513227e+03 3.646006e+01
    endloop
  endfacet
  facet normal 6.087614e-01 -7.933533e-01 1.460249e-15
    outer loop
      vertex   2.217183e+02 1.513568e+03 2.460714e+01
      vertex   2.212730e+02 1.513227e+03 3.646006e+01
      vertex   2.212730e+02 1.513227e+03 2.460714e+01
    endloop
  endfacet
  facet normal 7.933533e-01 -6.087614e-01 1.902355e-15
    outer loop
      vertex   2.212730e+02 1.513227e+03 2.460714e+01
      vertex   2.212730e+02 1.513227e+03 3.646006e+01
      vertex   2.209313e+02 1.512781e+03 3.641811e+01
    endloop
  endfacet
  facet normal 7.933533e-01 -6.087614e-01 -3.818506e-15
    outer loop
      vertex   2.212730e+02 1.513227e+03 2.460714e+01
      vertex   2.209313e+02 1.512781e+03 3.641811e+01
      vertex   2.209313e+02 1.512781e+03 2.460714e+01
    endloop
  endfacet
  facet normal 9.238795e-01 -3.826834e-01 -4.446416e-15
    outer loop
      vertex   2.209313e+02 1.512781e+03 2.460714e+01
      vertex   2.209313e+02 1.512781e+03 3.641811e+01
      vertex   2.207165e+02 1.512263e+03 3.639174e+01
    endloop
  endfacet
  facet normal 9.238795e-01 -3.826834e-01 -4.456501e-15
    outer loop
      vertex   2.209313e+02 1.512781e+03 2.460714e+01
      vertex   2.207165e+02 1.512263e+03 3.639174e+01
      vertex   2.207165e+02 1.512263e+03 2.460714e+01
    endloop
  endfacet
  facet normal 9.914449e-01 -1.305262e-01 -4.782271e-15
    outer loop
      vertex   2.207165e+02 1.512263e+03 2.460714e+01
      vertex   2.207165e+02 1.512263e+03 3.639174e+01
      vertex   2.206433e+02 1.511706e+03 3.638274e+01
    endloop
  endfacet
  facet normal 9.914449e-01 1.305262e-01 -0.000000e+00
    outer loop
      vertex   2.206433e+02 1.511706e+03 1.230357e+01
      vertex   2.206433e+02 1.511706e+03 2.460714e+01
      vertex   2.207165e+02 1.511150e+03 1.230357e+01
    endloop
  endfacet
  facet normal 9.914449e-01 1.305262e-01 -0.000000e+00
    outer loop
      vertex   2.207165e+02 1.511150e+03 1.230357e+01
      vertex   2.206433e+02 1.511706e+03 2.460714e+01
      vertex   2.207165e+02 1.511150e+03 2.460714e+01
    endloop
  endfacet
  facet normal 9.238795e-01 3.826834e-01 -0.000000e+00
    outer loop
      vertex   2.207165e+02 1.511150e+03 1.230357e+01
      vertex   2.207165e+02 1.511150e+03 2.460714e+01
      vertex   2.209313e+02 1.510631e+03 1.230357e+01
    endloop
  endfacet
  facet normal 9.238795e-01 3.826834e-01 -0.000000e+00
    outer loop
      vertex   2.209313e+02 1.510631e+03 1.230357e+01
      vertex   2.207165e+02 1.511150e+03 2.460714e+01
      vertex   2.209313e+02 1.510631e+03 2.460714e+01
    endloop
  endfacet
  facet normal 7.933533e-01 6.087614e-01 -0.000000e+00
    outer loop
      vertex   2.209313e+02 1.510631e+03 1.230357e+01
      vertex   2.209313e+02 1.510631e+03 2.460714e+01
      vertex   2.212730e+02 1.510186e+03 1.230357e+01
    endloop
  endfacet
  facet normal 7.933533e-01 6.087614e-01 -0.000000e+00
    outer loop
      vertex   2.212730e+02 1.510186e+03 1.230357e+01
      vertex   2.209313e+02 1.510631e+03 2.460714e+01
      vertex   2.212730e+02 1.510186e+03 2.460714e+01
    endloop
  endfacet
  facet normal 6.087614e-01 7.933533e-01 -0.000000e+00
    outer loop
      vertex   2.212730e+02 1.510186e+03 1.230357e+01
      vertex   2.212730e+02 1.510186e+03 2.460714e+01
      vertex   2.217183e+02 1.509844e+03 1.230357e+01
    endloop
  endfacet
  facet normal 6.087614e-01 7.933533e-01 -0.000000e+00
    outer loop
      vertex   2.217183e+02 1.509844e+03 1.230357e+01
      vertex   2.212730e+02 1.510186e+03 2.460714e+01
      vertex   2.217183e+02 1.509844e+03 2.460714e+01
    endloop
  endfacet
  facet normal 3.826834e-01 9.238795e-01 -0.000000e+00
    outer loop
      vertex   2.217183e+02 1.509844e+03 1.230357e+01
      vertex   2.217183e+02 1.509844e+03 2.460714e+01
      vertex   2.222368e+02 1.509630e+03 1.230357e+01
    endloop
  endfacet
  facet normal 3.826834e-01 9.238795e-01 -0.000000e+00
    outer loop
      vertex   2.222368e+02 1.509630e+03 1.230357e+01
      vertex   2.217183e+02 1.509844e+03 2.460714e+01
      vertex   2.222368e+02 1.509630e+03 2.460714e+01
    endloop
  endfacet
  facet normal 1.305262e-01 9.914449e-01 -0.000000e+00
    outer loop
      vertex   2.222368e+02 1.509630e+03 1.230357e+01
      vertex   2.222368e+02 1.509630e+03 2.460714e+01
      vertex   2.227933e+02 1.509556e+03 1.230357e+01
    endloop
  endfacet
  facet normal 1.305262e-01 9.914449e-01 -0.000000e+00
    outer loop
      vertex   2.227933e+02 1.509556e+03 1.230357e+01
      vertex   2.222368e+02 1.509630e+03 2.460714e+01
      vertex   2.227933e+02 1.509556e+03 2.460714e+01
    endloop
  endfacet
  facet normal -1.305262e-01 9.914449e-01 0.000000e+00
    outer loop
      vertex   2.227933e+02 1.509556e+03 1.230357e+01
      vertex   2.227933e+02 1.509556e+03 2.460714e+01
      vertex   2.233497e+02 1.509630e+03 1.230357e+01
    endloop
  endfacet
  facet normal -1.305262e-01 9.914449e-01 0.000000e+00
    outer loop
      vertex   2.233497e+02 1.509630e+03 1.230357e+01
      vertex   2.227933e+02 1.509556e+03 2.460714e+01
      vertex   2.233497e+02 1.509630e+03 2.460714e+01
    endloop
  endfacet
  facet normal -3.826834e-01 9.238795e-01 0.000000e+00
    outer loop
      vertex   2.233497e+02 1.509630e+03 1.230357e+01
      vertex   2.233497e+02 1.509630e+03 2.460714e+01
      vertex   2.238683e+02 1.509844e+03 1.230357e+01
    endloop
  endfacet
  facet normal -3.826834e-01 9.238795e-01 0.000000e+00
    outer loop
      vertex   2.238683e+02 1.509844e+03 1.230357e+01
      vertex   2.233497e+02 1.509630e+03 2.460714e+01
      vertex   2.238683e+02 1.509844e+03 2.460714e+01
    endloop
  endfacet
  facet normal -6.087614e-01 7.933533e-01 0.000000e+00
    outer loop
      vertex   2.238683e+02 1.509844e+03 1.230357e+01
      vertex   2.238683e+02 1.509844e+03 2.460714e+01
      vertex   2.243135e+02 1.510186e+03 1.230357e+01
    endloop
  endfacet
  facet normal -6.087614e-01 7.933533e-01 0.000000e+00
    outer loop
      vertex   2.243135e+02 1.510186e+03 1.230357e+01
      vertex   2.238683e+02 1.509844e+03 2.460714e+01
      vertex   2.243135e+02 1.510186e+03 2.460714e+01
    endloop
  endfacet
  facet normal -7.933533e-01 6.087614e-01 0.000000e+00
    outer loop
      vertex   2.243135e+02 1.510186e+03 1.230357e+01
      vertex   2.243135e+02 1.510186e+03 2.460714e+01
      vertex   2.246552e+02 1.510631e+03 1.230357e+01
    endloop
  endfacet
  facet normal -7.933533e-01 6.087614e-01 0.000000e+00
    outer loop
      vertex   2.246552e+02 1.510631e+03 1.230357e+01
      vertex   2.243135e+02 1.510186e+03 2.460714e+01
      vertex   2.246552e+02 1.510631e+03 2.460714e+01
    endloop
  endfacet
  facet normal -9.238795e-01 3.826834e-01 0.000000e+00
    outer loop
      vertex   2.246552e+02 1.510631e+03 1.230357e+01
      vertex   2.246552e+02 1.510631e+03 2.460714e+01
      vertex   2.248700e+02 1.511150e+03 1.230357e+01
    endloop
  endfacet
  facet normal -9.238795e-01 3.826834e-01 0.000000e+00
    outer loop
      vertex   2.248700e+02 1.511150e+03 1.230357e+01
      vertex   2.246552e+02 1.510631e+03 2.460714e+01
      vertex   2.248700e+02 1.511150e+03 2.460714e+01
    endloop
  endfacet
  facet normal -9.914449e-01 1.305262e-01 0.000000e+00
    outer loop
      vertex   2.248700e+02 1.511150e+03 1.230357e+01
      vertex   2.248700e+02 1.511150e+03 2.460714e+01
      vertex   2.249433e+02 1.511706e+03 1.230357e+01
    endloop
  endfacet
  facet normal -9.914449e-01 1.305262e-01 0.000000e+00
    outer loop
      vertex   2.249433e+02 1.511706e+03 1.230357e+01
      vertex   2.248700e+02 1.511150e+03 2.460714e+01
      vertex   2.249433e+02 1.511706e+03 2.460714e+01
    endloop
  endfacet
  facet normal -9.914449e-01 -1.305262e-01 0.000000e+00
    outer loop
      vertex   2.249433e+02 1.511706e+03 1.230357e+01
      vertex   2.249433e+02 1.511706e+03 2.460714e+01
      vertex   2.248700e+02 1.512263e+03 1.230357e+01
    endloop
  endfacet
  facet normal -9.914449e-01 -1.305262e-01 0.000000e+00
    outer loop
      vertex   2.248700e+02 1.512263e+03 1.230357e+01
      vertex   2.249433e+02 1.511706e+03 2.460714e+01
      vertex   2.248700e+02 1.512263e+03 2.460714e+01
    endloop
  endfacet
  facet normal -9.238795e-01 -3.826834e-01 0.000000e+00
    outer loop
      vertex   2.248700e+02 1.512263e+03 1.230357e+01
      vertex   2.248700e+02 1.512263e+03 2.460714e+01
      vertex   2.246552e+02 1.512781e+03 1.230357e+01
    endloop
  endfacet
  facet normal -9.238795e-01 -3.826834e-01 0.000000e+00
    outer loop
      vertex   2.246552e+02 1.512781e+03 1.230357e+01
      vertex   2.248700e+02 1.512263e+03 2.460714e+01
      vertex   2.246552e+02 1.512781e+03 2.460714e+01
    endloop
  endfacet
  facet normal -7.933533e-01 -6.087614e-01 0.000000e+00
    outer loop
      vertex   2.246552e+02 1.512781e+03 1.230357e+01
      vertex   2.246552e+02 1.512781e+03 2.460714e+01
      vertex   2.243135e+02 1.513227e+03 1.230357e+01
    endloop
  endfacet
  facet normal -7.933533e-01 -6.087614e-01 0.000000e+00
    outer loop
      vertex   2.243135e+02 1.513227e+03 1.230357e+01
      vertex   2.246552e+02 1.512781e+03 2.460714e+01
      vertex   2.243135e+02 1.513227e+03 2.460714e+01
    endloop
  endfacet
  facet normal -6.087614e-01 -7.933533e-01 0.000000e+00
    outer loop
      vertex   2.243135e+02 1.513227e+03 1.230357e+01
      vertex   2.243135e+02 1.513227e+03 2.460714e+01
      vertex   2.238683e+02 1.513568e+03 1.230357e+01
    endloop
  endfacet
  facet normal -6.087614e-01 -7.933533e-01 0.000000e+00
    outer loop
      vertex   2.238683e+02 1.513568e+03 1.230357e+01
      vertex   2.243135e+02 1.513227e+03 2.460714e+01
      vertex   2.238683e+02 1.513568e+03 2.460714e+01
    endloop
  endfacet
  facet normal -3.826834e-01 -9.238795e-01 0.000000e+00
    outer loop
      vertex   2.238683e+02 1.513568e+03 1.230357e+01
      vertex   2.238683e+02 1.513568e+03 2.460714e+01
      vertex   2.233497e+02 1.513783e+03 1.230357e+01
    endloop
  endfacet
  facet normal -3.826834e-01 -9.238795e-01 0.000000e+00
    outer loop
      vertex   2.233497e+02 1.513783e+03 1.230357e+01
      vertex   2.238683e+02 1.513568e+03 2.460714e+01
      vertex   2.233497e+02 1.513783e+03 2.460714e+01
    endloop
  endfacet
  facet normal -1.305262e-01 -9.914449e-01 0.000000e+00
    outer loop
      vertex   2.233497e+02 1.513783e+03 1.230357e+01
      vertex   2.233497e+02 1.513783e+03 2.460714e+01
      vertex   2.227933e+02 1.513856e+03 1.230357e+01
    endloop
  endfacet
  facet normal -1.305262e-01 -9.914449e-01 0.000000e+00
    outer loop
      vertex   2.227933e+02 1.513856e+03 1.230357e+01
      vertex   2.233497e+02 1.513783e+03 2.460714e+01
      vertex   2.227933e+02 1.513856e+03 2.460714e+01
    endloop
  endfacet
  facet normal 1.305262e-01 -9.914449e-01 0.000000e+00
    outer loop
      vertex   2.227933e+02 1.513856e+03 1.230357e+01
      vertex   2.227933e+02 1.513856e+03 2.460714e+01
      vertex   2.222368e+02 1.513783e+03 1.230357e+01
    endloop
  endfacet
  facet normal 1.305262e-01 -9.914449e-01 0.000000e+00
    outer loop
      vertex   2.222368e+02 1.513783e+03 1.230357e+01
      vertex   2.227933e+02 1.513856e+03 2.460714e+01
      vertex   2.222368e+02 1.513783e+03 2.460714e+01
    endloop
  endfacet
  facet normal 3.826834e-01 -9.238795e-01 0.000000e+00
    outer loop
      vertex   2.222368e+02 1.513783e+03 1.230357e+01
      vertex   2.222368e+02 1.513783e+03 2.460714e+01
      vertex   2.217183e+02 1.513568e+03 1.230357e+01
    endloop
  endfacet
  facet normal 3.826834e-01 -9.238795e-01 0.000000e+00
    outer loop
      vertex   2.217183e+02 1.513568e+03 1.230357e+01
      vertex   2.222368e+02 1.513783e+03 2.460714e+01
      vertex   2.217183e+02 1.513568e+03 2.460714e+01
    endloop
  endfacet
  facet normal 6.087614e-01 -7.933533e-01 0.000000e+00
    outer loop
      vertex   2.217183e+02 1.513568e+03 1.230357e+01
      vertex   2.217183e+02 1.513568e+03 2.460714e+01
      vertex   2.212730e+02 1.513227e+03 1.230357e+01
    endloop
  endfacet
  facet normal 6.087614e-01 -7.933533e-01 0.000000e+00
    outer loop
      vertex   2.212730e+02 1.513227e+03 1.230357e+01
      vertex   2.217183e+02 1.513568e+03 2.460714e+01
      vertex   2.212730e+02 1.513227e+03 2.460714e+01
    endloop
  endfacet
  facet normal 7.933533e-01 -6.087614e-01 0.000000e+00
    outer loop
      vertex   2.212730e+02 1.513227e+03 1.230357e+01
      vertex   2.212730e+02 1.513227e+03 2.460714e+01
      vertex   2.209313e+02 1.512781e+03 1.230357e+01
    endloop
  endfacet
  facet normal 7.933533e-01 -6.087614e-01 0.000000e+00
    outer loop
      vertex   2.209313e+02 1.512781e+03 1.230357e+01
      vertex   2.212730e+02 1.513227e+03 2.460714e+01
      vertex   2.209313e+02 1.512781e+03 2.460714e+01
    endloop
  endfacet
  facet normal 9.238795e-01 -3.826834e-01 0.000000e+00
    outer loop
      vertex   2.209313e+02 1.512781e+03 1.230357e+01
      vertex   2.209313e+02 1.512781e+03 2.460714e+01
      vertex   2.207165e+02 1.512263e+03 1.230357e+01
    endloop
  endfacet
  facet normal 9.238795e-01 -3.826834e-01 0.000000e+00
    outer loop
      vertex   2.207165e+02 1.512263e+03 1.230357e+01
      vertex   2.209313e+02 1.512781e+03 2.460714e+01
      vertex   2.207165e+02 1.512263e+03 2.460714e+01
    endloop
  endfacet
  facet normal -6.626200e-01 -0.000000e+00 -7.489557e-01
    outer loop
      vertex   2.217515e+02 1.507175e+03 3.548127e+01
      vertex   2.227972e+02 1.507056e+03 3.455610e+01
      vertex   2.217515e+02 1.484341e+03 3.548127e+01
    endloop
  endfacet
  facet normal -6.626200e-01 9.714865e-16 -7.489557e-01
    outer loop
      vertex   2.217515e+02 1.484341e+03 3.548127e+01
      vertex   2.227972e+02 1.507056e+03 3.455610e+01
      vertex   2.238427e+02 1.507176e+03 3.363111e+01
    endloop
  endfacet
  facet normal -6.626200e-01 5.314831e-16 -7.489557e-01
    outer loop
      vertex   2.217515e+02 1.484341e+03 3.548127e+01
      vertex   2.238427e+02 1.507176e+03 3.363111e+01
      vertex   2.257217e+02 1.483404e+03 3.196875e+01
    endloop
  endfacet
  facet normal -6.626200e-01 8.233584e-17 -7.489557e-01
    outer loop
      vertex   2.257217e+02 1.483404e+03 3.196875e+01
      vertex   2.238427e+02 1.507176e+03 3.363111e+01
      vertex   2.248345e+02 1.507528e+03 3.275368e+01
    endloop
  endfacet
  facet normal -6.626200e-01 0.000000e+00 -7.489557e-01
    outer loop
      vertex   2.257217e+02 1.483404e+03 3.196875e+01
      vertex   2.248345e+02 1.507528e+03 3.275368e+01
      vertex   2.257217e+02 1.508094e+03 3.196875e+01
    endloop
  endfacet
  facet normal -5.787326e-01 3.350132e-01 -7.435286e-01
    outer loop
      vertex   2.257217e+02 1.483404e+03 3.196875e+01
      vertex   2.085254e+02 1.449012e+03 2.985731e+01
      vertex   2.217515e+02 1.484341e+03 3.548127e+01
    endloop
  endfacet
  facet normal -5.787326e-01 3.350132e-01 -7.435286e-01
    outer loop
      vertex   2.217515e+02 1.484341e+03 3.548127e+01
      vertex   2.085254e+02 1.449012e+03 2.985731e+01
      vertex   2.079029e+02 1.449837e+03 3.071378e+01
    endloop
  endfacet
  facet normal -5.787326e-01 3.350132e-01 -7.435286e-01
    outer loop
      vertex   2.217515e+02 1.484341e+03 3.548127e+01
      vertex   2.079029e+02 1.449837e+03 3.071378e+01
      vertex   2.071134e+02 1.450505e+03 3.162908e+01
    endloop
  endfacet
  facet normal -5.787326e-01 3.350132e-01 -7.435286e-01
    outer loop
      vertex   2.071134e+02 1.450505e+03 3.162908e+01
      vertex   2.061959e+02 1.450981e+03 3.255796e+01
      vertex   2.217515e+02 1.484341e+03 3.548127e+01
    endloop
  endfacet
  facet normal -5.787326e-01 3.350132e-01 -7.435286e-01
    outer loop
      vertex   2.217515e+02 1.484341e+03 3.548127e+01
      vertex   2.061959e+02 1.450981e+03 3.255796e+01
      vertex   2.217515e+02 1.484355e+03 3.548730e+01
    endloop
  endfacet
  facet normal -5.787326e-01 3.350132e-01 -7.435286e-01
    outer loop
      vertex   2.217515e+02 1.484355e+03 3.548730e+01
      vertex   2.061959e+02 1.450981e+03 3.255796e+01
      vertex   2.051958e+02 1.451243e+03 3.345451e+01
    endloop
  endfacet
  facet normal -8.944272e-01 4.472136e-01 0.000000e+00
    outer loop
      vertex   2.051958e+02 1.451243e+03 3.345451e+01
      vertex   2.051958e+02 1.451243e+03 3.448603e+01
      vertex   2.217515e+02 1.484355e+03 3.548730e+01
    endloop
  endfacet
  facet normal -8.944272e-01 4.472136e-01 0.000000e+00
    outer loop
      vertex   2.217515e+02 1.484355e+03 3.548730e+01
      vertex   2.051958e+02 1.451243e+03 3.448603e+01
      vertex   2.217515e+02 1.484355e+03 3.651882e+01
    endloop
  endfacet
  facet normal 1.218693e-01 9.343571e-14 -9.925462e-01
    outer loop
      vertex   2.085254e+02 1.449012e+03 2.985731e+01
      vertex   2.257217e+02 1.483404e+03 3.196875e+01
      vertex   2.085302e+02 1.449003e+03 2.985790e+01
    endloop
  endfacet
  facet normal 1.218693e-01 3.935115e-14 -9.925462e-01
    outer loop
      vertex   2.085302e+02 1.449003e+03 2.985790e+01
      vertex   2.257217e+02 1.483404e+03 3.196875e+01
      vertex   2.085350e+02 1.448995e+03 2.985849e+01
    endloop
  endfacet
  facet normal 1.218693e-01 -2.000248e-13 -9.925462e-01
    outer loop
      vertex   2.085350e+02 1.448995e+03 2.985849e+01
      vertex   2.257217e+02 1.483404e+03 3.196875e+01
      vertex   2.085398e+02 1.448987e+03 2.985908e+01
    endloop
  endfacet
  facet normal 1.218693e-01 1.076355e-13 -9.925462e-01
    outer loop
      vertex   2.085398e+02 1.448987e+03 2.985908e+01
      vertex   2.257217e+02 1.483404e+03 3.196875e+01
      vertex   2.257515e+02 1.483411e+03 3.197241e+01
    endloop
  endfacet
  facet normal 1.218693e-01 0.000000e+00 -9.925462e-01
    outer loop
      vertex   2.257515e+02 1.483411e+03 3.197241e+01
      vertex   2.257217e+02 1.483404e+03 3.196875e+01
      vertex   2.257217e+02 1.508094e+03 3.196875e+01
    endloop
  endfacet
  facet normal 1.218693e-01 1.528172e-16 -9.925462e-01
    outer loop
      vertex   2.257515e+02 1.483411e+03 3.197241e+01
      vertex   2.257217e+02 1.508094e+03 3.196875e+01
      vertex   2.257317e+02 1.508102e+03 3.196997e+01
    endloop
  endfacet
  facet normal 1.218693e-01 3.889281e-18 -9.925462e-01
    outer loop
      vertex   2.257317e+02 1.508102e+03 3.196997e+01
      vertex   2.257416e+02 1.508111e+03 3.197119e+01
      vertex   2.257515e+02 1.483411e+03 3.197241e+01
    endloop
  endfacet
  facet normal 1.218693e-01 0.000000e+00 -9.925462e-01
    outer loop
      vertex   2.257515e+02 1.483411e+03 3.197241e+01
      vertex   2.257416e+02 1.508111e+03 3.197119e+01
      vertex   2.257515e+02 1.508119e+03 3.197241e+01
    endloop
  endfacet
  facet normal -1.000000e+00 0.000000e+00 0.000000e+00
    outer loop
      vertex   2.217515e+02 1.484341e+03 3.548127e+01
      vertex   2.217515e+02 1.484355e+03 3.548730e+01
      vertex   2.217515e+02 1.507175e+03 3.548127e+01
    endloop
  endfacet
  facet normal -1.000000e+00 0.000000e+00 0.000000e+00
    outer loop
      vertex   2.217515e+02 1.507175e+03 3.548127e+01
      vertex   2.217515e+02 1.484355e+03 3.548730e+01
      vertex   2.217515e+02 1.507175e+03 3.651882e+01
    endloop
  endfacet
  facet normal -1.000000e+00 -0.000000e+00 0.000000e+00
    outer loop
      vertex   2.217515e+02 1.507175e+03 3.651882e+01
      vertex   2.217515e+02 1.484355e+03 3.548730e+01
      vertex   2.217515e+02 1.484355e+03 3.651882e+01
    endloop
  endfacet
  facet normal 9.914449e-01 -1.305262e-01 2.470867e-15
    outer loop
      vertex   1.987451e+02 1.563492e+03 0.000000e+00
      vertex   1.987451e+02 1.563492e+03 1.140432e+01
      vertex   1.986718e+02 1.562936e+03 0.000000e+00
    endloop
  endfacet
  facet normal 9.914449e-01 -1.305262e-01 0.000000e+00
    outer loop
      vertex   1.986718e+02 1.562936e+03 0.000000e+00
      vertex   1.987451e+02 1.563492e+03 1.140432e+01
      vertex   1.986718e+02 1.562936e+03 1.140432e+01
    endloop
  endfacet
  facet normal 9.914449e-01 1.305262e-01 -0.000000e+00
    outer loop
      vertex   1.986718e+02 1.562936e+03 0.000000e+00
      vertex   1.986718e+02 1.562936e+03 1.140432e+01
      vertex   1.987451e+02 1.562379e+03 0.000000e+00
    endloop
  endfacet
  facet normal 9.914449e-01 1.305262e-01 2.470867e-15
    outer loop
      vertex   1.987451e+02 1.562379e+03 0.000000e+00
      vertex   1.986718e+02 1.562936e+03 1.140432e+01
      vertex   1.987451e+02 1.562379e+03 1.140432e+01
    endloop
  endfacet
  facet normal 9.238795e-01 3.826834e-01 2.302481e-15
    outer loop
      vertex   1.987451e+02 1.562379e+03 0.000000e+00
      vertex   1.987451e+02 1.562379e+03 1.140432e+01
      vertex   1.989599e+02 1.561861e+03 0.000000e+00
    endloop
  endfacet
  facet normal 9.238795e-01 3.826834e-01 6.907444e-15
    outer loop
      vertex   1.989599e+02 1.561861e+03 0.000000e+00
      vertex   1.987451e+02 1.562379e+03 1.140432e+01
      vertex   1.989599e+02 1.561861e+03 1.140432e+01
    endloop
  endfacet
  facet normal 7.933533e-01 6.087614e-01 5.931556e-15
    outer loop
      vertex   1.989599e+02 1.561861e+03 0.000000e+00
      vertex   1.989599e+02 1.561861e+03 1.140432e+01
      vertex   1.993015e+02 1.561416e+03 0.000000e+00
    endloop
  endfacet
  facet normal 7.933533e-01 6.087614e-01 -1.977185e-15
    outer loop
      vertex   1.993015e+02 1.561416e+03 0.000000e+00
      vertex   1.989599e+02 1.561861e+03 1.140432e+01
      vertex   1.993015e+02 1.561416e+03 1.140432e+01
    endloop
  endfacet
  facet normal 6.087614e-01 7.933533e-01 -1.517148e-15
    outer loop
      vertex   1.993015e+02 1.561416e+03 0.000000e+00
      vertex   1.993015e+02 1.561416e+03 1.140432e+01
      vertex   1.997468e+02 1.561074e+03 0.000000e+00
    endloop
  endfacet
  facet normal 6.087614e-01 7.933533e-01 -3.034295e-15
    outer loop
      vertex   1.997468e+02 1.561074e+03 0.000000e+00
      vertex   1.993015e+02 1.561416e+03 1.140432e+01
      vertex   1.997468e+02 1.561074e+03 1.140432e+01
    endloop
  endfacet
  facet normal 3.826834e-01 9.238795e-01 -1.907438e-15
    outer loop
      vertex   1.997468e+02 1.561074e+03 0.000000e+00
      vertex   1.997468e+02 1.561074e+03 1.140432e+01
      vertex   2.002654e+02 1.560859e+03 0.000000e+00
    endloop
  endfacet
  facet normal 3.826834e-01 9.238795e-01 -0.000000e+00
    outer loop
      vertex   2.002654e+02 1.560859e+03 0.000000e+00
      vertex   1.997468e+02 1.561074e+03 1.140432e+01
      vertex   2.002654e+02 1.560859e+03 1.140432e+01
    endloop
  endfacet
  facet normal 1.305262e-01 9.914449e-01 -0.000000e+00
    outer loop
      vertex   2.002654e+02 1.560859e+03 0.000000e+00
      vertex   2.002654e+02 1.560859e+03 1.140432e+01
      vertex   2.008218e+02 1.560786e+03 0.000000e+00
    endloop
  endfacet
  facet normal 1.305262e-01 9.914449e-01 -0.000000e+00
    outer loop
      vertex   2.008218e+02 1.560786e+03 0.000000e+00
      vertex   2.002654e+02 1.560859e+03 1.140432e+01
      vertex   2.008218e+02 1.560786e+03 1.140432e+01
    endloop
  endfacet
  facet normal -1.305262e-01 9.914449e-01 0.000000e+00
    outer loop
      vertex   2.008218e+02 1.560786e+03 0.000000e+00
      vertex   2.008218e+02 1.560786e+03 1.140432e+01
      vertex   2.013783e+02 1.560859e+03 0.000000e+00
    endloop
  endfacet
  facet normal -1.305262e-01 9.914449e-01 0.000000e+00
    outer loop
      vertex   2.013783e+02 1.560859e+03 0.000000e+00
      vertex   2.008218e+02 1.560786e+03 1.140432e+01
      vertex   2.013783e+02 1.560859e+03 1.140432e+01
    endloop
  endfacet
  facet normal -3.826834e-01 9.238795e-01 0.000000e+00
    outer loop
      vertex   2.013783e+02 1.560859e+03 0.000000e+00
      vertex   2.013783e+02 1.560859e+03 1.140432e+01
      vertex   2.018968e+02 1.561074e+03 0.000000e+00
    endloop
  endfacet
  facet normal -3.826834e-01 9.238795e-01 -2.861157e-15
    outer loop
      vertex   2.018968e+02 1.561074e+03 0.000000e+00
      vertex   2.013783e+02 1.560859e+03 1.140432e+01
      vertex   2.018968e+02 1.561074e+03 1.140432e+01
    endloop
  endfacet
  facet normal -6.087614e-01 7.933533e-01 -4.551443e-15
    outer loop
      vertex   2.018968e+02 1.561074e+03 0.000000e+00
      vertex   2.018968e+02 1.561074e+03 1.140432e+01
      vertex   2.023421e+02 1.561416e+03 0.000000e+00
    endloop
  endfacet
  facet normal -6.087614e-01 7.933533e-01 -1.517148e-15
    outer loop
      vertex   2.023421e+02 1.561416e+03 0.000000e+00
      vertex   2.018968e+02 1.561074e+03 1.140432e+01
      vertex   2.023421e+02 1.561416e+03 1.140432e+01
    endloop
  endfacet
  facet normal -7.933533e-01 6.087614e-01 -1.977185e-15
    outer loop
      vertex   2.023421e+02 1.561416e+03 0.000000e+00
      vertex   2.023421e+02 1.561416e+03 1.140432e+01
      vertex   2.026838e+02 1.561861e+03 0.000000e+00
    endloop
  endfacet
  facet normal -7.933533e-01 6.087614e-01 3.954371e-15
    outer loop
      vertex   2.026838e+02 1.561861e+03 0.000000e+00
      vertex   2.023421e+02 1.561416e+03 1.140432e+01
      vertex   2.026838e+02 1.561861e+03 1.140432e+01
    endloop
  endfacet
  facet normal -9.238795e-01 3.826834e-01 4.604962e-15
    outer loop
      vertex   2.026838e+02 1.561861e+03 0.000000e+00
      vertex   2.026838e+02 1.561861e+03 1.140432e+01
      vertex   2.028986e+02 1.562379e+03 0.000000e+00
    endloop
  endfacet
  facet normal -9.238795e-01 3.826834e-01 4.604962e-15
    outer loop
      vertex   2.028986e+02 1.562379e+03 0.000000e+00
      vertex   2.026838e+02 1.561861e+03 1.140432e+01
      vertex   2.028986e+02 1.562379e+03 1.140432e+01
    endloop
  endfacet
  facet normal -9.914449e-01 1.305262e-01 4.941733e-15
    outer loop
      vertex   2.028986e+02 1.562379e+03 0.000000e+00
      vertex   2.028986e+02 1.562379e+03 1.140432e+01
      vertex   2.029718e+02 1.562936e+03 0.000000e+00
    endloop
  endfacet
  facet normal -9.914449e-01 1.305262e-01 0.000000e+00
    outer loop
      vertex   2.029718e+02 1.562936e+03 0.000000e+00
      vertex   2.028986e+02 1.562379e+03 1.140432e+01
      vertex   2.029718e+02 1.562936e+03 1.140432e+01
    endloop
  endfacet
  facet normal -9.914449e-01 -1.305262e-01 0.000000e+00
    outer loop
      vertex   2.029718e+02 1.562936e+03 0.000000e+00
      vertex   2.029718e+02 1.562936e+03 1.140432e+01
      vertex   2.028986e+02 1.563492e+03 0.000000e+00
    endloop
  endfacet
  facet normal -9.914449e-01 -1.305262e-01 4.941733e-15
    outer loop
      vertex   2.028986e+02 1.563492e+03 0.000000e+00
      vertex   2.029718e+02 1.562936e+03 1.140432e+01
      vertex   2.028986e+02 1.563492e+03 1.140432e+01
    endloop
  endfacet
  facet normal -9.238795e-01 -3.826834e-01 4.604962e-15
    outer loop
      vertex   2.028986e+02 1.563492e+03 0.000000e+00
      vertex   2.028986e+02 1.563492e+03 1.140432e+01
      vertex   2.026838e+02 1.564011e+03 0.000000e+00
    endloop
  endfacet
  facet normal -9.238795e-01 -3.826834e-01 4.604962e-15
    outer loop
      vertex   2.026838e+02 1.564011e+03 0.000000e+00
      vertex   2.028986e+02 1.563492e+03 1.140432e+01
      vertex   2.026838e+02 1.564011e+03 1.140432e+01
    endloop
  endfacet
  facet normal -7.933533e-01 -6.087614e-01 3.954371e-15
    outer loop
      vertex   2.026838e+02 1.564011e+03 0.000000e+00
      vertex   2.026838e+02 1.564011e+03 1.140432e+01
      vertex   2.023421e+02 1.564456e+03 0.000000e+00
    endloop
  endfacet
  facet normal -7.933533e-01 -6.087614e-01 -1.977185e-15
    outer loop
      vertex   2.023421e+02 1.564456e+03 0.000000e+00
      vertex   2.026838e+02 1.564011e+03 1.140432e+01
      vertex   2.023421e+02 1.564456e+03 1.140432e+01
    endloop
  endfacet
  facet normal -6.087614e-01 -7.933533e-01 -1.517148e-15
    outer loop
      vertex   2.023421e+02 1.564456e+03 0.000000e+00
      vertex   2.023421e+02 1.564456e+03 1.140432e+01
      vertex   2.018968e+02 1.564798e+03 0.000000e+00
    endloop
  endfacet
  facet normal -6.087614e-01 -7.933533e-01 -4.551443e-15
    outer loop
      vertex   2.018968e+02 1.564798e+03 0.000000e+00
      vertex   2.023421e+02 1.564456e+03 1.140432e+01
      vertex   2.018968e+02 1.564798e+03 1.140432e+01
    endloop
  endfacet
  facet normal -3.826834e-01 -9.238795e-01 -2.861157e-15
    outer loop
      vertex   2.018968e+02 1.564798e+03 0.000000e+00
      vertex   2.018968e+02 1.564798e+03 1.140432e+01
      vertex   2.013783e+02 1.565013e+03 0.000000e+00
    endloop
  endfacet
  facet normal -3.826834e-01 -9.238795e-01 0.000000e+00
    outer loop
      vertex   2.013783e+02 1.565013e+03 0.000000e+00
      vertex   2.018968e+02 1.564798e+03 1.140432e+01
      vertex   2.013783e+02 1.565013e+03 1.140432e+01
    endloop
  endfacet
  facet normal -1.305262e-01 -9.914449e-01 0.000000e+00
    outer loop
      vertex   2.013783e+02 1.565013e+03 0.000000e+00
      vertex   2.013783e+02 1.565013e+03 1.140432e+01
      vertex   2.008218e+02 1.565086e+03 0.000000e+00
    endloop
  endfacet
  facet normal -1.305262e-01 -9.914449e-01 0.000000e+00
    outer loop
      vertex   2.008218e+02 1.565086e+03 0.000000e+00
      vertex   2.013783e+02 1.565013e+03 1.140432e+01
      vertex   2.008218e+02 1.565086e+03 1.140432e+01
    endloop
  endfacet
  facet normal 1.305262e-01 -9.914449e-01 0.000000e+00
    outer loop
      vertex   2.008218e+02 1.565086e+03 0.000000e+00
      vertex   2.008218e+02 1.565086e+03 1.140432e+01
      vertex   2.002654e+02 1.565013e+03 0.000000e+00
    endloop
  endfacet
  facet normal 1.305262e-01 -9.914449e-01 0.000000e+00
    outer loop
      vertex   2.002654e+02 1.565013e+03 0.000000e+00
      vertex   2.008218e+02 1.565086e+03 1.140432e+01
      vertex   2.002654e+02 1.565013e+03 1.140432e+01
    endloop
  endfacet
  facet normal 3.826834e-01 -9.238795e-01 0.000000e+00
    outer loop
      vertex   2.002654e+02 1.565013e+03 0.000000e+00
      vertex   2.002654e+02 1.565013e+03 1.140432e+01
      vertex   1.997468e+02 1.564798e+03 0.000000e+00
    endloop
  endfacet
  facet normal 3.826834e-01 -9.238795e-01 -1.907438e-15
    outer loop
      vertex   1.997468e+02 1.564798e+03 0.000000e+00
      vertex   2.002654e+02 1.565013e+03 1.140432e+01
      vertex   1.997468e+02 1.564798e+03 1.140432e+01
    endloop
  endfacet
  facet normal 6.087614e-01 -7.933533e-01 -3.034295e-15
    outer loop
      vertex   1.997468e+02 1.564798e+03 0.000000e+00
      vertex   1.997468e+02 1.564798e+03 1.140432e+01
      vertex   1.993015e+02 1.564456e+03 0.000000e+00
    endloop
  endfacet
  facet normal 6.087614e-01 -7.933533e-01 -1.517148e-15
    outer loop
      vertex   1.993015e+02 1.564456e+03 0.000000e+00
      vertex   1.997468e+02 1.564798e+03 1.140432e+01
      vertex   1.993015e+02 1.564456e+03 1.140432e+01
    endloop
  endfacet
  facet normal 7.933533e-01 -6.087614e-01 -1.977185e-15
    outer loop
      vertex   1.993015e+02 1.564456e+03 0.000000e+00
      vertex   1.993015e+02 1.564456e+03 1.140432e+01
      vertex   1.989599e+02 1.564011e+03 0.000000e+00
    endloop
  endfacet
  facet normal 7.933533e-01 -6.087614e-01 5.931556e-15
    outer loop
      vertex   1.989599e+02 1.564011e+03 0.000000e+00
      vertex   1.993015e+02 1.564456e+03 1.140432e+01
      vertex   1.989599e+02 1.564011e+03 1.140432e+01
    endloop
  endfacet
  facet normal 9.238795e-01 -3.826834e-01 6.907444e-15
    outer loop
      vertex   1.989599e+02 1.564011e+03 0.000000e+00
      vertex   1.989599e+02 1.564011e+03 1.140432e+01
      vertex   1.987451e+02 1.563492e+03 0.000000e+00
    endloop
  endfacet
  facet normal 9.238795e-01 -3.826834e-01 2.302481e-15
    outer loop
      vertex   1.987451e+02 1.563492e+03 0.000000e+00
      vertex   1.989599e+02 1.564011e+03 1.140432e+01
      vertex   1.987451e+02 1.563492e+03 1.140432e+01
    endloop
  endfacet
  facet normal 9.914449e-01 1.305262e-01 -2.588670e-15
    outer loop
      vertex   1.987451e+02 1.562379e+03 3.369399e+01
      vertex   1.987451e+02 1.562379e+03 2.280864e+01
      vertex   1.986718e+02 1.562936e+03 3.368499e+01
    endloop
  endfacet
  facet normal 9.914449e-01 1.305262e-01 0.000000e+00
    outer loop
      vertex   1.986718e+02 1.562936e+03 3.368499e+01
      vertex   1.987451e+02 1.562379e+03 2.280864e+01
      vertex   1.986718e+02 1.562936e+03 2.280864e+01
    endloop
  endfacet
  facet normal 9.914449e-01 -1.305262e-01 0.000000e+00
    outer loop
      vertex   1.986718e+02 1.562936e+03 3.368499e+01
      vertex   1.986718e+02 1.562936e+03 2.280864e+01
      vertex   1.987451e+02 1.563492e+03 2.280864e+01
    endloop
  endfacet
  facet normal 9.914449e-01 -1.305262e-01 0.000000e+00
    outer loop
      vertex   1.987451e+02 1.563492e+03 2.280864e+01
      vertex   1.986718e+02 1.562936e+03 2.280864e+01
      vertex   1.986718e+02 1.562936e+03 1.140432e+01
    endloop
  endfacet
  facet normal 9.914449e-01 -1.305262e-01 0.000000e+00
    outer loop
      vertex   1.987451e+02 1.563492e+03 2.280864e+01
      vertex   1.986718e+02 1.562936e+03 1.140432e+01
      vertex   1.987451e+02 1.563492e+03 1.140432e+01
    endloop
  endfacet
  facet normal 9.238795e-01 3.826834e-01 -2.412256e-15
    outer loop
      vertex   1.987451e+02 1.562379e+03 2.280864e+01
      vertex   1.987451e+02 1.562379e+03 3.369399e+01
      vertex   1.989599e+02 1.561861e+03 2.280864e+01
    endloop
  endfacet
  facet normal 9.238795e-01 3.826834e-01 -7.219278e-15
    outer loop
      vertex   1.989599e+02 1.561861e+03 2.280864e+01
      vertex   1.987451e+02 1.562379e+03 3.369399e+01
      vertex   1.989599e+02 1.561861e+03 3.372036e+01
    endloop
  endfacet
  facet normal 7.933533e-01 6.087614e-01 -6.199335e-15
    outer loop
      vertex   1.989599e+02 1.561861e+03 2.280864e+01
      vertex   1.989599e+02 1.561861e+03 3.372036e+01
      vertex   1.993015e+02 1.561416e+03 2.280864e+01
    endloop
  endfacet
  facet normal 7.933533e-01 6.087614e-01 2.058530e-15
    outer loop
      vertex   1.993015e+02 1.561416e+03 2.280864e+01
      vertex   1.989599e+02 1.561861e+03 3.372036e+01
      vertex   1.993015e+02 1.561416e+03 3.376231e+01
    endloop
  endfacet
  facet normal 6.087614e-01 7.933533e-01 1.579566e-15
    outer loop
      vertex   1.993015e+02 1.561416e+03 2.280864e+01
      vertex   1.993015e+02 1.561416e+03 3.376231e+01
      vertex   1.997468e+02 1.561074e+03 2.280864e+01
    endloop
  endfacet
  facet normal 6.087614e-01 7.933533e-01 3.143442e-15
    outer loop
      vertex   1.997468e+02 1.561074e+03 2.280864e+01
      vertex   1.993015e+02 1.561416e+03 3.376231e+01
      vertex   1.997468e+02 1.561074e+03 3.381698e+01
    endloop
  endfacet
  facet normal 3.826834e-01 9.238795e-01 1.976050e-15
    outer loop
      vertex   1.997468e+02 1.561074e+03 2.280864e+01
      vertex   1.997468e+02 1.561074e+03 3.381698e+01
      vertex   2.002654e+02 1.560859e+03 2.280864e+01
    endloop
  endfacet
  facet normal 3.826834e-01 9.238795e-01 -0.000000e+00
    outer loop
      vertex   2.002654e+02 1.560859e+03 2.280864e+01
      vertex   1.997468e+02 1.561074e+03 3.381698e+01
      vertex   2.002654e+02 1.560859e+03 3.388065e+01
    endloop
  endfacet
  facet normal 1.305262e-01 9.914449e-01 -0.000000e+00
    outer loop
      vertex   2.002654e+02 1.560859e+03 2.280864e+01
      vertex   2.002654e+02 1.560859e+03 3.388065e+01
      vertex   2.008218e+02 1.560786e+03 2.280864e+01
    endloop
  endfacet
  facet normal 1.305262e-01 9.914449e-01 -0.000000e+00
    outer loop
      vertex   2.008218e+02 1.560786e+03 2.280864e+01
      vertex   2.002654e+02 1.560859e+03 3.388065e+01
      vertex   2.008218e+02 1.560786e+03 3.394898e+01
    endloop
  endfacet
  facet normal -1.305262e-01 9.914449e-01 0.000000e+00
    outer loop
      vertex   2.008218e+02 1.560786e+03 2.280864e+01
      vertex   2.008218e+02 1.560786e+03 3.394898e+01
      vertex   2.013783e+02 1.560859e+03 2.280864e+01
    endloop
  endfacet
  facet normal -1.305262e-01 9.914449e-01 0.000000e+00
    outer loop
      vertex   2.013783e+02 1.560859e+03 2.280864e+01
      vertex   2.008218e+02 1.560786e+03 3.394898e+01
      vertex   2.013783e+02 1.560859e+03 3.401730e+01
    endloop
  endfacet
  facet normal -3.826834e-01 9.238795e-01 0.000000e+00
    outer loop
      vertex   2.013783e+02 1.560859e+03 2.280864e+01
      vertex   2.013783e+02 1.560859e+03 3.401730e+01
      vertex   2.018968e+02 1.561074e+03 2.280864e+01
    endloop
  endfacet
  facet normal -3.826834e-01 9.238795e-01 2.894660e-15
    outer loop
      vertex   2.018968e+02 1.561074e+03 2.280864e+01
      vertex   2.013783e+02 1.560859e+03 3.401730e+01
      vertex   2.018968e+02 1.561074e+03 3.408097e+01
    endloop
  endfacet
  facet normal -6.087614e-01 7.933533e-01 4.604738e-15
    outer loop
      vertex   2.018968e+02 1.561074e+03 2.280864e+01
      vertex   2.018968e+02 1.561074e+03 3.408097e+01
      vertex   2.023421e+02 1.561416e+03 2.280864e+01
    endloop
  endfacet
  facet normal -6.087614e-01 7.933533e-01 1.527504e-15
    outer loop
      vertex   2.023421e+02 1.561416e+03 2.280864e+01
      vertex   2.018968e+02 1.561074e+03 3.408097e+01
      vertex   2.023421e+02 1.561416e+03 3.413564e+01
    endloop
  endfacet
  facet normal -7.933533e-01 6.087614e-01 1.990682e-15
    outer loop
      vertex   2.023421e+02 1.561416e+03 2.280864e+01
      vertex   2.023421e+02 1.561416e+03 3.413564e+01
      vertex   2.026838e+02 1.561861e+03 2.280864e+01
    endloop
  endfacet
  facet normal -7.933533e-01 6.087614e-01 -3.966672e-15
    outer loop
      vertex   2.026838e+02 1.561861e+03 2.280864e+01
      vertex   2.023421e+02 1.561416e+03 3.413564e+01
      vertex   2.026838e+02 1.561861e+03 3.417760e+01
    endloop
  endfacet
  facet normal -9.238795e-01 3.826834e-01 -4.619288e-15
    outer loop
      vertex   2.026838e+02 1.561861e+03 2.280864e+01
      vertex   2.026838e+02 1.561861e+03 3.417760e+01
      vertex   2.028986e+02 1.562379e+03 2.280864e+01
    endloop
  endfacet
  facet normal -9.238795e-01 3.826834e-01 -4.608597e-15
    outer loop
      vertex   2.028986e+02 1.562379e+03 2.280864e+01
      vertex   2.026838e+02 1.561861e+03 3.417760e+01
      vertex   2.028986e+02 1.562379e+03 3.420397e+01
    endloop
  endfacet
  facet normal -9.914449e-01 1.305262e-01 -4.945634e-15
    outer loop
      vertex   2.028986e+02 1.562379e+03 2.280864e+01
      vertex   2.028986e+02 1.562379e+03 3.420397e+01
      vertex   2.029718e+02 1.562936e+03 2.280864e+01
    endloop
  endfacet
  facet normal -9.914449e-01 1.305262e-01 0.000000e+00
    outer loop
      vertex   2.029718e+02 1.562936e+03 2.280864e+01
      vertex   2.028986e+02 1.562379e+03 3.420397e+01
      vertex   2.029718e+02 1.562936e+03 3.421296e+01
    endloop
  endfacet
  facet normal -9.914449e-01 -1.305262e-01 0.000000e+00
    outer loop
      vertex   2.029718e+02 1.562936e+03 2.280864e+01
      vertex   2.029718e+02 1.562936e+03 3.421296e+01
      vertex   2.028986e+02 1.563492e+03 3.420397e+01
    endloop
  endfacet
  facet normal -9.914449e-01 -1.305262e-01 -4.946146e-15
    outer loop
      vertex   2.029718e+02 1.562936e+03 2.280864e+01
      vertex   2.028986e+02 1.563492e+03 3.420397e+01
      vertex   2.028986e+02 1.563492e+03 2.280864e+01
    endloop
  endfacet
  facet normal -9.238795e-01 -3.826834e-01 -4.608597e-15
    outer loop
      vertex   2.028986e+02 1.563492e+03 2.280864e+01
      vertex   2.028986e+02 1.563492e+03 3.420397e+01
      vertex   2.026838e+02 1.564011e+03 3.417760e+01
    endloop
  endfacet
  facet normal -9.238795e-01 -3.826834e-01 -4.619427e-15
    outer loop
      vertex   2.028986e+02 1.563492e+03 2.280864e+01
      vertex   2.026838e+02 1.564011e+03 3.417760e+01
      vertex   2.026838e+02 1.564011e+03 2.280864e+01
    endloop
  endfacet
  facet normal -7.933533e-01 -6.087614e-01 -3.966672e-15
    outer loop
      vertex   2.026838e+02 1.564011e+03 2.280864e+01
      vertex   2.026838e+02 1.564011e+03 3.417760e+01
      vertex   2.023421e+02 1.564456e+03 3.413564e+01
    endloop
  endfacet
  facet normal -7.933533e-01 -6.087614e-01 1.990829e-15
    outer loop
      vertex   2.026838e+02 1.564011e+03 2.280864e+01
      vertex   2.023421e+02 1.564456e+03 3.413564e+01
      vertex   2.023421e+02 1.564456e+03 2.280864e+01
    endloop
  endfacet
  facet normal -6.087614e-01 -7.933533e-01 1.527504e-15
    outer loop
      vertex   2.023421e+02 1.564456e+03 2.280864e+01
      vertex   2.023421e+02 1.564456e+03 3.413564e+01
      vertex   2.018968e+02 1.564798e+03 3.408097e+01
    endloop
  endfacet
  facet normal -6.087614e-01 -7.933533e-01 4.606380e-15
    outer loop
      vertex   2.023421e+02 1.564456e+03 2.280864e+01
      vertex   2.018968e+02 1.564798e+03 3.408097e+01
      vertex   2.018968e+02 1.564798e+03 2.280864e+01
    endloop
  endfacet
  facet normal -3.826834e-01 -9.238795e-01 2.894660e-15
    outer loop
      vertex   2.018968e+02 1.564798e+03 2.280864e+01
      vertex   2.018968e+02 1.564798e+03 3.408097e+01
      vertex   2.013783e+02 1.565013e+03 3.401730e+01
    endloop
  endfacet
  facet normal -3.826834e-01 -9.238795e-01 0.000000e+00
    outer loop
      vertex   2.018968e+02 1.564798e+03 2.280864e+01
      vertex   2.013783e+02 1.565013e+03 3.401730e+01
      vertex   2.013783e+02 1.565013e+03 2.280864e+01
    endloop
  endfacet
  facet normal -1.305262e-01 -9.914449e-01 0.000000e+00
    outer loop
      vertex   2.013783e+02 1.565013e+03 2.280864e+01
      vertex   2.013783e+02 1.565013e+03 3.401730e+01
      vertex   2.008218e+02 1.565086e+03 3.394898e+01
    endloop
  endfacet
  facet normal -1.305262e-01 -9.914449e-01 0.000000e+00
    outer loop
      vertex   2.013783e+02 1.565013e+03 2.280864e+01
      vertex   2.008218e+02 1.565086e+03 3.394898e+01
      vertex   2.008218e+02 1.565086e+03 2.280864e+01
    endloop
  endfacet
  facet normal 1.305262e-01 -9.914449e-01 0.000000e+00
    outer loop
      vertex   2.008218e+02 1.565086e+03 2.280864e+01
      vertex   2.008218e+02 1.565086e+03 3.394898e+01
      vertex   2.002654e+02 1.565013e+03 3.388065e+01
    endloop
  endfacet
  facet normal 1.305262e-01 -9.914449e-01 0.000000e+00
    outer loop
      vertex   2.008218e+02 1.565086e+03 2.280864e+01
      vertex   2.002654e+02 1.565013e+03 3.388065e+01
      vertex   2.002654e+02 1.565013e+03 2.280864e+01
    endloop
  endfacet
  facet normal 3.826834e-01 -9.238795e-01 0.000000e+00
    outer loop
      vertex   2.002654e+02 1.565013e+03 2.280864e+01
      vertex   2.002654e+02 1.565013e+03 3.388065e+01
      vertex   1.997468e+02 1.564798e+03 3.381698e+01
    endloop
  endfacet
  facet normal 3.826834e-01 -9.238795e-01 1.976582e-15
    outer loop
      vertex   2.002654e+02 1.565013e+03 2.280864e+01
      vertex   1.997468e+02 1.564798e+03 3.381698e+01
      vertex   1.997468e+02 1.564798e+03 2.280864e+01
    endloop
  endfacet
  facet normal 6.087614e-01 -7.933533e-01 3.143442e-15
    outer loop
      vertex   1.997468e+02 1.564798e+03 2.280864e+01
      vertex   1.997468e+02 1.564798e+03 3.381698e+01
      vertex   1.993015e+02 1.564456e+03 3.376231e+01
    endloop
  endfacet
  facet normal 6.087614e-01 -7.933533e-01 1.580129e-15
    outer loop
      vertex   1.997468e+02 1.564798e+03 2.280864e+01
      vertex   1.993015e+02 1.564456e+03 3.376231e+01
      vertex   1.993015e+02 1.564456e+03 2.280864e+01
    endloop
  endfacet
  facet normal 7.933533e-01 -6.087614e-01 2.058530e-15
    outer loop
      vertex   1.993015e+02 1.564456e+03 2.280864e+01
      vertex   1.993015e+02 1.564456e+03 3.376231e+01
      vertex   1.989599e+02 1.564011e+03 3.372036e+01
    endloop
  endfacet
  facet normal 7.933533e-01 -6.087614e-01 -6.199793e-15
    outer loop
      vertex   1.993015e+02 1.564456e+03 2.280864e+01
      vertex   1.989599e+02 1.564011e+03 3.372036e+01
      vertex   1.989599e+02 1.564011e+03 2.280864e+01
    endloop
  endfacet
  facet normal 9.238795e-01 -3.826834e-01 -7.219278e-15
    outer loop
      vertex   1.989599e+02 1.564011e+03 2.280864e+01
      vertex   1.989599e+02 1.564011e+03 3.372036e+01
      vertex   1.987451e+02 1.563492e+03 3.369399e+01
    endloop
  endfacet
  facet normal 9.238795e-01 -3.826834e-01 -2.412329e-15
    outer loop
      vertex   1.989599e+02 1.564011e+03 2.280864e+01
      vertex   1.987451e+02 1.563492e+03 3.369399e+01
      vertex   1.987451e+02 1.563492e+03 2.280864e+01
    endloop
  endfacet
  facet normal 9.914449e-01 -1.305262e-01 -2.588670e-15
    outer loop
      vertex   1.987451e+02 1.563492e+03 2.280864e+01
      vertex   1.987451e+02 1.563492e+03 3.369399e+01
      vertex   1.986718e+02 1.562936e+03 3.368499e+01
    endloop
  endfacet
  facet normal 9.914449e-01 1.305262e-01 -0.000000e+00
    outer loop
      vertex   1.986718e+02 1.562936e+03 1.140432e+01
      vertex   1.986718e+02 1.562936e+03 2.280864e+01
      vertex   1.987451e+02 1.562379e+03 1.140432e+01
    endloop
  endfacet
  facet normal 9.914449e-01 1.305262e-01 -0.000000e+00
    outer loop
      vertex   1.987451e+02 1.562379e+03 1.140432e+01
      vertex   1.986718e+02 1.562936e+03 2.280864e+01
      vertex   1.987451e+02 1.562379e+03 2.280864e+01
    endloop
  endfacet
  facet normal 9.238795e-01 3.826834e-01 -0.000000e+00
    outer loop
      vertex   1.987451e+02 1.562379e+03 1.140432e+01
      vertex   1.987451e+02 1.562379e+03 2.280864e+01
      vertex   1.989599e+02 1.561861e+03 1.140432e+01
    endloop
  endfacet
  facet normal 9.238795e-01 3.826834e-01 -0.000000e+00
    outer loop
      vertex   1.989599e+02 1.561861e+03 1.140432e+01
      vertex   1.987451e+02 1.562379e+03 2.280864e+01
      vertex   1.989599e+02 1.561861e+03 2.280864e+01
    endloop
  endfacet
  facet normal 7.933533e-01 6.087614e-01 -0.000000e+00
    outer loop
      vertex   1.989599e+02 1.561861e+03 1.140432e+01
      vertex   1.989599e+02 1.561861e+03 2.280864e+01
      vertex   1.993015e+02 1.561416e+03 1.140432e+01
    endloop
  endfacet
  facet normal 7.933533e-01 6.087614e-01 -0.000000e+00
    outer loop
      vertex   1.993015e+02 1.561416e+03 1.140432e+01
      vertex   1.989599e+02 1.561861e+03 2.280864e+01
      vertex   1.993015e+02 1.561416e+03 2.280864e+01
    endloop
  endfacet
  facet normal 6.087614e-01 7.933533e-01 -0.000000e+00
    outer loop
      vertex   1.993015e+02 1.561416e+03 1.140432e+01
      vertex   1.993015e+02 1.561416e+03 2.280864e+01
      vertex   1.997468e+02 1.561074e+03 1.140432e+01
    endloop
  endfacet
  facet normal 6.087614e-01 7.933533e-01 -0.000000e+00
    outer loop
      vertex   1.997468e+02 1.561074e+03 1.140432e+01
      vertex   1.993015e+02 1.561416e+03 2.280864e+01
      vertex   1.997468e+02 1.561074e+03 2.280864e+01
    endloop
  endfacet
  facet normal 3.826834e-01 9.238795e-01 -0.000000e+00
    outer loop
      vertex   1.997468e+02 1.561074e+03 1.140432e+01
      vertex   1.997468e+02 1.561074e+03 2.280864e+01
      vertex   2.002654e+02 1.560859e+03 1.140432e+01
    endloop
  endfacet
  facet normal 3.826834e-01 9.238795e-01 -0.000000e+00
    outer loop
      vertex   2.002654e+02 1.560859e+03 1.140432e+01
      vertex   1.997468e+02 1.561074e+03 2.280864e+01
      vertex   2.002654e+02 1.560859e+03 2.280864e+01
    endloop
  endfacet
  facet normal 1.305262e-01 9.914449e-01 -0.000000e+00
    outer loop
      vertex   2.002654e+02 1.560859e+03 1.140432e+01
      vertex   2.002654e+02 1.560859e+03 2.280864e+01
      vertex   2.008218e+02 1.560786e+03 1.140432e+01
    endloop
  endfacet
  facet normal 1.305262e-01 9.914449e-01 -0.000000e+00
    outer loop
      vertex   2.008218e+02 1.560786e+03 1.140432e+01
      vertex   2.002654e+02 1.560859e+03 2.280864e+01
      vertex   2.008218e+02 1.560786e+03 2.280864e+01
    endloop
  endfacet
  facet normal -1.305262e-01 9.914449e-01 0.000000e+00
    outer loop
      vertex   2.008218e+02 1.560786e+03 1.140432e+01
      vertex   2.008218e+02 1.560786e+03 2.280864e+01
      vertex   2.013783e+02 1.560859e+03 1.140432e+01
    endloop
  endfacet
  facet normal -1.305262e-01 9.914449e-01 0.000000e+00
    outer loop
      vertex   2.013783e+02 1.560859e+03 1.140432e+01
      vertex   2.008218e+02 1.560786e+03 2.280864e+01
      vertex   2.013783e+02 1.560859e+03 2.280864e+01
    endloop
  endfacet
  facet normal -3.826834e-01 9.238795e-01 0.000000e+00
    outer loop
      vertex   2.013783e+02 1.560859e+03 1.140432e+01
      vertex   2.013783e+02 1.560859e+03 2.280864e+01
      vertex   2.018968e+02 1.561074e+03 1.140432e+01
    endloop
  endfacet
  facet normal -3.826834e-01 9.238795e-01 0.000000e+00
    outer loop
      vertex   2.018968e+02 1.561074e+03 1.140432e+01
      vertex   2.013783e+02 1.560859e+03 2.280864e+01
      vertex   2.018968e+02 1.561074e+03 2.280864e+01
    endloop
  endfacet
  facet normal -6.087614e-01 7.933533e-01 0.000000e+00
    outer loop
      vertex   2.018968e+02 1.561074e+03 1.140432e+01
      vertex   2.018968e+02 1.561074e+03 2.280864e+01
      vertex   2.023421e+02 1.561416e+03 1.140432e+01
    endloop
  endfacet
  facet normal -6.087614e-01 7.933533e-01 0.000000e+00
    outer loop
      vertex   2.023421e+02 1.561416e+03 1.140432e+01
      vertex   2.018968e+02 1.561074e+03 2.280864e+01
      vertex   2.023421e+02 1.561416e+03 2.280864e+01
    endloop
  endfacet
  facet normal -7.933533e-01 6.087614e-01 0.000000e+00
    outer loop
      vertex   2.023421e+02 1.561416e+03 1.140432e+01
      vertex   2.023421e+02 1.561416e+03 2.280864e+01
      vertex   2.026838e+02 1.561861e+03 1.140432e+01
    endloop
  endfacet
  facet normal -7.933533e-01 6.087614e-01 0.000000e+00
    outer loop
      vertex   2.026838e+02 1.561861e+03 1.140432e+01
      vertex   2.023421e+02 1.561416e+03 2.280864e+01
      vertex   2.026838e+02 1.561861e+03 2.280864e+01
    endloop
  endfacet
  facet normal -9.238795e-01 3.826834e-01 0.000000e+00
    outer loop
      vertex   2.026838e+02 1.561861e+03 1.140432e+01
      vertex   2.026838e+02 1.561861e+03 2.280864e+01
      vertex   2.028986e+02 1.562379e+03 1.140432e+01
    endloop
  endfacet
  facet normal -9.238795e-01 3.826834e-01 0.000000e+00
    outer loop
      vertex   2.028986e+02 1.562379e+03 1.140432e+01
      vertex   2.026838e+02 1.561861e+03 2.280864e+01
      vertex   2.028986e+02 1.562379e+03 2.280864e+01
    endloop
  endfacet
  facet normal -9.914449e-01 1.305262e-01 0.000000e+00
    outer loop
      vertex   2.028986e+02 1.562379e+03 1.140432e+01
      vertex   2.028986e+02 1.562379e+03 2.280864e+01
      vertex   2.029718e+02 1.562936e+03 1.140432e+01
    endloop
  endfacet
  facet normal -9.914449e-01 1.305262e-01 0.000000e+00
    outer loop
      vertex   2.029718e+02 1.562936e+03 1.140432e+01
      vertex   2.028986e+02 1.562379e+03 2.280864e+01
      vertex   2.029718e+02 1.562936e+03 2.280864e+01
    endloop
  endfacet
  facet normal -9.914449e-01 -1.305262e-01 0.000000e+00
    outer loop
      vertex   2.029718e+02 1.562936e+03 1.140432e+01
      vertex   2.029718e+02 1.562936e+03 2.280864e+01
      vertex   2.028986e+02 1.563492e+03 1.140432e+01
    endloop
  endfacet
  facet normal -9.914449e-01 -1.305262e-01 0.000000e+00
    outer loop
      vertex   2.028986e+02 1.563492e+03 1.140432e+01
      vertex   2.029718e+02 1.562936e+03 2.280864e+01
      vertex   2.028986e+02 1.563492e+03 2.280864e+01
    endloop
  endfacet
  facet normal -9.238795e-01 -3.826834e-01 0.000000e+00
    outer loop
      vertex   2.028986e+02 1.563492e+03 1.140432e+01
      vertex   2.028986e+02 1.563492e+03 2.280864e+01
      vertex   2.026838e+02 1.564011e+03 1.140432e+01
    endloop
  endfacet
  facet normal -9.238795e-01 -3.826834e-01 0.000000e+00
    outer loop
      vertex   2.026838e+02 1.564011e+03 1.140432e+01
      vertex   2.028986e+02 1.563492e+03 2.280864e+01
      vertex   2.026838e+02 1.564011e+03 2.280864e+01
    endloop
  endfacet
  facet normal -7.933533e-01 -6.087614e-01 0.000000e+00
    outer loop
      vertex   2.026838e+02 1.564011e+03 1.140432e+01
      vertex   2.026838e+02 1.564011e+03 2.280864e+01
      vertex   2.023421e+02 1.564456e+03 1.140432e+01
    endloop
  endfacet
  facet normal -7.933533e-01 -6.087614e-01 0.000000e+00
    outer loop
      vertex   2.023421e+02 1.564456e+03 1.140432e+01
      vertex   2.026838e+02 1.564011e+03 2.280864e+01
      vertex   2.023421e+02 1.564456e+03 2.280864e+01
    endloop
  endfacet
  facet normal -6.087614e-01 -7.933533e-01 0.000000e+00
    outer loop
      vertex   2.023421e+02 1.564456e+03 1.140432e+01
      vertex   2.023421e+02 1.564456e+03 2.280864e+01
      vertex   2.018968e+02 1.564798e+03 1.140432e+01
    endloop
  endfacet
  facet normal -6.087614e-01 -7.933533e-01 0.000000e+00
    outer loop
      vertex   2.018968e+02 1.564798e+03 1.140432e+01
      vertex   2.023421e+02 1.564456e+03 2.280864e+01
      vertex   2.018968e+02 1.564798e+03 2.280864e+01
    endloop
  endfacet
  facet normal -3.826834e-01 -9.238795e-01 0.000000e+00
    outer loop
      vertex   2.018968e+02 1.564798e+03 1.140432e+01
      vertex   2.018968e+02 1.564798e+03 2.280864e+01
      vertex   2.013783e+02 1.565013e+03 1.140432e+01
    endloop
  endfacet
  facet normal -3.826834e-01 -9.238795e-01 0.000000e+00
    outer loop
      vertex   2.013783e+02 1.565013e+03 1.140432e+01
      vertex   2.018968e+02 1.564798e+03 2.280864e+01
      vertex   2.013783e+02 1.565013e+03 2.280864e+01
    endloop
  endfacet
  facet normal -1.305262e-01 -9.914449e-01 0.000000e+00
    outer loop
      vertex   2.013783e+02 1.565013e+03 1.140432e+01
      vertex   2.013783e+02 1.565013e+03 2.280864e+01
      vertex   2.008218e+02 1.565086e+03 1.140432e+01
    endloop
  endfacet
  facet normal -1.305262e-01 -9.914449e-01 0.000000e+00
    outer loop
      vertex   2.008218e+02 1.565086e+03 1.140432e+01
      vertex   2.013783e+02 1.565013e+03 2.280864e+01
      vertex   2.008218e+02 1.565086e+03 2.280864e+01
    endloop
  endfacet
  facet normal 1.305262e-01 -9.914449e-01 0.000000e+00
    outer loop
      vertex   2.008218e+02 1.565086e+03 1.140432e+01
      vertex   2.008218e+02 1.565086e+03 2.280864e+01
      vertex   2.002654e+02 1.565013e+03 1.140432e+01
    endloop
  endfacet
  facet normal 1.305262e-01 -9.914449e-01 0.000000e+00
    outer loop
      vertex   2.002654e+02 1.565013e+03 1.140432e+01
      vertex   2.008218e+02 1.565086e+03 2.280864e+01
      vertex   2.002654e+02 1.565013e+03 2.280864e+01
    endloop
  endfacet
  facet normal 3.826834e-01 -9.238795e-01 0.000000e+00
    outer loop
      vertex   2.002654e+02 1.565013e+03 1.140432e+01
      vertex   2.002654e+02 1.565013e+03 2.280864e+01
      vertex   1.997468e+02 1.564798e+03 1.140432e+01
    endloop
  endfacet
  facet normal 3.826834e-01 -9.238795e-01 0.000000e+00
    outer loop
      vertex   1.997468e+02 1.564798e+03 1.140432e+01
      vertex   2.002654e+02 1.565013e+03 2.280864e+01
      vertex   1.997468e+02 1.564798e+03 2.280864e+01
    endloop
  endfacet
  facet normal 6.087614e-01 -7.933533e-01 0.000000e+00
    outer loop
      vertex   1.997468e+02 1.564798e+03 1.140432e+01
      vertex   1.997468e+02 1.564798e+03 2.280864e+01
      vertex   1.993015e+02 1.564456e+03 1.140432e+01
    endloop
  endfacet
  facet normal 6.087614e-01 -7.933533e-01 0.000000e+00
    outer loop
      vertex   1.993015e+02 1.564456e+03 1.140432e+01
      vertex   1.997468e+02 1.564798e+03 2.280864e+01
      vertex   1.993015e+02 1.564456e+03 2.280864e+01
    endloop
  endfacet
  facet normal 7.933533e-01 -6.087614e-01 0.000000e+00
    outer loop
      vertex   1.993015e+02 1.564456e+03 1.140432e+01
      vertex   1.993015e+02 1.564456e+03 2.280864e+01
      vertex   1.989599e+02 1.564011e+03 1.140432e+01
    endloop
  endfacet
  facet normal 7.933533e-01 -6.087614e-01 0.000000e+00
    outer loop
      vertex   1.989599e+02 1.564011e+03 1.140432e+01
      vertex   1.993015e+02 1.564456e+03 2.280864e+01
      vertex   1.989599e+02 1.564011e+03 2.280864e+01
    endloop
  endfacet
  facet normal 9.238795e-01 -3.826834e-01 0.000000e+00
    outer loop
      vertex   1.989599e+02 1.564011e+03 1.140432e+01
      vertex   1.989599e+02 1.564011e+03 2.280864e+01
      vertex   1.987451e+02 1.563492e+03 1.140432e+01
    endloop
  endfacet
  facet normal 9.238795e-01 -3.826834e-01 0.000000e+00
    outer loop
      vertex   1.987451e+02 1.563492e+03 1.140432e+01
      vertex   1.989599e+02 1.564011e+03 2.280864e+01
      vertex   1.987451e+02 1.563492e+03 2.280864e+01
    endloop
  endfacet
  facet normal -5.968607e-01 -2.986333e-01 -7.446982e-01
    outer loop
      vertex   2.240479e+02 1.516184e+03 3.176324e+01
      vertex   2.235325e+02 1.516297e+03 3.213093e+01
      vertex   2.048047e+02 1.560536e+03 2.940047e+01
    endloop
  endfacet
  facet normal -5.968607e-01 -2.986333e-01 -7.446982e-01
    outer loop
      vertex   2.048047e+02 1.560536e+03 2.940047e+01
      vertex   2.235325e+02 1.516297e+03 3.213093e+01
      vertex   2.230074e+02 1.516351e+03 3.252998e+01
    endloop
  endfacet
  facet normal -5.968607e-01 -2.986333e-01 -7.446982e-01
    outer loop
      vertex   2.048047e+02 1.560536e+03 2.940047e+01
      vertex   2.230074e+02 1.516351e+03 3.252998e+01
      vertex   2.219560e+02 1.516280e+03 3.340123e+01
    endloop
  endfacet
  facet normal -5.968607e-01 -2.986333e-01 -7.446982e-01
    outer loop
      vertex   2.219560e+02 1.516280e+03 3.340123e+01
      vertex   2.209475e+02 1.515974e+03 3.433222e+01
      vertex   2.048047e+02 1.560536e+03 2.940047e+01
    endloop
  endfacet
  facet normal -5.968607e-01 -2.986333e-01 -7.446982e-01
    outer loop
      vertex   2.048047e+02 1.560536e+03 2.940047e+01
      vertex   2.209475e+02 1.515974e+03 3.433222e+01
      vertex   2.200338e+02 1.515449e+03 3.527514e+01
    endloop
  endfacet
  facet normal -5.968607e-01 -2.986333e-01 -7.446982e-01
    outer loop
      vertex   2.048047e+02 1.560536e+03 2.940047e+01
      vertex   2.200338e+02 1.515449e+03 3.527514e+01
      vertex   2.041712e+02 1.559710e+03 3.023939e+01
    endloop
  endfacet
  facet normal -5.968607e-01 -2.986333e-01 -7.446982e-01
    outer loop
      vertex   2.041712e+02 1.559710e+03 3.023939e+01
      vertex   2.200338e+02 1.515449e+03 3.527514e+01
      vertex   2.033699e+02 1.559046e+03 3.114799e+01
    endloop
  endfacet
  facet normal -5.968607e-01 -2.986333e-01 -7.446982e-01
    outer loop
      vertex   2.033699e+02 1.559046e+03 3.114799e+01
      vertex   2.200338e+02 1.515449e+03 3.527514e+01
      vertex   2.024409e+02 1.558577e+03 3.208076e+01
    endloop
  endfacet
  facet normal -5.968607e-01 -2.986333e-01 -7.446982e-01
    outer loop
      vertex   2.024409e+02 1.558577e+03 3.208076e+01
      vertex   2.200338e+02 1.515449e+03 3.527514e+01
      vertex   2.014308e+02 1.558326e+03 3.299097e+01
    endloop
  endfacet
  facet normal 1.218693e-01 -2.042294e-13 -9.925462e-01
    outer loop
      vertex   2.048047e+02 1.560536e+03 2.940047e+01
      vertex   2.048100e+02 1.560545e+03 2.940112e+01
      vertex   2.240479e+02 1.516184e+03 3.176324e+01
    endloop
  endfacet
  facet normal 1.218693e-01 -1.047051e-13 -9.925462e-01
    outer loop
      vertex   2.240479e+02 1.516184e+03 3.176324e+01
      vertex   2.048100e+02 1.560545e+03 2.940112e+01
      vertex   2.048153e+02 1.560554e+03 2.940177e+01
    endloop
  endfacet
  facet normal 1.218693e-01 1.398294e-13 -9.925462e-01
    outer loop
      vertex   2.240479e+02 1.516184e+03 3.176324e+01
      vertex   2.048153e+02 1.560554e+03 2.940177e+01
      vertex   2.048206e+02 1.560563e+03 2.940241e+01
    endloop
  endfacet
  facet normal 1.218693e-01 2.346453e-13 -9.925462e-01
    outer loop
      vertex   2.240791e+02 1.516175e+03 3.176706e+01
      vertex   2.240687e+02 1.516178e+03 3.176579e+01
      vertex   2.048206e+02 1.560563e+03 2.940241e+01
    endloop
  endfacet
  facet normal 1.218693e-01 2.266805e-13 -9.925462e-01
    outer loop
      vertex   2.048206e+02 1.560563e+03 2.940241e+01
      vertex   2.240687e+02 1.516178e+03 3.176579e+01
      vertex   2.240583e+02 1.516181e+03 3.176451e+01
    endloop
  endfacet
  facet normal 1.218693e-01 -2.610589e-13 -9.925462e-01
    outer loop
      vertex   2.048206e+02 1.560563e+03 2.940241e+01
      vertex   2.240583e+02 1.516181e+03 3.176451e+01
      vertex   2.240479e+02 1.516184e+03 3.176324e+01
    endloop
  endfacet
  facet normal -9.173752e-01 -3.980235e-01 0.000000e+00
    outer loop
      vertex   2.014308e+02 1.558326e+03 3.299097e+01
      vertex   2.200338e+02 1.515449e+03 3.527514e+01
      vertex   2.014308e+02 1.558326e+03 3.402374e+01
    endloop
  endfacet
  facet normal -9.173752e-01 -3.980235e-01 0.000000e+00
    outer loop
      vertex   2.014308e+02 1.558326e+03 3.402374e+01
      vertex   2.200338e+02 1.515449e+03 3.527514e+01
      vertex   2.200338e+02 1.515449e+03 3.630791e+01
    endloop
  endfacet
  facet normal -1.218693e-01 -4.381661e-16 9.925462e-01
    outer loop
      vertex   1.510029e+02 1.566538e+03 2.783198e+01
      vertex   8.603054e+01 1.564061e+03 1.985438e+01
      vertex   8.695425e+01 1.560133e+03 1.996780e+01
    endloop
  endfacet
  facet normal -1.218693e-01 -5.620650e-16 9.925462e-01
    outer loop
      vertex   8.695425e+01 1.560133e+03 1.996780e+01
      vertex   8.603054e+01 1.564061e+03 1.985438e+01
      vertex   8.449095e+01 1.561695e+03 1.966534e+01
    endloop
  endfacet
  facet normal -1.218693e-01 4.999635e-15 9.925462e-01
    outer loop
      vertex   8.695425e+01 1.560133e+03 1.996780e+01
      vertex   8.449095e+01 1.561695e+03 1.966534e+01
      vertex   8.456421e+01 1.561138e+03 1.967434e+01
    endloop
  endfacet
  facet normal -1.218693e-01 2.726193e-15 9.925462e-01
    outer loop
      vertex   1.962468e+02 1.562105e+03 3.338723e+01
      vertex   1.973368e+02 1.566014e+03 3.352107e+01
      vertex   1.510029e+02 1.566538e+03 2.783198e+01
    endloop
  endfacet
  facet normal -1.218693e-01 5.378490e-16 9.925462e-01
    outer loop
      vertex   1.510029e+02 1.566538e+03 2.783198e+01
      vertex   1.973368e+02 1.566014e+03 3.352107e+01
      vertex   1.509490e+02 1.570563e+03 2.782536e+01
    endloop
  endfacet
  facet normal -1.218693e-01 5.359930e-16 9.925462e-01
    outer loop
      vertex   1.510029e+02 1.566538e+03 2.783198e+01
      vertex   1.509490e+02 1.570563e+03 2.782536e+01
      vertex   8.603054e+01 1.564061e+03 1.985438e+01
    endloop
  endfacet
  facet normal -1.218693e-01 -9.275630e-15 9.925462e-01
    outer loop
      vertex   1.965339e+02 1.561137e+03 3.342249e+01
      vertex   1.987451e+02 1.562379e+03 3.369399e+01
      vertex   1.962468e+02 1.562105e+03 3.338723e+01
    endloop
  endfacet
  facet normal -1.218693e-01 4.766055e-15 9.925462e-01
    outer loop
      vertex   1.962468e+02 1.562105e+03 3.338723e+01
      vertex   1.987451e+02 1.562379e+03 3.369399e+01
      vertex   1.986718e+02 1.562936e+03 3.368499e+01
    endloop
  endfacet
  facet normal -1.218693e-01 -5.216612e-15 9.925462e-01
    outer loop
      vertex   1.962468e+02 1.562105e+03 3.338723e+01
      vertex   1.986718e+02 1.562936e+03 3.368499e+01
      vertex   1.987451e+02 1.563492e+03 3.369399e+01
    endloop
  endfacet
  facet normal -1.218693e-01 -1.035424e-14 9.925462e-01
    outer loop
      vertex   1.987451e+02 1.562379e+03 3.369399e+01
      vertex   1.965339e+02 1.561137e+03 3.342249e+01
      vertex   1.989599e+02 1.561861e+03 3.372036e+01
    endloop
  endfacet
  facet normal -1.218693e-01 2.560764e-15 9.925462e-01
    outer loop
      vertex   1.989599e+02 1.561861e+03 3.372036e+01
      vertex   1.965339e+02 1.561137e+03 3.342249e+01
      vertex   1.970231e+02 1.560254e+03 3.348255e+01
    endloop
  endfacet
  facet normal -1.218693e-01 4.284307e-15 9.925462e-01
    outer loop
      vertex   1.989599e+02 1.561861e+03 3.372036e+01
      vertex   1.970231e+02 1.560254e+03 3.348255e+01
      vertex   1.993015e+02 1.561416e+03 3.376231e+01
    endloop
  endfacet
  facet normal -1.218693e-01 2.138053e-15 9.925462e-01
    outer loop
      vertex   1.993015e+02 1.561416e+03 3.376231e+01
      vertex   1.970231e+02 1.560254e+03 3.348255e+01
      vertex   1.976912e+02 1.559498e+03 3.356459e+01
    endloop
  endfacet
  facet normal -1.218693e-01 -2.658237e-15 9.925462e-01
    outer loop
      vertex   1.993015e+02 1.561416e+03 3.376231e+01
      vertex   1.976912e+02 1.559498e+03 3.356459e+01
      vertex   1.997468e+02 1.561074e+03 3.381698e+01
    endloop
  endfacet
  facet normal -1.218693e-01 1.625838e-15 9.925462e-01
    outer loop
      vertex   1.997468e+02 1.561074e+03 3.381698e+01
      vertex   1.976912e+02 1.559498e+03 3.356459e+01
      vertex   1.985068e+02 1.558903e+03 3.366473e+01
    endloop
  endfacet
  facet normal -1.218693e-01 4.571688e-15 9.925462e-01
    outer loop
      vertex   1.997468e+02 1.561074e+03 3.381698e+01
      vertex   1.985068e+02 1.558903e+03 3.366473e+01
      vertex   2.002654e+02 1.560859e+03 3.388065e+01
    endloop
  endfacet
  facet normal -1.218693e-01 -4.274299e-15 9.925462e-01
    outer loop
      vertex   2.002654e+02 1.560859e+03 3.388065e+01
      vertex   1.985068e+02 1.558903e+03 3.366473e+01
      vertex   1.994315e+02 1.558499e+03 3.377827e+01
    endloop
  endfacet
  facet normal -1.218693e-01 -2.768230e-16 9.925462e-01
    outer loop
      vertex   2.002654e+02 1.560859e+03 3.388065e+01
      vertex   1.994315e+02 1.558499e+03 3.377827e+01
      vertex   2.004217e+02 1.558303e+03 3.389985e+01
    endloop
  endfacet
  facet normal -1.218693e-01 4.088269e-16 9.925462e-01
    outer loop
      vertex   2.002654e+02 1.560859e+03 3.388065e+01
      vertex   2.004217e+02 1.558303e+03 3.389985e+01
      vertex   2.008218e+02 1.560786e+03 3.394898e+01
    endloop
  endfacet
  facet normal -1.218693e-01 2.993737e-16 9.925462e-01
    outer loop
      vertex   2.008218e+02 1.560786e+03 3.394898e+01
      vertex   2.004217e+02 1.558303e+03 3.389985e+01
      vertex   2.014308e+02 1.558326e+03 3.402374e+01
    endloop
  endfacet
  facet normal -1.218693e-01 -1.378916e-15 9.925462e-01
    outer loop
      vertex   2.008218e+02 1.560786e+03 3.394898e+01
      vertex   2.014308e+02 1.558326e+03 3.402374e+01
      vertex   2.013783e+02 1.560859e+03 3.401730e+01
    endloop
  endfacet
  facet normal -1.218693e-01 -1.203126e-15 9.925462e-01
    outer loop
      vertex   2.013783e+02 1.560859e+03 3.401730e+01
      vertex   2.014308e+02 1.558326e+03 3.402374e+01
      vertex   2.018968e+02 1.561074e+03 3.408097e+01
    endloop
  endfacet
  facet normal -1.218693e-01 2.863825e-16 9.925462e-01
    outer loop
      vertex   2.018968e+02 1.561074e+03 3.408097e+01
      vertex   2.014308e+02 1.558326e+03 3.402374e+01
      vertex   2.048206e+02 1.560563e+03 3.443996e+01
    endloop
  endfacet
  facet normal -1.218693e-01 -8.713849e-15 9.925462e-01
    outer loop
      vertex   2.018968e+02 1.561074e+03 3.408097e+01
      vertex   2.048206e+02 1.560563e+03 3.443996e+01
      vertex   2.023421e+02 1.561416e+03 3.413564e+01
    endloop
  endfacet
  facet normal -1.218693e-01 9.577427e-16 9.925462e-01
    outer loop
      vertex   2.023421e+02 1.561416e+03 3.413564e+01
      vertex   2.048206e+02 1.560563e+03 3.443996e+01
      vertex   2.026838e+02 1.561861e+03 3.417760e+01
    endloop
  endfacet
  facet normal -1.218693e-01 4.212863e-17 9.925462e-01
    outer loop
      vertex   2.026838e+02 1.561861e+03 3.417760e+01
      vertex   2.048206e+02 1.560563e+03 3.443996e+01
      vertex   2.052524e+02 1.561524e+03 3.449298e+01
    endloop
  endfacet
  facet normal -1.218693e-01 -8.426162e-15 9.925462e-01
    outer loop
      vertex   2.026838e+02 1.561861e+03 3.417760e+01
      vertex   2.052524e+02 1.561524e+03 3.449298e+01
      vertex   2.028986e+02 1.562379e+03 3.420397e+01
    endloop
  endfacet
  facet normal -1.218693e-01 -2.576347e-15 9.925462e-01
    outer loop
      vertex   2.028986e+02 1.562379e+03 3.420397e+01
      vertex   2.052524e+02 1.561524e+03 3.449298e+01
      vertex   2.054565e+02 1.562559e+03 3.451804e+01
    endloop
  endfacet
  facet normal -1.218693e-01 -4.890945e-15 9.925462e-01
    outer loop
      vertex   2.028986e+02 1.562379e+03 3.420397e+01
      vertex   2.054565e+02 1.562559e+03 3.451804e+01
      vertex   2.029718e+02 1.562936e+03 3.421296e+01
    endloop
  endfacet
  facet normal -1.218693e-01 -1.015160e-15 9.925462e-01
    outer loop
      vertex   2.029718e+02 1.562936e+03 3.421296e+01
      vertex   2.054565e+02 1.562559e+03 3.451804e+01
      vertex   2.054224e+02 1.563612e+03 3.451385e+01
    endloop
  endfacet
  facet normal -1.218693e-01 4.758990e-15 9.925462e-01
    outer loop
      vertex   2.029718e+02 1.562936e+03 3.421296e+01
      vertex   2.054224e+02 1.563612e+03 3.451385e+01
      vertex   2.028986e+02 1.563492e+03 3.420397e+01
    endloop
  endfacet
  facet normal -1.218693e-01 3.596991e-15 9.925462e-01
    outer loop
      vertex   2.028986e+02 1.563492e+03 3.420397e+01
      vertex   2.054224e+02 1.563612e+03 3.451385e+01
      vertex   2.051518e+02 1.564631e+03 3.448063e+01
    endloop
  endfacet
  facet normal -1.218693e-01 8.042438e-15 9.925462e-01
    outer loop
      vertex   2.028986e+02 1.563492e+03 3.420397e+01
      vertex   2.051518e+02 1.564631e+03 3.448063e+01
      vertex   2.026838e+02 1.564011e+03 3.417760e+01
    endloop
  endfacet
  facet normal -1.218693e-01 -3.425709e-15 9.925462e-01
    outer loop
      vertex   2.026838e+02 1.564011e+03 3.417760e+01
      vertex   2.051518e+02 1.564631e+03 3.448063e+01
      vertex   2.046586e+02 1.565563e+03 3.442007e+01
    endloop
  endfacet
  facet normal -1.218693e-01 -1.758848e-15 9.925462e-01
    outer loop
      vertex   2.026838e+02 1.564011e+03 3.417760e+01
      vertex   2.046586e+02 1.565563e+03 3.442007e+01
      vertex   2.023421e+02 1.564456e+03 3.413564e+01
    endloop
  endfacet
  facet normal -1.218693e-01 4.264624e-15 9.925462e-01
    outer loop
      vertex   2.023421e+02 1.564456e+03 3.413564e+01
      vertex   2.046586e+02 1.565563e+03 3.442007e+01
      vertex   2.039682e+02 1.566360e+03 3.433530e+01
    endloop
  endfacet
  facet normal -1.218693e-01 1.708023e-15 9.925462e-01
    outer loop
      vertex   2.023421e+02 1.564456e+03 3.413564e+01
      vertex   2.039682e+02 1.566360e+03 3.433530e+01
      vertex   2.018968e+02 1.564798e+03 3.408097e+01
    endloop
  endfacet
  facet normal -1.218693e-01 -4.527034e-15 9.925462e-01
    outer loop
      vertex   2.018968e+02 1.564798e+03 3.408097e+01
      vertex   2.039682e+02 1.566360e+03 3.433530e+01
      vertex   2.031161e+02 1.566980e+03 3.423068e+01
    endloop
  endfacet
  facet normal -1.218693e-01 -1.887748e-15 9.925462e-01
    outer loop
      vertex   2.018968e+02 1.564798e+03 3.408097e+01
      vertex   2.031161e+02 1.566980e+03 3.423068e+01
      vertex   2.013783e+02 1.565013e+03 3.401730e+01
    endloop
  endfacet
  facet normal -1.218693e-01 -1.122359e-15 9.925462e-01
    outer loop
      vertex   2.013783e+02 1.565013e+03 3.401730e+01
      vertex   2.031161e+02 1.566980e+03 3.423068e+01
      vertex   2.021461e+02 1.567393e+03 3.411157e+01
    endloop
  endfacet
  facet normal -1.218693e-01 2.504436e-16 9.925462e-01
    outer loop
      vertex   2.013783e+02 1.565013e+03 3.401730e+01
      vertex   2.021461e+02 1.567393e+03 3.411157e+01
      vertex   2.011080e+02 1.567577e+03 3.398411e+01
    endloop
  endfacet
  facet normal -1.218693e-01 -5.556948e-16 9.925462e-01
    outer loop
      vertex   2.048206e+02 1.560563e+03 3.443996e+01
      vertex   2.014308e+02 1.558326e+03 3.402374e+01
      vertex   2.240791e+02 1.516175e+03 3.680461e+01
    endloop
  endfacet
  facet normal -1.218693e-01 6.695815e-16 9.925462e-01
    outer loop
      vertex   2.240791e+02 1.516175e+03 3.680461e+01
      vertex   2.014308e+02 1.558326e+03 3.402374e+01
      vertex   2.200338e+02 1.515449e+03 3.630791e+01
    endloop
  endfacet
  facet normal -1.218693e-01 1.546147e-15 9.925462e-01
    outer loop
      vertex   2.240791e+02 1.516175e+03 3.680461e+01
      vertex   2.200338e+02 1.515449e+03 3.630791e+01
      vertex   2.222368e+02 1.513783e+03 3.657841e+01
    endloop
  endfacet
  facet normal -1.218693e-01 5.789760e-15 9.925462e-01
    outer loop
      vertex   2.222368e+02 1.513783e+03 3.657841e+01
      vertex   2.200338e+02 1.515449e+03 3.630791e+01
      vertex   2.217183e+02 1.513568e+03 3.651474e+01
    endloop
  endfacet
  facet normal -1.218693e-01 -2.475442e-15 9.925462e-01
    outer loop
      vertex   2.217183e+02 1.513568e+03 3.651474e+01
      vertex   2.200338e+02 1.515449e+03 3.630791e+01
      vertex   2.192592e+02 1.514728e+03 3.621280e+01
    endloop
  endfacet
  facet normal -1.218693e-01 -4.893411e-15 9.925462e-01
    outer loop
      vertex   2.217183e+02 1.513568e+03 3.651474e+01
      vertex   2.192592e+02 1.514728e+03 3.621280e+01
      vertex   2.212730e+02 1.513227e+03 3.646006e+01
    endloop
  endfacet
  facet normal -1.218693e-01 7.802908e-15 9.925462e-01
    outer loop
      vertex   2.212730e+02 1.513227e+03 3.646006e+01
      vertex   2.192592e+02 1.514728e+03 3.621280e+01
      vertex   2.186675e+02 1.513851e+03 3.614015e+01
    endloop
  endfacet
  facet normal -1.218693e-01 -5.014022e-17 9.925462e-01
    outer loop
      vertex   2.212730e+02 1.513227e+03 3.646006e+01
      vertex   2.186675e+02 1.513851e+03 3.614015e+01
      vertex   2.209313e+02 1.512781e+03 3.641811e+01
    endloop
  endfacet
  facet normal -1.218693e-01 -4.964089e-15 9.925462e-01
    outer loop
      vertex   2.209313e+02 1.512781e+03 3.641811e+01
      vertex   2.186675e+02 1.513851e+03 3.614015e+01
      vertex   2.182894e+02 1.512863e+03 3.609373e+01
    endloop
  endfacet
  facet normal -1.218693e-01 -8.656962e-15 9.925462e-01
    outer loop
      vertex   2.209313e+02 1.512781e+03 3.641811e+01
      vertex   2.182894e+02 1.512863e+03 3.609373e+01
      vertex   2.207165e+02 1.512263e+03 3.639174e+01
    endloop
  endfacet
  facet normal -1.218693e-01 1.675463e-16 9.925462e-01
    outer loop
      vertex   2.207165e+02 1.512263e+03 3.639174e+01
      vertex   2.182894e+02 1.512863e+03 3.609373e+01
      vertex   2.181445e+02 1.511815e+03 3.607594e+01
    endloop
  endfacet
  facet normal -1.218693e-01 7.902215e-15 9.925462e-01
    outer loop
      vertex   2.207165e+02 1.512263e+03 3.639174e+01
      vertex   2.181445e+02 1.511815e+03 3.607594e+01
      vertex   2.206433e+02 1.511706e+03 3.638274e+01
    endloop
  endfacet
  facet normal -1.218693e-01 9.664198e-16 9.925462e-01
    outer loop
      vertex   2.206433e+02 1.511706e+03 3.638274e+01
      vertex   2.181445e+02 1.511815e+03 3.607594e+01
      vertex   2.182403e+02 1.510761e+03 3.608770e+01
    endloop
  endfacet
  facet normal -1.218693e-01 -7.504795e-15 9.925462e-01
    outer loop
      vertex   2.206433e+02 1.511706e+03 3.638274e+01
      vertex   2.182403e+02 1.510761e+03 3.608770e+01
      vertex   2.207165e+02 1.511150e+03 3.639174e+01
    endloop
  endfacet
  facet normal -1.218693e-01 -8.421833e-16 9.925462e-01
    outer loop
      vertex   2.207165e+02 1.511150e+03 3.639174e+01
      vertex   2.182403e+02 1.510761e+03 3.608770e+01
      vertex   2.185718e+02 1.509756e+03 3.612841e+01
    endloop
  endfacet
  facet normal -1.218693e-01 7.558664e-15 9.925462e-01
    outer loop
      vertex   2.207165e+02 1.511150e+03 3.639174e+01
      vertex   2.185718e+02 1.509756e+03 3.612841e+01
      vertex   2.209313e+02 1.510631e+03 3.641811e+01
    endloop
  endfacet
  facet normal -1.218693e-01 3.372693e-15 9.925462e-01
    outer loop
      vertex   2.209313e+02 1.510631e+03 3.641811e+01
      vertex   2.185718e+02 1.509756e+03 3.612841e+01
      vertex   2.191219e+02 1.508853e+03 3.619595e+01
    endloop
  endfacet
  facet normal -1.218693e-01 -4.872669e-17 9.925462e-01
    outer loop
      vertex   2.209313e+02 1.510631e+03 3.641811e+01
      vertex   2.191219e+02 1.508853e+03 3.619595e+01
      vertex   2.212730e+02 1.510186e+03 3.646006e+01
    endloop
  endfacet
  facet normal -1.218693e-01 6.114129e-16 9.925462e-01
    outer loop
      vertex   2.212730e+02 1.510186e+03 3.646006e+01
      vertex   2.191219e+02 1.508853e+03 3.619595e+01
      vertex   2.198621e+02 1.508097e+03 3.628683e+01
    endloop
  endfacet
  facet normal -1.218693e-01 1.735821e-15 9.925462e-01
    outer loop
      vertex   2.212730e+02 1.510186e+03 3.646006e+01
      vertex   2.198621e+02 1.508097e+03 3.628683e+01
      vertex   2.217183e+02 1.509844e+03 3.651474e+01
    endloop
  endfacet
  facet normal -1.218693e-01 -1.653694e-15 9.925462e-01
    outer loop
      vertex   2.217183e+02 1.509844e+03 3.651474e+01
      vertex   2.198621e+02 1.508097e+03 3.628683e+01
      vertex   2.207540e+02 1.507527e+03 3.639634e+01
    endloop
  endfacet
  facet normal -1.218693e-01 -5.427279e-16 9.925462e-01
    outer loop
      vertex   2.217183e+02 1.509844e+03 3.651474e+01
      vertex   2.207540e+02 1.507527e+03 3.639634e+01
      vertex   2.222368e+02 1.509630e+03 3.657841e+01
    endloop
  endfacet
  facet normal -1.218693e-01 -1.056674e-15 9.925462e-01
    outer loop
      vertex   2.222368e+02 1.509630e+03 3.657841e+01
      vertex   2.207540e+02 1.507527e+03 3.639634e+01
      vertex   2.217515e+02 1.507175e+03 3.651882e+01
    endloop
  endfacet
  facet normal -1.218693e-01 -6.731418e-16 9.925462e-01
    outer loop
      vertex   2.222368e+02 1.509630e+03 3.657841e+01
      vertex   2.217515e+02 1.507175e+03 3.651882e+01
      vertex   2.227933e+02 1.509556e+03 3.664673e+01
    endloop
  endfacet
  facet normal -1.218693e-01 -3.639153e-15 9.925462e-01
    outer loop
      vertex   2.227933e+02 1.509556e+03 3.664673e+01
      vertex   2.217515e+02 1.507175e+03 3.651882e+01
      vertex   2.233497e+02 1.509630e+03 3.671505e+01
    endloop
  endfacet
  facet normal -1.218693e-01 -6.960670e-16 9.925462e-01
    outer loop
      vertex   2.233497e+02 1.509630e+03 3.671505e+01
      vertex   2.217515e+02 1.507175e+03 3.651882e+01
      vertex   2.257515e+02 1.508119e+03 3.700996e+01
    endloop
  endfacet
  facet normal -1.218693e-01 -1.229722e-15 9.925462e-01
    outer loop
      vertex   2.233497e+02 1.509630e+03 3.671505e+01
      vertex   2.257515e+02 1.508119e+03 3.700996e+01
      vertex   2.238683e+02 1.509844e+03 3.677872e+01
    endloop
  endfacet
  facet normal -1.218693e-01 -2.195110e-15 9.925462e-01
    outer loop
      vertex   2.238683e+02 1.509844e+03 3.677872e+01
      vertex   2.257515e+02 1.508119e+03 3.700996e+01
      vertex   2.243135e+02 1.510186e+03 3.683340e+01
    endloop
  endfacet
  facet normal -1.218693e-01 -3.227487e-15 9.925462e-01
    outer loop
      vertex   2.243135e+02 1.510186e+03 3.683340e+01
      vertex   2.257515e+02 1.508119e+03 3.700996e+01
      vertex   2.264551e+02 1.508840e+03 3.709635e+01
    endloop
  endfacet
  facet normal -1.218693e-01 -4.609768e-15 9.925462e-01
    outer loop
      vertex   2.243135e+02 1.510186e+03 3.683340e+01
      vertex   2.264551e+02 1.508840e+03 3.709635e+01
      vertex   2.246552e+02 1.510631e+03 3.687535e+01
    endloop
  endfacet
  facet normal -1.218693e-01 1.237481e-15 9.925462e-01
    outer loop
      vertex   2.246552e+02 1.510631e+03 3.687535e+01
      vertex   2.264551e+02 1.508840e+03 3.709635e+01
      vertex   2.269866e+02 1.509697e+03 3.716161e+01
    endloop
  endfacet
  facet normal -1.218693e-01 -1.307000e-15 9.925462e-01
    outer loop
      vertex   2.246552e+02 1.510631e+03 3.687535e+01
      vertex   2.269866e+02 1.509697e+03 3.716161e+01
      vertex   2.273211e+02 1.510648e+03 3.720268e+01
    endloop
  endfacet
  facet normal -1.218693e-01 0.000000e+00 9.925462e-01
    outer loop
      vertex   2.217515e+02 1.507175e+03 3.651882e+01
      vertex   2.217515e+02 1.484355e+03 3.651882e+01
      vertex   2.257515e+02 1.508119e+03 3.700996e+01
    endloop
  endfacet
  facet normal -1.218693e-01 0.000000e+00 9.925462e-01
    outer loop
      vertex   2.257515e+02 1.508119e+03 3.700996e+01
      vertex   2.217515e+02 1.484355e+03 3.651882e+01
      vertex   2.257515e+02 1.483411e+03 3.700996e+01
    endloop
  endfacet
  facet normal -1.218693e-01 -2.976654e-16 9.925462e-01
    outer loop
      vertex   2.257515e+02 1.483411e+03 3.700996e+01
      vertex   2.217515e+02 1.484355e+03 3.651882e+01
      vertex   2.051958e+02 1.451243e+03 3.448603e+01
    endloop
  endfacet
  facet normal -1.218693e-01 5.039240e-16 9.925462e-01
    outer loop
      vertex   2.257515e+02 1.483411e+03 3.700996e+01
      vertex   2.051958e+02 1.451243e+03 3.448603e+01
      vertex   2.085398e+02 1.448987e+03 3.489663e+01
    endloop
  endfacet
  facet normal -1.218693e-01 -1.496040e-15 9.925462e-01
    outer loop
      vertex   2.085398e+02 1.448987e+03 3.489663e+01
      vertex   2.051958e+02 1.451243e+03 3.448603e+01
      vertex   2.055994e+02 1.448504e+03 3.453559e+01
    endloop
  endfacet
  facet normal -1.218693e-01 8.492087e-15 9.925462e-01
    outer loop
      vertex   2.085398e+02 1.448987e+03 3.489663e+01
      vertex   2.055994e+02 1.448504e+03 3.453559e+01
      vertex   2.060447e+02 1.448162e+03 3.459027e+01
    endloop
  endfacet
  facet normal -1.218693e-01 -2.050593e-15 9.925462e-01
    outer loop
      vertex   2.041528e+02 1.451277e+03 3.435797e+01
      vertex   2.045244e+02 1.448792e+03 3.440360e+01
      vertex   2.051958e+02 1.451243e+03 3.448603e+01
    endloop
  endfacet
  facet normal -1.218693e-01 -1.240274e-15 9.925462e-01
    outer loop
      vertex   2.051958e+02 1.451243e+03 3.448603e+01
      vertex   2.045244e+02 1.448792e+03 3.440360e+01
      vertex   2.050809e+02 1.448719e+03 3.447192e+01
    endloop
  endfacet
  facet normal -1.218693e-01 -1.284484e-15 9.925462e-01
    outer loop
      vertex   2.051958e+02 1.451243e+03 3.448603e+01
      vertex   2.050809e+02 1.448719e+03 3.447192e+01
      vertex   2.055994e+02 1.448504e+03 3.453559e+01
    endloop
  endfacet
  facet normal -1.218693e-01 -2.420106e-15 9.925462e-01
    outer loop
      vertex   2.045244e+02 1.448792e+03 3.440360e+01
      vertex   2.041528e+02 1.451277e+03 3.435797e+01
      vertex   2.039680e+02 1.448719e+03 3.433527e+01
    endloop
  endfacet
  facet normal -1.218693e-01 -2.389791e-15 9.925462e-01
    outer loop
      vertex   2.039680e+02 1.448719e+03 3.433527e+01
      vertex   2.041528e+02 1.451277e+03 3.435797e+01
      vertex   2.031285e+02 1.451078e+03 3.423220e+01
    endloop
  endfacet
  facet normal -1.218693e-01 -2.654067e-15 9.925462e-01
    outer loop
      vertex   2.039680e+02 1.448719e+03 3.433527e+01
      vertex   2.031285e+02 1.451078e+03 3.423220e+01
      vertex   2.021745e+02 1.450655e+03 3.411507e+01
    endloop
  endfacet
  facet normal -1.218693e-01 4.016300e-15 9.925462e-01
    outer loop
      vertex   2.039680e+02 1.448719e+03 3.433527e+01
      vertex   2.021745e+02 1.450655e+03 3.411507e+01
      vertex   2.034494e+02 1.448504e+03 3.427161e+01
    endloop
  endfacet
  facet normal -1.218693e-01 2.931147e-15 9.925462e-01
    outer loop
      vertex   2.034494e+02 1.448504e+03 3.427161e+01
      vertex   2.021745e+02 1.450655e+03 3.411507e+01
      vertex   2.013389e+02 1.450030e+03 3.401247e+01
    endloop
  endfacet
  facet normal -1.218693e-01 -2.104917e-15 9.925462e-01
    outer loop
      vertex   2.034494e+02 1.448504e+03 3.427161e+01
      vertex   2.013389e+02 1.450030e+03 3.401247e+01
      vertex   2.030041e+02 1.448162e+03 3.421693e+01
    endloop
  endfacet
  facet normal -1.218693e-01 -3.302774e-15 9.925462e-01
    outer loop
      vertex   2.030041e+02 1.448162e+03 3.421693e+01
      vertex   2.013389e+02 1.450030e+03 3.401247e+01
      vertex   2.006637e+02 1.449234e+03 3.392956e+01
    endloop
  endfacet
  facet normal -1.218693e-01 -4.802539e-15 9.925462e-01
    outer loop
      vertex   2.030041e+02 1.448162e+03 3.421693e+01
      vertex   2.006637e+02 1.449234e+03 3.392956e+01
      vertex   2.026625e+02 1.447717e+03 3.417498e+01
    endloop
  endfacet
  facet normal -1.218693e-01 8.175278e-15 9.925462e-01
    outer loop
      vertex   2.026625e+02 1.447717e+03 3.417498e+01
      vertex   2.006637e+02 1.449234e+03 3.392956e+01
      vertex   2.024477e+02 1.447199e+03 3.414861e+01
    endloop
  endfacet
  facet normal -1.218693e-01 5.051126e-16 9.925462e-01
    outer loop
      vertex   2.024477e+02 1.447199e+03 3.414861e+01
      vertex   2.006637e+02 1.449234e+03 3.392956e+01
      vertex   2.000906e+02 1.445241e+03 3.385919e+01
    endloop
  endfacet
  facet normal -1.218693e-01 -5.238176e-15 9.925462e-01
    outer loop
      vertex   2.024477e+02 1.447199e+03 3.414861e+01
      vertex   2.000906e+02 1.445241e+03 3.385919e+01
      vertex   2.023744e+02 1.446642e+03 3.413961e+01
    endloop
  endfacet
  facet normal -1.218693e-01 4.455159e-15 9.925462e-01
    outer loop
      vertex   2.023744e+02 1.446642e+03 3.413961e+01
      vertex   2.000906e+02 1.445241e+03 3.385919e+01
      vertex   2.024477e+02 1.446086e+03 3.414861e+01
    endloop
  endfacet
  facet normal -1.218693e-01 -1.011706e-14 9.925462e-01
    outer loop
      vertex   2.024477e+02 1.446086e+03 3.414861e+01
      vertex   2.000906e+02 1.445241e+03 3.385919e+01
      vertex   2.026625e+02 1.445567e+03 3.417498e+01
    endloop
  endfacet
  facet normal -1.218693e-01 2.644303e-15 9.925462e-01
    outer loop
      vertex   2.026625e+02 1.445567e+03 3.417498e+01
      vertex   2.000906e+02 1.445241e+03 3.385919e+01
      vertex   2.005133e+02 1.444290e+03 3.391109e+01
    endloop
  endfacet
  facet normal -1.218693e-01 5.990545e-15 9.925462e-01
    outer loop
      vertex   2.026625e+02 1.445567e+03 3.417498e+01
      vertex   2.005133e+02 1.444290e+03 3.391109e+01
      vertex   2.030041e+02 1.445122e+03 3.421693e+01
    endloop
  endfacet
  facet normal -1.218693e-01 -3.143457e-15 9.925462e-01
    outer loop
      vertex   2.030041e+02 1.445122e+03 3.421693e+01
      vertex   2.005133e+02 1.444290e+03 3.391109e+01
      vertex   2.011369e+02 1.443457e+03 3.398766e+01
    endloop
  endfacet
  facet normal -1.218693e-01 -8.537454e-15 9.925462e-01
    outer loop
      vertex   2.030041e+02 1.445122e+03 3.421693e+01
      vertex   2.011369e+02 1.443457e+03 3.398766e+01
      vertex   2.034494e+02 1.444780e+03 3.427161e+01
    endloop
  endfacet
  facet normal -1.218693e-01 2.387634e-15 9.925462e-01
    outer loop
      vertex   2.034494e+02 1.444780e+03 3.427161e+01
      vertex   2.011369e+02 1.443457e+03 3.398766e+01
      vertex   2.019301e+02 1.442783e+03 3.408506e+01
    endloop
  endfacet
  facet normal -1.218693e-01 6.068504e-15 9.925462e-01
    outer loop
      vertex   2.034494e+02 1.444780e+03 3.427161e+01
      vertex   2.019301e+02 1.442783e+03 3.408506e+01
      vertex   2.039680e+02 1.444565e+03 3.433527e+01
    endloop
  endfacet
  facet normal -1.218693e-01 -2.015591e-15 9.925462e-01
    outer loop
      vertex   2.039680e+02 1.444565e+03 3.433527e+01
      vertex   2.019301e+02 1.442783e+03 3.408506e+01
      vertex   2.028533e+02 1.442303e+03 3.419841e+01
    endloop
  endfacet
  facet normal -1.218693e-01 7.432673e-17 9.925462e-01
    outer loop
      vertex   2.039680e+02 1.444565e+03 3.433527e+01
      vertex   2.028533e+02 1.442303e+03 3.419841e+01
      vertex   2.038602e+02 1.442040e+03 3.432205e+01
    endloop
  endfacet
  facet normal -1.218693e-01 3.032343e-16 9.925462e-01
    outer loop
      vertex   2.000906e+02 1.445241e+03 3.385919e+01
      vertex   2.006637e+02 1.449234e+03 3.392956e+01
      vertex   8.529275e+01 1.477316e+03 1.976379e+01
    endloop
  endfacet
  facet normal -1.218693e-01 -7.324500e-16 9.925462e-01
    outer loop
      vertex   8.529275e+01 1.477316e+03 1.976379e+01
      vertex   2.006637e+02 1.449234e+03 3.392956e+01
      vertex   8.706421e+01 1.480974e+03 1.998130e+01
    endloop
  endfacet
  facet normal -1.218693e-01 -2.926530e-16 9.925462e-01
    outer loop
      vertex   8.529275e+01 1.477316e+03 1.976379e+01
      vertex   8.706421e+01 1.480974e+03 1.998130e+01
      vertex   8.427617e+01 1.479893e+03 1.963897e+01
    endloop
  endfacet
  facet normal -1.218693e-01 1.748108e-15 9.925462e-01
    outer loop
      vertex   8.427617e+01 1.479893e+03 1.963897e+01
      vertex   8.706421e+01 1.480974e+03 1.998130e+01
      vertex   8.449095e+01 1.480411e+03 1.966534e+01
    endloop
  endfacet
  facet normal -1.218693e-01 -4.610642e-15 9.925462e-01
    outer loop
      vertex   8.449095e+01 1.480411e+03 1.966534e+01
      vertex   8.706421e+01 1.480974e+03 1.998130e+01
      vertex   8.456421e+01 1.480968e+03 1.967434e+01
    endloop
  endfacet
  facet normal -1.218693e-01 4.828826e-15 9.925462e-01
    outer loop
      vertex   8.456421e+01 1.480968e+03 1.967434e+01
      vertex   8.706421e+01 1.480974e+03 1.998130e+01
      vertex   8.696691e+01 1.481914e+03 1.996935e+01
    endloop
  endfacet
  facet normal -1.218693e-01 4.618117e-15 9.925462e-01
    outer loop
      vertex   8.456421e+01 1.480968e+03 1.967434e+01
      vertex   8.696691e+01 1.481914e+03 1.996935e+01
      vertex   8.449095e+01 1.481524e+03 1.966534e+01
    endloop
  endfacet
  facet normal -1.218693e-01 -1.129367e-15 9.925462e-01
    outer loop
      vertex   8.449095e+01 1.481524e+03 1.966534e+01
      vertex   8.696691e+01 1.481914e+03 1.996935e+01
      vertex   8.668160e+01 1.482815e+03 1.993432e+01
    endloop
  endfacet
  facet normal -1.218693e-01 -8.431357e-16 9.925462e-01
    outer loop
      vertex   8.449095e+01 1.481524e+03 1.966534e+01
      vertex   8.668160e+01 1.482815e+03 1.993432e+01
      vertex   8.427617e+01 1.482043e+03 1.963897e+01
    endloop
  endfacet
  facet normal -1.218693e-01 -2.213444e-15 9.925462e-01
    outer loop
      vertex   8.427617e+01 1.482043e+03 1.963897e+01
      vertex   8.668160e+01 1.482815e+03 1.993432e+01
      vertex   8.622005e+01 1.483639e+03 1.987765e+01
    endloop
  endfacet
  facet normal -1.218693e-01 -1.171345e-15 9.925462e-01
    outer loop
      vertex   8.427617e+01 1.482043e+03 1.963897e+01
      vertex   8.622005e+01 1.483639e+03 1.987765e+01
      vertex   8.393449e+01 1.482488e+03 1.959702e+01
    endloop
  endfacet
  facet normal -1.218693e-01 1.715273e-15 9.925462e-01
    outer loop
      vertex   8.393449e+01 1.482488e+03 1.959702e+01
      vertex   8.622005e+01 1.483639e+03 1.987765e+01
      vertex   8.560132e+01 1.484354e+03 1.980168e+01
    endloop
  endfacet
  facet normal -1.218693e-01 -8.558117e-16 9.925462e-01
    outer loop
      vertex   8.393449e+01 1.482488e+03 1.959702e+01
      vertex   8.560132e+01 1.484354e+03 1.980168e+01
      vertex   8.348921e+01 1.482830e+03 1.954234e+01
    endloop
  endfacet
  facet normal -1.218693e-01 -2.805407e-16 9.925462e-01
    outer loop
      vertex   8.348921e+01 1.482830e+03 1.954234e+01
      vertex   8.560132e+01 1.484354e+03 1.980168e+01
      vertex   8.485098e+01 1.484928e+03 1.970955e+01
    endloop
  endfacet
  facet normal -1.218693e-01 2.005380e-15 9.925462e-01
    outer loop
      vertex   8.348921e+01 1.482830e+03 1.954234e+01
      vertex   8.485098e+01 1.484928e+03 1.970955e+01
      vertex   8.297067e+01 1.483044e+03 1.947868e+01
    endloop
  endfacet
  facet normal -1.218693e-01 -1.797552e-15 9.925462e-01
    outer loop
      vertex   8.297067e+01 1.483044e+03 1.947868e+01
      vertex   8.485098e+01 1.484928e+03 1.970955e+01
      vertex   8.400000e+01 1.485339e+03 1.960506e+01
    endloop
  endfacet
  facet normal -1.218693e-01 -6.315657e-16 9.925462e-01
    outer loop
      vertex   8.297067e+01 1.483044e+03 1.947868e+01
      vertex   8.400000e+01 1.485339e+03 1.960506e+01
      vertex   8.241421e+01 1.483118e+03 1.941035e+01
    endloop
  endfacet
  facet normal -1.218693e-01 -1.601801e-15 9.925462e-01
    outer loop
      vertex   8.241421e+01 1.483118e+03 1.941035e+01
      vertex   8.400000e+01 1.485339e+03 1.960506e+01
      vertex   8.000000e+01 1.484942e+03 1.911392e+01
    endloop
  endfacet
  facet normal -1.218693e-01 7.164829e-16 9.925462e-01
    outer loop
      vertex   8.241421e+01 1.483118e+03 1.941035e+01
      vertex   8.000000e+01 1.484942e+03 1.911392e+01
      vertex   8.185775e+01 1.483044e+03 1.934203e+01
    endloop
  endfacet
  facet normal -1.218693e-01 -6.673456e-16 9.925462e-01
    outer loop
      vertex   8.185775e+01 1.483044e+03 1.934203e+01
      vertex   8.000000e+01 1.484942e+03 1.911392e+01
      vertex   8.133921e+01 1.482830e+03 1.927836e+01
    endloop
  endfacet
  facet normal -1.218693e-01 -1.330475e-15 9.925462e-01
    outer loop
      vertex   8.133921e+01 1.482830e+03 1.927836e+01
      vertex   8.000000e+01 1.484942e+03 1.911392e+01
      vertex   7.914732e+01 1.484277e+03 1.900923e+01
    endloop
  endfacet
  facet normal -1.218693e-01 4.013815e-15 9.925462e-01
    outer loop
      vertex   8.133921e+01 1.482830e+03 1.927836e+01
      vertex   7.914732e+01 1.484277e+03 1.900923e+01
      vertex   8.089393e+01 1.482488e+03 1.922368e+01
    endloop
  endfacet
  facet normal -1.218693e-01 1.765758e-15 9.925462e-01
    outer loop
      vertex   8.089393e+01 1.482488e+03 1.922368e+01
      vertex   7.914732e+01 1.484277e+03 1.900923e+01
      vertex   7.847133e+01 1.483433e+03 1.892623e+01
    endloop
  endfacet
  facet normal -1.218693e-01 -2.024599e-15 9.925462e-01
    outer loop
      vertex   8.089393e+01 1.482488e+03 1.922368e+01
      vertex   7.847133e+01 1.483433e+03 1.892623e+01
      vertex   8.055226e+01 1.482043e+03 1.918173e+01
    endloop
  endfacet
  facet normal -1.218693e-01 -1.687645e-15 9.925462e-01
    outer loop
      vertex   8.055226e+01 1.482043e+03 1.918173e+01
      vertex   7.847133e+01 1.483433e+03 1.892623e+01
      vertex   7.800859e+01 1.482455e+03 1.886941e+01
    endloop
  endfacet
  facet normal -1.218693e-01 1.105773e-15 9.925462e-01
    outer loop
      vertex   8.055226e+01 1.482043e+03 1.918173e+01
      vertex   7.800859e+01 1.482455e+03 1.886941e+01
      vertex   8.033747e+01 1.481524e+03 1.915536e+01
    endloop
  endfacet
  facet normal -1.218693e-01 1.278160e-15 9.925462e-01
    outer loop
      vertex   8.033747e+01 1.481524e+03 1.915536e+01
      vertex   7.800859e+01 1.482455e+03 1.886941e+01
      vertex   7.778411e+01 1.481397e+03 1.884185e+01
    endloop
  endfacet
  facet normal -1.218693e-01 -1.546680e-15 9.925462e-01
    outer loop
      vertex   8.033747e+01 1.481524e+03 1.915536e+01
      vertex   7.778411e+01 1.481397e+03 1.884185e+01
      vertex   8.026421e+01 1.480968e+03 1.914636e+01
    endloop
  endfacet
  facet normal -1.218693e-01 -4.127048e-16 9.925462e-01
    outer loop
      vertex   8.026421e+01 1.480968e+03 1.914636e+01
      vertex   7.778411e+01 1.481397e+03 1.884185e+01
      vertex   7.781006e+01 1.480316e+03 1.884503e+01
    endloop
  endfacet
  facet normal -1.218693e-01 1.503293e-15 9.925462e-01
    outer loop
      vertex   8.026421e+01 1.480968e+03 1.914636e+01
      vertex   7.781006e+01 1.480316e+03 1.884503e+01
      vertex   8.033747e+01 1.480411e+03 1.915536e+01
    endloop
  endfacet
  facet normal -1.218693e-01 -2.022741e-15 9.925462e-01
    outer loop
      vertex   8.033747e+01 1.480411e+03 1.915536e+01
      vertex   7.781006e+01 1.480316e+03 1.884503e+01
      vertex   7.808501e+01 1.479270e+03 1.887879e+01
    endloop
  endfacet
  facet normal -1.218693e-01 -1.262400e-15 9.925462e-01
    outer loop
      vertex   8.033747e+01 1.480411e+03 1.915536e+01
      vertex   7.808501e+01 1.479270e+03 1.887879e+01
      vertex   8.055226e+01 1.479893e+03 1.918173e+01
    endloop
  endfacet
  facet normal -1.218693e-01 1.072779e-15 9.925462e-01
    outer loop
      vertex   8.055226e+01 1.479893e+03 1.918173e+01
      vertex   7.808501e+01 1.479270e+03 1.887879e+01
      vertex   7.859410e+01 1.478316e+03 1.894130e+01
    endloop
  endfacet
  facet normal -1.218693e-01 1.523429e-15 9.925462e-01
    outer loop
      vertex   8.055226e+01 1.479893e+03 1.918173e+01
      vertex   7.859410e+01 1.478316e+03 1.894130e+01
      vertex   8.089393e+01 1.479447e+03 1.922368e+01
    endloop
  endfacet
  facet normal -1.218693e-01 -1.772096e-15 9.925462e-01
    outer loop
      vertex   8.089393e+01 1.479447e+03 1.922368e+01
      vertex   7.859410e+01 1.478316e+03 1.894130e+01
      vertex   7.930980e+01 1.477506e+03 1.902918e+01
    endloop
  endfacet
  facet normal -1.218693e-01 -4.046533e-15 9.925462e-01
    outer loop
      vertex   8.089393e+01 1.479447e+03 1.922368e+01
      vertex   7.930980e+01 1.477506e+03 1.902918e+01
      vertex   8.133921e+01 1.479106e+03 1.927836e+01
    endloop
  endfacet
  facet normal -1.218693e-01 1.213425e-15 9.925462e-01
    outer loop
      vertex   8.133921e+01 1.479106e+03 1.927836e+01
      vertex   7.930980e+01 1.477506e+03 1.902918e+01
      vertex   8.019340e+01 1.476882e+03 1.913767e+01
    endloop
  endfacet
  facet normal -1.218693e-01 4.036661e-16 9.925462e-01
    outer loop
      vertex   8.133921e+01 1.479106e+03 1.927836e+01
      vertex   8.019340e+01 1.476882e+03 1.913767e+01
      vertex   8.185775e+01 1.478891e+03 1.934203e+01
    endloop
  endfacet
  facet normal -1.218693e-01 -8.307702e-16 9.925462e-01
    outer loop
      vertex   8.185775e+01 1.478891e+03 1.934203e+01
      vertex   8.019340e+01 1.476882e+03 1.913767e+01
      vertex   8.119711e+01 1.476480e+03 1.926091e+01
    endloop
  endfacet
  facet normal -1.218693e-01 -8.323411e-16 9.925462e-01
    outer loop
      vertex   8.185775e+01 1.478891e+03 1.934203e+01
      vertex   8.119711e+01 1.476480e+03 1.926091e+01
      vertex   8.241421e+01 1.478818e+03 1.941035e+01
    endloop
  endfacet
  facet normal -1.218693e-01 1.035028e-16 9.925462e-01
    outer loop
      vertex   8.241421e+01 1.478818e+03 1.941035e+01
      vertex   8.119711e+01 1.476480e+03 1.926091e+01
      vertex   8.226665e+01 1.476320e+03 1.939223e+01
    endloop
  endfacet
  facet normal -1.218693e-01 1.748961e-16 9.925462e-01
    outer loop
      vertex   8.241421e+01 1.478818e+03 1.941035e+01
      vertex   8.226665e+01 1.476320e+03 1.939223e+01
      vertex   8.334416e+01 1.476412e+03 1.952453e+01
    endloop
  endfacet
  facet normal -1.218693e-01 2.599617e-17 9.925462e-01
    outer loop
      vertex   8.400000e+01 1.485339e+03 1.960506e+01
      vertex   8.400000e+01 1.556767e+03 1.960506e+01
      vertex   8.000000e+01 1.484942e+03 1.911392e+01
    endloop
  endfacet
  facet normal -1.218693e-01 0.000000e+00 9.925462e-01
    outer loop
      vertex   8.000000e+01 1.484942e+03 1.911392e+01
      vertex   8.400000e+01 1.556767e+03 1.960506e+01
      vertex   8.000000e+01 1.557164e+03 1.911392e+01
    endloop
  endfacet
  facet normal -1.218693e-01 1.067868e-15 9.925462e-01
    outer loop
      vertex   8.000000e+01 1.557164e+03 1.911392e+01
      vertex   8.400000e+01 1.556767e+03 1.960506e+01
      vertex   8.241421e+01 1.558988e+03 1.941035e+01
    endloop
  endfacet
  facet normal -1.218693e-01 -7.395953e-16 9.925462e-01
    outer loop
      vertex   8.000000e+01 1.557164e+03 1.911392e+01
      vertex   8.241421e+01 1.558988e+03 1.941035e+01
      vertex   8.185775e+01 1.559062e+03 1.934203e+01
    endloop
  endfacet
  facet normal -1.218693e-01 -1.324251e-16 9.925462e-01
    outer loop
      vertex   8.241421e+01 1.558988e+03 1.941035e+01
      vertex   8.400000e+01 1.556767e+03 1.960506e+01
      vertex   8.297067e+01 1.559062e+03 1.947868e+01
    endloop
  endfacet
  facet normal -1.218693e-01 1.292058e-16 9.925462e-01
    outer loop
      vertex   8.297067e+01 1.559062e+03 1.947868e+01
      vertex   8.400000e+01 1.556767e+03 1.960506e+01
      vertex   8.484069e+01 1.557172e+03 1.970828e+01
    endloop
  endfacet
  facet normal -1.218693e-01 -1.814419e-15 9.925462e-01
    outer loop
      vertex   8.297067e+01 1.559062e+03 1.947868e+01
      vertex   8.484069e+01 1.557172e+03 1.970828e+01
      vertex   8.348921e+01 1.559276e+03 1.954234e+01
    endloop
  endfacet
  facet normal -1.218693e-01 8.052461e-16 9.925462e-01
    outer loop
      vertex   8.348921e+01 1.559276e+03 1.954234e+01
      vertex   8.484069e+01 1.557172e+03 1.970828e+01
      vertex   8.558370e+01 1.557736e+03 1.979951e+01
    endloop
  endfacet
  facet normal -1.218693e-01 7.665532e-16 9.925462e-01
    outer loop
      vertex   8.348921e+01 1.559276e+03 1.954234e+01
      vertex   8.558370e+01 1.557736e+03 1.979951e+01
      vertex   8.393449e+01 1.559618e+03 1.959702e+01
    endloop
  endfacet
  facet normal -1.218693e-01 -7.140803e-16 9.925462e-01
    outer loop
      vertex   8.393449e+01 1.559618e+03 1.959702e+01
      vertex   8.558370e+01 1.557736e+03 1.979951e+01
      vertex   8.619912e+01 1.558437e+03 1.987508e+01
    endloop
  endfacet
  facet normal -1.218693e-01 7.414401e-16 9.925462e-01
    outer loop
      vertex   8.393449e+01 1.559618e+03 1.959702e+01
      vertex   8.619912e+01 1.558437e+03 1.987508e+01
      vertex   8.427617e+01 1.560063e+03 1.963897e+01
    endloop
  endfacet
  facet normal -1.218693e-01 7.630783e-16 9.925462e-01
    outer loop
      vertex   8.427617e+01 1.560063e+03 1.963897e+01
      vertex   8.619912e+01 1.558437e+03 1.987508e+01
      vertex   8.666219e+01 1.559247e+03 1.993194e+01
    endloop
  endfacet
  facet normal -1.218693e-01 7.800928e-16 9.925462e-01
    outer loop
      vertex   8.427617e+01 1.560063e+03 1.963897e+01
      vertex   8.666219e+01 1.559247e+03 1.993194e+01
      vertex   8.449095e+01 1.560582e+03 1.966534e+01
    endloop
  endfacet
  facet normal -1.218693e-01 -2.143195e-15 9.925462e-01
    outer loop
      vertex   8.449095e+01 1.560582e+03 1.966534e+01
      vertex   8.666219e+01 1.559247e+03 1.993194e+01
      vertex   8.695425e+01 1.560133e+03 1.996780e+01
    endloop
  endfacet
  facet normal -1.218693e-01 -4.440626e-15 9.925462e-01
    outer loop
      vertex   8.449095e+01 1.560582e+03 1.966534e+01
      vertex   8.695425e+01 1.560133e+03 1.996780e+01
      vertex   8.456421e+01 1.561138e+03 1.967434e+01
    endloop
  endfacet
  facet normal -1.218693e-01 -1.325369e-15 9.925462e-01
    outer loop
      vertex   8.033747e+01 1.561695e+03 1.915536e+01
      vertex   7.780800e+01 1.561775e+03 1.884478e+01
      vertex   8.026421e+01 1.561138e+03 1.914636e+01
    endloop
  endfacet
  facet normal -1.218693e-01 2.069152e-15 9.925462e-01
    outer loop
      vertex   8.026421e+01 1.561138e+03 1.914636e+01
      vertex   7.780800e+01 1.561775e+03 1.884478e+01
      vertex   7.778523e+01 1.560697e+03 1.884198e+01
    endloop
  endfacet
  facet normal -1.218693e-01 1.456161e-15 9.925462e-01
    outer loop
      vertex   8.026421e+01 1.561138e+03 1.914636e+01
      vertex   7.778523e+01 1.560697e+03 1.884198e+01
      vertex   8.033747e+01 1.560582e+03 1.915536e+01
    endloop
  endfacet
  facet normal -1.218693e-01 9.095952e-16 9.925462e-01
    outer loop
      vertex   8.033747e+01 1.560582e+03 1.915536e+01
      vertex   7.778523e+01 1.560697e+03 1.884198e+01
      vertex   7.801145e+01 1.559642e+03 1.886976e+01
    endloop
  endfacet
  facet normal -1.218693e-01 -1.007680e-15 9.925462e-01
    outer loop
      vertex   8.033747e+01 1.560582e+03 1.915536e+01
      vertex   7.801145e+01 1.559642e+03 1.886976e+01
      vertex   8.055226e+01 1.560063e+03 1.918173e+01
    endloop
  endfacet
  facet normal -1.218693e-01 -1.279575e-15 9.925462e-01
    outer loop
      vertex   8.055226e+01 1.560063e+03 1.918173e+01
      vertex   7.801145e+01 1.559642e+03 1.886976e+01
      vertex   7.847449e+01 1.558668e+03 1.892661e+01
    endloop
  endfacet
  facet normal -1.218693e-01 1.395281e-15 9.925462e-01
    outer loop
      vertex   8.055226e+01 1.560063e+03 1.918173e+01
      vertex   7.847449e+01 1.558668e+03 1.892661e+01
      vertex   8.089393e+01 1.559618e+03 1.922368e+01
    endloop
  endfacet
  facet normal -1.218693e-01 1.647103e-16 9.925462e-01
    outer loop
      vertex   8.089393e+01 1.559618e+03 1.922368e+01
      vertex   7.847449e+01 1.558668e+03 1.892661e+01
      vertex   7.914944e+01 1.557827e+03 1.900949e+01
    endloop
  endfacet
  facet normal -1.218693e-01 -3.914371e-15 9.925462e-01
    outer loop
      vertex   8.089393e+01 1.559618e+03 1.922368e+01
      vertex   7.914944e+01 1.557827e+03 1.900949e+01
      vertex   8.133921e+01 1.559276e+03 1.927836e+01
    endloop
  endfacet
  facet normal -1.218693e-01 1.190410e-15 9.925462e-01
    outer loop
      vertex   8.133921e+01 1.559276e+03 1.927836e+01
      vertex   7.914944e+01 1.557827e+03 1.900949e+01
      vertex   8.000000e+01 1.557164e+03 1.911392e+01
    endloop
  endfacet
  facet normal -1.218693e-01 6.673456e-16 9.925462e-01
    outer loop
      vertex   8.133921e+01 1.559276e+03 1.927836e+01
      vertex   8.000000e+01 1.557164e+03 1.911392e+01
      vertex   8.185775e+01 1.559062e+03 1.934203e+01
    endloop
  endfacet
  facet normal -1.218693e-01 -1.541772e-15 9.925462e-01
    outer loop
      vertex   7.780800e+01 1.561775e+03 1.884478e+01
      vertex   8.033747e+01 1.561695e+03 1.915536e+01
      vertex   7.807853e+01 1.562819e+03 1.887800e+01
    endloop
  endfacet
  facet normal -1.218693e-01 1.169966e-15 9.925462e-01
    outer loop
      vertex   7.807853e+01 1.562819e+03 1.887800e+01
      vertex   8.033747e+01 1.561695e+03 1.915536e+01
      vertex   8.055226e+01 1.562213e+03 1.918173e+01
    endloop
  endfacet
  facet normal -1.218693e-01 1.551211e-16 9.925462e-01
    outer loop
      vertex   7.807853e+01 1.562819e+03 1.887800e+01
      vertex   8.055226e+01 1.562213e+03 1.918173e+01
      vertex   7.858226e+01 1.563773e+03 1.893985e+01
    endloop
  endfacet
  facet normal -1.218693e-01 -1.406826e-15 9.925462e-01
    outer loop
      vertex   7.858226e+01 1.563773e+03 1.893985e+01
      vertex   8.055226e+01 1.562213e+03 1.918173e+01
      vertex   8.089393e+01 1.562659e+03 1.922368e+01
    endloop
  endfacet
  facet normal -1.218693e-01 7.952269e-16 9.925462e-01
    outer loop
      vertex   7.858226e+01 1.563773e+03 1.893985e+01
      vertex   8.089393e+01 1.562659e+03 1.922368e+01
      vertex   7.929212e+01 1.564584e+03 1.902701e+01
    endloop
  endfacet
  facet normal -1.218693e-01 3.922104e-15 9.925462e-01
    outer loop
      vertex   7.929212e+01 1.564584e+03 1.902701e+01
      vertex   8.089393e+01 1.562659e+03 1.922368e+01
      vertex   8.133921e+01 1.563000e+03 1.927836e+01
    endloop
  endfacet
  facet normal -1.218693e-01 -6.699019e-16 9.925462e-01
    outer loop
      vertex   7.929212e+01 1.564584e+03 1.902701e+01
      vertex   8.133921e+01 1.563000e+03 1.927836e+01
      vertex   8.016991e+01 1.565211e+03 1.913478e+01
    endloop
  endfacet
  facet normal -1.218693e-01 -2.365666e-16 9.925462e-01
    outer loop
      vertex   8.016991e+01 1.565211e+03 1.913478e+01
      vertex   8.133921e+01 1.563000e+03 1.927836e+01
      vertex   8.185775e+01 1.563215e+03 1.934203e+01
    endloop
  endfacet
  facet normal -1.218693e-01 -7.913448e-16 9.925462e-01
    outer loop
      vertex   8.016991e+01 1.565211e+03 1.913478e+01
      vertex   8.185775e+01 1.563215e+03 1.934203e+01
      vertex   8.116841e+01 1.565618e+03 1.925739e+01
    endloop
  endfacet
  facet normal -1.218693e-01 -1.191015e-16 9.925462e-01
    outer loop
      vertex   8.116841e+01 1.565618e+03 1.925739e+01
      vertex   8.185775e+01 1.563215e+03 1.934203e+01
      vertex   8.241421e+01 1.563288e+03 1.941035e+01
    endloop
  endfacet
  facet normal -1.218693e-01 -5.837278e-16 9.925462e-01
    outer loop
      vertex   8.116841e+01 1.565618e+03 1.925739e+01
      vertex   8.241421e+01 1.563288e+03 1.941035e+01
      vertex   8.223393e+01 1.565785e+03 1.938821e+01
    endloop
  endfacet
  facet normal -1.218693e-01 -7.521304e-16 9.925462e-01
    outer loop
      vertex   8.223393e+01 1.565785e+03 1.938821e+01
      vertex   8.241421e+01 1.563288e+03 1.941035e+01
      vertex   8.330914e+01 1.565701e+03 1.952023e+01
    endloop
  endfacet
  facet normal -1.218693e-01 -7.188702e-16 9.925462e-01
    outer loop
      vertex   8.330914e+01 1.565701e+03 1.952023e+01
      vertex   8.241421e+01 1.563288e+03 1.941035e+01
      vertex   8.297067e+01 1.563215e+03 1.947868e+01
    endloop
  endfacet
  facet normal -1.218693e-01 -1.157784e-15 9.925462e-01
    outer loop
      vertex   8.330914e+01 1.565701e+03 1.952023e+01
      vertex   8.297067e+01 1.563215e+03 1.947868e+01
      vertex   8.433622e+01 1.565373e+03 1.964634e+01
    endloop
  endfacet
  facet normal -1.218693e-01 1.716887e-15 9.925462e-01
    outer loop
      vertex   8.433622e+01 1.565373e+03 1.964634e+01
      vertex   8.297067e+01 1.563215e+03 1.947868e+01
      vertex   8.348921e+01 1.563000e+03 1.954234e+01
    endloop
  endfacet
  facet normal -1.218693e-01 4.035013e-16 9.925462e-01
    outer loop
      vertex   8.433622e+01 1.565373e+03 1.964634e+01
      vertex   8.348921e+01 1.563000e+03 1.954234e+01
      vertex   8.525991e+01 1.564816e+03 1.975976e+01
    endloop
  endfacet
  facet normal -1.218693e-01 -3.508248e-16 9.925462e-01
    outer loop
      vertex   8.525991e+01 1.564816e+03 1.975976e+01
      vertex   8.348921e+01 1.563000e+03 1.954234e+01
      vertex   8.393449e+01 1.562659e+03 1.959702e+01
    endloop
  endfacet
  facet normal -1.218693e-01 2.348829e-15 9.925462e-01
    outer loop
      vertex   8.525991e+01 1.564816e+03 1.975976e+01
      vertex   8.393449e+01 1.562659e+03 1.959702e+01
      vertex   8.603054e+01 1.564061e+03 1.985438e+01
    endloop
  endfacet
  facet normal -1.218693e-01 -1.287098e-15 9.925462e-01
    outer loop
      vertex   8.603054e+01 1.564061e+03 1.985438e+01
      vertex   8.393449e+01 1.562659e+03 1.959702e+01
      vertex   8.427617e+01 1.562213e+03 1.963897e+01
    endloop
  endfacet
  facet normal -1.218693e-01 -1.180662e-15 9.925462e-01
    outer loop
      vertex   8.603054e+01 1.564061e+03 1.985438e+01
      vertex   8.427617e+01 1.562213e+03 1.963897e+01
      vertex   8.449095e+01 1.561695e+03 1.966534e+01
    endloop
  endfacet
  facet normal -1.218693e-01 4.597878e-16 9.925462e-01
    outer loop
      vertex   8.427617e+01 1.479893e+03 1.963897e+01
      vertex   8.393449e+01 1.479447e+03 1.959702e+01
      vertex   8.529275e+01 1.477316e+03 1.976379e+01
    endloop
  endfacet
  facet normal -1.218693e-01 7.797210e-16 9.925462e-01
    outer loop
      vertex   8.529275e+01 1.477316e+03 1.976379e+01
      vertex   8.393449e+01 1.479447e+03 1.959702e+01
      vertex   8.348921e+01 1.479106e+03 1.954234e+01
    endloop
  endfacet
  facet normal -1.218693e-01 2.269705e-16 9.925462e-01
    outer loop
      vertex   8.529275e+01 1.477316e+03 1.976379e+01
      vertex   8.348921e+01 1.479106e+03 1.954234e+01
      vertex   8.437138e+01 1.476750e+03 1.965066e+01
    endloop
  endfacet
  facet normal -1.218693e-01 -1.171282e-15 9.925462e-01
    outer loop
      vertex   8.437138e+01 1.476750e+03 1.965066e+01
      vertex   8.348921e+01 1.479106e+03 1.954234e+01
      vertex   8.297067e+01 1.478891e+03 1.947868e+01
    endloop
  endfacet
  facet normal -1.218693e-01 2.576522e-16 9.925462e-01
    outer loop
      vertex   8.437138e+01 1.476750e+03 1.965066e+01
      vertex   8.297067e+01 1.478891e+03 1.947868e+01
      vertex   8.334416e+01 1.476412e+03 1.952453e+01
    endloop
  endfacet
  facet normal -1.218693e-01 1.664270e-16 9.925462e-01
    outer loop
      vertex   8.334416e+01 1.476412e+03 1.952453e+01
      vertex   8.297067e+01 1.478891e+03 1.947868e+01
      vertex   8.241421e+01 1.478818e+03 1.941035e+01
    endloop
  endfacet
  facet normal -1.218693e-01 -7.792972e-15 9.925462e-01
    outer loop
      vertex   2.060447e+02 1.448162e+03 3.459027e+01
      vertex   2.063864e+02 1.447717e+03 3.463222e+01
      vertex   2.085398e+02 1.448987e+03 3.489663e+01
    endloop
  endfacet
  facet normal -1.218693e-01 -8.976346e-15 9.925462e-01
    outer loop
      vertex   2.085398e+02 1.448987e+03 3.489663e+01
      vertex   2.063864e+02 1.447717e+03 3.463222e+01
      vertex   2.089608e+02 1.448035e+03 3.494832e+01
    endloop
  endfacet
  facet normal -1.218693e-01 2.826933e-15 9.925462e-01
    outer loop
      vertex   2.089608e+02 1.448035e+03 3.494832e+01
      vertex   2.063864e+02 1.447717e+03 3.463222e+01
      vertex   2.066012e+02 1.447199e+03 3.465859e+01
    endloop
  endfacet
  facet normal -1.218693e-01 1.037067e-15 9.925462e-01
    outer loop
      vertex   2.089608e+02 1.448035e+03 3.494832e+01
      vertex   2.066012e+02 1.447199e+03 3.465859e+01
      vertex   2.091595e+02 1.447014e+03 3.497272e+01
    endloop
  endfacet
  facet normal -1.218693e-01 5.079521e-15 9.925462e-01
    outer loop
      vertex   2.091595e+02 1.447014e+03 3.497272e+01
      vertex   2.066012e+02 1.447199e+03 3.465859e+01
      vertex   2.066744e+02 1.446642e+03 3.466759e+01
    endloop
  endfacet
  facet normal -1.218693e-01 5.013221e-15 9.925462e-01
    outer loop
      vertex   2.091595e+02 1.447014e+03 3.497272e+01
      vertex   2.066744e+02 1.446642e+03 3.466759e+01
      vertex   2.091261e+02 1.445974e+03 3.496862e+01
    endloop
  endfacet
  facet normal -1.218693e-01 -4.678361e-15 9.925462e-01
    outer loop
      vertex   2.091261e+02 1.445974e+03 3.496862e+01
      vertex   2.066744e+02 1.446642e+03 3.466759e+01
      vertex   2.066012e+02 1.446086e+03 3.465859e+01
    endloop
  endfacet
  facet normal -1.218693e-01 -3.069507e-15 9.925462e-01
    outer loop
      vertex   2.091261e+02 1.445974e+03 3.496862e+01
      vertex   2.066012e+02 1.446086e+03 3.465859e+01
      vertex   2.088623e+02 1.444967e+03 3.493622e+01
    endloop
  endfacet
  facet normal -1.218693e-01 -2.262059e-15 9.925462e-01
    outer loop
      vertex   2.088623e+02 1.444967e+03 3.493622e+01
      vertex   2.066012e+02 1.446086e+03 3.465859e+01
      vertex   2.063864e+02 1.445567e+03 3.463222e+01
    endloop
  endfacet
  facet normal -1.218693e-01 2.494348e-15 9.925462e-01
    outer loop
      vertex   2.088623e+02 1.444967e+03 3.493622e+01
      vertex   2.063864e+02 1.445567e+03 3.463222e+01
      vertex   2.083811e+02 1.444044e+03 3.487714e+01
    endloop
  endfacet
  facet normal -1.218693e-01 6.180564e-15 9.925462e-01
    outer loop
      vertex   2.083811e+02 1.444044e+03 3.487714e+01
      vertex   2.063864e+02 1.445567e+03 3.463222e+01
      vertex   2.060447e+02 1.445122e+03 3.459027e+01
    endloop
  endfacet
  facet normal -1.218693e-01 -1.730784e-15 9.925462e-01
    outer loop
      vertex   2.083811e+02 1.444044e+03 3.487714e+01
      vertex   2.060447e+02 1.445122e+03 3.459027e+01
      vertex   2.077068e+02 1.443252e+03 3.479435e+01
    endloop
  endfacet
  facet normal -1.218693e-01 -1.054243e-14 9.925462e-01
    outer loop
      vertex   2.077068e+02 1.443252e+03 3.479435e+01
      vertex   2.060447e+02 1.445122e+03 3.459027e+01
      vertex   2.055994e+02 1.444780e+03 3.453559e+01
    endloop
  endfacet
  facet normal -1.218693e-01 3.194847e-17 9.925462e-01
    outer loop
      vertex   2.077068e+02 1.443252e+03 3.479435e+01
      vertex   2.055994e+02 1.444780e+03 3.453559e+01
      vertex   2.068731e+02 1.442629e+03 3.469198e+01
    endloop
  endfacet
  facet normal -1.218693e-01 4.244047e-15 9.925462e-01
    outer loop
      vertex   2.068731e+02 1.442629e+03 3.469198e+01
      vertex   2.055994e+02 1.444780e+03 3.453559e+01
      vertex   2.050809e+02 1.444565e+03 3.447192e+01
    endloop
  endfacet
  facet normal -1.218693e-01 2.767269e-15 9.925462e-01
    outer loop
      vertex   2.068731e+02 1.442629e+03 3.469198e+01
      vertex   2.050809e+02 1.444565e+03 3.447192e+01
      vertex   2.059217e+02 1.442207e+03 3.457517e+01
    endloop
  endfacet
  facet normal -1.218693e-01 3.367976e-16 9.925462e-01
    outer loop
      vertex   2.059217e+02 1.442207e+03 3.457517e+01
      vertex   2.050809e+02 1.444565e+03 3.447192e+01
      vertex   2.049004e+02 1.442007e+03 3.444976e+01
    endloop
  endfacet
  facet normal -1.218693e-01 1.855823e-16 9.925462e-01
    outer loop
      vertex   2.049004e+02 1.442007e+03 3.444976e+01
      vertex   2.050809e+02 1.444565e+03 3.447192e+01
      vertex   2.045244e+02 1.444492e+03 3.440360e+01
    endloop
  endfacet
  facet normal -1.218693e-01 1.499318e-16 9.925462e-01
    outer loop
      vertex   2.049004e+02 1.442007e+03 3.444976e+01
      vertex   2.045244e+02 1.444492e+03 3.440360e+01
      vertex   2.038602e+02 1.442040e+03 3.432205e+01
    endloop
  endfacet
  facet normal -1.218693e-01 7.309782e-17 9.925462e-01
    outer loop
      vertex   2.038602e+02 1.442040e+03 3.432205e+01
      vertex   2.045244e+02 1.444492e+03 3.440360e+01
      vertex   2.039680e+02 1.444565e+03 3.433527e+01
    endloop
  endfacet
  facet normal -1.218693e-01 3.777416e-15 9.925462e-01
    outer loop
      vertex   2.222368e+02 1.513783e+03 3.657841e+01
      vertex   2.227933e+02 1.513856e+03 3.664673e+01
      vertex   2.240791e+02 1.516175e+03 3.680461e+01
    endloop
  endfacet
  facet normal -1.218693e-01 4.974648e-17 9.925462e-01
    outer loop
      vertex   2.240791e+02 1.516175e+03 3.680461e+01
      vertex   2.227933e+02 1.513856e+03 3.664673e+01
      vertex   2.233497e+02 1.513783e+03 3.671505e+01
    endloop
  endfacet
  facet normal -1.218693e-01 3.413840e-15 9.925462e-01
    outer loop
      vertex   2.240791e+02 1.516175e+03 3.680461e+01
      vertex   2.233497e+02 1.513783e+03 3.671505e+01
      vertex   2.250118e+02 1.515793e+03 3.691914e+01
    endloop
  endfacet
  facet normal -1.218693e-01 2.894272e-15 9.925462e-01
    outer loop
      vertex   2.250118e+02 1.515793e+03 3.691914e+01
      vertex   2.233497e+02 1.513783e+03 3.671505e+01
      vertex   2.238683e+02 1.513568e+03 3.677872e+01
    endloop
  endfacet
  facet normal -1.218693e-01 -1.416241e-15 9.925462e-01
    outer loop
      vertex   2.250118e+02 1.515793e+03 3.691914e+01
      vertex   2.238683e+02 1.513568e+03 3.677872e+01
      vertex   2.258403e+02 1.515219e+03 3.702086e+01
    endloop
  endfacet
  facet normal -1.218693e-01 -2.542159e-15 9.925462e-01
    outer loop
      vertex   2.258403e+02 1.515219e+03 3.702086e+01
      vertex   2.238683e+02 1.513568e+03 3.677872e+01
      vertex   2.243135e+02 1.513227e+03 3.683340e+01
    endloop
  endfacet
  facet normal -1.218693e-01 2.596039e-15 9.925462e-01
    outer loop
      vertex   2.258403e+02 1.515219e+03 3.702086e+01
      vertex   2.243135e+02 1.513227e+03 3.683340e+01
      vertex   2.265256e+02 1.514480e+03 3.710501e+01
    endloop
  endfacet
  facet normal -1.218693e-01 3.898853e-15 9.925462e-01
    outer loop
      vertex   2.265256e+02 1.514480e+03 3.710501e+01
      vertex   2.243135e+02 1.513227e+03 3.683340e+01
      vertex   2.246552e+02 1.512781e+03 3.687535e+01
    endloop
  endfacet
  facet normal -1.218693e-01 -1.962012e-15 9.925462e-01
    outer loop
      vertex   2.265256e+02 1.514480e+03 3.710501e+01
      vertex   2.246552e+02 1.512781e+03 3.687535e+01
      vertex   2.270356e+02 1.513610e+03 3.716762e+01
    endloop
  endfacet
  facet normal -1.218693e-01 -9.440562e-15 9.925462e-01
    outer loop
      vertex   2.270356e+02 1.513610e+03 3.716762e+01
      vertex   2.246552e+02 1.512781e+03 3.687535e+01
      vertex   2.248700e+02 1.512263e+03 3.690172e+01
    endloop
  endfacet
  facet normal -1.218693e-01 -8.115209e-16 9.925462e-01
    outer loop
      vertex   2.270356e+02 1.513610e+03 3.716762e+01
      vertex   2.248700e+02 1.512263e+03 3.690172e+01
      vertex   2.273462e+02 1.512651e+03 3.720576e+01
    endloop
  endfacet
  facet normal -1.218693e-01 4.544502e-15 9.925462e-01
    outer loop
      vertex   2.273462e+02 1.512651e+03 3.720576e+01
      vertex   2.248700e+02 1.512263e+03 3.690172e+01
      vertex   2.249433e+02 1.511706e+03 3.691072e+01
    endloop
  endfacet
  facet normal -1.218693e-01 -2.009262e-15 9.925462e-01
    outer loop
      vertex   2.273462e+02 1.512651e+03 3.720576e+01
      vertex   2.249433e+02 1.511706e+03 3.691072e+01
      vertex   2.274429e+02 1.511648e+03 3.721763e+01
    endloop
  endfacet
  facet normal -1.218693e-01 -4.896807e-15 9.925462e-01
    outer loop
      vertex   2.274429e+02 1.511648e+03 3.721763e+01
      vertex   2.249433e+02 1.511706e+03 3.691072e+01
      vertex   2.248700e+02 1.511150e+03 3.690172e+01
    endloop
  endfacet
  facet normal -1.218693e-01 -4.493455e-16 9.925462e-01
    outer loop
      vertex   2.274429e+02 1.511648e+03 3.721763e+01
      vertex   2.248700e+02 1.511150e+03 3.690172e+01
      vertex   2.273211e+02 1.510648e+03 3.720268e+01
    endloop
  endfacet
  facet normal -1.218693e-01 1.038907e-14 9.925462e-01
    outer loop
      vertex   2.273211e+02 1.510648e+03 3.720268e+01
      vertex   2.248700e+02 1.511150e+03 3.690172e+01
      vertex   2.246552e+02 1.510631e+03 3.687535e+01
    endloop
  endfacet
  facet normal -1.218693e-01 3.110141e-15 9.925462e-01
    outer loop
      vertex   1.962468e+02 1.562105e+03 3.338723e+01
      vertex   1.987451e+02 1.563492e+03 3.369399e+01
      vertex   1.973368e+02 1.566014e+03 3.352107e+01
    endloop
  endfacet
  facet normal -1.218693e-01 8.100382e-15 9.925462e-01
    outer loop
      vertex   1.973368e+02 1.566014e+03 3.352107e+01
      vertex   1.987451e+02 1.563492e+03 3.369399e+01
      vertex   1.989599e+02 1.564011e+03 3.372036e+01
    endloop
  endfacet
  facet normal -1.218693e-01 -2.544893e-15 9.925462e-01
    outer loop
      vertex   1.973368e+02 1.566014e+03 3.352107e+01
      vertex   1.989599e+02 1.564011e+03 3.372036e+01
      vertex   1.993015e+02 1.564456e+03 3.376231e+01
    endloop
  endfacet
  facet normal -1.218693e-01 8.677407e-16 9.925462e-01
    outer loop
      vertex   1.993015e+02 1.564456e+03 3.376231e+01
      vertex   1.997468e+02 1.564798e+03 3.381698e+01
      vertex   1.973368e+02 1.566014e+03 3.352107e+01
    endloop
  endfacet
  facet normal -1.218693e-01 -5.699063e-15 9.925462e-01
    outer loop
      vertex   1.973368e+02 1.566014e+03 3.352107e+01
      vertex   1.997468e+02 1.564798e+03 3.381698e+01
      vertex   1.981198e+02 1.566720e+03 3.361722e+01
    endloop
  endfacet
  facet normal -1.218693e-01 2.126189e-15 9.925462e-01
    outer loop
      vertex   1.981198e+02 1.566720e+03 3.361722e+01
      vertex   1.997468e+02 1.564798e+03 3.381698e+01
      vertex   1.990417e+02 1.567232e+03 3.373041e+01
    endloop
  endfacet
  facet normal -1.218693e-01 1.071949e-15 9.925462e-01
    outer loop
      vertex   1.990417e+02 1.567232e+03 3.373041e+01
      vertex   1.997468e+02 1.564798e+03 3.381698e+01
      vertex   2.002654e+02 1.565013e+03 3.388065e+01
    endloop
  endfacet
  facet normal -1.218693e-01 1.999244e-15 9.925462e-01
    outer loop
      vertex   1.990417e+02 1.567232e+03 3.373041e+01
      vertex   2.002654e+02 1.565013e+03 3.388065e+01
      vertex   2.000551e+02 1.567522e+03 3.385484e+01
    endloop
  endfacet
  facet normal -1.218693e-01 2.287747e-15 9.925462e-01
    outer loop
      vertex   2.000551e+02 1.567522e+03 3.385484e+01
      vertex   2.002654e+02 1.565013e+03 3.388065e+01
      vertex   2.008218e+02 1.565086e+03 3.394898e+01
    endloop
  endfacet
  facet normal -1.218693e-01 6.604351e-16 9.925462e-01
    outer loop
      vertex   2.000551e+02 1.567522e+03 3.385484e+01
      vertex   2.008218e+02 1.565086e+03 3.394898e+01
      vertex   2.011080e+02 1.567577e+03 3.398411e+01
    endloop
  endfacet
  facet normal -1.218693e-01 7.426950e-16 9.925462e-01
    outer loop
      vertex   2.011080e+02 1.567577e+03 3.398411e+01
      vertex   2.008218e+02 1.565086e+03 3.394898e+01
      vertex   2.013783e+02 1.565013e+03 3.401730e+01
    endloop
  endfacet
  facet normal 7.489557e-01 -1.630567e-17 -6.626200e-01
    outer loop
      vertex   8.002982e+01 1.557146e+03 1.408003e+01
      vertex   8.096558e+01 1.556720e+03 1.513773e+01
      vertex   8.002982e+01 1.484960e+03 1.408003e+01
    endloop
  endfacet
  facet normal 7.489557e-01 1.653120e-16 -6.626200e-01
    outer loop
      vertex   8.002982e+01 1.484960e+03 1.408003e+01
      vertex   8.096558e+01 1.556720e+03 1.513773e+01
      vertex   8.096558e+01 1.485386e+03 1.513773e+01
    endloop
  endfacet
  facet normal 7.489557e-01 1.650064e-16 -6.626200e-01
    outer loop
      vertex   8.096558e+01 1.485386e+03 1.513773e+01
      vertex   8.096558e+01 1.556720e+03 1.513773e+01
      vertex   8.197220e+01 1.556509e+03 1.627550e+01
    endloop
  endfacet
  facet normal 7.489557e-01 2.494023e-16 -6.626200e-01
    outer loop
      vertex   8.096558e+01 1.485386e+03 1.513773e+01
      vertex   8.197220e+01 1.556509e+03 1.627550e+01
      vertex   8.197220e+01 1.485597e+03 1.627550e+01
    endloop
  endfacet
  facet normal 7.489557e-01 2.496810e-16 -6.626200e-01
    outer loop
      vertex   8.197220e+01 1.485597e+03 1.627550e+01
      vertex   8.197220e+01 1.556509e+03 1.627550e+01
      vertex   8.300044e+01 1.485580e+03 1.743771e+01
    endloop
  endfacet
  facet normal 7.489557e-01 3.000438e-16 -6.626200e-01
    outer loop
      vertex   8.300044e+01 1.485580e+03 1.743771e+01
      vertex   8.197220e+01 1.556509e+03 1.627550e+01
      vertex   8.300044e+01 1.556525e+03 1.743771e+01
    endloop
  endfacet
  facet normal 7.489557e-01 3.000438e-16 -6.626200e-01
    outer loop
      vertex   8.300044e+01 1.485580e+03 1.743771e+01
      vertex   8.300044e+01 1.556525e+03 1.743771e+01
      vertex   8.400000e+01 1.485339e+03 1.856751e+01
    endloop
  endfacet
  facet normal 7.489557e-01 4.470204e-16 -6.626200e-01
    outer loop
      vertex   8.400000e+01 1.485339e+03 1.856751e+01
      vertex   8.300044e+01 1.556525e+03 1.743771e+01
      vertex   8.400000e+01 1.556767e+03 1.856751e+01
    endloop
  endfacet
  facet normal 6.147913e-01 7.886899e-01 0.000000e+00
    outer loop
      vertex   8.000000e+01 1.557164e+03 2.061392e+01
      vertex   8.000000e+01 1.557164e+03 1.911392e+01
      vertex   7.914944e+01 1.557827e+03 2.050949e+01
    endloop
  endfacet
  facet normal 6.147913e-01 7.886899e-01 0.000000e+00
    outer loop
      vertex   7.914944e+01 1.557827e+03 2.050949e+01
      vertex   8.000000e+01 1.557164e+03 1.911392e+01
      vertex   7.914944e+01 1.557827e+03 1.900949e+01
    endloop
  endfacet
  facet normal 7.799388e-01 6.258558e-01 0.000000e+00
    outer loop
      vertex   7.914944e+01 1.557827e+03 2.050949e+01
      vertex   7.914944e+01 1.557827e+03 1.900949e+01
      vertex   7.847449e+01 1.558668e+03 2.042661e+01
    endloop
  endfacet
  facet normal 7.799388e-01 6.258558e-01 7.389065e-15
    outer loop
      vertex   7.847449e+01 1.558668e+03 2.042661e+01
      vertex   7.914944e+01 1.557827e+03 1.900949e+01
      vertex   7.847449e+01 1.558668e+03 1.892661e+01
    endloop
  endfacet
  facet normal 9.031345e-01 4.293578e-01 8.556209e-15
    outer loop
      vertex   7.847449e+01 1.558668e+03 2.042661e+01
      vertex   7.847449e+01 1.558668e+03 1.892661e+01
      vertex   7.801145e+01 1.559642e+03 2.036976e+01
    endloop
  endfacet
  facet normal 9.031345e-01 4.293578e-01 -1.216100e-13
    outer loop
      vertex   7.801145e+01 1.559642e+03 2.036976e+01
      vertex   7.847449e+01 1.558668e+03 1.892661e+01
      vertex   7.801145e+01 1.559642e+03 1.886976e+01
    endloop
  endfacet
  facet normal 9.777518e-01 2.097652e-01 -5.433031e-14
    outer loop
      vertex   7.801145e+01 1.559642e+03 2.036976e+01
      vertex   7.801145e+01 1.559642e+03 1.886976e+01
      vertex   7.778523e+01 1.560697e+03 2.034198e+01
    endloop
  endfacet
  facet normal 9.777518e-01 2.097652e-01 9.263126e-15
    outer loop
      vertex   7.778523e+01 1.560697e+03 2.034198e+01
      vertex   7.801145e+01 1.559642e+03 1.886976e+01
      vertex   7.778523e+01 1.560697e+03 1.884198e+01
    endloop
  endfacet
  facet normal 9.997772e-01 -2.111042e-02 9.471792e-15
    outer loop
      vertex   7.778523e+01 1.560697e+03 2.034198e+01
      vertex   7.778523e+01 1.560697e+03 1.884198e+01
      vertex   7.780800e+01 1.561775e+03 1.884478e+01
    endloop
  endfacet
  facet normal 9.997772e-01 -2.111042e-02 0.000000e+00
    outer loop
      vertex   7.778523e+01 1.560697e+03 2.034198e+01
      vertex   7.780800e+01 1.561775e+03 1.884478e+01
      vertex   7.780800e+01 1.561775e+03 2.034478e+01
    endloop
  endfacet
  facet normal 9.680258e-01 -2.508505e-01 0.000000e+00
    outer loop
      vertex   7.780800e+01 1.561775e+03 2.034478e+01
      vertex   7.780800e+01 1.561775e+03 1.884478e+01
      vertex   7.807853e+01 1.562819e+03 1.887800e+01
    endloop
  endfacet
  facet normal 9.680258e-01 -2.508505e-01 -1.835881e-14
    outer loop
      vertex   7.780800e+01 1.561775e+03 2.034478e+01
      vertex   7.807853e+01 1.562819e+03 1.887800e+01
      vertex   7.807853e+01 1.562819e+03 2.037800e+01
    endloop
  endfacet
  facet normal 8.842057e-01 -4.670977e-01 -1.675376e-14
    outer loop
      vertex   7.807853e+01 1.562819e+03 2.037800e+01
      vertex   7.807853e+01 1.562819e+03 1.887800e+01
      vertex   7.858226e+01 1.563773e+03 1.893985e+01
    endloop
  endfacet
  facet normal 8.842057e-01 -4.670977e-01 -2.511897e-14
    outer loop
      vertex   7.807853e+01 1.562819e+03 2.037800e+01
      vertex   7.858226e+01 1.563773e+03 1.893985e+01
      vertex   7.858226e+01 1.563773e+03 2.043985e+01
    endloop
  endfacet
  facet normal 7.528254e-01 -6.582203e-01 -2.139658e-14
    outer loop
      vertex   7.858226e+01 1.563773e+03 2.043985e+01
      vertex   7.858226e+01 1.563773e+03 1.893985e+01
      vertex   7.929212e+01 1.564584e+03 1.902701e+01
    endloop
  endfacet
  facet normal 7.528254e-01 -6.582203e-01 -2.855052e-14
    outer loop
      vertex   7.858226e+01 1.563773e+03 2.043985e+01
      vertex   7.929212e+01 1.564584e+03 1.902701e+01
      vertex   7.929212e+01 1.564584e+03 2.052701e+01
    endloop
  endfacet
  facet normal 5.809516e-01 -8.139381e-01 -2.201552e-14
    outer loop
      vertex   7.929212e+01 1.564584e+03 2.052701e+01
      vertex   7.929212e+01 1.564584e+03 1.902701e+01
      vertex   8.016991e+01 1.565211e+03 1.913478e+01
    endloop
  endfacet
  facet normal 5.809516e-01 -8.139381e-01 -2.752105e-14
    outer loop
      vertex   7.929212e+01 1.564584e+03 2.052701e+01
      vertex   8.016991e+01 1.565211e+03 1.913478e+01
      vertex   8.016991e+01 1.565211e+03 2.063478e+01
    endloop
  endfacet
  facet normal 3.778292e-01 -9.258753e-01 -1.789759e-14
    outer loop
      vertex   8.016991e+01 1.565211e+03 2.063478e+01
      vertex   8.016991e+01 1.565211e+03 1.913478e+01
      vertex   8.116841e+01 1.565618e+03 1.925739e+01
    endloop
  endfacet
  facet normal 3.778292e-01 -9.258753e-01 -2.148152e-14
    outer loop
      vertex   8.016991e+01 1.565211e+03 2.063478e+01
      vertex   8.116841e+01 1.565618e+03 1.925739e+01
      vertex   8.116841e+01 1.565618e+03 2.075739e+01
    endloop
  endfacet
  facet normal 1.543839e-01 -9.880109e-01 -8.775707e-15
    outer loop
      vertex   8.116841e+01 1.565618e+03 2.075739e+01
      vertex   8.116841e+01 1.565618e+03 1.925739e+01
      vertex   8.223393e+01 1.565785e+03 1.938821e+01
    endloop
  endfacet
  facet normal 1.543839e-01 -9.880109e-01 -1.170160e-14
    outer loop
      vertex   8.116841e+01 1.565618e+03 2.075739e+01
      vertex   8.223393e+01 1.565785e+03 1.938821e+01
      vertex   8.223393e+01 1.565785e+03 2.088821e+01
    endloop
  endfacet
  facet normal -7.736556e-02 -9.970028e-01 5.863631e-15
    outer loop
      vertex   8.223393e+01 1.565785e+03 2.088821e+01
      vertex   8.223393e+01 1.565785e+03 1.938821e+01
      vertex   8.330914e+01 1.565701e+03 1.952023e+01
    endloop
  endfacet
  facet normal -7.736556e-02 -9.970028e-01 6.597161e-15
    outer loop
      vertex   8.223393e+01 1.565785e+03 2.088821e+01
      vertex   8.330914e+01 1.565701e+03 1.952023e+01
      vertex   8.330914e+01 1.565701e+03 2.102023e+01
    endloop
  endfacet
  facet normal -3.049536e-01 -9.523672e-01 2.600191e-14
    outer loop
      vertex   8.330914e+01 1.565701e+03 2.102023e+01
      vertex   8.330914e+01 1.565701e+03 1.952023e+01
      vertex   8.433622e+01 1.565373e+03 1.964634e+01
    endloop
  endfacet
  facet normal -3.049536e-01 -9.523672e-01 2.601117e-14
    outer loop
      vertex   8.330914e+01 1.565701e+03 2.102023e+01
      vertex   8.433622e+01 1.565373e+03 1.964634e+01
      vertex   8.433622e+01 1.565373e+03 2.114634e+01
    endloop
  endfacet
  facet normal -5.161386e-01 -8.565051e-01 4.400862e-14
    outer loop
      vertex   8.433622e+01 1.565373e+03 2.114634e+01
      vertex   8.433622e+01 1.565373e+03 1.964634e+01
      vertex   8.525991e+01 1.564816e+03 1.975976e+01
    endloop
  endfacet
  facet normal -5.161386e-01 -8.565051e-01 3.911970e-14
    outer loop
      vertex   8.433622e+01 1.565373e+03 2.114634e+01
      vertex   8.525991e+01 1.564816e+03 1.975976e+01
      vertex   8.525991e+01 1.564816e+03 2.125976e+01
    endloop
  endfacet
  facet normal -6.995612e-01 -7.145727e-01 5.302060e-14
    outer loop
      vertex   8.525991e+01 1.564816e+03 2.125976e+01
      vertex   8.525991e+01 1.564816e+03 1.975976e+01
      vertex   8.603054e+01 1.564061e+03 1.985438e+01
    endloop
  endfacet
  facet normal -6.995612e-01 -7.145727e-01 0.000000e+00
    outer loop
      vertex   8.525991e+01 1.564816e+03 2.125976e+01
      vertex   8.603054e+01 1.564061e+03 1.985438e+01
      vertex   8.603054e+01 1.564061e+03 2.135438e+01
    endloop
  endfacet
  facet normal 1.218693e-01 -2.442446e-17 -9.925462e-01
    outer loop
      vertex   8.002982e+01 1.484960e+03 1.408003e+01
      vertex   8.001986e+01 1.484954e+03 1.407881e+01
      vertex   8.002982e+01 1.557146e+03 1.408003e+01
    endloop
  endfacet
  facet normal 1.218693e-01 0.000000e+00 -9.925462e-01
    outer loop
      vertex   8.002982e+01 1.557146e+03 1.408003e+01
      vertex   8.001986e+01 1.484954e+03 1.407881e+01
      vertex   8.001986e+01 1.557152e+03 1.407881e+01
    endloop
  endfacet
  facet normal 1.218693e-01 0.000000e+00 -9.925462e-01
    outer loop
      vertex   8.001986e+01 1.557152e+03 1.407881e+01
      vertex   8.001986e+01 1.484954e+03 1.407881e+01
      vertex   8.000992e+01 1.484948e+03 1.407759e+01
    endloop
  endfacet
  facet normal 1.218693e-01 0.000000e+00 -9.925462e-01
    outer loop
      vertex   8.001986e+01 1.557152e+03 1.407881e+01
      vertex   8.000992e+01 1.484948e+03 1.407759e+01
      vertex   8.000992e+01 1.557158e+03 1.407759e+01
    endloop
  endfacet
  facet normal 1.218693e-01 0.000000e+00 -9.925462e-01
    outer loop
      vertex   8.000992e+01 1.557158e+03 1.407759e+01
      vertex   8.000992e+01 1.484948e+03 1.407759e+01
      vertex   8.000000e+01 1.484942e+03 1.407637e+01
    endloop
  endfacet
  facet normal 1.218693e-01 0.000000e+00 -9.925462e-01
    outer loop
      vertex   8.000992e+01 1.557158e+03 1.407759e+01
      vertex   8.000000e+01 1.484942e+03 1.407637e+01
      vertex   8.000000e+01 1.557164e+03 1.407637e+01
    endloop
  endfacet
  facet normal 1.000000e+00 5.968583e-16 -0.000000e+00
    outer loop
      vertex   8.400000e+01 1.485339e+03 1.856751e+01
      vertex   8.400000e+01 1.556767e+03 1.856751e+01
      vertex   8.400000e+01 1.485339e+03 1.960506e+01
    endloop
  endfacet
  facet normal 1.000000e+00 5.968583e-16 0.000000e+00
    outer loop
      vertex   8.400000e+01 1.485339e+03 1.960506e+01
      vertex   8.400000e+01 1.556767e+03 1.856751e+01
      vertex   8.400000e+01 1.556767e+03 1.960506e+01
    endloop
  endfacet
endsolid
