solid ASCII
  facet normal 7.040626e-01 -9.269160e-02 -7.040626e-01
    outer loop
      vertex   2.132583e+02 4.923635e+02 0.000000e+00
      vertex   2.137413e+02 4.922341e+02 5.000000e-01
      vertex   2.131680e+02 4.916776e+02 0.000000e+00
    endloop
  endfacet
  facet normal 7.040626e-01 -9.269160e-02 -7.040626e-01
    outer loop
      vertex   2.131680e+02 4.916776e+02 0.000000e+00
      vertex   2.137413e+02 4.922341e+02 5.000000e-01
      vertex   2.136680e+02 4.916776e+02 5.000000e-01
    endloop
  endfacet
  facet normal 7.040626e-01 9.269160e-02 -7.040626e-01
    outer loop
      vertex   2.131680e+02 4.916776e+02 0.000000e+00
      vertex   2.136680e+02 4.916776e+02 5.000000e-01
      vertex   2.132583e+02 4.909917e+02 0.000000e+00
    endloop
  endfacet
  facet normal 7.040626e-01 9.269160e-02 -7.040626e-01
    outer loop
      vertex   2.132583e+02 4.909917e+02 0.000000e+00
      vertex   2.136680e+02 4.916776e+02 5.000000e-01
      vertex   2.137413e+02 4.911211e+02 5.000000e-01
    endloop
  endfacet
  facet normal 6.560819e-01 2.717580e-01 -7.040626e-01
    outer loop
      vertex   2.132583e+02 4.909917e+02 0.000000e+00
      vertex   2.137413e+02 4.911211e+02 5.000000e-01
      vertex   2.135231e+02 4.903526e+02 0.000000e+00
    endloop
  endfacet
  facet normal 6.560819e-01 2.717580e-01 -7.040626e-01
    outer loop
      vertex   2.135231e+02 4.903526e+02 0.000000e+00
      vertex   2.137413e+02 4.911211e+02 5.000000e-01
      vertex   2.139561e+02 4.906026e+02 5.000000e-01
    endloop
  endfacet
  facet normal 5.633903e-01 4.323046e-01 -7.040626e-01
    outer loop
      vertex   2.135231e+02 4.903526e+02 0.000000e+00
      vertex   2.139561e+02 4.906026e+02 5.000000e-01
      vertex   2.139442e+02 4.898038e+02 0.000000e+00
    endloop
  endfacet
  facet normal 5.633903e-01 4.323046e-01 -7.040626e-01
    outer loop
      vertex   2.139442e+02 4.898038e+02 0.000000e+00
      vertex   2.139561e+02 4.906026e+02 5.000000e-01
      vertex   2.142977e+02 4.901573e+02 5.000000e-01
    endloop
  endfacet
  facet normal 4.323046e-01 5.633903e-01 -7.040626e-01
    outer loop
      vertex   2.139442e+02 4.898038e+02 0.000000e+00
      vertex   2.142977e+02 4.901573e+02 5.000000e-01
      vertex   2.144930e+02 4.893826e+02 0.000000e+00
    endloop
  endfacet
  facet normal 4.323046e-01 5.633903e-01 -7.040626e-01
    outer loop
      vertex   2.144930e+02 4.893826e+02 0.000000e+00
      vertex   2.142977e+02 4.901573e+02 5.000000e-01
      vertex   2.147430e+02 4.898157e+02 5.000000e-01
    endloop
  endfacet
  facet normal 2.717580e-01 6.560819e-01 -7.040626e-01
    outer loop
      vertex   2.144930e+02 4.893826e+02 0.000000e+00
      vertex   2.147430e+02 4.898157e+02 5.000000e-01
      vertex   2.151321e+02 4.891179e+02 0.000000e+00
    endloop
  endfacet
  facet normal 2.717580e-01 6.560819e-01 -7.040626e-01
    outer loop
      vertex   2.151321e+02 4.891179e+02 0.000000e+00
      vertex   2.147430e+02 4.898157e+02 5.000000e-01
      vertex   2.152616e+02 4.896009e+02 5.000000e-01
    endloop
  endfacet
  facet normal 9.269160e-02 7.040626e-01 -7.040626e-01
    outer loop
      vertex   2.151321e+02 4.891179e+02 0.000000e+00
      vertex   2.152616e+02 4.896009e+02 5.000000e-01
      vertex   2.158180e+02 4.890276e+02 0.000000e+00
    endloop
  endfacet
  facet normal 9.269160e-02 7.040626e-01 -7.040626e-01
    outer loop
      vertex   2.158180e+02 4.890276e+02 0.000000e+00
      vertex   2.152616e+02 4.896009e+02 5.000000e-01
      vertex   2.158180e+02 4.895276e+02 5.000000e-01
    endloop
  endfacet
  facet normal -9.269160e-02 7.040626e-01 -7.040626e-01
    outer loop
      vertex   2.158180e+02 4.890276e+02 0.000000e+00
      vertex   2.158180e+02 4.895276e+02 5.000000e-01
      vertex   2.165039e+02 4.891179e+02 0.000000e+00
    endloop
  endfacet
  facet normal -9.269160e-02 7.040626e-01 -7.040626e-01
    outer loop
      vertex   2.165039e+02 4.891179e+02 0.000000e+00
      vertex   2.158180e+02 4.895276e+02 5.000000e-01
      vertex   2.163745e+02 4.896009e+02 5.000000e-01
    endloop
  endfacet
  facet normal -2.717580e-01 6.560819e-01 -7.040626e-01
    outer loop
      vertex   2.165039e+02 4.891179e+02 0.000000e+00
      vertex   2.163745e+02 4.896009e+02 5.000000e-01
      vertex   2.171430e+02 4.893826e+02 0.000000e+00
    endloop
  endfacet
  facet normal -2.717580e-01 6.560819e-01 -7.040626e-01
    outer loop
      vertex   2.171430e+02 4.893826e+02 0.000000e+00
      vertex   2.163745e+02 4.896009e+02 5.000000e-01
      vertex   2.168930e+02 4.898157e+02 5.000000e-01
    endloop
  endfacet
  facet normal -4.323046e-01 5.633903e-01 -7.040626e-01
    outer loop
      vertex   2.171430e+02 4.893826e+02 0.000000e+00
      vertex   2.168930e+02 4.898157e+02 5.000000e-01
      vertex   2.176919e+02 4.898038e+02 0.000000e+00
    endloop
  endfacet
  facet normal -4.323046e-01 5.633903e-01 -7.040626e-01
    outer loop
      vertex   2.176919e+02 4.898038e+02 0.000000e+00
      vertex   2.168930e+02 4.898157e+02 5.000000e-01
      vertex   2.173383e+02 4.901573e+02 5.000000e-01
    endloop
  endfacet
  facet normal -5.633903e-01 4.323046e-01 -7.040626e-01
    outer loop
      vertex   2.176919e+02 4.898038e+02 0.000000e+00
      vertex   2.173383e+02 4.901573e+02 5.000000e-01
      vertex   2.181130e+02 4.903526e+02 0.000000e+00
    endloop
  endfacet
  facet normal -5.633903e-01 4.323046e-01 -7.040626e-01
    outer loop
      vertex   2.181130e+02 4.903526e+02 0.000000e+00
      vertex   2.173383e+02 4.901573e+02 5.000000e-01
      vertex   2.176800e+02 4.906026e+02 5.000000e-01
    endloop
  endfacet
  facet normal -6.560819e-01 2.717580e-01 -7.040626e-01
    outer loop
      vertex   2.181130e+02 4.903526e+02 0.000000e+00
      vertex   2.176800e+02 4.906026e+02 5.000000e-01
      vertex   2.183777e+02 4.909917e+02 0.000000e+00
    endloop
  endfacet
  facet normal -6.560819e-01 2.717580e-01 -7.040626e-01
    outer loop
      vertex   2.183777e+02 4.909917e+02 0.000000e+00
      vertex   2.176800e+02 4.906026e+02 5.000000e-01
      vertex   2.178948e+02 4.911211e+02 5.000000e-01
    endloop
  endfacet
  facet normal -7.040626e-01 9.269160e-02 -7.040626e-01
    outer loop
      vertex   2.183777e+02 4.909917e+02 0.000000e+00
      vertex   2.178948e+02 4.911211e+02 5.000000e-01
      vertex   2.184680e+02 4.916776e+02 0.000000e+00
    endloop
  endfacet
  facet normal -7.040626e-01 9.269160e-02 -7.040626e-01
    outer loop
      vertex   2.184680e+02 4.916776e+02 0.000000e+00
      vertex   2.178948e+02 4.911211e+02 5.000000e-01
      vertex   2.179680e+02 4.916776e+02 5.000000e-01
    endloop
  endfacet
  facet normal -7.040626e-01 -9.269160e-02 -7.040626e-01
    outer loop
      vertex   2.184680e+02 4.916776e+02 0.000000e+00
      vertex   2.179680e+02 4.916776e+02 5.000000e-01
      vertex   2.183777e+02 4.923635e+02 0.000000e+00
    endloop
  endfacet
  facet normal -7.040626e-01 -9.269160e-02 -7.040626e-01
    outer loop
      vertex   2.183777e+02 4.923635e+02 0.000000e+00
      vertex   2.179680e+02 4.916776e+02 5.000000e-01
      vertex   2.178948e+02 4.922341e+02 5.000000e-01
    endloop
  endfacet
  facet normal -6.560819e-01 -2.717580e-01 -7.040626e-01
    outer loop
      vertex   2.183777e+02 4.923635e+02 0.000000e+00
      vertex   2.178948e+02 4.922341e+02 5.000000e-01
      vertex   2.181130e+02 4.930026e+02 0.000000e+00
    endloop
  endfacet
  facet normal -6.560819e-01 -2.717580e-01 -7.040626e-01
    outer loop
      vertex   2.181130e+02 4.930026e+02 0.000000e+00
      vertex   2.178948e+02 4.922341e+02 5.000000e-01
      vertex   2.176800e+02 4.927526e+02 5.000000e-01
    endloop
  endfacet
  facet normal -5.633903e-01 -4.323046e-01 -7.040626e-01
    outer loop
      vertex   2.181130e+02 4.930026e+02 0.000000e+00
      vertex   2.176800e+02 4.927526e+02 5.000000e-01
      vertex   2.176919e+02 4.935514e+02 0.000000e+00
    endloop
  endfacet
  facet normal -5.633903e-01 -4.323046e-01 -7.040626e-01
    outer loop
      vertex   2.176919e+02 4.935514e+02 0.000000e+00
      vertex   2.176800e+02 4.927526e+02 5.000000e-01
      vertex   2.173383e+02 4.931979e+02 5.000000e-01
    endloop
  endfacet
  facet normal -4.323046e-01 -5.633903e-01 -7.040626e-01
    outer loop
      vertex   2.176919e+02 4.935514e+02 0.000000e+00
      vertex   2.173383e+02 4.931979e+02 5.000000e-01
      vertex   2.171430e+02 4.939726e+02 0.000000e+00
    endloop
  endfacet
  facet normal -4.323046e-01 -5.633903e-01 -7.040626e-01
    outer loop
      vertex   2.171430e+02 4.939726e+02 0.000000e+00
      vertex   2.173383e+02 4.931979e+02 5.000000e-01
      vertex   2.168930e+02 4.935396e+02 5.000000e-01
    endloop
  endfacet
  facet normal -2.717580e-01 -6.560819e-01 -7.040626e-01
    outer loop
      vertex   2.171430e+02 4.939726e+02 0.000000e+00
      vertex   2.168930e+02 4.935396e+02 5.000000e-01
      vertex   2.165039e+02 4.942373e+02 0.000000e+00
    endloop
  endfacet
  facet normal -2.717580e-01 -6.560819e-01 -7.040626e-01
    outer loop
      vertex   2.165039e+02 4.942373e+02 0.000000e+00
      vertex   2.168930e+02 4.935396e+02 5.000000e-01
      vertex   2.163745e+02 4.937543e+02 5.000000e-01
    endloop
  endfacet
  facet normal -9.269160e-02 -7.040626e-01 -7.040626e-01
    outer loop
      vertex   2.165039e+02 4.942373e+02 0.000000e+00
      vertex   2.163745e+02 4.937543e+02 5.000000e-01
      vertex   2.158180e+02 4.943276e+02 0.000000e+00
    endloop
  endfacet
  facet normal -9.269160e-02 -7.040626e-01 -7.040626e-01
    outer loop
      vertex   2.158180e+02 4.943276e+02 0.000000e+00
      vertex   2.163745e+02 4.937543e+02 5.000000e-01
      vertex   2.158180e+02 4.938276e+02 5.000000e-01
    endloop
  endfacet
  facet normal 9.269160e-02 -7.040626e-01 -7.040626e-01
    outer loop
      vertex   2.158180e+02 4.943276e+02 0.000000e+00
      vertex   2.158180e+02 4.938276e+02 5.000000e-01
      vertex   2.151321e+02 4.942373e+02 0.000000e+00
    endloop
  endfacet
  facet normal 9.269160e-02 -7.040626e-01 -7.040626e-01
    outer loop
      vertex   2.151321e+02 4.942373e+02 0.000000e+00
      vertex   2.158180e+02 4.938276e+02 5.000000e-01
      vertex   2.152616e+02 4.937543e+02 5.000000e-01
    endloop
  endfacet
  facet normal 2.717580e-01 -6.560819e-01 -7.040626e-01
    outer loop
      vertex   2.151321e+02 4.942373e+02 0.000000e+00
      vertex   2.152616e+02 4.937543e+02 5.000000e-01
      vertex   2.144930e+02 4.939726e+02 0.000000e+00
    endloop
  endfacet
  facet normal 2.717580e-01 -6.560819e-01 -7.040626e-01
    outer loop
      vertex   2.144930e+02 4.939726e+02 0.000000e+00
      vertex   2.152616e+02 4.937543e+02 5.000000e-01
      vertex   2.147430e+02 4.935396e+02 5.000000e-01
    endloop
  endfacet
  facet normal 4.323046e-01 -5.633903e-01 -7.040626e-01
    outer loop
      vertex   2.144930e+02 4.939726e+02 0.000000e+00
      vertex   2.147430e+02 4.935396e+02 5.000000e-01
      vertex   2.139442e+02 4.935514e+02 0.000000e+00
    endloop
  endfacet
  facet normal 4.323046e-01 -5.633903e-01 -7.040626e-01
    outer loop
      vertex   2.139442e+02 4.935514e+02 0.000000e+00
      vertex   2.147430e+02 4.935396e+02 5.000000e-01
      vertex   2.142977e+02 4.931979e+02 5.000000e-01
    endloop
  endfacet
  facet normal 5.633903e-01 -4.323046e-01 -7.040626e-01
    outer loop
      vertex   2.139442e+02 4.935514e+02 0.000000e+00
      vertex   2.142977e+02 4.931979e+02 5.000000e-01
      vertex   2.135231e+02 4.930026e+02 0.000000e+00
    endloop
  endfacet
  facet normal 5.633903e-01 -4.323046e-01 -7.040626e-01
    outer loop
      vertex   2.135231e+02 4.930026e+02 0.000000e+00
      vertex   2.142977e+02 4.931979e+02 5.000000e-01
      vertex   2.139561e+02 4.927526e+02 5.000000e-01
    endloop
  endfacet
  facet normal 6.560819e-01 -2.717580e-01 -7.040626e-01
    outer loop
      vertex   2.135231e+02 4.930026e+02 0.000000e+00
      vertex   2.139561e+02 4.927526e+02 5.000000e-01
      vertex   2.132583e+02 4.923635e+02 0.000000e+00
    endloop
  endfacet
  facet normal 6.560819e-01 -2.717580e-01 -7.040626e-01
    outer loop
      vertex   2.132583e+02 4.923635e+02 0.000000e+00
      vertex   2.139561e+02 4.927526e+02 5.000000e-01
      vertex   2.137413e+02 4.922341e+02 5.000000e-01
    endloop
  endfacet
  facet normal -0.000000e+00 0.000000e+00 -1.000000e+00
    outer loop
      vertex   9.485070e+01 4.905660e+02 0.000000e+00
      vertex   9.476041e+01 4.898801e+02 0.000000e+00
      vertex   8.999619e+01 4.967252e+02 0.000000e+00
    endloop
  endfacet
  facet normal 0.000000e+00 0.000000e+00 -1.000000e+00
    outer loop
      vertex   8.999619e+01 4.967252e+02 0.000000e+00
      vertex   9.476041e+01 4.898801e+02 0.000000e+00
      vertex   9.485070e+01 4.891942e+02 0.000000e+00
    endloop
  endfacet
  facet normal 0.000000e+00 0.000000e+00 -1.000000e+00
    outer loop
      vertex   8.999619e+01 4.967252e+02 0.000000e+00
      vertex   9.485070e+01 4.891942e+02 0.000000e+00
      vertex   9.511544e+01 4.885551e+02 0.000000e+00
    endloop
  endfacet
  facet normal -0.000000e+00 0.000000e+00 -1.000000e+00
    outer loop
      vertex   9.553657e+01 4.880063e+02 0.000000e+00
      vertex   9.511544e+01 4.110343e+02 0.000000e+00
      vertex   9.511544e+01 4.885551e+02 0.000000e+00
    endloop
  endfacet
  facet normal 0.000000e+00 -0.000000e+00 -1.000000e+00
    outer loop
      vertex   9.511544e+01 4.885551e+02 0.000000e+00
      vertex   9.511544e+01 4.110343e+02 0.000000e+00
      vertex   8.999619e+01 4.037417e+02 0.000000e+00
    endloop
  endfacet
  facet normal -0.000000e+00 0.000000e+00 -1.000000e+00
    outer loop
      vertex   9.511544e+01 4.885551e+02 0.000000e+00
      vertex   8.999619e+01 4.037417e+02 0.000000e+00
      vertex   8.999619e+01 4.967252e+02 0.000000e+00
    endloop
  endfacet
  facet normal 0.000000e+00 0.000000e+00 -1.000000e+00
    outer loop
      vertex   9.511544e+01 4.110343e+02 0.000000e+00
      vertex   9.553657e+01 4.880063e+02 0.000000e+00
      vertex   9.553657e+01 4.115831e+02 0.000000e+00
    endloop
  endfacet
  facet normal 0.000000e+00 0.000000e+00 -1.000000e+00
    outer loop
      vertex   9.553657e+01 4.115831e+02 0.000000e+00
      vertex   9.553657e+01 4.880063e+02 0.000000e+00
      vertex   9.608541e+01 4.875851e+02 0.000000e+00
    endloop
  endfacet
  facet normal 0.000000e+00 0.000000e+00 -1.000000e+00
    outer loop
      vertex   9.553657e+01 4.115831e+02 0.000000e+00
      vertex   9.608541e+01 4.875851e+02 0.000000e+00
      vertex   9.608541e+01 4.120043e+02 0.000000e+00
    endloop
  endfacet
  facet normal 0.000000e+00 0.000000e+00 -1.000000e+00
    outer loop
      vertex   9.608541e+01 4.120043e+02 0.000000e+00
      vertex   9.608541e+01 4.875851e+02 0.000000e+00
      vertex   9.672454e+01 4.873204e+02 0.000000e+00
    endloop
  endfacet
  facet normal 0.000000e+00 0.000000e+00 -1.000000e+00
    outer loop
      vertex   9.608541e+01 4.120043e+02 0.000000e+00
      vertex   9.672454e+01 4.873204e+02 0.000000e+00
      vertex   9.672454e+01 4.122690e+02 0.000000e+00
    endloop
  endfacet
  facet normal 0.000000e+00 0.000000e+00 -1.000000e+00
    outer loop
      vertex   9.672454e+01 4.122690e+02 0.000000e+00
      vertex   9.672454e+01 4.873204e+02 0.000000e+00
      vertex   9.741041e+01 4.872301e+02 0.000000e+00
    endloop
  endfacet
  facet normal 0.000000e+00 0.000000e+00 -1.000000e+00
    outer loop
      vertex   9.672454e+01 4.122690e+02 0.000000e+00
      vertex   9.741041e+01 4.872301e+02 0.000000e+00
      vertex   9.741041e+01 4.123593e+02 0.000000e+00
    endloop
  endfacet
  facet normal 0.000000e+00 0.000000e+00 -1.000000e+00
    outer loop
      vertex   9.741041e+01 4.123593e+02 0.000000e+00
      vertex   9.741041e+01 4.872301e+02 0.000000e+00
      vertex   9.809628e+01 4.873204e+02 0.000000e+00
    endloop
  endfacet
  facet normal 0.000000e+00 0.000000e+00 -1.000000e+00
    outer loop
      vertex   9.741041e+01 4.123593e+02 0.000000e+00
      vertex   9.809628e+01 4.873204e+02 0.000000e+00
      vertex   9.809628e+01 4.122690e+02 0.000000e+00
    endloop
  endfacet
  facet normal 0.000000e+00 0.000000e+00 -1.000000e+00
    outer loop
      vertex   9.809628e+01 4.122690e+02 0.000000e+00
      vertex   9.809628e+01 4.873204e+02 0.000000e+00
      vertex   9.873541e+01 4.875851e+02 0.000000e+00
    endloop
  endfacet
  facet normal 0.000000e+00 0.000000e+00 -1.000000e+00
    outer loop
      vertex   9.809628e+01 4.122690e+02 0.000000e+00
      vertex   9.873541e+01 4.875851e+02 0.000000e+00
      vertex   9.873541e+01 4.120043e+02 0.000000e+00
    endloop
  endfacet
  facet normal 0.000000e+00 0.000000e+00 -1.000000e+00
    outer loop
      vertex   9.873541e+01 4.120043e+02 0.000000e+00
      vertex   9.873541e+01 4.875851e+02 0.000000e+00
      vertex   9.928424e+01 4.880063e+02 0.000000e+00
    endloop
  endfacet
  facet normal 0.000000e+00 0.000000e+00 -1.000000e+00
    outer loop
      vertex   9.873541e+01 4.120043e+02 0.000000e+00
      vertex   9.928424e+01 4.880063e+02 0.000000e+00
      vertex   9.928424e+01 4.115831e+02 0.000000e+00
    endloop
  endfacet
  facet normal 0.000000e+00 0.000000e+00 -1.000000e+00
    outer loop
      vertex   9.928424e+01 4.115831e+02 0.000000e+00
      vertex   9.928424e+01 4.880063e+02 0.000000e+00
      vertex   1.659399e+02 5.043290e+02 0.000000e+00
    endloop
  endfacet
  facet normal 0.000000e+00 0.000000e+00 -1.000000e+00
    outer loop
      vertex   9.928424e+01 4.115831e+02 0.000000e+00
      vertex   1.659399e+02 5.043290e+02 0.000000e+00
      vertex   9.970538e+01 4.110343e+02 0.000000e+00
    endloop
  endfacet
  facet normal 0.000000e+00 0.000000e+00 -1.000000e+00
    outer loop
      vertex   9.970538e+01 4.110343e+02 0.000000e+00
      vertex   1.659399e+02 5.043290e+02 0.000000e+00
      vertex   2.139442e+02 4.898038e+02 0.000000e+00
    endloop
  endfacet
  facet normal 0.000000e+00 0.000000e+00 -1.000000e+00
    outer loop
      vertex   9.970538e+01 4.110343e+02 0.000000e+00
      vertex   2.139442e+02 4.898038e+02 0.000000e+00
      vertex   2.351394e+02 4.404481e+02 0.000000e+00
    endloop
  endfacet
  facet normal 0.000000e+00 0.000000e+00 -1.000000e+00
    outer loop
      vertex   2.351394e+02 4.404481e+02 0.000000e+00
      vertex   2.139442e+02 4.898038e+02 0.000000e+00
      vertex   2.352297e+02 4.411339e+02 0.000000e+00
    endloop
  endfacet
  facet normal 0.000000e+00 0.000000e+00 -1.000000e+00
    outer loop
      vertex   2.352297e+02 4.411339e+02 0.000000e+00
      vertex   2.139442e+02 4.898038e+02 0.000000e+00
      vertex   2.144930e+02 4.893826e+02 0.000000e+00
    endloop
  endfacet
  facet normal 0.000000e+00 0.000000e+00 -1.000000e+00
    outer loop
      vertex   2.352297e+02 4.411339e+02 0.000000e+00
      vertex   2.144930e+02 4.893826e+02 0.000000e+00
      vertex   2.354945e+02 4.417731e+02 0.000000e+00
    endloop
  endfacet
  facet normal 0.000000e+00 0.000000e+00 -1.000000e+00
    outer loop
      vertex   2.354945e+02 4.417731e+02 0.000000e+00
      vertex   2.144930e+02 4.893826e+02 0.000000e+00
      vertex   2.151321e+02 4.891179e+02 0.000000e+00
    endloop
  endfacet
  facet normal 0.000000e+00 0.000000e+00 -1.000000e+00
    outer loop
      vertex   2.354945e+02 4.417731e+02 0.000000e+00
      vertex   2.151321e+02 4.891179e+02 0.000000e+00
      vertex   2.359156e+02 4.423219e+02 0.000000e+00
    endloop
  endfacet
  facet normal 0.000000e+00 0.000000e+00 -1.000000e+00
    outer loop
      vertex   2.359156e+02 4.423219e+02 0.000000e+00
      vertex   2.151321e+02 4.891179e+02 0.000000e+00
      vertex   2.158180e+02 4.890276e+02 0.000000e+00
    endloop
  endfacet
  facet normal 0.000000e+00 0.000000e+00 -1.000000e+00
    outer loop
      vertex   2.359156e+02 4.423219e+02 0.000000e+00
      vertex   2.158180e+02 4.890276e+02 0.000000e+00
      vertex   2.364644e+02 4.427430e+02 0.000000e+00
    endloop
  endfacet
  facet normal 0.000000e+00 0.000000e+00 -1.000000e+00
    outer loop
      vertex   2.364644e+02 4.427430e+02 0.000000e+00
      vertex   2.158180e+02 4.890276e+02 0.000000e+00
      vertex   2.165039e+02 4.891179e+02 0.000000e+00
    endloop
  endfacet
  facet normal 0.000000e+00 0.000000e+00 -1.000000e+00
    outer loop
      vertex   2.364644e+02 4.427430e+02 0.000000e+00
      vertex   2.165039e+02 4.891179e+02 0.000000e+00
      vertex   2.371036e+02 4.430078e+02 0.000000e+00
    endloop
  endfacet
  facet normal 0.000000e+00 0.000000e+00 -1.000000e+00
    outer loop
      vertex   2.371036e+02 4.430078e+02 0.000000e+00
      vertex   2.165039e+02 4.891179e+02 0.000000e+00
      vertex   2.171430e+02 4.893826e+02 0.000000e+00
    endloop
  endfacet
  facet normal 0.000000e+00 0.000000e+00 -1.000000e+00
    outer loop
      vertex   2.371036e+02 4.430078e+02 0.000000e+00
      vertex   2.171430e+02 4.893826e+02 0.000000e+00
      vertex   2.377894e+02 4.430981e+02 0.000000e+00
    endloop
  endfacet
  facet normal 0.000000e+00 0.000000e+00 -1.000000e+00
    outer loop
      vertex   2.377894e+02 4.430981e+02 0.000000e+00
      vertex   2.171430e+02 4.893826e+02 0.000000e+00
      vertex   2.176919e+02 4.898038e+02 0.000000e+00
    endloop
  endfacet
  facet normal 0.000000e+00 0.000000e+00 -1.000000e+00
    outer loop
      vertex   2.377894e+02 4.430981e+02 0.000000e+00
      vertex   2.176919e+02 4.898038e+02 0.000000e+00
      vertex   2.384753e+02 4.430078e+02 0.000000e+00
    endloop
  endfacet
  facet normal 0.000000e+00 0.000000e+00 -1.000000e+00
    outer loop
      vertex   2.384753e+02 4.430078e+02 0.000000e+00
      vertex   2.176919e+02 4.898038e+02 0.000000e+00
      vertex   2.181130e+02 4.903526e+02 0.000000e+00
    endloop
  endfacet
  facet normal 0.000000e+00 0.000000e+00 -1.000000e+00
    outer loop
      vertex   2.384753e+02 4.430078e+02 0.000000e+00
      vertex   2.181130e+02 4.903526e+02 0.000000e+00
      vertex   2.457477e+02 4.421001e+02 0.000000e+00
    endloop
  endfacet
  facet normal 0.000000e+00 0.000000e+00 -1.000000e+00
    outer loop
      vertex   2.457477e+02 4.421001e+02 0.000000e+00
      vertex   2.181130e+02 4.903526e+02 0.000000e+00
      vertex   2.183777e+02 4.909917e+02 0.000000e+00
    endloop
  endfacet
  facet normal 0.000000e+00 0.000000e+00 -1.000000e+00
    outer loop
      vertex   2.457477e+02 4.421001e+02 0.000000e+00
      vertex   2.183777e+02 4.909917e+02 0.000000e+00
      vertex   2.210947e+02 4.989210e+02 0.000000e+00
    endloop
  endfacet
  facet normal 0.000000e+00 0.000000e+00 -1.000000e+00
    outer loop
      vertex   2.210947e+02 4.989210e+02 0.000000e+00
      vertex   2.183777e+02 4.909917e+02 0.000000e+00
      vertex   2.184680e+02 4.916776e+02 0.000000e+00
    endloop
  endfacet
  facet normal 0.000000e+00 0.000000e+00 -1.000000e+00
    outer loop
      vertex   2.210947e+02 4.989210e+02 0.000000e+00
      vertex   2.184680e+02 4.916776e+02 0.000000e+00
      vertex   2.183777e+02 4.923635e+02 0.000000e+00
    endloop
  endfacet
  facet normal 0.000000e+00 0.000000e+00 -1.000000e+00
    outer loop
      vertex   9.928424e+01 4.880063e+02 0.000000e+00
      vertex   9.970538e+01 4.885551e+02 0.000000e+00
      vertex   1.659399e+02 5.043290e+02 0.000000e+00
    endloop
  endfacet
  facet normal 0.000000e+00 0.000000e+00 -1.000000e+00
    outer loop
      vertex   1.659399e+02 5.043290e+02 0.000000e+00
      vertex   9.970538e+01 4.885551e+02 0.000000e+00
      vertex   9.997011e+01 4.891942e+02 0.000000e+00
    endloop
  endfacet
  facet normal 0.000000e+00 0.000000e+00 -1.000000e+00
    outer loop
      vertex   1.659399e+02 5.043290e+02 0.000000e+00
      vertex   9.997011e+01 4.891942e+02 0.000000e+00
      vertex   1.000604e+02 4.898801e+02 0.000000e+00
    endloop
  endfacet
  facet normal 0.000000e+00 0.000000e+00 -1.000000e+00
    outer loop
      vertex   1.000604e+02 4.898801e+02 0.000000e+00
      vertex   9.997011e+01 4.905660e+02 0.000000e+00
      vertex   1.659399e+02 5.043290e+02 0.000000e+00
    endloop
  endfacet
  facet normal 0.000000e+00 0.000000e+00 -1.000000e+00
    outer loop
      vertex   1.659399e+02 5.043290e+02 0.000000e+00
      vertex   9.997011e+01 4.905660e+02 0.000000e+00
      vertex   9.970538e+01 4.912051e+02 0.000000e+00
    endloop
  endfacet
  facet normal 0.000000e+00 0.000000e+00 -1.000000e+00
    outer loop
      vertex   1.659399e+02 5.043290e+02 0.000000e+00
      vertex   9.970538e+01 4.912051e+02 0.000000e+00
      vertex   9.928424e+01 4.917539e+02 0.000000e+00
    endloop
  endfacet
  facet normal 0.000000e+00 0.000000e+00 -1.000000e+00
    outer loop
      vertex   9.928424e+01 4.917539e+02 0.000000e+00
      vertex   9.873541e+01 4.921751e+02 0.000000e+00
      vertex   1.659399e+02 5.043290e+02 0.000000e+00
    endloop
  endfacet
  facet normal 0.000000e+00 0.000000e+00 -1.000000e+00
    outer loop
      vertex   1.659399e+02 5.043290e+02 0.000000e+00
      vertex   9.873541e+01 4.921751e+02 0.000000e+00
      vertex   8.999619e+01 4.967252e+02 0.000000e+00
    endloop
  endfacet
  facet normal 0.000000e+00 0.000000e+00 -1.000000e+00
    outer loop
      vertex   8.999619e+01 4.967252e+02 0.000000e+00
      vertex   9.873541e+01 4.921751e+02 0.000000e+00
      vertex   9.809628e+01 4.924398e+02 0.000000e+00
    endloop
  endfacet
  facet normal 0.000000e+00 0.000000e+00 -1.000000e+00
    outer loop
      vertex   8.999619e+01 4.967252e+02 0.000000e+00
      vertex   9.809628e+01 4.924398e+02 0.000000e+00
      vertex   9.741041e+01 4.925301e+02 0.000000e+00
    endloop
  endfacet
  facet normal -0.000000e+00 0.000000e+00 -1.000000e+00
    outer loop
      vertex   9.741041e+01 4.925301e+02 0.000000e+00
      vertex   9.672454e+01 4.924398e+02 0.000000e+00
      vertex   8.999619e+01 4.967252e+02 0.000000e+00
    endloop
  endfacet
  facet normal 0.000000e+00 0.000000e+00 -1.000000e+00
    outer loop
      vertex   8.999619e+01 4.967252e+02 0.000000e+00
      vertex   9.672454e+01 4.924398e+02 0.000000e+00
      vertex   9.608541e+01 4.921751e+02 0.000000e+00
    endloop
  endfacet
  facet normal 0.000000e+00 0.000000e+00 -1.000000e+00
    outer loop
      vertex   8.999619e+01 4.967252e+02 0.000000e+00
      vertex   9.608541e+01 4.921751e+02 0.000000e+00
      vertex   9.553657e+01 4.917539e+02 0.000000e+00
    endloop
  endfacet
  facet normal -0.000000e+00 0.000000e+00 -1.000000e+00
    outer loop
      vertex   9.553657e+01 4.917539e+02 0.000000e+00
      vertex   9.511544e+01 4.912051e+02 0.000000e+00
      vertex   8.999619e+01 4.967252e+02 0.000000e+00
    endloop
  endfacet
  facet normal 0.000000e+00 0.000000e+00 -1.000000e+00
    outer loop
      vertex   8.999619e+01 4.967252e+02 0.000000e+00
      vertex   9.511544e+01 4.912051e+02 0.000000e+00
      vertex   9.485070e+01 4.905660e+02 0.000000e+00
    endloop
  endfacet
  facet normal 0.000000e+00 -0.000000e+00 -1.000000e+00
    outer loop
      vertex   2.351394e+02 4.404481e+02 0.000000e+00
      vertex   2.352297e+02 4.397622e+02 0.000000e+00
      vertex   9.970538e+01 4.110343e+02 0.000000e+00
    endloop
  endfacet
  facet normal 0.000000e+00 0.000000e+00 -1.000000e+00
    outer loop
      vertex   9.970538e+01 4.110343e+02 0.000000e+00
      vertex   2.352297e+02 4.397622e+02 0.000000e+00
      vertex   9.997011e+01 4.103952e+02 0.000000e+00
    endloop
  endfacet
  facet normal 0.000000e+00 0.000000e+00 -1.000000e+00
    outer loop
      vertex   9.997011e+01 4.103952e+02 0.000000e+00
      vertex   2.352297e+02 4.397622e+02 0.000000e+00
      vertex   2.176468e+02 3.772577e+02 0.000000e+00
    endloop
  endfacet
  facet normal 0.000000e+00 0.000000e+00 -1.000000e+00
    outer loop
      vertex   9.997011e+01 4.103952e+02 0.000000e+00
      vertex   2.176468e+02 3.772577e+02 0.000000e+00
      vertex   1.000604e+02 4.097093e+02 0.000000e+00
    endloop
  endfacet
  facet normal 0.000000e+00 0.000000e+00 -1.000000e+00
    outer loop
      vertex   1.000604e+02 4.097093e+02 0.000000e+00
      vertex   2.176468e+02 3.772577e+02 0.000000e+00
      vertex   2.172257e+02 3.767089e+02 0.000000e+00
    endloop
  endfacet
  facet normal 0.000000e+00 -0.000000e+00 -1.000000e+00
    outer loop
      vertex   1.000604e+02 4.097093e+02 0.000000e+00
      vertex   2.172257e+02 3.767089e+02 0.000000e+00
      vertex   9.997011e+01 4.090234e+02 0.000000e+00
    endloop
  endfacet
  facet normal 0.000000e+00 0.000000e+00 -1.000000e+00
    outer loop
      vertex   9.997011e+01 4.090234e+02 0.000000e+00
      vertex   2.172257e+02 3.767089e+02 0.000000e+00
      vertex   2.169609e+02 3.760697e+02 0.000000e+00
    endloop
  endfacet
  facet normal 0.000000e+00 -0.000000e+00 -1.000000e+00
    outer loop
      vertex   9.997011e+01 4.090234e+02 0.000000e+00
      vertex   2.169609e+02 3.760697e+02 0.000000e+00
      vertex   9.970538e+01 4.083843e+02 0.000000e+00
    endloop
  endfacet
  facet normal 0.000000e+00 0.000000e+00 -1.000000e+00
    outer loop
      vertex   9.970538e+01 4.083843e+02 0.000000e+00
      vertex   2.169609e+02 3.760697e+02 0.000000e+00
      vertex   2.168706e+02 3.753839e+02 0.000000e+00
    endloop
  endfacet
  facet normal 0.000000e+00 -0.000000e+00 -1.000000e+00
    outer loop
      vertex   9.970538e+01 4.083843e+02 0.000000e+00
      vertex   2.168706e+02 3.753839e+02 0.000000e+00
      vertex   9.928424e+01 4.078355e+02 0.000000e+00
    endloop
  endfacet
  facet normal 0.000000e+00 0.000000e+00 -1.000000e+00
    outer loop
      vertex   9.928424e+01 4.078355e+02 0.000000e+00
      vertex   2.168706e+02 3.753839e+02 0.000000e+00
      vertex   2.169609e+02 3.746980e+02 0.000000e+00
    endloop
  endfacet
  facet normal 0.000000e+00 -0.000000e+00 -1.000000e+00
    outer loop
      vertex   9.928424e+01 4.078355e+02 0.000000e+00
      vertex   2.169609e+02 3.746980e+02 0.000000e+00
      vertex   9.873541e+01 4.074143e+02 0.000000e+00
    endloop
  endfacet
  facet normal 0.000000e+00 0.000000e+00 -1.000000e+00
    outer loop
      vertex   9.873541e+01 4.074143e+02 0.000000e+00
      vertex   2.169609e+02 3.746980e+02 0.000000e+00
      vertex   2.172257e+02 3.740589e+02 0.000000e+00
    endloop
  endfacet
  facet normal 0.000000e+00 -0.000000e+00 -1.000000e+00
    outer loop
      vertex   9.873541e+01 4.074143e+02 0.000000e+00
      vertex   2.172257e+02 3.740589e+02 0.000000e+00
      vertex   9.809628e+01 4.071496e+02 0.000000e+00
    endloop
  endfacet
  facet normal 0.000000e+00 -0.000000e+00 -1.000000e+00
    outer loop
      vertex   9.809628e+01 4.071496e+02 0.000000e+00
      vertex   2.172257e+02 3.740589e+02 0.000000e+00
      vertex   8.999619e+01 4.037417e+02 0.000000e+00
    endloop
  endfacet
  facet normal 0.000000e+00 0.000000e+00 -1.000000e+00
    outer loop
      vertex   9.809628e+01 4.071496e+02 0.000000e+00
      vertex   8.999619e+01 4.037417e+02 0.000000e+00
      vertex   9.741041e+01 4.070593e+02 0.000000e+00
    endloop
  endfacet
  facet normal -0.000000e+00 0.000000e+00 -1.000000e+00
    outer loop
      vertex   9.741041e+01 4.070593e+02 0.000000e+00
      vertex   8.999619e+01 4.037417e+02 0.000000e+00
      vertex   9.672454e+01 4.071496e+02 0.000000e+00
    endloop
  endfacet
  facet normal -0.000000e+00 0.000000e+00 -1.000000e+00
    outer loop
      vertex   9.672454e+01 4.071496e+02 0.000000e+00
      vertex   8.999619e+01 4.037417e+02 0.000000e+00
      vertex   9.608541e+01 4.074143e+02 0.000000e+00
    endloop
  endfacet
  facet normal -0.000000e+00 0.000000e+00 -1.000000e+00
    outer loop
      vertex   9.608541e+01 4.074143e+02 0.000000e+00
      vertex   8.999619e+01 4.037417e+02 0.000000e+00
      vertex   9.553657e+01 4.078355e+02 0.000000e+00
    endloop
  endfacet
  facet normal -0.000000e+00 0.000000e+00 -1.000000e+00
    outer loop
      vertex   9.553657e+01 4.078355e+02 0.000000e+00
      vertex   8.999619e+01 4.037417e+02 0.000000e+00
      vertex   9.511544e+01 4.083843e+02 0.000000e+00
    endloop
  endfacet
  facet normal -0.000000e+00 0.000000e+00 -1.000000e+00
    outer loop
      vertex   9.511544e+01 4.083843e+02 0.000000e+00
      vertex   8.999619e+01 4.037417e+02 0.000000e+00
      vertex   9.485070e+01 4.090234e+02 0.000000e+00
    endloop
  endfacet
  facet normal -0.000000e+00 0.000000e+00 -1.000000e+00
    outer loop
      vertex   9.485070e+01 4.090234e+02 0.000000e+00
      vertex   8.999619e+01 4.037417e+02 0.000000e+00
      vertex   9.476041e+01 4.097093e+02 0.000000e+00
    endloop
  endfacet
  facet normal -0.000000e+00 0.000000e+00 -1.000000e+00
    outer loop
      vertex   9.476041e+01 4.097093e+02 0.000000e+00
      vertex   8.999619e+01 4.037417e+02 0.000000e+00
      vertex   9.485070e+01 4.103952e+02 0.000000e+00
    endloop
  endfacet
  facet normal -0.000000e+00 0.000000e+00 -1.000000e+00
    outer loop
      vertex   9.485070e+01 4.103952e+02 0.000000e+00
      vertex   8.999619e+01 4.037417e+02 0.000000e+00
      vertex   9.511544e+01 4.110343e+02 0.000000e+00
    endloop
  endfacet
  facet normal 0.000000e+00 -0.000000e+00 -1.000000e+00
    outer loop
      vertex   2.352297e+02 4.397622e+02 0.000000e+00
      vertex   2.354945e+02 4.391231e+02 0.000000e+00
      vertex   2.176468e+02 3.772577e+02 0.000000e+00
    endloop
  endfacet
  facet normal 0.000000e+00 0.000000e+00 -1.000000e+00
    outer loop
      vertex   2.176468e+02 3.772577e+02 0.000000e+00
      vertex   2.354945e+02 4.391231e+02 0.000000e+00
      vertex   2.181956e+02 3.776788e+02 0.000000e+00
    endloop
  endfacet
  facet normal 0.000000e+00 0.000000e+00 -1.000000e+00
    outer loop
      vertex   2.181956e+02 3.776788e+02 0.000000e+00
      vertex   2.354945e+02 4.391231e+02 0.000000e+00
      vertex   2.359156e+02 4.385742e+02 0.000000e+00
    endloop
  endfacet
  facet normal 0.000000e+00 0.000000e+00 -1.000000e+00
    outer loop
      vertex   2.181956e+02 3.776788e+02 0.000000e+00
      vertex   2.359156e+02 4.385742e+02 0.000000e+00
      vertex   2.188347e+02 3.779436e+02 0.000000e+00
    endloop
  endfacet
  facet normal 0.000000e+00 0.000000e+00 -1.000000e+00
    outer loop
      vertex   2.188347e+02 3.779436e+02 0.000000e+00
      vertex   2.359156e+02 4.385742e+02 0.000000e+00
      vertex   2.457477e+02 4.109704e+02 0.000000e+00
    endloop
  endfacet
  facet normal 0.000000e+00 0.000000e+00 -1.000000e+00
    outer loop
      vertex   2.188347e+02 3.779436e+02 0.000000e+00
      vertex   2.457477e+02 4.109704e+02 0.000000e+00
      vertex   2.195206e+02 3.780339e+02 0.000000e+00
    endloop
  endfacet
  facet normal 0.000000e+00 0.000000e+00 -1.000000e+00
    outer loop
      vertex   2.195206e+02 3.780339e+02 0.000000e+00
      vertex   2.457477e+02 4.109704e+02 0.000000e+00
      vertex   2.202065e+02 3.779436e+02 0.000000e+00
    endloop
  endfacet
  facet normal 0.000000e+00 0.000000e+00 -1.000000e+00
    outer loop
      vertex   2.202065e+02 3.779436e+02 0.000000e+00
      vertex   2.457477e+02 4.109704e+02 0.000000e+00
      vertex   2.208456e+02 3.776788e+02 0.000000e+00
    endloop
  endfacet
  facet normal 0.000000e+00 0.000000e+00 -1.000000e+00
    outer loop
      vertex   2.208456e+02 3.776788e+02 0.000000e+00
      vertex   2.457477e+02 4.109704e+02 0.000000e+00
      vertex   2.213945e+02 3.772577e+02 0.000000e+00
    endloop
  endfacet
  facet normal 0.000000e+00 0.000000e+00 -1.000000e+00
    outer loop
      vertex   2.213945e+02 3.772577e+02 0.000000e+00
      vertex   2.457477e+02 4.109704e+02 0.000000e+00
      vertex   2.218156e+02 3.767089e+02 0.000000e+00
    endloop
  endfacet
  facet normal 0.000000e+00 0.000000e+00 -1.000000e+00
    outer loop
      vertex   2.218156e+02 3.767089e+02 0.000000e+00
      vertex   2.457477e+02 4.109704e+02 0.000000e+00
      vertex   2.220803e+02 3.760697e+02 0.000000e+00
    endloop
  endfacet
  facet normal 0.000000e+00 0.000000e+00 -1.000000e+00
    outer loop
      vertex   2.220803e+02 3.760697e+02 0.000000e+00
      vertex   2.457477e+02 4.109704e+02 0.000000e+00
      vertex   2.221706e+02 3.753839e+02 0.000000e+00
    endloop
  endfacet
  facet normal 0.000000e+00 0.000000e+00 -1.000000e+00
    outer loop
      vertex   2.221706e+02 3.753839e+02 0.000000e+00
      vertex   2.457477e+02 4.109704e+02 0.000000e+00
      vertex   2.234837e+02 3.664439e+02 0.000000e+00
    endloop
  endfacet
  facet normal 0.000000e+00 -0.000000e+00 -1.000000e+00
    outer loop
      vertex   2.221706e+02 3.753839e+02 0.000000e+00
      vertex   2.234837e+02 3.664439e+02 0.000000e+00
      vertex   2.220803e+02 3.746980e+02 0.000000e+00
    endloop
  endfacet
  facet normal 0.000000e+00 -0.000000e+00 -1.000000e+00
    outer loop
      vertex   2.220803e+02 3.746980e+02 0.000000e+00
      vertex   2.234837e+02 3.664439e+02 0.000000e+00
      vertex   2.218156e+02 3.740589e+02 0.000000e+00
    endloop
  endfacet
  facet normal 0.000000e+00 -0.000000e+00 -1.000000e+00
    outer loop
      vertex   2.218156e+02 3.740589e+02 0.000000e+00
      vertex   2.234837e+02 3.664439e+02 0.000000e+00
      vertex   2.213945e+02 3.735100e+02 0.000000e+00
    endloop
  endfacet
  facet normal 0.000000e+00 -0.000000e+00 -1.000000e+00
    outer loop
      vertex   2.213945e+02 3.735100e+02 0.000000e+00
      vertex   2.234837e+02 3.664439e+02 0.000000e+00
      vertex   2.208456e+02 3.730889e+02 0.000000e+00
    endloop
  endfacet
  facet normal 0.000000e+00 -0.000000e+00 -1.000000e+00
    outer loop
      vertex   2.208456e+02 3.730889e+02 0.000000e+00
      vertex   2.234837e+02 3.664439e+02 0.000000e+00
      vertex   2.202065e+02 3.728241e+02 0.000000e+00
    endloop
  endfacet
  facet normal 0.000000e+00 -0.000000e+00 -1.000000e+00
    outer loop
      vertex   2.202065e+02 3.728241e+02 0.000000e+00
      vertex   2.234837e+02 3.664439e+02 0.000000e+00
      vertex   2.195206e+02 3.727339e+02 0.000000e+00
    endloop
  endfacet
  facet normal -0.000000e+00 -0.000000e+00 -1.000000e+00
    outer loop
      vertex   2.195206e+02 3.727339e+02 0.000000e+00
      vertex   2.234837e+02 3.664439e+02 0.000000e+00
      vertex   2.188347e+02 3.728241e+02 0.000000e+00
    endloop
  endfacet
  facet normal -0.000000e+00 -0.000000e+00 -1.000000e+00
    outer loop
      vertex   2.188347e+02 3.728241e+02 0.000000e+00
      vertex   2.234837e+02 3.664439e+02 0.000000e+00
      vertex   2.181956e+02 3.730889e+02 0.000000e+00
    endloop
  endfacet
  facet normal -0.000000e+00 -0.000000e+00 -1.000000e+00
    outer loop
      vertex   2.181956e+02 3.730889e+02 0.000000e+00
      vertex   2.234837e+02 3.664439e+02 0.000000e+00
      vertex   2.176468e+02 3.735100e+02 0.000000e+00
    endloop
  endfacet
  facet normal -0.000000e+00 -0.000000e+00 -1.000000e+00
    outer loop
      vertex   2.176468e+02 3.735100e+02 0.000000e+00
      vertex   2.234837e+02 3.664439e+02 0.000000e+00
      vertex   8.999619e+01 4.037417e+02 0.000000e+00
    endloop
  endfacet
  facet normal 0.000000e+00 0.000000e+00 -1.000000e+00
    outer loop
      vertex   2.176468e+02 3.735100e+02 0.000000e+00
      vertex   8.999619e+01 4.037417e+02 0.000000e+00
      vertex   2.172257e+02 3.740589e+02 0.000000e+00
    endloop
  endfacet
  facet normal 0.000000e+00 0.000000e+00 -1.000000e+00
    outer loop
      vertex   2.359156e+02 4.385742e+02 0.000000e+00
      vertex   2.364644e+02 4.381531e+02 0.000000e+00
      vertex   2.457477e+02 4.109704e+02 0.000000e+00
    endloop
  endfacet
  facet normal 0.000000e+00 0.000000e+00 -1.000000e+00
    outer loop
      vertex   2.457477e+02 4.109704e+02 0.000000e+00
      vertex   2.364644e+02 4.381531e+02 0.000000e+00
      vertex   2.371036e+02 4.378884e+02 0.000000e+00
    endloop
  endfacet
  facet normal 0.000000e+00 0.000000e+00 -1.000000e+00
    outer loop
      vertex   2.457477e+02 4.109704e+02 0.000000e+00
      vertex   2.371036e+02 4.378884e+02 0.000000e+00
      vertex   2.377894e+02 4.377981e+02 0.000000e+00
    endloop
  endfacet
  facet normal 0.000000e+00 0.000000e+00 -1.000000e+00
    outer loop
      vertex   2.377894e+02 4.377981e+02 0.000000e+00
      vertex   2.384753e+02 4.378884e+02 0.000000e+00
      vertex   2.457477e+02 4.109704e+02 0.000000e+00
    endloop
  endfacet
  facet normal 0.000000e+00 0.000000e+00 -1.000000e+00
    outer loop
      vertex   2.457477e+02 4.109704e+02 0.000000e+00
      vertex   2.384753e+02 4.378884e+02 0.000000e+00
      vertex   2.391144e+02 4.381531e+02 0.000000e+00
    endloop
  endfacet
  facet normal 0.000000e+00 0.000000e+00 -1.000000e+00
    outer loop
      vertex   2.457477e+02 4.109704e+02 0.000000e+00
      vertex   2.391144e+02 4.381531e+02 0.000000e+00
      vertex   2.396633e+02 4.385742e+02 0.000000e+00
    endloop
  endfacet
  facet normal 0.000000e+00 0.000000e+00 -1.000000e+00
    outer loop
      vertex   2.457477e+02 4.109704e+02 0.000000e+00
      vertex   2.396633e+02 4.385742e+02 0.000000e+00
      vertex   2.457477e+02 4.421001e+02 0.000000e+00
    endloop
  endfacet
  facet normal 0.000000e+00 0.000000e+00 -1.000000e+00
    outer loop
      vertex   2.457477e+02 4.421001e+02 0.000000e+00
      vertex   2.396633e+02 4.385742e+02 0.000000e+00
      vertex   2.400844e+02 4.391231e+02 0.000000e+00
    endloop
  endfacet
  facet normal 0.000000e+00 0.000000e+00 -1.000000e+00
    outer loop
      vertex   2.457477e+02 4.421001e+02 0.000000e+00
      vertex   2.400844e+02 4.391231e+02 0.000000e+00
      vertex   2.403492e+02 4.397622e+02 0.000000e+00
    endloop
  endfacet
  facet normal 0.000000e+00 0.000000e+00 -1.000000e+00
    outer loop
      vertex   2.403492e+02 4.397622e+02 0.000000e+00
      vertex   2.404394e+02 4.404481e+02 0.000000e+00
      vertex   2.457477e+02 4.421001e+02 0.000000e+00
    endloop
  endfacet
  facet normal 0.000000e+00 0.000000e+00 -1.000000e+00
    outer loop
      vertex   2.457477e+02 4.421001e+02 0.000000e+00
      vertex   2.404394e+02 4.404481e+02 0.000000e+00
      vertex   2.403492e+02 4.411339e+02 0.000000e+00
    endloop
  endfacet
  facet normal 0.000000e+00 0.000000e+00 -1.000000e+00
    outer loop
      vertex   2.457477e+02 4.421001e+02 0.000000e+00
      vertex   2.403492e+02 4.411339e+02 0.000000e+00
      vertex   2.400844e+02 4.417731e+02 0.000000e+00
    endloop
  endfacet
  facet normal 0.000000e+00 0.000000e+00 -1.000000e+00
    outer loop
      vertex   2.400844e+02 4.417731e+02 0.000000e+00
      vertex   2.396633e+02 4.423219e+02 0.000000e+00
      vertex   2.457477e+02 4.421001e+02 0.000000e+00
    endloop
  endfacet
  facet normal 0.000000e+00 0.000000e+00 -1.000000e+00
    outer loop
      vertex   2.457477e+02 4.421001e+02 0.000000e+00
      vertex   2.396633e+02 4.423219e+02 0.000000e+00
      vertex   2.391144e+02 4.427430e+02 0.000000e+00
    endloop
  endfacet
  facet normal 0.000000e+00 0.000000e+00 -1.000000e+00
    outer loop
      vertex   2.457477e+02 4.421001e+02 0.000000e+00
      vertex   2.391144e+02 4.427430e+02 0.000000e+00
      vertex   2.384753e+02 4.430078e+02 0.000000e+00
    endloop
  endfacet
  facet normal -0.000000e+00 0.000000e+00 -1.000000e+00
    outer loop
      vertex   2.210947e+02 4.989210e+02 0.000000e+00
      vertex   2.144930e+02 4.939726e+02 0.000000e+00
      vertex   1.659399e+02 5.043290e+02 0.000000e+00
    endloop
  endfacet
  facet normal 0.000000e+00 0.000000e+00 -1.000000e+00
    outer loop
      vertex   1.659399e+02 5.043290e+02 0.000000e+00
      vertex   2.144930e+02 4.939726e+02 0.000000e+00
      vertex   2.139442e+02 4.935514e+02 0.000000e+00
    endloop
  endfacet
  facet normal 0.000000e+00 0.000000e+00 -1.000000e+00
    outer loop
      vertex   1.659399e+02 5.043290e+02 0.000000e+00
      vertex   2.139442e+02 4.935514e+02 0.000000e+00
      vertex   2.135231e+02 4.930026e+02 0.000000e+00
    endloop
  endfacet
  facet normal -0.000000e+00 0.000000e+00 -1.000000e+00
    outer loop
      vertex   2.132583e+02 4.923635e+02 0.000000e+00
      vertex   2.131680e+02 4.916776e+02 0.000000e+00
      vertex   1.659399e+02 5.043290e+02 0.000000e+00
    endloop
  endfacet
  facet normal 0.000000e+00 0.000000e+00 -1.000000e+00
    outer loop
      vertex   1.659399e+02 5.043290e+02 0.000000e+00
      vertex   2.131680e+02 4.916776e+02 0.000000e+00
      vertex   2.132583e+02 4.909917e+02 0.000000e+00
    endloop
  endfacet
  facet normal 0.000000e+00 0.000000e+00 -1.000000e+00
    outer loop
      vertex   1.659399e+02 5.043290e+02 0.000000e+00
      vertex   2.132583e+02 4.909917e+02 0.000000e+00
      vertex   2.135231e+02 4.903526e+02 0.000000e+00
    endloop
  endfacet
  facet normal -0.000000e+00 -0.000000e+00 -1.000000e+00
    outer loop
      vertex   2.135231e+02 4.903526e+02 0.000000e+00
      vertex   2.139442e+02 4.898038e+02 0.000000e+00
      vertex   1.659399e+02 5.043290e+02 0.000000e+00
    endloop
  endfacet
  facet normal 0.000000e+00 0.000000e+00 -1.000000e+00
    outer loop
      vertex   2.183777e+02 4.923635e+02 0.000000e+00
      vertex   2.181130e+02 4.930026e+02 0.000000e+00
      vertex   2.210947e+02 4.989210e+02 0.000000e+00
    endloop
  endfacet
  facet normal 0.000000e+00 0.000000e+00 -1.000000e+00
    outer loop
      vertex   2.210947e+02 4.989210e+02 0.000000e+00
      vertex   2.181130e+02 4.930026e+02 0.000000e+00
      vertex   2.176919e+02 4.935514e+02 0.000000e+00
    endloop
  endfacet
  facet normal 0.000000e+00 0.000000e+00 -1.000000e+00
    outer loop
      vertex   2.210947e+02 4.989210e+02 0.000000e+00
      vertex   2.176919e+02 4.935514e+02 0.000000e+00
      vertex   2.171430e+02 4.939726e+02 0.000000e+00
    endloop
  endfacet
  facet normal 0.000000e+00 0.000000e+00 -1.000000e+00
    outer loop
      vertex   2.171430e+02 4.939726e+02 0.000000e+00
      vertex   2.165039e+02 4.942373e+02 0.000000e+00
      vertex   2.210947e+02 4.989210e+02 0.000000e+00
    endloop
  endfacet
  facet normal 0.000000e+00 0.000000e+00 -1.000000e+00
    outer loop
      vertex   2.210947e+02 4.989210e+02 0.000000e+00
      vertex   2.165039e+02 4.942373e+02 0.000000e+00
      vertex   2.158180e+02 4.943276e+02 0.000000e+00
    endloop
  endfacet
  facet normal 0.000000e+00 0.000000e+00 -1.000000e+00
    outer loop
      vertex   2.210947e+02 4.989210e+02 0.000000e+00
      vertex   2.158180e+02 4.943276e+02 0.000000e+00
      vertex   2.151321e+02 4.942373e+02 0.000000e+00
    endloop
  endfacet
  facet normal -0.000000e+00 0.000000e+00 -1.000000e+00
    outer loop
      vertex   2.151321e+02 4.942373e+02 0.000000e+00
      vertex   2.144930e+02 4.939726e+02 0.000000e+00
      vertex   2.210947e+02 4.989210e+02 0.000000e+00
    endloop
  endfacet
  facet normal -0.000000e+00 0.000000e+00 -1.000000e+00
    outer loop
      vertex   2.135231e+02 4.930026e+02 0.000000e+00
      vertex   2.132583e+02 4.923635e+02 0.000000e+00
      vertex   1.659399e+02 5.043290e+02 0.000000e+00
    endloop
  endfacet
  facet normal 9.914449e-01 1.305262e-01 0.000000e+00
    outer loop
      vertex   2.137413e+02 4.911211e+02 1.500000e+00
      vertex   2.137413e+02 4.911211e+02 5.000000e-01
      vertex   2.136680e+02 4.916776e+02 1.500000e+00
    endloop
  endfacet
  facet normal 9.914449e-01 1.305262e-01 0.000000e+00
    outer loop
      vertex   2.136680e+02 4.916776e+02 1.500000e+00
      vertex   2.137413e+02 4.911211e+02 5.000000e-01
      vertex   2.136680e+02 4.916776e+02 5.000000e-01
    endloop
  endfacet
  facet normal 9.914449e-01 -1.305262e-01 0.000000e+00
    outer loop
      vertex   2.136680e+02 4.916776e+02 1.500000e+00
      vertex   2.136680e+02 4.916776e+02 5.000000e-01
      vertex   2.137413e+02 4.922341e+02 1.500000e+00
    endloop
  endfacet
  facet normal 9.914449e-01 -1.305262e-01 0.000000e+00
    outer loop
      vertex   2.137413e+02 4.922341e+02 1.500000e+00
      vertex   2.136680e+02 4.916776e+02 5.000000e-01
      vertex   2.137413e+02 4.922341e+02 5.000000e-01
    endloop
  endfacet
  facet normal 9.238795e-01 -3.826834e-01 0.000000e+00
    outer loop
      vertex   2.137413e+02 4.922341e+02 1.500000e+00
      vertex   2.137413e+02 4.922341e+02 5.000000e-01
      vertex   2.139561e+02 4.927526e+02 1.500000e+00
    endloop
  endfacet
  facet normal 9.238795e-01 -3.826834e-01 0.000000e+00
    outer loop
      vertex   2.139561e+02 4.927526e+02 1.500000e+00
      vertex   2.137413e+02 4.922341e+02 5.000000e-01
      vertex   2.139561e+02 4.927526e+02 5.000000e-01
    endloop
  endfacet
  facet normal 7.933533e-01 -6.087614e-01 0.000000e+00
    outer loop
      vertex   2.139561e+02 4.927526e+02 1.500000e+00
      vertex   2.139561e+02 4.927526e+02 5.000000e-01
      vertex   2.142977e+02 4.931979e+02 1.500000e+00
    endloop
  endfacet
  facet normal 7.933533e-01 -6.087614e-01 0.000000e+00
    outer loop
      vertex   2.142977e+02 4.931979e+02 1.500000e+00
      vertex   2.139561e+02 4.927526e+02 5.000000e-01
      vertex   2.142977e+02 4.931979e+02 5.000000e-01
    endloop
  endfacet
  facet normal 6.087614e-01 -7.933533e-01 0.000000e+00
    outer loop
      vertex   2.142977e+02 4.931979e+02 1.500000e+00
      vertex   2.142977e+02 4.931979e+02 5.000000e-01
      vertex   2.147430e+02 4.935396e+02 1.500000e+00
    endloop
  endfacet
  facet normal 6.087614e-01 -7.933533e-01 0.000000e+00
    outer loop
      vertex   2.147430e+02 4.935396e+02 1.500000e+00
      vertex   2.142977e+02 4.931979e+02 5.000000e-01
      vertex   2.147430e+02 4.935396e+02 5.000000e-01
    endloop
  endfacet
  facet normal 3.826834e-01 -9.238795e-01 0.000000e+00
    outer loop
      vertex   2.147430e+02 4.935396e+02 1.500000e+00
      vertex   2.147430e+02 4.935396e+02 5.000000e-01
      vertex   2.152616e+02 4.937543e+02 1.500000e+00
    endloop
  endfacet
  facet normal 3.826834e-01 -9.238795e-01 0.000000e+00
    outer loop
      vertex   2.152616e+02 4.937543e+02 1.500000e+00
      vertex   2.147430e+02 4.935396e+02 5.000000e-01
      vertex   2.152616e+02 4.937543e+02 5.000000e-01
    endloop
  endfacet
  facet normal 1.305262e-01 -9.914449e-01 0.000000e+00
    outer loop
      vertex   2.152616e+02 4.937543e+02 1.500000e+00
      vertex   2.152616e+02 4.937543e+02 5.000000e-01
      vertex   2.158180e+02 4.938276e+02 1.500000e+00
    endloop
  endfacet
  facet normal 1.305262e-01 -9.914449e-01 0.000000e+00
    outer loop
      vertex   2.158180e+02 4.938276e+02 1.500000e+00
      vertex   2.152616e+02 4.937543e+02 5.000000e-01
      vertex   2.158180e+02 4.938276e+02 5.000000e-01
    endloop
  endfacet
  facet normal -1.305262e-01 -9.914449e-01 -0.000000e+00
    outer loop
      vertex   2.158180e+02 4.938276e+02 1.500000e+00
      vertex   2.158180e+02 4.938276e+02 5.000000e-01
      vertex   2.163745e+02 4.937543e+02 1.500000e+00
    endloop
  endfacet
  facet normal -1.305262e-01 -9.914449e-01 -0.000000e+00
    outer loop
      vertex   2.163745e+02 4.937543e+02 1.500000e+00
      vertex   2.158180e+02 4.938276e+02 5.000000e-01
      vertex   2.163745e+02 4.937543e+02 5.000000e-01
    endloop
  endfacet
  facet normal -3.826834e-01 -9.238795e-01 -0.000000e+00
    outer loop
      vertex   2.163745e+02 4.937543e+02 1.500000e+00
      vertex   2.163745e+02 4.937543e+02 5.000000e-01
      vertex   2.168930e+02 4.935396e+02 1.500000e+00
    endloop
  endfacet
  facet normal -3.826834e-01 -9.238795e-01 -0.000000e+00
    outer loop
      vertex   2.168930e+02 4.935396e+02 1.500000e+00
      vertex   2.163745e+02 4.937543e+02 5.000000e-01
      vertex   2.168930e+02 4.935396e+02 5.000000e-01
    endloop
  endfacet
  facet normal -6.087614e-01 -7.933533e-01 -0.000000e+00
    outer loop
      vertex   2.168930e+02 4.935396e+02 1.500000e+00
      vertex   2.168930e+02 4.935396e+02 5.000000e-01
      vertex   2.173383e+02 4.931979e+02 1.500000e+00
    endloop
  endfacet
  facet normal -6.087614e-01 -7.933533e-01 -0.000000e+00
    outer loop
      vertex   2.173383e+02 4.931979e+02 1.500000e+00
      vertex   2.168930e+02 4.935396e+02 5.000000e-01
      vertex   2.173383e+02 4.931979e+02 5.000000e-01
    endloop
  endfacet
  facet normal -7.933533e-01 -6.087614e-01 -0.000000e+00
    outer loop
      vertex   2.173383e+02 4.931979e+02 1.500000e+00
      vertex   2.173383e+02 4.931979e+02 5.000000e-01
      vertex   2.176800e+02 4.927526e+02 1.500000e+00
    endloop
  endfacet
  facet normal -7.933533e-01 -6.087614e-01 -0.000000e+00
    outer loop
      vertex   2.176800e+02 4.927526e+02 1.500000e+00
      vertex   2.173383e+02 4.931979e+02 5.000000e-01
      vertex   2.176800e+02 4.927526e+02 5.000000e-01
    endloop
  endfacet
  facet normal -9.238795e-01 -3.826834e-01 -0.000000e+00
    outer loop
      vertex   2.176800e+02 4.927526e+02 1.500000e+00
      vertex   2.176800e+02 4.927526e+02 5.000000e-01
      vertex   2.178948e+02 4.922341e+02 1.500000e+00
    endloop
  endfacet
  facet normal -9.238795e-01 -3.826834e-01 -0.000000e+00
    outer loop
      vertex   2.178948e+02 4.922341e+02 1.500000e+00
      vertex   2.176800e+02 4.927526e+02 5.000000e-01
      vertex   2.178948e+02 4.922341e+02 5.000000e-01
    endloop
  endfacet
  facet normal -9.914449e-01 -1.305262e-01 -0.000000e+00
    outer loop
      vertex   2.178948e+02 4.922341e+02 1.500000e+00
      vertex   2.178948e+02 4.922341e+02 5.000000e-01
      vertex   2.179680e+02 4.916776e+02 1.500000e+00
    endloop
  endfacet
  facet normal -9.914449e-01 -1.305262e-01 -0.000000e+00
    outer loop
      vertex   2.179680e+02 4.916776e+02 1.500000e+00
      vertex   2.178948e+02 4.922341e+02 5.000000e-01
      vertex   2.179680e+02 4.916776e+02 5.000000e-01
    endloop
  endfacet
  facet normal -9.914449e-01 1.305262e-01 0.000000e+00
    outer loop
      vertex   2.179680e+02 4.916776e+02 1.500000e+00
      vertex   2.179680e+02 4.916776e+02 5.000000e-01
      vertex   2.178948e+02 4.911211e+02 1.500000e+00
    endloop
  endfacet
  facet normal -9.914449e-01 1.305262e-01 0.000000e+00
    outer loop
      vertex   2.178948e+02 4.911211e+02 1.500000e+00
      vertex   2.179680e+02 4.916776e+02 5.000000e-01
      vertex   2.178948e+02 4.911211e+02 5.000000e-01
    endloop
  endfacet
  facet normal -9.238795e-01 3.826834e-01 0.000000e+00
    outer loop
      vertex   2.178948e+02 4.911211e+02 1.500000e+00
      vertex   2.178948e+02 4.911211e+02 5.000000e-01
      vertex   2.176800e+02 4.906026e+02 1.500000e+00
    endloop
  endfacet
  facet normal -9.238795e-01 3.826834e-01 0.000000e+00
    outer loop
      vertex   2.176800e+02 4.906026e+02 1.500000e+00
      vertex   2.178948e+02 4.911211e+02 5.000000e-01
      vertex   2.176800e+02 4.906026e+02 5.000000e-01
    endloop
  endfacet
  facet normal -7.933533e-01 6.087614e-01 0.000000e+00
    outer loop
      vertex   2.176800e+02 4.906026e+02 1.500000e+00
      vertex   2.176800e+02 4.906026e+02 5.000000e-01
      vertex   2.173383e+02 4.901573e+02 1.500000e+00
    endloop
  endfacet
  facet normal -7.933533e-01 6.087614e-01 0.000000e+00
    outer loop
      vertex   2.173383e+02 4.901573e+02 1.500000e+00
      vertex   2.176800e+02 4.906026e+02 5.000000e-01
      vertex   2.173383e+02 4.901573e+02 5.000000e-01
    endloop
  endfacet
  facet normal -6.087614e-01 7.933533e-01 0.000000e+00
    outer loop
      vertex   2.173383e+02 4.901573e+02 1.500000e+00
      vertex   2.173383e+02 4.901573e+02 5.000000e-01
      vertex   2.168930e+02 4.898157e+02 1.500000e+00
    endloop
  endfacet
  facet normal -6.087614e-01 7.933533e-01 0.000000e+00
    outer loop
      vertex   2.168930e+02 4.898157e+02 1.500000e+00
      vertex   2.173383e+02 4.901573e+02 5.000000e-01
      vertex   2.168930e+02 4.898157e+02 5.000000e-01
    endloop
  endfacet
  facet normal -3.826834e-01 9.238795e-01 0.000000e+00
    outer loop
      vertex   2.168930e+02 4.898157e+02 1.500000e+00
      vertex   2.168930e+02 4.898157e+02 5.000000e-01
      vertex   2.163745e+02 4.896009e+02 1.500000e+00
    endloop
  endfacet
  facet normal -3.826834e-01 9.238795e-01 0.000000e+00
    outer loop
      vertex   2.163745e+02 4.896009e+02 1.500000e+00
      vertex   2.168930e+02 4.898157e+02 5.000000e-01
      vertex   2.163745e+02 4.896009e+02 5.000000e-01
    endloop
  endfacet
  facet normal -1.305262e-01 9.914449e-01 0.000000e+00
    outer loop
      vertex   2.163745e+02 4.896009e+02 1.500000e+00
      vertex   2.163745e+02 4.896009e+02 5.000000e-01
      vertex   2.158180e+02 4.895276e+02 1.500000e+00
    endloop
  endfacet
  facet normal -1.305262e-01 9.914449e-01 0.000000e+00
    outer loop
      vertex   2.158180e+02 4.895276e+02 1.500000e+00
      vertex   2.163745e+02 4.896009e+02 5.000000e-01
      vertex   2.158180e+02 4.895276e+02 5.000000e-01
    endloop
  endfacet
  facet normal 1.305262e-01 9.914449e-01 0.000000e+00
    outer loop
      vertex   2.158180e+02 4.895276e+02 1.500000e+00
      vertex   2.158180e+02 4.895276e+02 5.000000e-01
      vertex   2.152616e+02 4.896009e+02 1.500000e+00
    endloop
  endfacet
  facet normal 1.305262e-01 9.914449e-01 0.000000e+00
    outer loop
      vertex   2.152616e+02 4.896009e+02 1.500000e+00
      vertex   2.158180e+02 4.895276e+02 5.000000e-01
      vertex   2.152616e+02 4.896009e+02 5.000000e-01
    endloop
  endfacet
  facet normal 3.826834e-01 9.238795e-01 0.000000e+00
    outer loop
      vertex   2.152616e+02 4.896009e+02 1.500000e+00
      vertex   2.152616e+02 4.896009e+02 5.000000e-01
      vertex   2.147430e+02 4.898157e+02 1.500000e+00
    endloop
  endfacet
  facet normal 3.826834e-01 9.238795e-01 0.000000e+00
    outer loop
      vertex   2.147430e+02 4.898157e+02 1.500000e+00
      vertex   2.152616e+02 4.896009e+02 5.000000e-01
      vertex   2.147430e+02 4.898157e+02 5.000000e-01
    endloop
  endfacet
  facet normal 6.087614e-01 7.933533e-01 0.000000e+00
    outer loop
      vertex   2.147430e+02 4.898157e+02 1.500000e+00
      vertex   2.147430e+02 4.898157e+02 5.000000e-01
      vertex   2.142977e+02 4.901573e+02 1.500000e+00
    endloop
  endfacet
  facet normal 6.087614e-01 7.933533e-01 0.000000e+00
    outer loop
      vertex   2.142977e+02 4.901573e+02 1.500000e+00
      vertex   2.147430e+02 4.898157e+02 5.000000e-01
      vertex   2.142977e+02 4.901573e+02 5.000000e-01
    endloop
  endfacet
  facet normal 7.933533e-01 6.087614e-01 0.000000e+00
    outer loop
      vertex   2.142977e+02 4.901573e+02 1.500000e+00
      vertex   2.142977e+02 4.901573e+02 5.000000e-01
      vertex   2.139561e+02 4.906026e+02 1.500000e+00
    endloop
  endfacet
  facet normal 7.933533e-01 6.087614e-01 0.000000e+00
    outer loop
      vertex   2.139561e+02 4.906026e+02 1.500000e+00
      vertex   2.142977e+02 4.901573e+02 5.000000e-01
      vertex   2.139561e+02 4.906026e+02 5.000000e-01
    endloop
  endfacet
  facet normal 9.238795e-01 3.826834e-01 0.000000e+00
    outer loop
      vertex   2.139561e+02 4.906026e+02 1.500000e+00
      vertex   2.139561e+02 4.906026e+02 5.000000e-01
      vertex   2.137413e+02 4.911211e+02 1.500000e+00
    endloop
  endfacet
  facet normal 9.238795e-01 3.826834e-01 0.000000e+00
    outer loop
      vertex   2.137413e+02 4.911211e+02 1.500000e+00
      vertex   2.139561e+02 4.906026e+02 5.000000e-01
      vertex   2.137413e+02 4.911211e+02 5.000000e-01
    endloop
  endfacet
  facet normal 7.040626e-01 -9.269160e-02 -7.040626e-01
    outer loop
      vertex   9.485070e+01 4.905660e+02 0.000000e+00
      vertex   9.533367e+01 4.904365e+02 5.000000e-01
      vertex   9.476041e+01 4.898801e+02 0.000000e+00
    endloop
  endfacet
  facet normal 7.040626e-01 -9.269160e-02 -7.040626e-01
    outer loop
      vertex   9.476041e+01 4.898801e+02 0.000000e+00
      vertex   9.533367e+01 4.904365e+02 5.000000e-01
      vertex   9.526041e+01 4.898801e+02 5.000000e-01
    endloop
  endfacet
  facet normal 7.040626e-01 9.269160e-02 -7.040626e-01
    outer loop
      vertex   9.476041e+01 4.898801e+02 0.000000e+00
      vertex   9.526041e+01 4.898801e+02 5.000000e-01
      vertex   9.485070e+01 4.891942e+02 0.000000e+00
    endloop
  endfacet
  facet normal 7.040626e-01 9.269160e-02 -7.040626e-01
    outer loop
      vertex   9.485070e+01 4.891942e+02 0.000000e+00
      vertex   9.526041e+01 4.898801e+02 5.000000e-01
      vertex   9.533367e+01 4.893236e+02 5.000000e-01
    endloop
  endfacet
  facet normal 6.560819e-01 2.717580e-01 -7.040626e-01
    outer loop
      vertex   9.485070e+01 4.891942e+02 0.000000e+00
      vertex   9.533367e+01 4.893236e+02 5.000000e-01
      vertex   9.511544e+01 4.885551e+02 0.000000e+00
    endloop
  endfacet
  facet normal 6.560819e-01 2.717580e-01 -7.040626e-01
    outer loop
      vertex   9.511544e+01 4.885551e+02 0.000000e+00
      vertex   9.533367e+01 4.893236e+02 5.000000e-01
      vertex   9.554845e+01 4.888051e+02 5.000000e-01
    endloop
  endfacet
  facet normal 5.633903e-01 4.323046e-01 -7.040626e-01
    outer loop
      vertex   9.511544e+01 4.885551e+02 0.000000e+00
      vertex   9.554845e+01 4.888051e+02 5.000000e-01
      vertex   9.553657e+01 4.880063e+02 0.000000e+00
    endloop
  endfacet
  facet normal 5.633903e-01 4.323046e-01 -7.040626e-01
    outer loop
      vertex   9.553657e+01 4.880063e+02 0.000000e+00
      vertex   9.554845e+01 4.888051e+02 5.000000e-01
      vertex   9.589013e+01 4.883598e+02 5.000000e-01
    endloop
  endfacet
  facet normal 4.323046e-01 5.633903e-01 -7.040626e-01
    outer loop
      vertex   9.553657e+01 4.880063e+02 0.000000e+00
      vertex   9.589013e+01 4.883598e+02 5.000000e-01
      vertex   9.608541e+01 4.875851e+02 0.000000e+00
    endloop
  endfacet
  facet normal 4.323046e-01 5.633903e-01 -7.040626e-01
    outer loop
      vertex   9.608541e+01 4.875851e+02 0.000000e+00
      vertex   9.589013e+01 4.883598e+02 5.000000e-01
      vertex   9.633541e+01 4.880181e+02 5.000000e-01
    endloop
  endfacet
  facet normal 2.717580e-01 6.560819e-01 -7.040626e-01
    outer loop
      vertex   9.608541e+01 4.875851e+02 0.000000e+00
      vertex   9.633541e+01 4.880181e+02 5.000000e-01
      vertex   9.672454e+01 4.873204e+02 0.000000e+00
    endloop
  endfacet
  facet normal 2.717580e-01 6.560819e-01 -7.040626e-01
    outer loop
      vertex   9.672454e+01 4.873204e+02 0.000000e+00
      vertex   9.633541e+01 4.880181e+02 5.000000e-01
      vertex   9.685395e+01 4.878033e+02 5.000000e-01
    endloop
  endfacet
  facet normal 9.269160e-02 7.040626e-01 -7.040626e-01
    outer loop
      vertex   9.672454e+01 4.873204e+02 0.000000e+00
      vertex   9.685395e+01 4.878033e+02 5.000000e-01
      vertex   9.741041e+01 4.872301e+02 0.000000e+00
    endloop
  endfacet
  facet normal 9.269160e-02 7.040626e-01 -7.040626e-01
    outer loop
      vertex   9.741041e+01 4.872301e+02 0.000000e+00
      vertex   9.685395e+01 4.878033e+02 5.000000e-01
      vertex   9.741041e+01 4.877301e+02 5.000000e-01
    endloop
  endfacet
  facet normal -9.269160e-02 7.040626e-01 -7.040626e-01
    outer loop
      vertex   9.741041e+01 4.872301e+02 0.000000e+00
      vertex   9.741041e+01 4.877301e+02 5.000000e-01
      vertex   9.809628e+01 4.873204e+02 0.000000e+00
    endloop
  endfacet
  facet normal -9.269160e-02 7.040626e-01 -7.040626e-01
    outer loop
      vertex   9.809628e+01 4.873204e+02 0.000000e+00
      vertex   9.741041e+01 4.877301e+02 5.000000e-01
      vertex   9.796687e+01 4.878033e+02 5.000000e-01
    endloop
  endfacet
  facet normal -2.717580e-01 6.560819e-01 -7.040626e-01
    outer loop
      vertex   9.809628e+01 4.873204e+02 0.000000e+00
      vertex   9.796687e+01 4.878033e+02 5.000000e-01
      vertex   9.873541e+01 4.875851e+02 0.000000e+00
    endloop
  endfacet
  facet normal -2.717580e-01 6.560819e-01 -7.040626e-01
    outer loop
      vertex   9.873541e+01 4.875851e+02 0.000000e+00
      vertex   9.796687e+01 4.878033e+02 5.000000e-01
      vertex   9.848541e+01 4.880181e+02 5.000000e-01
    endloop
  endfacet
  facet normal -4.323046e-01 5.633903e-01 -7.040626e-01
    outer loop
      vertex   9.873541e+01 4.875851e+02 0.000000e+00
      vertex   9.848541e+01 4.880181e+02 5.000000e-01
      vertex   9.928424e+01 4.880063e+02 0.000000e+00
    endloop
  endfacet
  facet normal -4.323046e-01 5.633903e-01 -7.040626e-01
    outer loop
      vertex   9.928424e+01 4.880063e+02 0.000000e+00
      vertex   9.848541e+01 4.880181e+02 5.000000e-01
      vertex   9.893069e+01 4.883598e+02 5.000000e-01
    endloop
  endfacet
  facet normal -5.633903e-01 4.323046e-01 -7.040626e-01
    outer loop
      vertex   9.928424e+01 4.880063e+02 0.000000e+00
      vertex   9.893069e+01 4.883598e+02 5.000000e-01
      vertex   9.970538e+01 4.885551e+02 0.000000e+00
    endloop
  endfacet
  facet normal -5.633903e-01 4.323046e-01 -7.040626e-01
    outer loop
      vertex   9.970538e+01 4.885551e+02 0.000000e+00
      vertex   9.893069e+01 4.883598e+02 5.000000e-01
      vertex   9.927236e+01 4.888051e+02 5.000000e-01
    endloop
  endfacet
  facet normal -6.560819e-01 2.717580e-01 -7.040626e-01
    outer loop
      vertex   9.970538e+01 4.885551e+02 0.000000e+00
      vertex   9.927236e+01 4.888051e+02 5.000000e-01
      vertex   9.997011e+01 4.891942e+02 0.000000e+00
    endloop
  endfacet
  facet normal -6.560819e-01 2.717580e-01 -7.040626e-01
    outer loop
      vertex   9.997011e+01 4.891942e+02 0.000000e+00
      vertex   9.927236e+01 4.888051e+02 5.000000e-01
      vertex   9.948715e+01 4.893236e+02 5.000000e-01
    endloop
  endfacet
  facet normal -7.040626e-01 9.269160e-02 -7.040626e-01
    outer loop
      vertex   9.997011e+01 4.891942e+02 0.000000e+00
      vertex   9.948715e+01 4.893236e+02 5.000000e-01
      vertex   1.000604e+02 4.898801e+02 0.000000e+00
    endloop
  endfacet
  facet normal -7.040626e-01 9.269160e-02 -7.040626e-01
    outer loop
      vertex   1.000604e+02 4.898801e+02 0.000000e+00
      vertex   9.948715e+01 4.893236e+02 5.000000e-01
      vertex   9.956041e+01 4.898801e+02 5.000000e-01
    endloop
  endfacet
  facet normal -7.040626e-01 -9.269160e-02 -7.040626e-01
    outer loop
      vertex   1.000604e+02 4.898801e+02 0.000000e+00
      vertex   9.956041e+01 4.898801e+02 5.000000e-01
      vertex   9.997011e+01 4.905660e+02 0.000000e+00
    endloop
  endfacet
  facet normal -7.040626e-01 -9.269160e-02 -7.040626e-01
    outer loop
      vertex   9.997011e+01 4.905660e+02 0.000000e+00
      vertex   9.956041e+01 4.898801e+02 5.000000e-01
      vertex   9.948715e+01 4.904365e+02 5.000000e-01
    endloop
  endfacet
  facet normal -6.560819e-01 -2.717580e-01 -7.040626e-01
    outer loop
      vertex   9.997011e+01 4.905660e+02 0.000000e+00
      vertex   9.948715e+01 4.904365e+02 5.000000e-01
      vertex   9.970538e+01 4.912051e+02 0.000000e+00
    endloop
  endfacet
  facet normal -6.560819e-01 -2.717580e-01 -7.040626e-01
    outer loop
      vertex   9.970538e+01 4.912051e+02 0.000000e+00
      vertex   9.948715e+01 4.904365e+02 5.000000e-01
      vertex   9.927236e+01 4.909551e+02 5.000000e-01
    endloop
  endfacet
  facet normal -5.633903e-01 -4.323046e-01 -7.040626e-01
    outer loop
      vertex   9.970538e+01 4.912051e+02 0.000000e+00
      vertex   9.927236e+01 4.909551e+02 5.000000e-01
      vertex   9.928424e+01 4.917539e+02 0.000000e+00
    endloop
  endfacet
  facet normal -5.633903e-01 -4.323046e-01 -7.040626e-01
    outer loop
      vertex   9.928424e+01 4.917539e+02 0.000000e+00
      vertex   9.927236e+01 4.909551e+02 5.000000e-01
      vertex   9.893069e+01 4.914004e+02 5.000000e-01
    endloop
  endfacet
  facet normal -4.323046e-01 -5.633903e-01 -7.040626e-01
    outer loop
      vertex   9.928424e+01 4.917539e+02 0.000000e+00
      vertex   9.893069e+01 4.914004e+02 5.000000e-01
      vertex   9.873541e+01 4.921751e+02 0.000000e+00
    endloop
  endfacet
  facet normal -4.323046e-01 -5.633903e-01 -7.040626e-01
    outer loop
      vertex   9.873541e+01 4.921751e+02 0.000000e+00
      vertex   9.893069e+01 4.914004e+02 5.000000e-01
      vertex   9.848541e+01 4.917420e+02 5.000000e-01
    endloop
  endfacet
  facet normal -2.717580e-01 -6.560819e-01 -7.040626e-01
    outer loop
      vertex   9.873541e+01 4.921751e+02 0.000000e+00
      vertex   9.848541e+01 4.917420e+02 5.000000e-01
      vertex   9.809628e+01 4.924398e+02 0.000000e+00
    endloop
  endfacet
  facet normal -2.717580e-01 -6.560819e-01 -7.040626e-01
    outer loop
      vertex   9.809628e+01 4.924398e+02 0.000000e+00
      vertex   9.848541e+01 4.917420e+02 5.000000e-01
      vertex   9.796687e+01 4.919568e+02 5.000000e-01
    endloop
  endfacet
  facet normal -9.269160e-02 -7.040626e-01 -7.040626e-01
    outer loop
      vertex   9.809628e+01 4.924398e+02 0.000000e+00
      vertex   9.796687e+01 4.919568e+02 5.000000e-01
      vertex   9.741041e+01 4.925301e+02 0.000000e+00
    endloop
  endfacet
  facet normal -9.269160e-02 -7.040626e-01 -7.040626e-01
    outer loop
      vertex   9.741041e+01 4.925301e+02 0.000000e+00
      vertex   9.796687e+01 4.919568e+02 5.000000e-01
      vertex   9.741041e+01 4.920301e+02 5.000000e-01
    endloop
  endfacet
  facet normal 9.269160e-02 -7.040626e-01 -7.040626e-01
    outer loop
      vertex   9.741041e+01 4.925301e+02 0.000000e+00
      vertex   9.741041e+01 4.920301e+02 5.000000e-01
      vertex   9.672454e+01 4.924398e+02 0.000000e+00
    endloop
  endfacet
  facet normal 9.269160e-02 -7.040626e-01 -7.040626e-01
    outer loop
      vertex   9.672454e+01 4.924398e+02 0.000000e+00
      vertex   9.741041e+01 4.920301e+02 5.000000e-01
      vertex   9.685395e+01 4.919568e+02 5.000000e-01
    endloop
  endfacet
  facet normal 2.717580e-01 -6.560819e-01 -7.040626e-01
    outer loop
      vertex   9.672454e+01 4.924398e+02 0.000000e+00
      vertex   9.685395e+01 4.919568e+02 5.000000e-01
      vertex   9.608541e+01 4.921751e+02 0.000000e+00
    endloop
  endfacet
  facet normal 2.717580e-01 -6.560819e-01 -7.040626e-01
    outer loop
      vertex   9.608541e+01 4.921751e+02 0.000000e+00
      vertex   9.685395e+01 4.919568e+02 5.000000e-01
      vertex   9.633541e+01 4.917420e+02 5.000000e-01
    endloop
  endfacet
  facet normal 4.323046e-01 -5.633903e-01 -7.040626e-01
    outer loop
      vertex   9.608541e+01 4.921751e+02 0.000000e+00
      vertex   9.633541e+01 4.917420e+02 5.000000e-01
      vertex   9.553657e+01 4.917539e+02 0.000000e+00
    endloop
  endfacet
  facet normal 4.323046e-01 -5.633903e-01 -7.040626e-01
    outer loop
      vertex   9.553657e+01 4.917539e+02 0.000000e+00
      vertex   9.633541e+01 4.917420e+02 5.000000e-01
      vertex   9.589013e+01 4.914004e+02 5.000000e-01
    endloop
  endfacet
  facet normal 5.633903e-01 -4.323046e-01 -7.040626e-01
    outer loop
      vertex   9.553657e+01 4.917539e+02 0.000000e+00
      vertex   9.589013e+01 4.914004e+02 5.000000e-01
      vertex   9.511544e+01 4.912051e+02 0.000000e+00
    endloop
  endfacet
  facet normal 5.633903e-01 -4.323046e-01 -7.040626e-01
    outer loop
      vertex   9.511544e+01 4.912051e+02 0.000000e+00
      vertex   9.589013e+01 4.914004e+02 5.000000e-01
      vertex   9.554845e+01 4.909551e+02 5.000000e-01
    endloop
  endfacet
  facet normal 6.560819e-01 -2.717580e-01 -7.040626e-01
    outer loop
      vertex   9.511544e+01 4.912051e+02 0.000000e+00
      vertex   9.554845e+01 4.909551e+02 5.000000e-01
      vertex   9.485070e+01 4.905660e+02 0.000000e+00
    endloop
  endfacet
  facet normal 6.560819e-01 -2.717580e-01 -7.040626e-01
    outer loop
      vertex   9.485070e+01 4.905660e+02 0.000000e+00
      vertex   9.554845e+01 4.909551e+02 5.000000e-01
      vertex   9.533367e+01 4.904365e+02 5.000000e-01
    endloop
  endfacet
  facet normal 9.914449e-01 1.305262e-01 0.000000e+00
    outer loop
      vertex   9.533367e+01 4.893236e+02 1.500000e+00
      vertex   9.533367e+01 4.893236e+02 5.000000e-01
      vertex   9.526041e+01 4.898801e+02 1.500000e+00
    endloop
  endfacet
  facet normal 9.914449e-01 1.305262e-01 0.000000e+00
    outer loop
      vertex   9.526041e+01 4.898801e+02 1.500000e+00
      vertex   9.533367e+01 4.893236e+02 5.000000e-01
      vertex   9.526041e+01 4.898801e+02 5.000000e-01
    endloop
  endfacet
  facet normal 9.914449e-01 -1.305262e-01 0.000000e+00
    outer loop
      vertex   9.526041e+01 4.898801e+02 1.500000e+00
      vertex   9.526041e+01 4.898801e+02 5.000000e-01
      vertex   9.533367e+01 4.904365e+02 1.500000e+00
    endloop
  endfacet
  facet normal 9.914449e-01 -1.305262e-01 0.000000e+00
    outer loop
      vertex   9.533367e+01 4.904365e+02 1.500000e+00
      vertex   9.526041e+01 4.898801e+02 5.000000e-01
      vertex   9.533367e+01 4.904365e+02 5.000000e-01
    endloop
  endfacet
  facet normal 9.238795e-01 -3.826834e-01 0.000000e+00
    outer loop
      vertex   9.533367e+01 4.904365e+02 1.500000e+00
      vertex   9.533367e+01 4.904365e+02 5.000000e-01
      vertex   9.554845e+01 4.909551e+02 1.500000e+00
    endloop
  endfacet
  facet normal 9.238795e-01 -3.826834e-01 0.000000e+00
    outer loop
      vertex   9.554845e+01 4.909551e+02 1.500000e+00
      vertex   9.533367e+01 4.904365e+02 5.000000e-01
      vertex   9.554845e+01 4.909551e+02 5.000000e-01
    endloop
  endfacet
  facet normal 7.933533e-01 -6.087614e-01 0.000000e+00
    outer loop
      vertex   9.554845e+01 4.909551e+02 1.500000e+00
      vertex   9.554845e+01 4.909551e+02 5.000000e-01
      vertex   9.589013e+01 4.914004e+02 1.500000e+00
    endloop
  endfacet
  facet normal 7.933533e-01 -6.087614e-01 0.000000e+00
    outer loop
      vertex   9.589013e+01 4.914004e+02 1.500000e+00
      vertex   9.554845e+01 4.909551e+02 5.000000e-01
      vertex   9.589013e+01 4.914004e+02 5.000000e-01
    endloop
  endfacet
  facet normal 6.087614e-01 -7.933533e-01 0.000000e+00
    outer loop
      vertex   9.589013e+01 4.914004e+02 1.500000e+00
      vertex   9.589013e+01 4.914004e+02 5.000000e-01
      vertex   9.633541e+01 4.917420e+02 1.500000e+00
    endloop
  endfacet
  facet normal 6.087614e-01 -7.933533e-01 0.000000e+00
    outer loop
      vertex   9.633541e+01 4.917420e+02 1.500000e+00
      vertex   9.589013e+01 4.914004e+02 5.000000e-01
      vertex   9.633541e+01 4.917420e+02 5.000000e-01
    endloop
  endfacet
  facet normal 3.826834e-01 -9.238795e-01 0.000000e+00
    outer loop
      vertex   9.633541e+01 4.917420e+02 1.500000e+00
      vertex   9.633541e+01 4.917420e+02 5.000000e-01
      vertex   9.685395e+01 4.919568e+02 1.500000e+00
    endloop
  endfacet
  facet normal 3.826834e-01 -9.238795e-01 0.000000e+00
    outer loop
      vertex   9.685395e+01 4.919568e+02 1.500000e+00
      vertex   9.633541e+01 4.917420e+02 5.000000e-01
      vertex   9.685395e+01 4.919568e+02 5.000000e-01
    endloop
  endfacet
  facet normal 1.305262e-01 -9.914449e-01 0.000000e+00
    outer loop
      vertex   9.685395e+01 4.919568e+02 1.500000e+00
      vertex   9.685395e+01 4.919568e+02 5.000000e-01
      vertex   9.741041e+01 4.920301e+02 1.500000e+00
    endloop
  endfacet
  facet normal 1.305262e-01 -9.914449e-01 0.000000e+00
    outer loop
      vertex   9.741041e+01 4.920301e+02 1.500000e+00
      vertex   9.685395e+01 4.919568e+02 5.000000e-01
      vertex   9.741041e+01 4.920301e+02 5.000000e-01
    endloop
  endfacet
  facet normal -1.305262e-01 -9.914449e-01 -0.000000e+00
    outer loop
      vertex   9.741041e+01 4.920301e+02 1.500000e+00
      vertex   9.741041e+01 4.920301e+02 5.000000e-01
      vertex   9.796687e+01 4.919568e+02 1.500000e+00
    endloop
  endfacet
  facet normal -1.305262e-01 -9.914449e-01 -0.000000e+00
    outer loop
      vertex   9.796687e+01 4.919568e+02 1.500000e+00
      vertex   9.741041e+01 4.920301e+02 5.000000e-01
      vertex   9.796687e+01 4.919568e+02 5.000000e-01
    endloop
  endfacet
  facet normal -3.826834e-01 -9.238795e-01 -0.000000e+00
    outer loop
      vertex   9.796687e+01 4.919568e+02 1.500000e+00
      vertex   9.796687e+01 4.919568e+02 5.000000e-01
      vertex   9.848541e+01 4.917420e+02 1.500000e+00
    endloop
  endfacet
  facet normal -3.826834e-01 -9.238795e-01 -0.000000e+00
    outer loop
      vertex   9.848541e+01 4.917420e+02 1.500000e+00
      vertex   9.796687e+01 4.919568e+02 5.000000e-01
      vertex   9.848541e+01 4.917420e+02 5.000000e-01
    endloop
  endfacet
  facet normal -6.087614e-01 -7.933533e-01 -0.000000e+00
    outer loop
      vertex   9.848541e+01 4.917420e+02 1.500000e+00
      vertex   9.848541e+01 4.917420e+02 5.000000e-01
      vertex   9.893069e+01 4.914004e+02 1.500000e+00
    endloop
  endfacet
  facet normal -6.087614e-01 -7.933533e-01 -0.000000e+00
    outer loop
      vertex   9.893069e+01 4.914004e+02 1.500000e+00
      vertex   9.848541e+01 4.917420e+02 5.000000e-01
      vertex   9.893069e+01 4.914004e+02 5.000000e-01
    endloop
  endfacet
  facet normal -7.933533e-01 -6.087614e-01 -0.000000e+00
    outer loop
      vertex   9.893069e+01 4.914004e+02 1.500000e+00
      vertex   9.893069e+01 4.914004e+02 5.000000e-01
      vertex   9.927236e+01 4.909551e+02 1.500000e+00
    endloop
  endfacet
  facet normal -7.933533e-01 -6.087614e-01 -0.000000e+00
    outer loop
      vertex   9.927236e+01 4.909551e+02 1.500000e+00
      vertex   9.893069e+01 4.914004e+02 5.000000e-01
      vertex   9.927236e+01 4.909551e+02 5.000000e-01
    endloop
  endfacet
  facet normal -9.238795e-01 -3.826834e-01 -0.000000e+00
    outer loop
      vertex   9.927236e+01 4.909551e+02 1.500000e+00
      vertex   9.927236e+01 4.909551e+02 5.000000e-01
      vertex   9.948715e+01 4.904365e+02 1.500000e+00
    endloop
  endfacet
  facet normal -9.238795e-01 -3.826834e-01 -0.000000e+00
    outer loop
      vertex   9.948715e+01 4.904365e+02 1.500000e+00
      vertex   9.927236e+01 4.909551e+02 5.000000e-01
      vertex   9.948715e+01 4.904365e+02 5.000000e-01
    endloop
  endfacet
  facet normal -9.914449e-01 -1.305262e-01 -0.000000e+00
    outer loop
      vertex   9.948715e+01 4.904365e+02 1.500000e+00
      vertex   9.948715e+01 4.904365e+02 5.000000e-01
      vertex   9.956041e+01 4.898801e+02 1.500000e+00
    endloop
  endfacet
  facet normal -9.914449e-01 -1.305262e-01 -0.000000e+00
    outer loop
      vertex   9.956041e+01 4.898801e+02 1.500000e+00
      vertex   9.948715e+01 4.904365e+02 5.000000e-01
      vertex   9.956041e+01 4.898801e+02 5.000000e-01
    endloop
  endfacet
  facet normal -9.914449e-01 1.305262e-01 0.000000e+00
    outer loop
      vertex   9.956041e+01 4.898801e+02 1.500000e+00
      vertex   9.956041e+01 4.898801e+02 5.000000e-01
      vertex   9.948715e+01 4.893236e+02 1.500000e+00
    endloop
  endfacet
  facet normal -9.914449e-01 1.305262e-01 0.000000e+00
    outer loop
      vertex   9.948715e+01 4.893236e+02 1.500000e+00
      vertex   9.956041e+01 4.898801e+02 5.000000e-01
      vertex   9.948715e+01 4.893236e+02 5.000000e-01
    endloop
  endfacet
  facet normal -9.238795e-01 3.826834e-01 0.000000e+00
    outer loop
      vertex   9.948715e+01 4.893236e+02 1.500000e+00
      vertex   9.948715e+01 4.893236e+02 5.000000e-01
      vertex   9.927236e+01 4.888051e+02 1.500000e+00
    endloop
  endfacet
  facet normal -9.238795e-01 3.826834e-01 0.000000e+00
    outer loop
      vertex   9.927236e+01 4.888051e+02 1.500000e+00
      vertex   9.948715e+01 4.893236e+02 5.000000e-01
      vertex   9.927236e+01 4.888051e+02 5.000000e-01
    endloop
  endfacet
  facet normal -7.933533e-01 6.087614e-01 0.000000e+00
    outer loop
      vertex   9.927236e+01 4.888051e+02 1.500000e+00
      vertex   9.927236e+01 4.888051e+02 5.000000e-01
      vertex   9.893069e+01 4.883598e+02 1.500000e+00
    endloop
  endfacet
  facet normal -7.933533e-01 6.087614e-01 0.000000e+00
    outer loop
      vertex   9.893069e+01 4.883598e+02 1.500000e+00
      vertex   9.927236e+01 4.888051e+02 5.000000e-01
      vertex   9.893069e+01 4.883598e+02 5.000000e-01
    endloop
  endfacet
  facet normal -6.087614e-01 7.933533e-01 0.000000e+00
    outer loop
      vertex   9.893069e+01 4.883598e+02 1.500000e+00
      vertex   9.893069e+01 4.883598e+02 5.000000e-01
      vertex   9.848541e+01 4.880181e+02 1.500000e+00
    endloop
  endfacet
  facet normal -6.087614e-01 7.933533e-01 0.000000e+00
    outer loop
      vertex   9.848541e+01 4.880181e+02 1.500000e+00
      vertex   9.893069e+01 4.883598e+02 5.000000e-01
      vertex   9.848541e+01 4.880181e+02 5.000000e-01
    endloop
  endfacet
  facet normal -3.826834e-01 9.238795e-01 0.000000e+00
    outer loop
      vertex   9.848541e+01 4.880181e+02 1.500000e+00
      vertex   9.848541e+01 4.880181e+02 5.000000e-01
      vertex   9.796687e+01 4.878033e+02 1.500000e+00
    endloop
  endfacet
  facet normal -3.826834e-01 9.238795e-01 0.000000e+00
    outer loop
      vertex   9.796687e+01 4.878033e+02 1.500000e+00
      vertex   9.848541e+01 4.880181e+02 5.000000e-01
      vertex   9.796687e+01 4.878033e+02 5.000000e-01
    endloop
  endfacet
  facet normal -1.305262e-01 9.914449e-01 0.000000e+00
    outer loop
      vertex   9.796687e+01 4.878033e+02 1.500000e+00
      vertex   9.796687e+01 4.878033e+02 5.000000e-01
      vertex   9.741041e+01 4.877301e+02 1.500000e+00
    endloop
  endfacet
  facet normal -1.305262e-01 9.914449e-01 0.000000e+00
    outer loop
      vertex   9.741041e+01 4.877301e+02 1.500000e+00
      vertex   9.796687e+01 4.878033e+02 5.000000e-01
      vertex   9.741041e+01 4.877301e+02 5.000000e-01
    endloop
  endfacet
  facet normal 1.305262e-01 9.914449e-01 0.000000e+00
    outer loop
      vertex   9.741041e+01 4.877301e+02 1.500000e+00
      vertex   9.741041e+01 4.877301e+02 5.000000e-01
      vertex   9.685395e+01 4.878033e+02 1.500000e+00
    endloop
  endfacet
  facet normal 1.305262e-01 9.914449e-01 0.000000e+00
    outer loop
      vertex   9.685395e+01 4.878033e+02 1.500000e+00
      vertex   9.741041e+01 4.877301e+02 5.000000e-01
      vertex   9.685395e+01 4.878033e+02 5.000000e-01
    endloop
  endfacet
  facet normal 3.826834e-01 9.238795e-01 0.000000e+00
    outer loop
      vertex   9.685395e+01 4.878033e+02 1.500000e+00
      vertex   9.685395e+01 4.878033e+02 5.000000e-01
      vertex   9.633541e+01 4.880181e+02 1.500000e+00
    endloop
  endfacet
  facet normal 3.826834e-01 9.238795e-01 0.000000e+00
    outer loop
      vertex   9.633541e+01 4.880181e+02 1.500000e+00
      vertex   9.685395e+01 4.878033e+02 5.000000e-01
      vertex   9.633541e+01 4.880181e+02 5.000000e-01
    endloop
  endfacet
  facet normal 6.087614e-01 7.933533e-01 0.000000e+00
    outer loop
      vertex   9.633541e+01 4.880181e+02 1.500000e+00
      vertex   9.633541e+01 4.880181e+02 5.000000e-01
      vertex   9.589013e+01 4.883598e+02 1.500000e+00
    endloop
  endfacet
  facet normal 6.087614e-01 7.933533e-01 0.000000e+00
    outer loop
      vertex   9.589013e+01 4.883598e+02 1.500000e+00
      vertex   9.633541e+01 4.880181e+02 5.000000e-01
      vertex   9.589013e+01 4.883598e+02 5.000000e-01
    endloop
  endfacet
  facet normal 7.933533e-01 6.087614e-01 0.000000e+00
    outer loop
      vertex   9.589013e+01 4.883598e+02 1.500000e+00
      vertex   9.589013e+01 4.883598e+02 5.000000e-01
      vertex   9.554845e+01 4.888051e+02 1.500000e+00
    endloop
  endfacet
  facet normal 7.933533e-01 6.087614e-01 0.000000e+00
    outer loop
      vertex   9.554845e+01 4.888051e+02 1.500000e+00
      vertex   9.589013e+01 4.883598e+02 5.000000e-01
      vertex   9.554845e+01 4.888051e+02 5.000000e-01
    endloop
  endfacet
  facet normal 9.238795e-01 3.826834e-01 0.000000e+00
    outer loop
      vertex   9.554845e+01 4.888051e+02 1.500000e+00
      vertex   9.554845e+01 4.888051e+02 5.000000e-01
      vertex   9.533367e+01 4.893236e+02 1.500000e+00
    endloop
  endfacet
  facet normal 9.238795e-01 3.826834e-01 0.000000e+00
    outer loop
      vertex   9.533367e+01 4.893236e+02 1.500000e+00
      vertex   9.554845e+01 4.888051e+02 5.000000e-01
      vertex   9.533367e+01 4.893236e+02 5.000000e-01
    endloop
  endfacet
  facet normal 7.040626e-01 -9.269160e-02 -7.040626e-01
    outer loop
      vertex   9.485070e+01 4.103952e+02 0.000000e+00
      vertex   9.533367e+01 4.102658e+02 5.000000e-01
      vertex   9.476041e+01 4.097093e+02 0.000000e+00
    endloop
  endfacet
  facet normal 7.040626e-01 -9.269160e-02 -7.040626e-01
    outer loop
      vertex   9.476041e+01 4.097093e+02 0.000000e+00
      vertex   9.533367e+01 4.102658e+02 5.000000e-01
      vertex   9.526041e+01 4.097093e+02 5.000000e-01
    endloop
  endfacet
  facet normal 7.040626e-01 9.269160e-02 -7.040626e-01
    outer loop
      vertex   9.476041e+01 4.097093e+02 0.000000e+00
      vertex   9.526041e+01 4.097093e+02 5.000000e-01
      vertex   9.485070e+01 4.090234e+02 0.000000e+00
    endloop
  endfacet
  facet normal 7.040626e-01 9.269160e-02 -7.040626e-01
    outer loop
      vertex   9.485070e+01 4.090234e+02 0.000000e+00
      vertex   9.526041e+01 4.097093e+02 5.000000e-01
      vertex   9.533367e+01 4.091528e+02 5.000000e-01
    endloop
  endfacet
  facet normal 6.560819e-01 2.717580e-01 -7.040626e-01
    outer loop
      vertex   9.485070e+01 4.090234e+02 0.000000e+00
      vertex   9.533367e+01 4.091528e+02 5.000000e-01
      vertex   9.511544e+01 4.083843e+02 0.000000e+00
    endloop
  endfacet
  facet normal 6.560819e-01 2.717580e-01 -7.040626e-01
    outer loop
      vertex   9.511544e+01 4.083843e+02 0.000000e+00
      vertex   9.533367e+01 4.091528e+02 5.000000e-01
      vertex   9.554845e+01 4.086343e+02 5.000000e-01
    endloop
  endfacet
  facet normal 5.633903e-01 4.323046e-01 -7.040626e-01
    outer loop
      vertex   9.511544e+01 4.083843e+02 0.000000e+00
      vertex   9.554845e+01 4.086343e+02 5.000000e-01
      vertex   9.553657e+01 4.078355e+02 0.000000e+00
    endloop
  endfacet
  facet normal 5.633903e-01 4.323046e-01 -7.040626e-01
    outer loop
      vertex   9.553657e+01 4.078355e+02 0.000000e+00
      vertex   9.554845e+01 4.086343e+02 5.000000e-01
      vertex   9.589013e+01 4.081890e+02 5.000000e-01
    endloop
  endfacet
  facet normal 4.323046e-01 5.633903e-01 -7.040626e-01
    outer loop
      vertex   9.553657e+01 4.078355e+02 0.000000e+00
      vertex   9.589013e+01 4.081890e+02 5.000000e-01
      vertex   9.608541e+01 4.074143e+02 0.000000e+00
    endloop
  endfacet
  facet normal 4.323046e-01 5.633903e-01 -7.040626e-01
    outer loop
      vertex   9.608541e+01 4.074143e+02 0.000000e+00
      vertex   9.589013e+01 4.081890e+02 5.000000e-01
      vertex   9.633541e+01 4.078474e+02 5.000000e-01
    endloop
  endfacet
  facet normal 2.717580e-01 6.560819e-01 -7.040626e-01
    outer loop
      vertex   9.608541e+01 4.074143e+02 0.000000e+00
      vertex   9.633541e+01 4.078474e+02 5.000000e-01
      vertex   9.672454e+01 4.071496e+02 0.000000e+00
    endloop
  endfacet
  facet normal 2.717580e-01 6.560819e-01 -7.040626e-01
    outer loop
      vertex   9.672454e+01 4.071496e+02 0.000000e+00
      vertex   9.633541e+01 4.078474e+02 5.000000e-01
      vertex   9.685395e+01 4.076326e+02 5.000000e-01
    endloop
  endfacet
  facet normal 9.269160e-02 7.040626e-01 -7.040626e-01
    outer loop
      vertex   9.672454e+01 4.071496e+02 0.000000e+00
      vertex   9.685395e+01 4.076326e+02 5.000000e-01
      vertex   9.741041e+01 4.070593e+02 0.000000e+00
    endloop
  endfacet
  facet normal 9.269160e-02 7.040626e-01 -7.040626e-01
    outer loop
      vertex   9.741041e+01 4.070593e+02 0.000000e+00
      vertex   9.685395e+01 4.076326e+02 5.000000e-01
      vertex   9.741041e+01 4.075593e+02 5.000000e-01
    endloop
  endfacet
  facet normal -9.269160e-02 7.040626e-01 -7.040626e-01
    outer loop
      vertex   9.741041e+01 4.070593e+02 0.000000e+00
      vertex   9.741041e+01 4.075593e+02 5.000000e-01
      vertex   9.809628e+01 4.071496e+02 0.000000e+00
    endloop
  endfacet
  facet normal -9.269160e-02 7.040626e-01 -7.040626e-01
    outer loop
      vertex   9.809628e+01 4.071496e+02 0.000000e+00
      vertex   9.741041e+01 4.075593e+02 5.000000e-01
      vertex   9.796687e+01 4.076326e+02 5.000000e-01
    endloop
  endfacet
  facet normal -2.717580e-01 6.560819e-01 -7.040626e-01
    outer loop
      vertex   9.809628e+01 4.071496e+02 0.000000e+00
      vertex   9.796687e+01 4.076326e+02 5.000000e-01
      vertex   9.873541e+01 4.074143e+02 0.000000e+00
    endloop
  endfacet
  facet normal -2.717580e-01 6.560819e-01 -7.040626e-01
    outer loop
      vertex   9.873541e+01 4.074143e+02 0.000000e+00
      vertex   9.796687e+01 4.076326e+02 5.000000e-01
      vertex   9.848541e+01 4.078474e+02 5.000000e-01
    endloop
  endfacet
  facet normal -4.323046e-01 5.633903e-01 -7.040626e-01
    outer loop
      vertex   9.873541e+01 4.074143e+02 0.000000e+00
      vertex   9.848541e+01 4.078474e+02 5.000000e-01
      vertex   9.928424e+01 4.078355e+02 0.000000e+00
    endloop
  endfacet
  facet normal -4.323046e-01 5.633903e-01 -7.040626e-01
    outer loop
      vertex   9.928424e+01 4.078355e+02 0.000000e+00
      vertex   9.848541e+01 4.078474e+02 5.000000e-01
      vertex   9.893069e+01 4.081890e+02 5.000000e-01
    endloop
  endfacet
  facet normal -5.633903e-01 4.323046e-01 -7.040626e-01
    outer loop
      vertex   9.928424e+01 4.078355e+02 0.000000e+00
      vertex   9.893069e+01 4.081890e+02 5.000000e-01
      vertex   9.970538e+01 4.083843e+02 0.000000e+00
    endloop
  endfacet
  facet normal -5.633903e-01 4.323046e-01 -7.040626e-01
    outer loop
      vertex   9.970538e+01 4.083843e+02 0.000000e+00
      vertex   9.893069e+01 4.081890e+02 5.000000e-01
      vertex   9.927236e+01 4.086343e+02 5.000000e-01
    endloop
  endfacet
  facet normal -6.560819e-01 2.717580e-01 -7.040626e-01
    outer loop
      vertex   9.970538e+01 4.083843e+02 0.000000e+00
      vertex   9.927236e+01 4.086343e+02 5.000000e-01
      vertex   9.997011e+01 4.090234e+02 0.000000e+00
    endloop
  endfacet
  facet normal -6.560819e-01 2.717580e-01 -7.040626e-01
    outer loop
      vertex   9.997011e+01 4.090234e+02 0.000000e+00
      vertex   9.927236e+01 4.086343e+02 5.000000e-01
      vertex   9.948715e+01 4.091528e+02 5.000000e-01
    endloop
  endfacet
  facet normal -7.040626e-01 9.269160e-02 -7.040626e-01
    outer loop
      vertex   9.997011e+01 4.090234e+02 0.000000e+00
      vertex   9.948715e+01 4.091528e+02 5.000000e-01
      vertex   1.000604e+02 4.097093e+02 0.000000e+00
    endloop
  endfacet
  facet normal -7.040626e-01 9.269160e-02 -7.040626e-01
    outer loop
      vertex   1.000604e+02 4.097093e+02 0.000000e+00
      vertex   9.948715e+01 4.091528e+02 5.000000e-01
      vertex   9.956041e+01 4.097093e+02 5.000000e-01
    endloop
  endfacet
  facet normal -7.040626e-01 -9.269160e-02 -7.040626e-01
    outer loop
      vertex   1.000604e+02 4.097093e+02 0.000000e+00
      vertex   9.956041e+01 4.097093e+02 5.000000e-01
      vertex   9.997011e+01 4.103952e+02 0.000000e+00
    endloop
  endfacet
  facet normal -7.040626e-01 -9.269160e-02 -7.040626e-01
    outer loop
      vertex   9.997011e+01 4.103952e+02 0.000000e+00
      vertex   9.956041e+01 4.097093e+02 5.000000e-01
      vertex   9.948715e+01 4.102658e+02 5.000000e-01
    endloop
  endfacet
  facet normal -6.560819e-01 -2.717580e-01 -7.040626e-01
    outer loop
      vertex   9.997011e+01 4.103952e+02 0.000000e+00
      vertex   9.948715e+01 4.102658e+02 5.000000e-01
      vertex   9.970538e+01 4.110343e+02 0.000000e+00
    endloop
  endfacet
  facet normal -6.560819e-01 -2.717580e-01 -7.040626e-01
    outer loop
      vertex   9.970538e+01 4.110343e+02 0.000000e+00
      vertex   9.948715e+01 4.102658e+02 5.000000e-01
      vertex   9.927236e+01 4.107843e+02 5.000000e-01
    endloop
  endfacet
  facet normal -5.633903e-01 -4.323046e-01 -7.040626e-01
    outer loop
      vertex   9.970538e+01 4.110343e+02 0.000000e+00
      vertex   9.927236e+01 4.107843e+02 5.000000e-01
      vertex   9.928424e+01 4.115831e+02 0.000000e+00
    endloop
  endfacet
  facet normal -5.633903e-01 -4.323046e-01 -7.040626e-01
    outer loop
      vertex   9.928424e+01 4.115831e+02 0.000000e+00
      vertex   9.927236e+01 4.107843e+02 5.000000e-01
      vertex   9.893069e+01 4.112296e+02 5.000000e-01
    endloop
  endfacet
  facet normal -4.323046e-01 -5.633903e-01 -7.040626e-01
    outer loop
      vertex   9.928424e+01 4.115831e+02 0.000000e+00
      vertex   9.893069e+01 4.112296e+02 5.000000e-01
      vertex   9.873541e+01 4.120043e+02 0.000000e+00
    endloop
  endfacet
  facet normal -4.323046e-01 -5.633903e-01 -7.040626e-01
    outer loop
      vertex   9.873541e+01 4.120043e+02 0.000000e+00
      vertex   9.893069e+01 4.112296e+02 5.000000e-01
      vertex   9.848541e+01 4.115713e+02 5.000000e-01
    endloop
  endfacet
  facet normal -2.717580e-01 -6.560819e-01 -7.040626e-01
    outer loop
      vertex   9.873541e+01 4.120043e+02 0.000000e+00
      vertex   9.848541e+01 4.115713e+02 5.000000e-01
      vertex   9.809628e+01 4.122690e+02 0.000000e+00
    endloop
  endfacet
  facet normal -2.717580e-01 -6.560819e-01 -7.040626e-01
    outer loop
      vertex   9.809628e+01 4.122690e+02 0.000000e+00
      vertex   9.848541e+01 4.115713e+02 5.000000e-01
      vertex   9.796687e+01 4.117861e+02 5.000000e-01
    endloop
  endfacet
  facet normal -9.269160e-02 -7.040626e-01 -7.040626e-01
    outer loop
      vertex   9.809628e+01 4.122690e+02 0.000000e+00
      vertex   9.796687e+01 4.117861e+02 5.000000e-01
      vertex   9.741041e+01 4.123593e+02 0.000000e+00
    endloop
  endfacet
  facet normal -9.269160e-02 -7.040626e-01 -7.040626e-01
    outer loop
      vertex   9.741041e+01 4.123593e+02 0.000000e+00
      vertex   9.796687e+01 4.117861e+02 5.000000e-01
      vertex   9.741041e+01 4.118593e+02 5.000000e-01
    endloop
  endfacet
  facet normal 9.269160e-02 -7.040626e-01 -7.040626e-01
    outer loop
      vertex   9.741041e+01 4.123593e+02 0.000000e+00
      vertex   9.741041e+01 4.118593e+02 5.000000e-01
      vertex   9.672454e+01 4.122690e+02 0.000000e+00
    endloop
  endfacet
  facet normal 9.269160e-02 -7.040626e-01 -7.040626e-01
    outer loop
      vertex   9.672454e+01 4.122690e+02 0.000000e+00
      vertex   9.741041e+01 4.118593e+02 5.000000e-01
      vertex   9.685395e+01 4.117861e+02 5.000000e-01
    endloop
  endfacet
  facet normal 2.717580e-01 -6.560819e-01 -7.040626e-01
    outer loop
      vertex   9.672454e+01 4.122690e+02 0.000000e+00
      vertex   9.685395e+01 4.117861e+02 5.000000e-01
      vertex   9.608541e+01 4.120043e+02 0.000000e+00
    endloop
  endfacet
  facet normal 2.717580e-01 -6.560819e-01 -7.040626e-01
    outer loop
      vertex   9.608541e+01 4.120043e+02 0.000000e+00
      vertex   9.685395e+01 4.117861e+02 5.000000e-01
      vertex   9.633541e+01 4.115713e+02 5.000000e-01
    endloop
  endfacet
  facet normal 4.323046e-01 -5.633903e-01 -7.040626e-01
    outer loop
      vertex   9.608541e+01 4.120043e+02 0.000000e+00
      vertex   9.633541e+01 4.115713e+02 5.000000e-01
      vertex   9.553657e+01 4.115831e+02 0.000000e+00
    endloop
  endfacet
  facet normal 4.323046e-01 -5.633903e-01 -7.040626e-01
    outer loop
      vertex   9.553657e+01 4.115831e+02 0.000000e+00
      vertex   9.633541e+01 4.115713e+02 5.000000e-01
      vertex   9.589013e+01 4.112296e+02 5.000000e-01
    endloop
  endfacet
  facet normal 5.633903e-01 -4.323046e-01 -7.040626e-01
    outer loop
      vertex   9.553657e+01 4.115831e+02 0.000000e+00
      vertex   9.589013e+01 4.112296e+02 5.000000e-01
      vertex   9.511544e+01 4.110343e+02 0.000000e+00
    endloop
  endfacet
  facet normal 5.633903e-01 -4.323046e-01 -7.040626e-01
    outer loop
      vertex   9.511544e+01 4.110343e+02 0.000000e+00
      vertex   9.589013e+01 4.112296e+02 5.000000e-01
      vertex   9.554845e+01 4.107843e+02 5.000000e-01
    endloop
  endfacet
  facet normal 6.560819e-01 -2.717580e-01 -7.040626e-01
    outer loop
      vertex   9.511544e+01 4.110343e+02 0.000000e+00
      vertex   9.554845e+01 4.107843e+02 5.000000e-01
      vertex   9.485070e+01 4.103952e+02 0.000000e+00
    endloop
  endfacet
  facet normal 6.560819e-01 -2.717580e-01 -7.040626e-01
    outer loop
      vertex   9.485070e+01 4.103952e+02 0.000000e+00
      vertex   9.554845e+01 4.107843e+02 5.000000e-01
      vertex   9.533367e+01 4.102658e+02 5.000000e-01
    endloop
  endfacet
  facet normal 9.914449e-01 1.305262e-01 0.000000e+00
    outer loop
      vertex   9.533367e+01 4.091528e+02 1.500000e+00
      vertex   9.533367e+01 4.091528e+02 5.000000e-01
      vertex   9.526041e+01 4.097093e+02 1.500000e+00
    endloop
  endfacet
  facet normal 9.914449e-01 1.305262e-01 0.000000e+00
    outer loop
      vertex   9.526041e+01 4.097093e+02 1.500000e+00
      vertex   9.533367e+01 4.091528e+02 5.000000e-01
      vertex   9.526041e+01 4.097093e+02 5.000000e-01
    endloop
  endfacet
  facet normal 9.914449e-01 -1.305262e-01 0.000000e+00
    outer loop
      vertex   9.526041e+01 4.097093e+02 1.500000e+00
      vertex   9.526041e+01 4.097093e+02 5.000000e-01
      vertex   9.533367e+01 4.102658e+02 1.500000e+00
    endloop
  endfacet
  facet normal 9.914449e-01 -1.305262e-01 0.000000e+00
    outer loop
      vertex   9.533367e+01 4.102658e+02 1.500000e+00
      vertex   9.526041e+01 4.097093e+02 5.000000e-01
      vertex   9.533367e+01 4.102658e+02 5.000000e-01
    endloop
  endfacet
  facet normal 9.238795e-01 -3.826834e-01 0.000000e+00
    outer loop
      vertex   9.533367e+01 4.102658e+02 1.500000e+00
      vertex   9.533367e+01 4.102658e+02 5.000000e-01
      vertex   9.554845e+01 4.107843e+02 1.500000e+00
    endloop
  endfacet
  facet normal 9.238795e-01 -3.826834e-01 0.000000e+00
    outer loop
      vertex   9.554845e+01 4.107843e+02 1.500000e+00
      vertex   9.533367e+01 4.102658e+02 5.000000e-01
      vertex   9.554845e+01 4.107843e+02 5.000000e-01
    endloop
  endfacet
  facet normal 7.933533e-01 -6.087614e-01 0.000000e+00
    outer loop
      vertex   9.554845e+01 4.107843e+02 1.500000e+00
      vertex   9.554845e+01 4.107843e+02 5.000000e-01
      vertex   9.589013e+01 4.112296e+02 1.500000e+00
    endloop
  endfacet
  facet normal 7.933533e-01 -6.087614e-01 0.000000e+00
    outer loop
      vertex   9.589013e+01 4.112296e+02 1.500000e+00
      vertex   9.554845e+01 4.107843e+02 5.000000e-01
      vertex   9.589013e+01 4.112296e+02 5.000000e-01
    endloop
  endfacet
  facet normal 6.087614e-01 -7.933533e-01 0.000000e+00
    outer loop
      vertex   9.589013e+01 4.112296e+02 1.500000e+00
      vertex   9.589013e+01 4.112296e+02 5.000000e-01
      vertex   9.633541e+01 4.115713e+02 1.500000e+00
    endloop
  endfacet
  facet normal 6.087614e-01 -7.933533e-01 0.000000e+00
    outer loop
      vertex   9.633541e+01 4.115713e+02 1.500000e+00
      vertex   9.589013e+01 4.112296e+02 5.000000e-01
      vertex   9.633541e+01 4.115713e+02 5.000000e-01
    endloop
  endfacet
  facet normal 3.826834e-01 -9.238795e-01 0.000000e+00
    outer loop
      vertex   9.633541e+01 4.115713e+02 1.500000e+00
      vertex   9.633541e+01 4.115713e+02 5.000000e-01
      vertex   9.685395e+01 4.117861e+02 1.500000e+00
    endloop
  endfacet
  facet normal 3.826834e-01 -9.238795e-01 0.000000e+00
    outer loop
      vertex   9.685395e+01 4.117861e+02 1.500000e+00
      vertex   9.633541e+01 4.115713e+02 5.000000e-01
      vertex   9.685395e+01 4.117861e+02 5.000000e-01
    endloop
  endfacet
  facet normal 1.305262e-01 -9.914449e-01 0.000000e+00
    outer loop
      vertex   9.685395e+01 4.117861e+02 1.500000e+00
      vertex   9.685395e+01 4.117861e+02 5.000000e-01
      vertex   9.741041e+01 4.118593e+02 1.500000e+00
    endloop
  endfacet
  facet normal 1.305262e-01 -9.914449e-01 0.000000e+00
    outer loop
      vertex   9.741041e+01 4.118593e+02 1.500000e+00
      vertex   9.685395e+01 4.117861e+02 5.000000e-01
      vertex   9.741041e+01 4.118593e+02 5.000000e-01
    endloop
  endfacet
  facet normal -1.305262e-01 -9.914449e-01 -0.000000e+00
    outer loop
      vertex   9.741041e+01 4.118593e+02 1.500000e+00
      vertex   9.741041e+01 4.118593e+02 5.000000e-01
      vertex   9.796687e+01 4.117861e+02 1.500000e+00
    endloop
  endfacet
  facet normal -1.305262e-01 -9.914449e-01 -0.000000e+00
    outer loop
      vertex   9.796687e+01 4.117861e+02 1.500000e+00
      vertex   9.741041e+01 4.118593e+02 5.000000e-01
      vertex   9.796687e+01 4.117861e+02 5.000000e-01
    endloop
  endfacet
  facet normal -3.826834e-01 -9.238795e-01 -0.000000e+00
    outer loop
      vertex   9.796687e+01 4.117861e+02 1.500000e+00
      vertex   9.796687e+01 4.117861e+02 5.000000e-01
      vertex   9.848541e+01 4.115713e+02 1.500000e+00
    endloop
  endfacet
  facet normal -3.826834e-01 -9.238795e-01 -0.000000e+00
    outer loop
      vertex   9.848541e+01 4.115713e+02 1.500000e+00
      vertex   9.796687e+01 4.117861e+02 5.000000e-01
      vertex   9.848541e+01 4.115713e+02 5.000000e-01
    endloop
  endfacet
  facet normal -6.087614e-01 -7.933533e-01 -0.000000e+00
    outer loop
      vertex   9.848541e+01 4.115713e+02 1.500000e+00
      vertex   9.848541e+01 4.115713e+02 5.000000e-01
      vertex   9.893069e+01 4.112296e+02 1.500000e+00
    endloop
  endfacet
  facet normal -6.087614e-01 -7.933533e-01 -0.000000e+00
    outer loop
      vertex   9.893069e+01 4.112296e+02 1.500000e+00
      vertex   9.848541e+01 4.115713e+02 5.000000e-01
      vertex   9.893069e+01 4.112296e+02 5.000000e-01
    endloop
  endfacet
  facet normal -7.933533e-01 -6.087614e-01 -0.000000e+00
    outer loop
      vertex   9.893069e+01 4.112296e+02 1.500000e+00
      vertex   9.893069e+01 4.112296e+02 5.000000e-01
      vertex   9.927236e+01 4.107843e+02 1.500000e+00
    endloop
  endfacet
  facet normal -7.933533e-01 -6.087614e-01 -0.000000e+00
    outer loop
      vertex   9.927236e+01 4.107843e+02 1.500000e+00
      vertex   9.893069e+01 4.112296e+02 5.000000e-01
      vertex   9.927236e+01 4.107843e+02 5.000000e-01
    endloop
  endfacet
  facet normal -9.238795e-01 -3.826834e-01 -0.000000e+00
    outer loop
      vertex   9.927236e+01 4.107843e+02 1.500000e+00
      vertex   9.927236e+01 4.107843e+02 5.000000e-01
      vertex   9.948715e+01 4.102658e+02 1.500000e+00
    endloop
  endfacet
  facet normal -9.238795e-01 -3.826834e-01 -0.000000e+00
    outer loop
      vertex   9.948715e+01 4.102658e+02 1.500000e+00
      vertex   9.927236e+01 4.107843e+02 5.000000e-01
      vertex   9.948715e+01 4.102658e+02 5.000000e-01
    endloop
  endfacet
  facet normal -9.914449e-01 -1.305262e-01 -0.000000e+00
    outer loop
      vertex   9.948715e+01 4.102658e+02 1.500000e+00
      vertex   9.948715e+01 4.102658e+02 5.000000e-01
      vertex   9.956041e+01 4.097093e+02 1.500000e+00
    endloop
  endfacet
  facet normal -9.914449e-01 -1.305262e-01 -0.000000e+00
    outer loop
      vertex   9.956041e+01 4.097093e+02 1.500000e+00
      vertex   9.948715e+01 4.102658e+02 5.000000e-01
      vertex   9.956041e+01 4.097093e+02 5.000000e-01
    endloop
  endfacet
  facet normal -9.914449e-01 1.305262e-01 0.000000e+00
    outer loop
      vertex   9.956041e+01 4.097093e+02 1.500000e+00
      vertex   9.956041e+01 4.097093e+02 5.000000e-01
      vertex   9.948715e+01 4.091528e+02 1.500000e+00
    endloop
  endfacet
  facet normal -9.914449e-01 1.305262e-01 0.000000e+00
    outer loop
      vertex   9.948715e+01 4.091528e+02 1.500000e+00
      vertex   9.956041e+01 4.097093e+02 5.000000e-01
      vertex   9.948715e+01 4.091528e+02 5.000000e-01
    endloop
  endfacet
  facet normal -9.238795e-01 3.826834e-01 0.000000e+00
    outer loop
      vertex   9.948715e+01 4.091528e+02 1.500000e+00
      vertex   9.948715e+01 4.091528e+02 5.000000e-01
      vertex   9.927236e+01 4.086343e+02 1.500000e+00
    endloop
  endfacet
  facet normal -9.238795e-01 3.826834e-01 0.000000e+00
    outer loop
      vertex   9.927236e+01 4.086343e+02 1.500000e+00
      vertex   9.948715e+01 4.091528e+02 5.000000e-01
      vertex   9.927236e+01 4.086343e+02 5.000000e-01
    endloop
  endfacet
  facet normal -7.933533e-01 6.087614e-01 0.000000e+00
    outer loop
      vertex   9.927236e+01 4.086343e+02 1.500000e+00
      vertex   9.927236e+01 4.086343e+02 5.000000e-01
      vertex   9.893069e+01 4.081890e+02 1.500000e+00
    endloop
  endfacet
  facet normal -7.933533e-01 6.087614e-01 0.000000e+00
    outer loop
      vertex   9.893069e+01 4.081890e+02 1.500000e+00
      vertex   9.927236e+01 4.086343e+02 5.000000e-01
      vertex   9.893069e+01 4.081890e+02 5.000000e-01
    endloop
  endfacet
  facet normal -6.087614e-01 7.933533e-01 0.000000e+00
    outer loop
      vertex   9.893069e+01 4.081890e+02 1.500000e+00
      vertex   9.893069e+01 4.081890e+02 5.000000e-01
      vertex   9.848541e+01 4.078474e+02 1.500000e+00
    endloop
  endfacet
  facet normal -6.087614e-01 7.933533e-01 0.000000e+00
    outer loop
      vertex   9.848541e+01 4.078474e+02 1.500000e+00
      vertex   9.893069e+01 4.081890e+02 5.000000e-01
      vertex   9.848541e+01 4.078474e+02 5.000000e-01
    endloop
  endfacet
  facet normal -3.826834e-01 9.238795e-01 0.000000e+00
    outer loop
      vertex   9.848541e+01 4.078474e+02 1.500000e+00
      vertex   9.848541e+01 4.078474e+02 5.000000e-01
      vertex   9.796687e+01 4.076326e+02 1.500000e+00
    endloop
  endfacet
  facet normal -3.826834e-01 9.238795e-01 0.000000e+00
    outer loop
      vertex   9.796687e+01 4.076326e+02 1.500000e+00
      vertex   9.848541e+01 4.078474e+02 5.000000e-01
      vertex   9.796687e+01 4.076326e+02 5.000000e-01
    endloop
  endfacet
  facet normal -1.305262e-01 9.914449e-01 0.000000e+00
    outer loop
      vertex   9.796687e+01 4.076326e+02 1.500000e+00
      vertex   9.796687e+01 4.076326e+02 5.000000e-01
      vertex   9.741041e+01 4.075593e+02 1.500000e+00
    endloop
  endfacet
  facet normal -1.305262e-01 9.914449e-01 0.000000e+00
    outer loop
      vertex   9.741041e+01 4.075593e+02 1.500000e+00
      vertex   9.796687e+01 4.076326e+02 5.000000e-01
      vertex   9.741041e+01 4.075593e+02 5.000000e-01
    endloop
  endfacet
  facet normal 1.305262e-01 9.914449e-01 0.000000e+00
    outer loop
      vertex   9.741041e+01 4.075593e+02 1.500000e+00
      vertex   9.741041e+01 4.075593e+02 5.000000e-01
      vertex   9.685395e+01 4.076326e+02 1.500000e+00
    endloop
  endfacet
  facet normal 1.305262e-01 9.914449e-01 0.000000e+00
    outer loop
      vertex   9.685395e+01 4.076326e+02 1.500000e+00
      vertex   9.741041e+01 4.075593e+02 5.000000e-01
      vertex   9.685395e+01 4.076326e+02 5.000000e-01
    endloop
  endfacet
  facet normal 3.826834e-01 9.238795e-01 0.000000e+00
    outer loop
      vertex   9.685395e+01 4.076326e+02 1.500000e+00
      vertex   9.685395e+01 4.076326e+02 5.000000e-01
      vertex   9.633541e+01 4.078474e+02 1.500000e+00
    endloop
  endfacet
  facet normal 3.826834e-01 9.238795e-01 0.000000e+00
    outer loop
      vertex   9.633541e+01 4.078474e+02 1.500000e+00
      vertex   9.685395e+01 4.076326e+02 5.000000e-01
      vertex   9.633541e+01 4.078474e+02 5.000000e-01
    endloop
  endfacet
  facet normal 6.087614e-01 7.933533e-01 0.000000e+00
    outer loop
      vertex   9.633541e+01 4.078474e+02 1.500000e+00
      vertex   9.633541e+01 4.078474e+02 5.000000e-01
      vertex   9.589013e+01 4.081890e+02 1.500000e+00
    endloop
  endfacet
  facet normal 6.087614e-01 7.933533e-01 0.000000e+00
    outer loop
      vertex   9.589013e+01 4.081890e+02 1.500000e+00
      vertex   9.633541e+01 4.078474e+02 5.000000e-01
      vertex   9.589013e+01 4.081890e+02 5.000000e-01
    endloop
  endfacet
  facet normal 7.933533e-01 6.087614e-01 0.000000e+00
    outer loop
      vertex   9.589013e+01 4.081890e+02 1.500000e+00
      vertex   9.589013e+01 4.081890e+02 5.000000e-01
      vertex   9.554845e+01 4.086343e+02 1.500000e+00
    endloop
  endfacet
  facet normal 7.933533e-01 6.087614e-01 0.000000e+00
    outer loop
      vertex   9.554845e+01 4.086343e+02 1.500000e+00
      vertex   9.589013e+01 4.081890e+02 5.000000e-01
      vertex   9.554845e+01 4.086343e+02 5.000000e-01
    endloop
  endfacet
  facet normal 9.238795e-01 3.826834e-01 0.000000e+00
    outer loop
      vertex   9.554845e+01 4.086343e+02 1.500000e+00
      vertex   9.554845e+01 4.086343e+02 5.000000e-01
      vertex   9.533367e+01 4.091528e+02 1.500000e+00
    endloop
  endfacet
  facet normal 9.238795e-01 3.826834e-01 0.000000e+00
    outer loop
      vertex   9.533367e+01 4.091528e+02 1.500000e+00
      vertex   9.554845e+01 4.086343e+02 5.000000e-01
      vertex   9.533367e+01 4.091528e+02 5.000000e-01
    endloop
  endfacet
  facet normal 7.040626e-01 -9.269160e-02 -7.040626e-01
    outer loop
      vertex   2.352297e+02 4.411339e+02 0.000000e+00
      vertex   2.357127e+02 4.410045e+02 5.000000e-01
      vertex   2.351394e+02 4.404481e+02 0.000000e+00
    endloop
  endfacet
  facet normal 7.040626e-01 -9.269160e-02 -7.040626e-01
    outer loop
      vertex   2.351394e+02 4.404481e+02 0.000000e+00
      vertex   2.357127e+02 4.410045e+02 5.000000e-01
      vertex   2.356394e+02 4.404481e+02 5.000000e-01
    endloop
  endfacet
  facet normal 7.040626e-01 9.269160e-02 -7.040626e-01
    outer loop
      vertex   2.351394e+02 4.404481e+02 0.000000e+00
      vertex   2.356394e+02 4.404481e+02 5.000000e-01
      vertex   2.352297e+02 4.397622e+02 0.000000e+00
    endloop
  endfacet
  facet normal 7.040626e-01 9.269160e-02 -7.040626e-01
    outer loop
      vertex   2.352297e+02 4.397622e+02 0.000000e+00
      vertex   2.356394e+02 4.404481e+02 5.000000e-01
      vertex   2.357127e+02 4.398916e+02 5.000000e-01
    endloop
  endfacet
  facet normal 6.560819e-01 2.717580e-01 -7.040626e-01
    outer loop
      vertex   2.352297e+02 4.397622e+02 0.000000e+00
      vertex   2.357127e+02 4.398916e+02 5.000000e-01
      vertex   2.354945e+02 4.391231e+02 0.000000e+00
    endloop
  endfacet
  facet normal 6.560819e-01 2.717580e-01 -7.040626e-01
    outer loop
      vertex   2.354945e+02 4.391231e+02 0.000000e+00
      vertex   2.357127e+02 4.398916e+02 5.000000e-01
      vertex   2.359275e+02 4.393731e+02 5.000000e-01
    endloop
  endfacet
  facet normal 5.633903e-01 4.323046e-01 -7.040626e-01
    outer loop
      vertex   2.354945e+02 4.391231e+02 0.000000e+00
      vertex   2.359275e+02 4.393731e+02 5.000000e-01
      vertex   2.359156e+02 4.385742e+02 0.000000e+00
    endloop
  endfacet
  facet normal 5.633903e-01 4.323046e-01 -7.040626e-01
    outer loop
      vertex   2.359156e+02 4.385742e+02 0.000000e+00
      vertex   2.359275e+02 4.393731e+02 5.000000e-01
      vertex   2.362692e+02 4.389278e+02 5.000000e-01
    endloop
  endfacet
  facet normal 4.323046e-01 5.633903e-01 -7.040626e-01
    outer loop
      vertex   2.359156e+02 4.385742e+02 0.000000e+00
      vertex   2.362692e+02 4.389278e+02 5.000000e-01
      vertex   2.364644e+02 4.381531e+02 0.000000e+00
    endloop
  endfacet
  facet normal 4.323046e-01 5.633903e-01 -7.040626e-01
    outer loop
      vertex   2.364644e+02 4.381531e+02 0.000000e+00
      vertex   2.362692e+02 4.389278e+02 5.000000e-01
      vertex   2.367144e+02 4.385861e+02 5.000000e-01
    endloop
  endfacet
  facet normal 2.717580e-01 6.560819e-01 -7.040626e-01
    outer loop
      vertex   2.364644e+02 4.381531e+02 0.000000e+00
      vertex   2.367144e+02 4.385861e+02 5.000000e-01
      vertex   2.371036e+02 4.378884e+02 0.000000e+00
    endloop
  endfacet
  facet normal 2.717580e-01 6.560819e-01 -7.040626e-01
    outer loop
      vertex   2.371036e+02 4.378884e+02 0.000000e+00
      vertex   2.367144e+02 4.385861e+02 5.000000e-01
      vertex   2.372330e+02 4.383713e+02 5.000000e-01
    endloop
  endfacet
  facet normal 9.269160e-02 7.040626e-01 -7.040626e-01
    outer loop
      vertex   2.371036e+02 4.378884e+02 0.000000e+00
      vertex   2.372330e+02 4.383713e+02 5.000000e-01
      vertex   2.377894e+02 4.377981e+02 0.000000e+00
    endloop
  endfacet
  facet normal 9.269160e-02 7.040626e-01 -7.040626e-01
    outer loop
      vertex   2.377894e+02 4.377981e+02 0.000000e+00
      vertex   2.372330e+02 4.383713e+02 5.000000e-01
      vertex   2.377894e+02 4.382981e+02 5.000000e-01
    endloop
  endfacet
  facet normal -9.269160e-02 7.040626e-01 -7.040626e-01
    outer loop
      vertex   2.377894e+02 4.377981e+02 0.000000e+00
      vertex   2.377894e+02 4.382981e+02 5.000000e-01
      vertex   2.384753e+02 4.378884e+02 0.000000e+00
    endloop
  endfacet
  facet normal -9.269160e-02 7.040626e-01 -7.040626e-01
    outer loop
      vertex   2.384753e+02 4.378884e+02 0.000000e+00
      vertex   2.377894e+02 4.382981e+02 5.000000e-01
      vertex   2.383459e+02 4.383713e+02 5.000000e-01
    endloop
  endfacet
  facet normal -2.717580e-01 6.560819e-01 -7.040626e-01
    outer loop
      vertex   2.384753e+02 4.378884e+02 0.000000e+00
      vertex   2.383459e+02 4.383713e+02 5.000000e-01
      vertex   2.391144e+02 4.381531e+02 0.000000e+00
    endloop
  endfacet
  facet normal -2.717580e-01 6.560819e-01 -7.040626e-01
    outer loop
      vertex   2.391144e+02 4.381531e+02 0.000000e+00
      vertex   2.383459e+02 4.383713e+02 5.000000e-01
      vertex   2.388644e+02 4.385861e+02 5.000000e-01
    endloop
  endfacet
  facet normal -4.323046e-01 5.633903e-01 -7.040626e-01
    outer loop
      vertex   2.391144e+02 4.381531e+02 0.000000e+00
      vertex   2.388644e+02 4.385861e+02 5.000000e-01
      vertex   2.396633e+02 4.385742e+02 0.000000e+00
    endloop
  endfacet
  facet normal -4.323046e-01 5.633903e-01 -7.040626e-01
    outer loop
      vertex   2.396633e+02 4.385742e+02 0.000000e+00
      vertex   2.388644e+02 4.385861e+02 5.000000e-01
      vertex   2.393097e+02 4.389278e+02 5.000000e-01
    endloop
  endfacet
  facet normal -5.633903e-01 4.323046e-01 -7.040626e-01
    outer loop
      vertex   2.396633e+02 4.385742e+02 0.000000e+00
      vertex   2.393097e+02 4.389278e+02 5.000000e-01
      vertex   2.400844e+02 4.391231e+02 0.000000e+00
    endloop
  endfacet
  facet normal -5.633903e-01 4.323046e-01 -7.040626e-01
    outer loop
      vertex   2.400844e+02 4.391231e+02 0.000000e+00
      vertex   2.393097e+02 4.389278e+02 5.000000e-01
      vertex   2.396514e+02 4.393731e+02 5.000000e-01
    endloop
  endfacet
  facet normal -6.560819e-01 2.717580e-01 -7.040626e-01
    outer loop
      vertex   2.400844e+02 4.391231e+02 0.000000e+00
      vertex   2.396514e+02 4.393731e+02 5.000000e-01
      vertex   2.403492e+02 4.397622e+02 0.000000e+00
    endloop
  endfacet
  facet normal -6.560819e-01 2.717580e-01 -7.040626e-01
    outer loop
      vertex   2.403492e+02 4.397622e+02 0.000000e+00
      vertex   2.396514e+02 4.393731e+02 5.000000e-01
      vertex   2.398662e+02 4.398916e+02 5.000000e-01
    endloop
  endfacet
  facet normal -7.040626e-01 9.269160e-02 -7.040626e-01
    outer loop
      vertex   2.403492e+02 4.397622e+02 0.000000e+00
      vertex   2.398662e+02 4.398916e+02 5.000000e-01
      vertex   2.404394e+02 4.404481e+02 0.000000e+00
    endloop
  endfacet
  facet normal -7.040626e-01 9.269160e-02 -7.040626e-01
    outer loop
      vertex   2.404394e+02 4.404481e+02 0.000000e+00
      vertex   2.398662e+02 4.398916e+02 5.000000e-01
      vertex   2.399394e+02 4.404481e+02 5.000000e-01
    endloop
  endfacet
  facet normal -7.040626e-01 -9.269160e-02 -7.040626e-01
    outer loop
      vertex   2.404394e+02 4.404481e+02 0.000000e+00
      vertex   2.399394e+02 4.404481e+02 5.000000e-01
      vertex   2.403492e+02 4.411339e+02 0.000000e+00
    endloop
  endfacet
  facet normal -7.040626e-01 -9.269160e-02 -7.040626e-01
    outer loop
      vertex   2.403492e+02 4.411339e+02 0.000000e+00
      vertex   2.399394e+02 4.404481e+02 5.000000e-01
      vertex   2.398662e+02 4.410045e+02 5.000000e-01
    endloop
  endfacet
  facet normal -6.560819e-01 -2.717580e-01 -7.040626e-01
    outer loop
      vertex   2.403492e+02 4.411339e+02 0.000000e+00
      vertex   2.398662e+02 4.410045e+02 5.000000e-01
      vertex   2.400844e+02 4.417731e+02 0.000000e+00
    endloop
  endfacet
  facet normal -6.560819e-01 -2.717580e-01 -7.040626e-01
    outer loop
      vertex   2.400844e+02 4.417731e+02 0.000000e+00
      vertex   2.398662e+02 4.410045e+02 5.000000e-01
      vertex   2.396514e+02 4.415231e+02 5.000000e-01
    endloop
  endfacet
  facet normal -5.633903e-01 -4.323046e-01 -7.040626e-01
    outer loop
      vertex   2.400844e+02 4.417731e+02 0.000000e+00
      vertex   2.396514e+02 4.415231e+02 5.000000e-01
      vertex   2.396633e+02 4.423219e+02 0.000000e+00
    endloop
  endfacet
  facet normal -5.633903e-01 -4.323046e-01 -7.040626e-01
    outer loop
      vertex   2.396633e+02 4.423219e+02 0.000000e+00
      vertex   2.396514e+02 4.415231e+02 5.000000e-01
      vertex   2.393097e+02 4.419684e+02 5.000000e-01
    endloop
  endfacet
  facet normal -4.323046e-01 -5.633903e-01 -7.040626e-01
    outer loop
      vertex   2.396633e+02 4.423219e+02 0.000000e+00
      vertex   2.393097e+02 4.419684e+02 5.000000e-01
      vertex   2.391144e+02 4.427430e+02 0.000000e+00
    endloop
  endfacet
  facet normal -4.323046e-01 -5.633903e-01 -7.040626e-01
    outer loop
      vertex   2.391144e+02 4.427430e+02 0.000000e+00
      vertex   2.393097e+02 4.419684e+02 5.000000e-01
      vertex   2.388644e+02 4.423100e+02 5.000000e-01
    endloop
  endfacet
  facet normal -2.717580e-01 -6.560819e-01 -7.040626e-01
    outer loop
      vertex   2.391144e+02 4.427430e+02 0.000000e+00
      vertex   2.388644e+02 4.423100e+02 5.000000e-01
      vertex   2.384753e+02 4.430078e+02 0.000000e+00
    endloop
  endfacet
  facet normal -2.717580e-01 -6.560819e-01 -7.040626e-01
    outer loop
      vertex   2.384753e+02 4.430078e+02 0.000000e+00
      vertex   2.388644e+02 4.423100e+02 5.000000e-01
      vertex   2.383459e+02 4.425248e+02 5.000000e-01
    endloop
  endfacet
  facet normal -9.269160e-02 -7.040626e-01 -7.040626e-01
    outer loop
      vertex   2.384753e+02 4.430078e+02 0.000000e+00
      vertex   2.383459e+02 4.425248e+02 5.000000e-01
      vertex   2.377894e+02 4.430981e+02 0.000000e+00
    endloop
  endfacet
  facet normal -9.269160e-02 -7.040626e-01 -7.040626e-01
    outer loop
      vertex   2.377894e+02 4.430981e+02 0.000000e+00
      vertex   2.383459e+02 4.425248e+02 5.000000e-01
      vertex   2.377894e+02 4.425981e+02 5.000000e-01
    endloop
  endfacet
  facet normal 9.269160e-02 -7.040626e-01 -7.040626e-01
    outer loop
      vertex   2.377894e+02 4.430981e+02 0.000000e+00
      vertex   2.377894e+02 4.425981e+02 5.000000e-01
      vertex   2.371036e+02 4.430078e+02 0.000000e+00
    endloop
  endfacet
  facet normal 9.269160e-02 -7.040626e-01 -7.040626e-01
    outer loop
      vertex   2.371036e+02 4.430078e+02 0.000000e+00
      vertex   2.377894e+02 4.425981e+02 5.000000e-01
      vertex   2.372330e+02 4.425248e+02 5.000000e-01
    endloop
  endfacet
  facet normal 2.717580e-01 -6.560819e-01 -7.040626e-01
    outer loop
      vertex   2.371036e+02 4.430078e+02 0.000000e+00
      vertex   2.372330e+02 4.425248e+02 5.000000e-01
      vertex   2.364644e+02 4.427430e+02 0.000000e+00
    endloop
  endfacet
  facet normal 2.717580e-01 -6.560819e-01 -7.040626e-01
    outer loop
      vertex   2.364644e+02 4.427430e+02 0.000000e+00
      vertex   2.372330e+02 4.425248e+02 5.000000e-01
      vertex   2.367144e+02 4.423100e+02 5.000000e-01
    endloop
  endfacet
  facet normal 4.323046e-01 -5.633903e-01 -7.040626e-01
    outer loop
      vertex   2.364644e+02 4.427430e+02 0.000000e+00
      vertex   2.367144e+02 4.423100e+02 5.000000e-01
      vertex   2.359156e+02 4.423219e+02 0.000000e+00
    endloop
  endfacet
  facet normal 4.323046e-01 -5.633903e-01 -7.040626e-01
    outer loop
      vertex   2.359156e+02 4.423219e+02 0.000000e+00
      vertex   2.367144e+02 4.423100e+02 5.000000e-01
      vertex   2.362692e+02 4.419684e+02 5.000000e-01
    endloop
  endfacet
  facet normal 5.633903e-01 -4.323046e-01 -7.040626e-01
    outer loop
      vertex   2.359156e+02 4.423219e+02 0.000000e+00
      vertex   2.362692e+02 4.419684e+02 5.000000e-01
      vertex   2.354945e+02 4.417731e+02 0.000000e+00
    endloop
  endfacet
  facet normal 5.633903e-01 -4.323046e-01 -7.040626e-01
    outer loop
      vertex   2.354945e+02 4.417731e+02 0.000000e+00
      vertex   2.362692e+02 4.419684e+02 5.000000e-01
      vertex   2.359275e+02 4.415231e+02 5.000000e-01
    endloop
  endfacet
  facet normal 6.560819e-01 -2.717580e-01 -7.040626e-01
    outer loop
      vertex   2.354945e+02 4.417731e+02 0.000000e+00
      vertex   2.359275e+02 4.415231e+02 5.000000e-01
      vertex   2.352297e+02 4.411339e+02 0.000000e+00
    endloop
  endfacet
  facet normal 6.560819e-01 -2.717580e-01 -7.040626e-01
    outer loop
      vertex   2.352297e+02 4.411339e+02 0.000000e+00
      vertex   2.359275e+02 4.415231e+02 5.000000e-01
      vertex   2.357127e+02 4.410045e+02 5.000000e-01
    endloop
  endfacet
  facet normal 9.914449e-01 1.305262e-01 0.000000e+00
    outer loop
      vertex   2.357127e+02 4.398916e+02 1.500000e+00
      vertex   2.357127e+02 4.398916e+02 5.000000e-01
      vertex   2.356394e+02 4.404481e+02 1.500000e+00
    endloop
  endfacet
  facet normal 9.914449e-01 1.305262e-01 0.000000e+00
    outer loop
      vertex   2.356394e+02 4.404481e+02 1.500000e+00
      vertex   2.357127e+02 4.398916e+02 5.000000e-01
      vertex   2.356394e+02 4.404481e+02 5.000000e-01
    endloop
  endfacet
  facet normal 9.914449e-01 -1.305262e-01 0.000000e+00
    outer loop
      vertex   2.356394e+02 4.404481e+02 1.500000e+00
      vertex   2.356394e+02 4.404481e+02 5.000000e-01
      vertex   2.357127e+02 4.410045e+02 1.500000e+00
    endloop
  endfacet
  facet normal 9.914449e-01 -1.305262e-01 0.000000e+00
    outer loop
      vertex   2.357127e+02 4.410045e+02 1.500000e+00
      vertex   2.356394e+02 4.404481e+02 5.000000e-01
      vertex   2.357127e+02 4.410045e+02 5.000000e-01
    endloop
  endfacet
  facet normal 9.238795e-01 -3.826834e-01 0.000000e+00
    outer loop
      vertex   2.357127e+02 4.410045e+02 1.500000e+00
      vertex   2.357127e+02 4.410045e+02 5.000000e-01
      vertex   2.359275e+02 4.415231e+02 1.500000e+00
    endloop
  endfacet
  facet normal 9.238795e-01 -3.826834e-01 0.000000e+00
    outer loop
      vertex   2.359275e+02 4.415231e+02 1.500000e+00
      vertex   2.357127e+02 4.410045e+02 5.000000e-01
      vertex   2.359275e+02 4.415231e+02 5.000000e-01
    endloop
  endfacet
  facet normal 7.933533e-01 -6.087614e-01 0.000000e+00
    outer loop
      vertex   2.359275e+02 4.415231e+02 1.500000e+00
      vertex   2.359275e+02 4.415231e+02 5.000000e-01
      vertex   2.362692e+02 4.419684e+02 1.500000e+00
    endloop
  endfacet
  facet normal 7.933533e-01 -6.087614e-01 0.000000e+00
    outer loop
      vertex   2.362692e+02 4.419684e+02 1.500000e+00
      vertex   2.359275e+02 4.415231e+02 5.000000e-01
      vertex   2.362692e+02 4.419684e+02 5.000000e-01
    endloop
  endfacet
  facet normal 6.087614e-01 -7.933533e-01 0.000000e+00
    outer loop
      vertex   2.362692e+02 4.419684e+02 1.500000e+00
      vertex   2.362692e+02 4.419684e+02 5.000000e-01
      vertex   2.367144e+02 4.423100e+02 1.500000e+00
    endloop
  endfacet
  facet normal 6.087614e-01 -7.933533e-01 1.730204e-14
    outer loop
      vertex   2.367144e+02 4.423100e+02 1.500000e+00
      vertex   2.362692e+02 4.419684e+02 5.000000e-01
      vertex   2.367144e+02 4.423100e+02 5.000000e-01
    endloop
  endfacet
  facet normal 3.826834e-01 -9.238795e-01 1.087652e-14
    outer loop
      vertex   2.367144e+02 4.423100e+02 1.500000e+00
      vertex   2.367144e+02 4.423100e+02 5.000000e-01
      vertex   2.372330e+02 4.425248e+02 1.500000e+00
    endloop
  endfacet
  facet normal 3.826834e-01 -9.238795e-01 0.000000e+00
    outer loop
      vertex   2.372330e+02 4.425248e+02 1.500000e+00
      vertex   2.367144e+02 4.423100e+02 5.000000e-01
      vertex   2.372330e+02 4.425248e+02 5.000000e-01
    endloop
  endfacet
  facet normal 1.305262e-01 -9.914449e-01 0.000000e+00
    outer loop
      vertex   2.372330e+02 4.425248e+02 1.500000e+00
      vertex   2.372330e+02 4.425248e+02 5.000000e-01
      vertex   2.377894e+02 4.425981e+02 1.500000e+00
    endloop
  endfacet
  facet normal 1.305262e-01 -9.914449e-01 0.000000e+00
    outer loop
      vertex   2.377894e+02 4.425981e+02 1.500000e+00
      vertex   2.372330e+02 4.425248e+02 5.000000e-01
      vertex   2.377894e+02 4.425981e+02 5.000000e-01
    endloop
  endfacet
  facet normal -1.305262e-01 -9.914449e-01 -0.000000e+00
    outer loop
      vertex   2.377894e+02 4.425981e+02 1.500000e+00
      vertex   2.377894e+02 4.425981e+02 5.000000e-01
      vertex   2.383459e+02 4.425248e+02 1.500000e+00
    endloop
  endfacet
  facet normal -1.305262e-01 -9.914449e-01 -0.000000e+00
    outer loop
      vertex   2.383459e+02 4.425248e+02 1.500000e+00
      vertex   2.377894e+02 4.425981e+02 5.000000e-01
      vertex   2.383459e+02 4.425248e+02 5.000000e-01
    endloop
  endfacet
  facet normal -3.826834e-01 -9.238795e-01 -0.000000e+00
    outer loop
      vertex   2.383459e+02 4.425248e+02 1.500000e+00
      vertex   2.383459e+02 4.425248e+02 5.000000e-01
      vertex   2.388644e+02 4.423100e+02 1.500000e+00
    endloop
  endfacet
  facet normal -3.826834e-01 -9.238795e-01 -1.087652e-14
    outer loop
      vertex   2.388644e+02 4.423100e+02 1.500000e+00
      vertex   2.383459e+02 4.425248e+02 5.000000e-01
      vertex   2.388644e+02 4.423100e+02 5.000000e-01
    endloop
  endfacet
  facet normal -6.087614e-01 -7.933533e-01 -1.730204e-14
    outer loop
      vertex   2.388644e+02 4.423100e+02 1.500000e+00
      vertex   2.388644e+02 4.423100e+02 5.000000e-01
      vertex   2.393097e+02 4.419684e+02 1.500000e+00
    endloop
  endfacet
  facet normal -6.087614e-01 -7.933533e-01 -0.000000e+00
    outer loop
      vertex   2.393097e+02 4.419684e+02 1.500000e+00
      vertex   2.388644e+02 4.423100e+02 5.000000e-01
      vertex   2.393097e+02 4.419684e+02 5.000000e-01
    endloop
  endfacet
  facet normal -7.933533e-01 -6.087614e-01 -0.000000e+00
    outer loop
      vertex   2.393097e+02 4.419684e+02 1.500000e+00
      vertex   2.393097e+02 4.419684e+02 5.000000e-01
      vertex   2.396514e+02 4.415231e+02 1.500000e+00
    endloop
  endfacet
  facet normal -7.933533e-01 -6.087614e-01 -0.000000e+00
    outer loop
      vertex   2.396514e+02 4.415231e+02 1.500000e+00
      vertex   2.393097e+02 4.419684e+02 5.000000e-01
      vertex   2.396514e+02 4.415231e+02 5.000000e-01
    endloop
  endfacet
  facet normal -9.238795e-01 -3.826834e-01 -0.000000e+00
    outer loop
      vertex   2.396514e+02 4.415231e+02 1.500000e+00
      vertex   2.396514e+02 4.415231e+02 5.000000e-01
      vertex   2.398662e+02 4.410045e+02 1.500000e+00
    endloop
  endfacet
  facet normal -9.238795e-01 -3.826834e-01 -0.000000e+00
    outer loop
      vertex   2.398662e+02 4.410045e+02 1.500000e+00
      vertex   2.396514e+02 4.415231e+02 5.000000e-01
      vertex   2.398662e+02 4.410045e+02 5.000000e-01
    endloop
  endfacet
  facet normal -9.914449e-01 -1.305262e-01 -0.000000e+00
    outer loop
      vertex   2.398662e+02 4.410045e+02 1.500000e+00
      vertex   2.398662e+02 4.410045e+02 5.000000e-01
      vertex   2.399394e+02 4.404481e+02 1.500000e+00
    endloop
  endfacet
  facet normal -9.914449e-01 -1.305262e-01 -0.000000e+00
    outer loop
      vertex   2.399394e+02 4.404481e+02 1.500000e+00
      vertex   2.398662e+02 4.410045e+02 5.000000e-01
      vertex   2.399394e+02 4.404481e+02 5.000000e-01
    endloop
  endfacet
  facet normal -9.914449e-01 1.305262e-01 0.000000e+00
    outer loop
      vertex   2.399394e+02 4.404481e+02 1.500000e+00
      vertex   2.399394e+02 4.404481e+02 5.000000e-01
      vertex   2.398662e+02 4.398916e+02 1.500000e+00
    endloop
  endfacet
  facet normal -9.914449e-01 1.305262e-01 0.000000e+00
    outer loop
      vertex   2.398662e+02 4.398916e+02 1.500000e+00
      vertex   2.399394e+02 4.404481e+02 5.000000e-01
      vertex   2.398662e+02 4.398916e+02 5.000000e-01
    endloop
  endfacet
  facet normal -9.238795e-01 3.826834e-01 0.000000e+00
    outer loop
      vertex   2.398662e+02 4.398916e+02 1.500000e+00
      vertex   2.398662e+02 4.398916e+02 5.000000e-01
      vertex   2.396514e+02 4.393731e+02 1.500000e+00
    endloop
  endfacet
  facet normal -9.238795e-01 3.826834e-01 0.000000e+00
    outer loop
      vertex   2.396514e+02 4.393731e+02 1.500000e+00
      vertex   2.398662e+02 4.398916e+02 5.000000e-01
      vertex   2.396514e+02 4.393731e+02 5.000000e-01
    endloop
  endfacet
  facet normal -7.933533e-01 6.087614e-01 0.000000e+00
    outer loop
      vertex   2.396514e+02 4.393731e+02 1.500000e+00
      vertex   2.396514e+02 4.393731e+02 5.000000e-01
      vertex   2.393097e+02 4.389278e+02 1.500000e+00
    endloop
  endfacet
  facet normal -7.933533e-01 6.087614e-01 0.000000e+00
    outer loop
      vertex   2.393097e+02 4.389278e+02 1.500000e+00
      vertex   2.396514e+02 4.393731e+02 5.000000e-01
      vertex   2.393097e+02 4.389278e+02 5.000000e-01
    endloop
  endfacet
  facet normal -6.087614e-01 7.933533e-01 0.000000e+00
    outer loop
      vertex   2.393097e+02 4.389278e+02 1.500000e+00
      vertex   2.393097e+02 4.389278e+02 5.000000e-01
      vertex   2.388644e+02 4.385861e+02 1.500000e+00
    endloop
  endfacet
  facet normal -6.087614e-01 7.933533e-01 1.730204e-14
    outer loop
      vertex   2.388644e+02 4.385861e+02 1.500000e+00
      vertex   2.393097e+02 4.389278e+02 5.000000e-01
      vertex   2.388644e+02 4.385861e+02 5.000000e-01
    endloop
  endfacet
  facet normal -3.826834e-01 9.238795e-01 1.087652e-14
    outer loop
      vertex   2.388644e+02 4.385861e+02 1.500000e+00
      vertex   2.388644e+02 4.385861e+02 5.000000e-01
      vertex   2.383459e+02 4.383713e+02 1.500000e+00
    endloop
  endfacet
  facet normal -3.826834e-01 9.238795e-01 0.000000e+00
    outer loop
      vertex   2.383459e+02 4.383713e+02 1.500000e+00
      vertex   2.388644e+02 4.385861e+02 5.000000e-01
      vertex   2.383459e+02 4.383713e+02 5.000000e-01
    endloop
  endfacet
  facet normal -1.305262e-01 9.914449e-01 0.000000e+00
    outer loop
      vertex   2.383459e+02 4.383713e+02 1.500000e+00
      vertex   2.383459e+02 4.383713e+02 5.000000e-01
      vertex   2.377894e+02 4.382981e+02 1.500000e+00
    endloop
  endfacet
  facet normal -1.305262e-01 9.914449e-01 0.000000e+00
    outer loop
      vertex   2.377894e+02 4.382981e+02 1.500000e+00
      vertex   2.383459e+02 4.383713e+02 5.000000e-01
      vertex   2.377894e+02 4.382981e+02 5.000000e-01
    endloop
  endfacet
  facet normal 1.305262e-01 9.914449e-01 0.000000e+00
    outer loop
      vertex   2.377894e+02 4.382981e+02 1.500000e+00
      vertex   2.377894e+02 4.382981e+02 5.000000e-01
      vertex   2.372330e+02 4.383713e+02 1.500000e+00
    endloop
  endfacet
  facet normal 1.305262e-01 9.914449e-01 0.000000e+00
    outer loop
      vertex   2.372330e+02 4.383713e+02 1.500000e+00
      vertex   2.377894e+02 4.382981e+02 5.000000e-01
      vertex   2.372330e+02 4.383713e+02 5.000000e-01
    endloop
  endfacet
  facet normal 3.826834e-01 9.238795e-01 0.000000e+00
    outer loop
      vertex   2.372330e+02 4.383713e+02 1.500000e+00
      vertex   2.372330e+02 4.383713e+02 5.000000e-01
      vertex   2.367144e+02 4.385861e+02 1.500000e+00
    endloop
  endfacet
  facet normal 3.826834e-01 9.238795e-01 -1.087652e-14
    outer loop
      vertex   2.367144e+02 4.385861e+02 1.500000e+00
      vertex   2.372330e+02 4.383713e+02 5.000000e-01
      vertex   2.367144e+02 4.385861e+02 5.000000e-01
    endloop
  endfacet
  facet normal 6.087614e-01 7.933533e-01 -1.730204e-14
    outer loop
      vertex   2.367144e+02 4.385861e+02 1.500000e+00
      vertex   2.367144e+02 4.385861e+02 5.000000e-01
      vertex   2.362692e+02 4.389278e+02 1.500000e+00
    endloop
  endfacet
  facet normal 6.087614e-01 7.933533e-01 0.000000e+00
    outer loop
      vertex   2.362692e+02 4.389278e+02 1.500000e+00
      vertex   2.367144e+02 4.385861e+02 5.000000e-01
      vertex   2.362692e+02 4.389278e+02 5.000000e-01
    endloop
  endfacet
  facet normal 7.933533e-01 6.087614e-01 0.000000e+00
    outer loop
      vertex   2.362692e+02 4.389278e+02 1.500000e+00
      vertex   2.362692e+02 4.389278e+02 5.000000e-01
      vertex   2.359275e+02 4.393731e+02 1.500000e+00
    endloop
  endfacet
  facet normal 7.933533e-01 6.087614e-01 0.000000e+00
    outer loop
      vertex   2.359275e+02 4.393731e+02 1.500000e+00
      vertex   2.362692e+02 4.389278e+02 5.000000e-01
      vertex   2.359275e+02 4.393731e+02 5.000000e-01
    endloop
  endfacet
  facet normal 9.238795e-01 3.826834e-01 0.000000e+00
    outer loop
      vertex   2.359275e+02 4.393731e+02 1.500000e+00
      vertex   2.359275e+02 4.393731e+02 5.000000e-01
      vertex   2.357127e+02 4.398916e+02 1.500000e+00
    endloop
  endfacet
  facet normal 9.238795e-01 3.826834e-01 0.000000e+00
    outer loop
      vertex   2.357127e+02 4.398916e+02 1.500000e+00
      vertex   2.359275e+02 4.393731e+02 5.000000e-01
      vertex   2.357127e+02 4.398916e+02 5.000000e-01
    endloop
  endfacet
  facet normal 7.040626e-01 -9.269160e-02 -7.040626e-01
    outer loop
      vertex   2.169609e+02 3.760697e+02 0.000000e+00
      vertex   2.174439e+02 3.759403e+02 5.000000e-01
      vertex   2.168706e+02 3.753839e+02 0.000000e+00
    endloop
  endfacet
  facet normal 7.040626e-01 -9.269160e-02 -7.040626e-01
    outer loop
      vertex   2.168706e+02 3.753839e+02 0.000000e+00
      vertex   2.174439e+02 3.759403e+02 5.000000e-01
      vertex   2.173706e+02 3.753839e+02 5.000000e-01
    endloop
  endfacet
  facet normal 7.040626e-01 9.269160e-02 -7.040626e-01
    outer loop
      vertex   2.168706e+02 3.753839e+02 0.000000e+00
      vertex   2.173706e+02 3.753839e+02 5.000000e-01
      vertex   2.169609e+02 3.746980e+02 0.000000e+00
    endloop
  endfacet
  facet normal 7.040626e-01 9.269160e-02 -7.040626e-01
    outer loop
      vertex   2.169609e+02 3.746980e+02 0.000000e+00
      vertex   2.173706e+02 3.753839e+02 5.000000e-01
      vertex   2.174439e+02 3.748274e+02 5.000000e-01
    endloop
  endfacet
  facet normal 6.560819e-01 2.717580e-01 -7.040626e-01
    outer loop
      vertex   2.169609e+02 3.746980e+02 0.000000e+00
      vertex   2.174439e+02 3.748274e+02 5.000000e-01
      vertex   2.172257e+02 3.740589e+02 0.000000e+00
    endloop
  endfacet
  facet normal 6.560819e-01 2.717580e-01 -7.040626e-01
    outer loop
      vertex   2.172257e+02 3.740589e+02 0.000000e+00
      vertex   2.174439e+02 3.748274e+02 5.000000e-01
      vertex   2.176587e+02 3.743089e+02 5.000000e-01
    endloop
  endfacet
  facet normal 5.633903e-01 4.323046e-01 -7.040626e-01
    outer loop
      vertex   2.172257e+02 3.740589e+02 0.000000e+00
      vertex   2.176587e+02 3.743089e+02 5.000000e-01
      vertex   2.176468e+02 3.735100e+02 0.000000e+00
    endloop
  endfacet
  facet normal 5.633903e-01 4.323046e-01 -7.040626e-01
    outer loop
      vertex   2.176468e+02 3.735100e+02 0.000000e+00
      vertex   2.176587e+02 3.743089e+02 5.000000e-01
      vertex   2.180003e+02 3.738636e+02 5.000000e-01
    endloop
  endfacet
  facet normal 4.323046e-01 5.633903e-01 -7.040626e-01
    outer loop
      vertex   2.176468e+02 3.735100e+02 0.000000e+00
      vertex   2.180003e+02 3.738636e+02 5.000000e-01
      vertex   2.181956e+02 3.730889e+02 0.000000e+00
    endloop
  endfacet
  facet normal 4.323046e-01 5.633903e-01 -7.040626e-01
    outer loop
      vertex   2.181956e+02 3.730889e+02 0.000000e+00
      vertex   2.180003e+02 3.738636e+02 5.000000e-01
      vertex   2.184456e+02 3.735219e+02 5.000000e-01
    endloop
  endfacet
  facet normal 2.717580e-01 6.560819e-01 -7.040626e-01
    outer loop
      vertex   2.181956e+02 3.730889e+02 0.000000e+00
      vertex   2.184456e+02 3.735219e+02 5.000000e-01
      vertex   2.188347e+02 3.728241e+02 0.000000e+00
    endloop
  endfacet
  facet normal 2.717580e-01 6.560819e-01 -7.040626e-01
    outer loop
      vertex   2.188347e+02 3.728241e+02 0.000000e+00
      vertex   2.184456e+02 3.735219e+02 5.000000e-01
      vertex   2.189642e+02 3.733071e+02 5.000000e-01
    endloop
  endfacet
  facet normal 9.269160e-02 7.040626e-01 -7.040626e-01
    outer loop
      vertex   2.188347e+02 3.728241e+02 0.000000e+00
      vertex   2.189642e+02 3.733071e+02 5.000000e-01
      vertex   2.195206e+02 3.727339e+02 0.000000e+00
    endloop
  endfacet
  facet normal 9.269160e-02 7.040626e-01 -7.040626e-01
    outer loop
      vertex   2.195206e+02 3.727339e+02 0.000000e+00
      vertex   2.189642e+02 3.733071e+02 5.000000e-01
      vertex   2.195206e+02 3.732339e+02 5.000000e-01
    endloop
  endfacet
  facet normal -9.269160e-02 7.040626e-01 -7.040626e-01
    outer loop
      vertex   2.195206e+02 3.727339e+02 0.000000e+00
      vertex   2.195206e+02 3.732339e+02 5.000000e-01
      vertex   2.202065e+02 3.728241e+02 0.000000e+00
    endloop
  endfacet
  facet normal -9.269160e-02 7.040626e-01 -7.040626e-01
    outer loop
      vertex   2.202065e+02 3.728241e+02 0.000000e+00
      vertex   2.195206e+02 3.732339e+02 5.000000e-01
      vertex   2.200771e+02 3.733071e+02 5.000000e-01
    endloop
  endfacet
  facet normal -2.717580e-01 6.560819e-01 -7.040626e-01
    outer loop
      vertex   2.202065e+02 3.728241e+02 0.000000e+00
      vertex   2.200771e+02 3.733071e+02 5.000000e-01
      vertex   2.208456e+02 3.730889e+02 0.000000e+00
    endloop
  endfacet
  facet normal -2.717580e-01 6.560819e-01 -7.040626e-01
    outer loop
      vertex   2.208456e+02 3.730889e+02 0.000000e+00
      vertex   2.200771e+02 3.733071e+02 5.000000e-01
      vertex   2.205956e+02 3.735219e+02 5.000000e-01
    endloop
  endfacet
  facet normal -4.323046e-01 5.633903e-01 -7.040626e-01
    outer loop
      vertex   2.208456e+02 3.730889e+02 0.000000e+00
      vertex   2.205956e+02 3.735219e+02 5.000000e-01
      vertex   2.213945e+02 3.735100e+02 0.000000e+00
    endloop
  endfacet
  facet normal -4.323046e-01 5.633903e-01 -7.040626e-01
    outer loop
      vertex   2.213945e+02 3.735100e+02 0.000000e+00
      vertex   2.205956e+02 3.735219e+02 5.000000e-01
      vertex   2.210409e+02 3.738636e+02 5.000000e-01
    endloop
  endfacet
  facet normal -5.633903e-01 4.323046e-01 -7.040626e-01
    outer loop
      vertex   2.213945e+02 3.735100e+02 0.000000e+00
      vertex   2.210409e+02 3.738636e+02 5.000000e-01
      vertex   2.218156e+02 3.740589e+02 0.000000e+00
    endloop
  endfacet
  facet normal -5.633903e-01 4.323046e-01 -7.040626e-01
    outer loop
      vertex   2.218156e+02 3.740589e+02 0.000000e+00
      vertex   2.210409e+02 3.738636e+02 5.000000e-01
      vertex   2.213826e+02 3.743089e+02 5.000000e-01
    endloop
  endfacet
  facet normal -6.560819e-01 2.717580e-01 -7.040626e-01
    outer loop
      vertex   2.218156e+02 3.740589e+02 0.000000e+00
      vertex   2.213826e+02 3.743089e+02 5.000000e-01
      vertex   2.220803e+02 3.746980e+02 0.000000e+00
    endloop
  endfacet
  facet normal -6.560819e-01 2.717580e-01 -7.040626e-01
    outer loop
      vertex   2.220803e+02 3.746980e+02 0.000000e+00
      vertex   2.213826e+02 3.743089e+02 5.000000e-01
      vertex   2.215974e+02 3.748274e+02 5.000000e-01
    endloop
  endfacet
  facet normal -7.040626e-01 9.269160e-02 -7.040626e-01
    outer loop
      vertex   2.220803e+02 3.746980e+02 0.000000e+00
      vertex   2.215974e+02 3.748274e+02 5.000000e-01
      vertex   2.221706e+02 3.753839e+02 0.000000e+00
    endloop
  endfacet
  facet normal -7.040626e-01 9.269160e-02 -7.040626e-01
    outer loop
      vertex   2.221706e+02 3.753839e+02 0.000000e+00
      vertex   2.215974e+02 3.748274e+02 5.000000e-01
      vertex   2.216706e+02 3.753839e+02 5.000000e-01
    endloop
  endfacet
  facet normal -7.040626e-01 -9.269160e-02 -7.040626e-01
    outer loop
      vertex   2.221706e+02 3.753839e+02 0.000000e+00
      vertex   2.216706e+02 3.753839e+02 5.000000e-01
      vertex   2.220803e+02 3.760697e+02 0.000000e+00
    endloop
  endfacet
  facet normal -7.040626e-01 -9.269160e-02 -7.040626e-01
    outer loop
      vertex   2.220803e+02 3.760697e+02 0.000000e+00
      vertex   2.216706e+02 3.753839e+02 5.000000e-01
      vertex   2.215974e+02 3.759403e+02 5.000000e-01
    endloop
  endfacet
  facet normal -6.560819e-01 -2.717580e-01 -7.040626e-01
    outer loop
      vertex   2.220803e+02 3.760697e+02 0.000000e+00
      vertex   2.215974e+02 3.759403e+02 5.000000e-01
      vertex   2.218156e+02 3.767089e+02 0.000000e+00
    endloop
  endfacet
  facet normal -6.560819e-01 -2.717580e-01 -7.040626e-01
    outer loop
      vertex   2.218156e+02 3.767089e+02 0.000000e+00
      vertex   2.215974e+02 3.759403e+02 5.000000e-01
      vertex   2.213826e+02 3.764589e+02 5.000000e-01
    endloop
  endfacet
  facet normal -5.633903e-01 -4.323046e-01 -7.040626e-01
    outer loop
      vertex   2.218156e+02 3.767089e+02 0.000000e+00
      vertex   2.213826e+02 3.764589e+02 5.000000e-01
      vertex   2.213945e+02 3.772577e+02 0.000000e+00
    endloop
  endfacet
  facet normal -5.633903e-01 -4.323046e-01 -7.040626e-01
    outer loop
      vertex   2.213945e+02 3.772577e+02 0.000000e+00
      vertex   2.213826e+02 3.764589e+02 5.000000e-01
      vertex   2.210409e+02 3.769041e+02 5.000000e-01
    endloop
  endfacet
  facet normal -4.323046e-01 -5.633903e-01 -7.040626e-01
    outer loop
      vertex   2.213945e+02 3.772577e+02 0.000000e+00
      vertex   2.210409e+02 3.769041e+02 5.000000e-01
      vertex   2.208456e+02 3.776788e+02 0.000000e+00
    endloop
  endfacet
  facet normal -4.323046e-01 -5.633903e-01 -7.040626e-01
    outer loop
      vertex   2.208456e+02 3.776788e+02 0.000000e+00
      vertex   2.210409e+02 3.769041e+02 5.000000e-01
      vertex   2.205956e+02 3.772458e+02 5.000000e-01
    endloop
  endfacet
  facet normal -2.717580e-01 -6.560819e-01 -7.040626e-01
    outer loop
      vertex   2.208456e+02 3.776788e+02 0.000000e+00
      vertex   2.205956e+02 3.772458e+02 5.000000e-01
      vertex   2.202065e+02 3.779436e+02 0.000000e+00
    endloop
  endfacet
  facet normal -2.717580e-01 -6.560819e-01 -7.040626e-01
    outer loop
      vertex   2.202065e+02 3.779436e+02 0.000000e+00
      vertex   2.205956e+02 3.772458e+02 5.000000e-01
      vertex   2.200771e+02 3.774606e+02 5.000000e-01
    endloop
  endfacet
  facet normal -9.269160e-02 -7.040626e-01 -7.040626e-01
    outer loop
      vertex   2.202065e+02 3.779436e+02 0.000000e+00
      vertex   2.200771e+02 3.774606e+02 5.000000e-01
      vertex   2.195206e+02 3.780339e+02 0.000000e+00
    endloop
  endfacet
  facet normal -9.269160e-02 -7.040626e-01 -7.040626e-01
    outer loop
      vertex   2.195206e+02 3.780339e+02 0.000000e+00
      vertex   2.200771e+02 3.774606e+02 5.000000e-01
      vertex   2.195206e+02 3.775339e+02 5.000000e-01
    endloop
  endfacet
  facet normal 9.269160e-02 -7.040626e-01 -7.040626e-01
    outer loop
      vertex   2.195206e+02 3.780339e+02 0.000000e+00
      vertex   2.195206e+02 3.775339e+02 5.000000e-01
      vertex   2.188347e+02 3.779436e+02 0.000000e+00
    endloop
  endfacet
  facet normal 9.269160e-02 -7.040626e-01 -7.040626e-01
    outer loop
      vertex   2.188347e+02 3.779436e+02 0.000000e+00
      vertex   2.195206e+02 3.775339e+02 5.000000e-01
      vertex   2.189642e+02 3.774606e+02 5.000000e-01
    endloop
  endfacet
  facet normal 2.717580e-01 -6.560819e-01 -7.040626e-01
    outer loop
      vertex   2.188347e+02 3.779436e+02 0.000000e+00
      vertex   2.189642e+02 3.774606e+02 5.000000e-01
      vertex   2.181956e+02 3.776788e+02 0.000000e+00
    endloop
  endfacet
  facet normal 2.717580e-01 -6.560819e-01 -7.040626e-01
    outer loop
      vertex   2.181956e+02 3.776788e+02 0.000000e+00
      vertex   2.189642e+02 3.774606e+02 5.000000e-01
      vertex   2.184456e+02 3.772458e+02 5.000000e-01
    endloop
  endfacet
  facet normal 4.323046e-01 -5.633903e-01 -7.040626e-01
    outer loop
      vertex   2.181956e+02 3.776788e+02 0.000000e+00
      vertex   2.184456e+02 3.772458e+02 5.000000e-01
      vertex   2.176468e+02 3.772577e+02 0.000000e+00
    endloop
  endfacet
  facet normal 4.323046e-01 -5.633903e-01 -7.040626e-01
    outer loop
      vertex   2.176468e+02 3.772577e+02 0.000000e+00
      vertex   2.184456e+02 3.772458e+02 5.000000e-01
      vertex   2.180003e+02 3.769041e+02 5.000000e-01
    endloop
  endfacet
  facet normal 5.633903e-01 -4.323046e-01 -7.040626e-01
    outer loop
      vertex   2.176468e+02 3.772577e+02 0.000000e+00
      vertex   2.180003e+02 3.769041e+02 5.000000e-01
      vertex   2.172257e+02 3.767089e+02 0.000000e+00
    endloop
  endfacet
  facet normal 5.633903e-01 -4.323046e-01 -7.040626e-01
    outer loop
      vertex   2.172257e+02 3.767089e+02 0.000000e+00
      vertex   2.180003e+02 3.769041e+02 5.000000e-01
      vertex   2.176587e+02 3.764589e+02 5.000000e-01
    endloop
  endfacet
  facet normal 6.560819e-01 -2.717580e-01 -7.040626e-01
    outer loop
      vertex   2.172257e+02 3.767089e+02 0.000000e+00
      vertex   2.176587e+02 3.764589e+02 5.000000e-01
      vertex   2.169609e+02 3.760697e+02 0.000000e+00
    endloop
  endfacet
  facet normal 6.560819e-01 -2.717580e-01 -7.040626e-01
    outer loop
      vertex   2.169609e+02 3.760697e+02 0.000000e+00
      vertex   2.176587e+02 3.764589e+02 5.000000e-01
      vertex   2.174439e+02 3.759403e+02 5.000000e-01
    endloop
  endfacet
  facet normal 9.914449e-01 1.305262e-01 0.000000e+00
    outer loop
      vertex   2.174439e+02 3.748274e+02 1.500000e+00
      vertex   2.174439e+02 3.748274e+02 5.000000e-01
      vertex   2.173706e+02 3.753839e+02 1.500000e+00
    endloop
  endfacet
  facet normal 9.914449e-01 1.305262e-01 0.000000e+00
    outer loop
      vertex   2.173706e+02 3.753839e+02 1.500000e+00
      vertex   2.174439e+02 3.748274e+02 5.000000e-01
      vertex   2.173706e+02 3.753839e+02 5.000000e-01
    endloop
  endfacet
  facet normal 9.914449e-01 -1.305262e-01 0.000000e+00
    outer loop
      vertex   2.173706e+02 3.753839e+02 1.500000e+00
      vertex   2.173706e+02 3.753839e+02 5.000000e-01
      vertex   2.174439e+02 3.759403e+02 1.500000e+00
    endloop
  endfacet
  facet normal 9.914449e-01 -1.305262e-01 0.000000e+00
    outer loop
      vertex   2.174439e+02 3.759403e+02 1.500000e+00
      vertex   2.173706e+02 3.753839e+02 5.000000e-01
      vertex   2.174439e+02 3.759403e+02 5.000000e-01
    endloop
  endfacet
  facet normal 9.238795e-01 -3.826834e-01 0.000000e+00
    outer loop
      vertex   2.174439e+02 3.759403e+02 1.500000e+00
      vertex   2.174439e+02 3.759403e+02 5.000000e-01
      vertex   2.176587e+02 3.764589e+02 1.500000e+00
    endloop
  endfacet
  facet normal 9.238795e-01 -3.826834e-01 0.000000e+00
    outer loop
      vertex   2.176587e+02 3.764589e+02 1.500000e+00
      vertex   2.174439e+02 3.759403e+02 5.000000e-01
      vertex   2.176587e+02 3.764589e+02 5.000000e-01
    endloop
  endfacet
  facet normal 7.933533e-01 -6.087614e-01 0.000000e+00
    outer loop
      vertex   2.176587e+02 3.764589e+02 1.500000e+00
      vertex   2.176587e+02 3.764589e+02 5.000000e-01
      vertex   2.180003e+02 3.769041e+02 1.500000e+00
    endloop
  endfacet
  facet normal 7.933533e-01 -6.087614e-01 0.000000e+00
    outer loop
      vertex   2.180003e+02 3.769041e+02 1.500000e+00
      vertex   2.176587e+02 3.764589e+02 5.000000e-01
      vertex   2.180003e+02 3.769041e+02 5.000000e-01
    endloop
  endfacet
  facet normal 6.087614e-01 -7.933533e-01 0.000000e+00
    outer loop
      vertex   2.180003e+02 3.769041e+02 1.500000e+00
      vertex   2.180003e+02 3.769041e+02 5.000000e-01
      vertex   2.184456e+02 3.772458e+02 1.500000e+00
    endloop
  endfacet
  facet normal 6.087614e-01 -7.933533e-01 1.730204e-14
    outer loop
      vertex   2.184456e+02 3.772458e+02 1.500000e+00
      vertex   2.180003e+02 3.769041e+02 5.000000e-01
      vertex   2.184456e+02 3.772458e+02 5.000000e-01
    endloop
  endfacet
  facet normal 3.826834e-01 -9.238795e-01 1.087652e-14
    outer loop
      vertex   2.184456e+02 3.772458e+02 1.500000e+00
      vertex   2.184456e+02 3.772458e+02 5.000000e-01
      vertex   2.189642e+02 3.774606e+02 1.500000e+00
    endloop
  endfacet
  facet normal 3.826834e-01 -9.238795e-01 0.000000e+00
    outer loop
      vertex   2.189642e+02 3.774606e+02 1.500000e+00
      vertex   2.184456e+02 3.772458e+02 5.000000e-01
      vertex   2.189642e+02 3.774606e+02 5.000000e-01
    endloop
  endfacet
  facet normal 1.305262e-01 -9.914449e-01 0.000000e+00
    outer loop
      vertex   2.189642e+02 3.774606e+02 1.500000e+00
      vertex   2.189642e+02 3.774606e+02 5.000000e-01
      vertex   2.195206e+02 3.775339e+02 1.500000e+00
    endloop
  endfacet
  facet normal 1.305262e-01 -9.914449e-01 0.000000e+00
    outer loop
      vertex   2.195206e+02 3.775339e+02 1.500000e+00
      vertex   2.189642e+02 3.774606e+02 5.000000e-01
      vertex   2.195206e+02 3.775339e+02 5.000000e-01
    endloop
  endfacet
  facet normal -1.305262e-01 -9.914449e-01 -0.000000e+00
    outer loop
      vertex   2.195206e+02 3.775339e+02 1.500000e+00
      vertex   2.195206e+02 3.775339e+02 5.000000e-01
      vertex   2.200771e+02 3.774606e+02 1.500000e+00
    endloop
  endfacet
  facet normal -1.305262e-01 -9.914449e-01 -0.000000e+00
    outer loop
      vertex   2.200771e+02 3.774606e+02 1.500000e+00
      vertex   2.195206e+02 3.775339e+02 5.000000e-01
      vertex   2.200771e+02 3.774606e+02 5.000000e-01
    endloop
  endfacet
  facet normal -3.826834e-01 -9.238795e-01 -0.000000e+00
    outer loop
      vertex   2.200771e+02 3.774606e+02 1.500000e+00
      vertex   2.200771e+02 3.774606e+02 5.000000e-01
      vertex   2.205956e+02 3.772458e+02 1.500000e+00
    endloop
  endfacet
  facet normal -3.826834e-01 -9.238795e-01 -1.087652e-14
    outer loop
      vertex   2.205956e+02 3.772458e+02 1.500000e+00
      vertex   2.200771e+02 3.774606e+02 5.000000e-01
      vertex   2.205956e+02 3.772458e+02 5.000000e-01
    endloop
  endfacet
  facet normal -6.087614e-01 -7.933533e-01 -1.730204e-14
    outer loop
      vertex   2.205956e+02 3.772458e+02 1.500000e+00
      vertex   2.205956e+02 3.772458e+02 5.000000e-01
      vertex   2.210409e+02 3.769041e+02 1.500000e+00
    endloop
  endfacet
  facet normal -6.087614e-01 -7.933533e-01 -0.000000e+00
    outer loop
      vertex   2.210409e+02 3.769041e+02 1.500000e+00
      vertex   2.205956e+02 3.772458e+02 5.000000e-01
      vertex   2.210409e+02 3.769041e+02 5.000000e-01
    endloop
  endfacet
  facet normal -7.933533e-01 -6.087614e-01 -0.000000e+00
    outer loop
      vertex   2.210409e+02 3.769041e+02 1.500000e+00
      vertex   2.210409e+02 3.769041e+02 5.000000e-01
      vertex   2.213826e+02 3.764589e+02 1.500000e+00
    endloop
  endfacet
  facet normal -7.933533e-01 -6.087614e-01 -0.000000e+00
    outer loop
      vertex   2.213826e+02 3.764589e+02 1.500000e+00
      vertex   2.210409e+02 3.769041e+02 5.000000e-01
      vertex   2.213826e+02 3.764589e+02 5.000000e-01
    endloop
  endfacet
  facet normal -9.238795e-01 -3.826834e-01 -0.000000e+00
    outer loop
      vertex   2.213826e+02 3.764589e+02 1.500000e+00
      vertex   2.213826e+02 3.764589e+02 5.000000e-01
      vertex   2.215974e+02 3.759403e+02 1.500000e+00
    endloop
  endfacet
  facet normal -9.238795e-01 -3.826834e-01 -0.000000e+00
    outer loop
      vertex   2.215974e+02 3.759403e+02 1.500000e+00
      vertex   2.213826e+02 3.764589e+02 5.000000e-01
      vertex   2.215974e+02 3.759403e+02 5.000000e-01
    endloop
  endfacet
  facet normal -9.914449e-01 -1.305262e-01 -0.000000e+00
    outer loop
      vertex   2.215974e+02 3.759403e+02 1.500000e+00
      vertex   2.215974e+02 3.759403e+02 5.000000e-01
      vertex   2.216706e+02 3.753839e+02 1.500000e+00
    endloop
  endfacet
  facet normal -9.914449e-01 -1.305262e-01 -0.000000e+00
    outer loop
      vertex   2.216706e+02 3.753839e+02 1.500000e+00
      vertex   2.215974e+02 3.759403e+02 5.000000e-01
      vertex   2.216706e+02 3.753839e+02 5.000000e-01
    endloop
  endfacet
  facet normal -9.914449e-01 1.305262e-01 0.000000e+00
    outer loop
      vertex   2.216706e+02 3.753839e+02 1.500000e+00
      vertex   2.216706e+02 3.753839e+02 5.000000e-01
      vertex   2.215974e+02 3.748274e+02 1.500000e+00
    endloop
  endfacet
  facet normal -9.914449e-01 1.305262e-01 0.000000e+00
    outer loop
      vertex   2.215974e+02 3.748274e+02 1.500000e+00
      vertex   2.216706e+02 3.753839e+02 5.000000e-01
      vertex   2.215974e+02 3.748274e+02 5.000000e-01
    endloop
  endfacet
  facet normal -9.238795e-01 3.826834e-01 0.000000e+00
    outer loop
      vertex   2.215974e+02 3.748274e+02 1.500000e+00
      vertex   2.215974e+02 3.748274e+02 5.000000e-01
      vertex   2.213826e+02 3.743089e+02 1.500000e+00
    endloop
  endfacet
  facet normal -9.238795e-01 3.826834e-01 0.000000e+00
    outer loop
      vertex   2.213826e+02 3.743089e+02 1.500000e+00
      vertex   2.215974e+02 3.748274e+02 5.000000e-01
      vertex   2.213826e+02 3.743089e+02 5.000000e-01
    endloop
  endfacet
  facet normal -7.933533e-01 6.087614e-01 0.000000e+00
    outer loop
      vertex   2.213826e+02 3.743089e+02 1.500000e+00
      vertex   2.213826e+02 3.743089e+02 5.000000e-01
      vertex   2.210409e+02 3.738636e+02 1.500000e+00
    endloop
  endfacet
  facet normal -7.933533e-01 6.087614e-01 0.000000e+00
    outer loop
      vertex   2.210409e+02 3.738636e+02 1.500000e+00
      vertex   2.213826e+02 3.743089e+02 5.000000e-01
      vertex   2.210409e+02 3.738636e+02 5.000000e-01
    endloop
  endfacet
  facet normal -6.087614e-01 7.933533e-01 0.000000e+00
    outer loop
      vertex   2.210409e+02 3.738636e+02 1.500000e+00
      vertex   2.210409e+02 3.738636e+02 5.000000e-01
      vertex   2.205956e+02 3.735219e+02 1.500000e+00
    endloop
  endfacet
  facet normal -6.087614e-01 7.933533e-01 1.730204e-14
    outer loop
      vertex   2.205956e+02 3.735219e+02 1.500000e+00
      vertex   2.210409e+02 3.738636e+02 5.000000e-01
      vertex   2.205956e+02 3.735219e+02 5.000000e-01
    endloop
  endfacet
  facet normal -3.826834e-01 9.238795e-01 1.087652e-14
    outer loop
      vertex   2.205956e+02 3.735219e+02 1.500000e+00
      vertex   2.205956e+02 3.735219e+02 5.000000e-01
      vertex   2.200771e+02 3.733071e+02 1.500000e+00
    endloop
  endfacet
  facet normal -3.826834e-01 9.238795e-01 0.000000e+00
    outer loop
      vertex   2.200771e+02 3.733071e+02 1.500000e+00
      vertex   2.205956e+02 3.735219e+02 5.000000e-01
      vertex   2.200771e+02 3.733071e+02 5.000000e-01
    endloop
  endfacet
  facet normal -1.305262e-01 9.914449e-01 0.000000e+00
    outer loop
      vertex   2.200771e+02 3.733071e+02 1.500000e+00
      vertex   2.200771e+02 3.733071e+02 5.000000e-01
      vertex   2.195206e+02 3.732339e+02 1.500000e+00
    endloop
  endfacet
  facet normal -1.305262e-01 9.914449e-01 0.000000e+00
    outer loop
      vertex   2.195206e+02 3.732339e+02 1.500000e+00
      vertex   2.200771e+02 3.733071e+02 5.000000e-01
      vertex   2.195206e+02 3.732339e+02 5.000000e-01
    endloop
  endfacet
  facet normal 1.305262e-01 9.914449e-01 0.000000e+00
    outer loop
      vertex   2.195206e+02 3.732339e+02 1.500000e+00
      vertex   2.195206e+02 3.732339e+02 5.000000e-01
      vertex   2.189642e+02 3.733071e+02 1.500000e+00
    endloop
  endfacet
  facet normal 1.305262e-01 9.914449e-01 0.000000e+00
    outer loop
      vertex   2.189642e+02 3.733071e+02 1.500000e+00
      vertex   2.195206e+02 3.732339e+02 5.000000e-01
      vertex   2.189642e+02 3.733071e+02 5.000000e-01
    endloop
  endfacet
  facet normal 3.826834e-01 9.238795e-01 0.000000e+00
    outer loop
      vertex   2.189642e+02 3.733071e+02 1.500000e+00
      vertex   2.189642e+02 3.733071e+02 5.000000e-01
      vertex   2.184456e+02 3.735219e+02 1.500000e+00
    endloop
  endfacet
  facet normal 3.826834e-01 9.238795e-01 -1.087652e-14
    outer loop
      vertex   2.184456e+02 3.735219e+02 1.500000e+00
      vertex   2.189642e+02 3.733071e+02 5.000000e-01
      vertex   2.184456e+02 3.735219e+02 5.000000e-01
    endloop
  endfacet
  facet normal 6.087614e-01 7.933533e-01 -1.730204e-14
    outer loop
      vertex   2.184456e+02 3.735219e+02 1.500000e+00
      vertex   2.184456e+02 3.735219e+02 5.000000e-01
      vertex   2.180003e+02 3.738636e+02 1.500000e+00
    endloop
  endfacet
  facet normal 6.087614e-01 7.933533e-01 0.000000e+00
    outer loop
      vertex   2.180003e+02 3.738636e+02 1.500000e+00
      vertex   2.184456e+02 3.735219e+02 5.000000e-01
      vertex   2.180003e+02 3.738636e+02 5.000000e-01
    endloop
  endfacet
  facet normal 7.933533e-01 6.087614e-01 0.000000e+00
    outer loop
      vertex   2.180003e+02 3.738636e+02 1.500000e+00
      vertex   2.180003e+02 3.738636e+02 5.000000e-01
      vertex   2.176587e+02 3.743089e+02 1.500000e+00
    endloop
  endfacet
  facet normal 7.933533e-01 6.087614e-01 0.000000e+00
    outer loop
      vertex   2.176587e+02 3.743089e+02 1.500000e+00
      vertex   2.180003e+02 3.738636e+02 5.000000e-01
      vertex   2.176587e+02 3.743089e+02 5.000000e-01
    endloop
  endfacet
  facet normal 9.238795e-01 3.826834e-01 0.000000e+00
    outer loop
      vertex   2.176587e+02 3.743089e+02 1.500000e+00
      vertex   2.176587e+02 3.743089e+02 5.000000e-01
      vertex   2.174439e+02 3.748274e+02 1.500000e+00
    endloop
  endfacet
  facet normal 9.238795e-01 3.826834e-01 0.000000e+00
    outer loop
      vertex   2.174439e+02 3.748274e+02 1.500000e+00
      vertex   2.176587e+02 3.743089e+02 5.000000e-01
      vertex   2.174439e+02 3.748274e+02 5.000000e-01
    endloop
  endfacet
  facet normal -7.027820e-01 9.252301e-02 7.053630e-01
    outer loop
      vertex   1.908645e+02 4.463651e+02 4.500000e+00
      vertex   1.879441e+02 4.470538e+02 1.500000e+00
      vertex   1.908134e+02 4.459769e+02 4.500000e+00
    endloop
  endfacet
  facet normal -7.045148e-01 8.554359e-02 7.045148e-01
    outer loop
      vertex   1.908134e+02 4.459769e+02 4.500000e+00
      vertex   1.879441e+02 4.470538e+02 1.500000e+00
      vertex   1.878134e+02 4.459769e+02 1.500000e+00
    endloop
  endfacet
  facet normal -7.045148e-01 -8.554359e-02 7.045148e-01
    outer loop
      vertex   1.908134e+02 4.459769e+02 4.500000e+00
      vertex   1.878134e+02 4.459769e+02 1.500000e+00
      vertex   1.879441e+02 4.449000e+02 1.500000e+00
    endloop
  endfacet
  facet normal -6.639404e-01 2.517994e-01 7.041167e-01
    outer loop
      vertex   1.879441e+02 4.470538e+02 1.500000e+00
      vertex   1.908645e+02 4.463651e+02 4.500000e+00
      vertex   1.883288e+02 4.480681e+02 1.500000e+00
    endloop
  endfacet
  facet normal -6.538951e-01 2.708522e-01 7.064420e-01
    outer loop
      vertex   1.883288e+02 4.480681e+02 1.500000e+00
      vertex   1.908645e+02 4.463651e+02 4.500000e+00
      vertex   1.910143e+02 4.467269e+02 4.500000e+00
    endloop
  endfacet
  facet normal -5.846542e-01 4.035577e-01 7.037902e-01
    outer loop
      vertex   1.883288e+02 4.480681e+02 1.500000e+00
      vertex   1.910143e+02 4.467269e+02 4.500000e+00
      vertex   1.889451e+02 4.489609e+02 1.500000e+00
    endloop
  endfacet
  facet normal -5.608304e-01 4.303403e-01 7.073022e-01
    outer loop
      vertex   1.889451e+02 4.489609e+02 1.500000e+00
      vertex   1.910143e+02 4.467269e+02 4.500000e+00
      vertex   1.912527e+02 4.470376e+02 4.500000e+00
    endloop
  endfacet
  facet normal -4.712546e-01 5.319365e-01 7.035358e-01
    outer loop
      vertex   1.889451e+02 4.489609e+02 1.500000e+00
      vertex   1.912527e+02 4.470376e+02 4.500000e+00
      vertex   1.897571e+02 4.496803e+02 1.500000e+00
    endloop
  endfacet
  facet normal -4.299481e-01 5.603192e-01 7.079457e-01
    outer loop
      vertex   1.897571e+02 4.496803e+02 1.500000e+00
      vertex   1.912527e+02 4.470376e+02 4.500000e+00
      vertex   1.915634e+02 4.472759e+02 4.500000e+00
    endloop
  endfacet
  facet normal -3.303438e-01 6.294174e-01 7.033539e-01
    outer loop
      vertex   1.897571e+02 4.496803e+02 1.500000e+00
      vertex   1.915634e+02 4.472759e+02 4.500000e+00
      vertex   1.907176e+02 4.501845e+02 1.500000e+00
    endloop
  endfacet
  facet normal -2.701123e-01 6.521088e-01 7.083738e-01
    outer loop
      vertex   1.907176e+02 4.501845e+02 1.500000e+00
      vertex   1.915634e+02 4.472759e+02 4.500000e+00
      vertex   1.919251e+02 4.474258e+02 4.500000e+00
    endloop
  endfacet
  facet normal -1.701410e-01 6.902891e-01 7.032446e-01
    outer loop
      vertex   1.907176e+02 4.501845e+02 1.500000e+00
      vertex   1.919251e+02 4.474258e+02 4.500000e+00
      vertex   1.917709e+02 4.504441e+02 1.500000e+00
    endloop
  endfacet
  facet normal -9.210227e-02 6.995862e-01 7.085876e-01
    outer loop
      vertex   1.917709e+02 4.504441e+02 1.500000e+00
      vertex   1.919251e+02 4.474258e+02 4.500000e+00
      vertex   1.923134e+02 4.474769e+02 4.500000e+00
    endloop
  endfacet
  facet normal -0.000000e+00 7.109840e-01 7.032082e-01
    outer loop
      vertex   1.917709e+02 4.504441e+02 1.500000e+00
      vertex   1.923134e+02 4.474769e+02 4.500000e+00
      vertex   1.928558e+02 4.504441e+02 1.500000e+00
    endloop
  endfacet
  facet normal 9.210227e-02 6.995862e-01 7.085876e-01
    outer loop
      vertex   1.928558e+02 4.504441e+02 1.500000e+00
      vertex   1.923134e+02 4.474769e+02 4.500000e+00
      vertex   1.927016e+02 4.474258e+02 4.500000e+00
    endloop
  endfacet
  facet normal 1.701410e-01 6.902891e-01 7.032446e-01
    outer loop
      vertex   1.928558e+02 4.504441e+02 1.500000e+00
      vertex   1.927016e+02 4.474258e+02 4.500000e+00
      vertex   1.939091e+02 4.501845e+02 1.500000e+00
    endloop
  endfacet
  facet normal 2.701123e-01 6.521088e-01 7.083738e-01
    outer loop
      vertex   1.939091e+02 4.501845e+02 1.500000e+00
      vertex   1.927016e+02 4.474258e+02 4.500000e+00
      vertex   1.930634e+02 4.472759e+02 4.500000e+00
    endloop
  endfacet
  facet normal 3.303438e-01 6.294174e-01 7.033539e-01
    outer loop
      vertex   1.939091e+02 4.501845e+02 1.500000e+00
      vertex   1.930634e+02 4.472759e+02 4.500000e+00
      vertex   1.948696e+02 4.496803e+02 1.500000e+00
    endloop
  endfacet
  facet normal 4.299481e-01 5.603192e-01 7.079457e-01
    outer loop
      vertex   1.948696e+02 4.496803e+02 1.500000e+00
      vertex   1.930634e+02 4.472759e+02 4.500000e+00
      vertex   1.933740e+02 4.470376e+02 4.500000e+00
    endloop
  endfacet
  facet normal 4.712546e-01 5.319365e-01 7.035358e-01
    outer loop
      vertex   1.948696e+02 4.496803e+02 1.500000e+00
      vertex   1.933740e+02 4.470376e+02 4.500000e+00
      vertex   1.956816e+02 4.489609e+02 1.500000e+00
    endloop
  endfacet
  facet normal 5.608304e-01 4.303403e-01 7.073022e-01
    outer loop
      vertex   1.956816e+02 4.489609e+02 1.500000e+00
      vertex   1.933740e+02 4.470376e+02 4.500000e+00
      vertex   1.936124e+02 4.467269e+02 4.500000e+00
    endloop
  endfacet
  facet normal 5.846542e-01 4.035577e-01 7.037902e-01
    outer loop
      vertex   1.956816e+02 4.489609e+02 1.500000e+00
      vertex   1.936124e+02 4.467269e+02 4.500000e+00
      vertex   1.962979e+02 4.480681e+02 1.500000e+00
    endloop
  endfacet
  facet normal 6.538951e-01 2.708522e-01 7.064420e-01
    outer loop
      vertex   1.962979e+02 4.480681e+02 1.500000e+00
      vertex   1.936124e+02 4.467269e+02 4.500000e+00
      vertex   1.937622e+02 4.463651e+02 4.500000e+00
    endloop
  endfacet
  facet normal 6.639404e-01 2.517994e-01 7.041167e-01
    outer loop
      vertex   1.962979e+02 4.480681e+02 1.500000e+00
      vertex   1.937622e+02 4.463651e+02 4.500000e+00
      vertex   1.966826e+02 4.470538e+02 1.500000e+00
    endloop
  endfacet
  facet normal 7.027820e-01 9.252301e-02 7.053630e-01
    outer loop
      vertex   1.966826e+02 4.470538e+02 1.500000e+00
      vertex   1.937622e+02 4.463651e+02 4.500000e+00
      vertex   1.938134e+02 4.459769e+02 4.500000e+00
    endloop
  endfacet
  facet normal 7.045148e-01 8.554359e-02 7.045148e-01
    outer loop
      vertex   1.966826e+02 4.470538e+02 1.500000e+00
      vertex   1.938134e+02 4.459769e+02 4.500000e+00
      vertex   1.968134e+02 4.459769e+02 1.500000e+00
    endloop
  endfacet
  facet normal 7.045148e-01 -8.554359e-02 7.045148e-01
    outer loop
      vertex   1.968134e+02 4.459769e+02 1.500000e+00
      vertex   1.938134e+02 4.459769e+02 4.500000e+00
      vertex   1.966826e+02 4.449000e+02 1.500000e+00
    endloop
  endfacet
  facet normal 7.027820e-01 -9.252301e-02 7.053630e-01
    outer loop
      vertex   1.966826e+02 4.449000e+02 1.500000e+00
      vertex   1.938134e+02 4.459769e+02 4.500000e+00
      vertex   1.937622e+02 4.455887e+02 4.500000e+00
    endloop
  endfacet
  facet normal 6.639404e-01 -2.517994e-01 7.041167e-01
    outer loop
      vertex   1.966826e+02 4.449000e+02 1.500000e+00
      vertex   1.937622e+02 4.455887e+02 4.500000e+00
      vertex   1.962979e+02 4.438856e+02 1.500000e+00
    endloop
  endfacet
  facet normal 6.538951e-01 -2.708522e-01 7.064420e-01
    outer loop
      vertex   1.962979e+02 4.438856e+02 1.500000e+00
      vertex   1.937622e+02 4.455887e+02 4.500000e+00
      vertex   1.936124e+02 4.452269e+02 4.500000e+00
    endloop
  endfacet
  facet normal 5.846542e-01 -4.035577e-01 7.037902e-01
    outer loop
      vertex   1.962979e+02 4.438856e+02 1.500000e+00
      vertex   1.936124e+02 4.452269e+02 4.500000e+00
      vertex   1.956816e+02 4.429928e+02 1.500000e+00
    endloop
  endfacet
  facet normal 5.608304e-01 -4.303403e-01 7.073022e-01
    outer loop
      vertex   1.956816e+02 4.429928e+02 1.500000e+00
      vertex   1.936124e+02 4.452269e+02 4.500000e+00
      vertex   1.933740e+02 4.449162e+02 4.500000e+00
    endloop
  endfacet
  facet normal 4.712546e-01 -5.319365e-01 7.035358e-01
    outer loop
      vertex   1.956816e+02 4.429928e+02 1.500000e+00
      vertex   1.933740e+02 4.449162e+02 4.500000e+00
      vertex   1.948696e+02 4.422735e+02 1.500000e+00
    endloop
  endfacet
  facet normal 4.299481e-01 -5.603192e-01 7.079457e-01
    outer loop
      vertex   1.948696e+02 4.422735e+02 1.500000e+00
      vertex   1.933740e+02 4.449162e+02 4.500000e+00
      vertex   1.930634e+02 4.446779e+02 4.500000e+00
    endloop
  endfacet
  facet normal 3.303438e-01 -6.294174e-01 7.033539e-01
    outer loop
      vertex   1.948696e+02 4.422735e+02 1.500000e+00
      vertex   1.930634e+02 4.446779e+02 4.500000e+00
      vertex   1.939091e+02 4.417693e+02 1.500000e+00
    endloop
  endfacet
  facet normal 2.701123e-01 -6.521088e-01 7.083738e-01
    outer loop
      vertex   1.939091e+02 4.417693e+02 1.500000e+00
      vertex   1.930634e+02 4.446779e+02 4.500000e+00
      vertex   1.927016e+02 4.445280e+02 4.500000e+00
    endloop
  endfacet
  facet normal 1.701410e-01 -6.902891e-01 7.032446e-01
    outer loop
      vertex   1.939091e+02 4.417693e+02 1.500000e+00
      vertex   1.927016e+02 4.445280e+02 4.500000e+00
      vertex   1.928558e+02 4.415097e+02 1.500000e+00
    endloop
  endfacet
  facet normal 9.210227e-02 -6.995862e-01 7.085876e-01
    outer loop
      vertex   1.928558e+02 4.415097e+02 1.500000e+00
      vertex   1.927016e+02 4.445280e+02 4.500000e+00
      vertex   1.923134e+02 4.444769e+02 4.500000e+00
    endloop
  endfacet
  facet normal 0.000000e+00 -7.109840e-01 7.032082e-01
    outer loop
      vertex   1.928558e+02 4.415097e+02 1.500000e+00
      vertex   1.923134e+02 4.444769e+02 4.500000e+00
      vertex   1.917709e+02 4.415097e+02 1.500000e+00
    endloop
  endfacet
  facet normal -9.210227e-02 -6.995862e-01 7.085876e-01
    outer loop
      vertex   1.917709e+02 4.415097e+02 1.500000e+00
      vertex   1.923134e+02 4.444769e+02 4.500000e+00
      vertex   1.919251e+02 4.445280e+02 4.500000e+00
    endloop
  endfacet
  facet normal -1.701410e-01 -6.902891e-01 7.032446e-01
    outer loop
      vertex   1.917709e+02 4.415097e+02 1.500000e+00
      vertex   1.919251e+02 4.445280e+02 4.500000e+00
      vertex   1.907176e+02 4.417693e+02 1.500000e+00
    endloop
  endfacet
  facet normal -2.701123e-01 -6.521088e-01 7.083738e-01
    outer loop
      vertex   1.907176e+02 4.417693e+02 1.500000e+00
      vertex   1.919251e+02 4.445280e+02 4.500000e+00
      vertex   1.915634e+02 4.446779e+02 4.500000e+00
    endloop
  endfacet
  facet normal -3.303438e-01 -6.294174e-01 7.033539e-01
    outer loop
      vertex   1.907176e+02 4.417693e+02 1.500000e+00
      vertex   1.915634e+02 4.446779e+02 4.500000e+00
      vertex   1.897571e+02 4.422735e+02 1.500000e+00
    endloop
  endfacet
  facet normal -4.299481e-01 -5.603192e-01 7.079457e-01
    outer loop
      vertex   1.897571e+02 4.422735e+02 1.500000e+00
      vertex   1.915634e+02 4.446779e+02 4.500000e+00
      vertex   1.912527e+02 4.449162e+02 4.500000e+00
    endloop
  endfacet
  facet normal -4.712546e-01 -5.319365e-01 7.035358e-01
    outer loop
      vertex   1.897571e+02 4.422735e+02 1.500000e+00
      vertex   1.912527e+02 4.449162e+02 4.500000e+00
      vertex   1.889451e+02 4.429928e+02 1.500000e+00
    endloop
  endfacet
  facet normal -5.608304e-01 -4.303403e-01 7.073022e-01
    outer loop
      vertex   1.889451e+02 4.429928e+02 1.500000e+00
      vertex   1.912527e+02 4.449162e+02 4.500000e+00
      vertex   1.910143e+02 4.452269e+02 4.500000e+00
    endloop
  endfacet
  facet normal -5.846542e-01 -4.035577e-01 7.037902e-01
    outer loop
      vertex   1.889451e+02 4.429928e+02 1.500000e+00
      vertex   1.910143e+02 4.452269e+02 4.500000e+00
      vertex   1.883288e+02 4.438856e+02 1.500000e+00
    endloop
  endfacet
  facet normal -6.538951e-01 -2.708522e-01 7.064420e-01
    outer loop
      vertex   1.883288e+02 4.438856e+02 1.500000e+00
      vertex   1.910143e+02 4.452269e+02 4.500000e+00
      vertex   1.908645e+02 4.455887e+02 4.500000e+00
    endloop
  endfacet
  facet normal -6.639404e-01 -2.517994e-01 7.041167e-01
    outer loop
      vertex   1.883288e+02 4.438856e+02 1.500000e+00
      vertex   1.908645e+02 4.455887e+02 4.500000e+00
      vertex   1.879441e+02 4.449000e+02 1.500000e+00
    endloop
  endfacet
  facet normal -7.027820e-01 -9.252301e-02 7.053630e-01
    outer loop
      vertex   1.879441e+02 4.449000e+02 1.500000e+00
      vertex   1.908645e+02 4.455887e+02 4.500000e+00
      vertex   1.908134e+02 4.459769e+02 4.500000e+00
    endloop
  endfacet
  facet normal 0.000000e+00 0.000000e+00 1.000000e+00
    outer loop
      vertex   1.765985e+02 4.481663e+02 1.500000e+00
      vertex   9.848541e+01 4.880181e+02 1.500000e+00
      vertex   1.764678e+02 4.470893e+02 1.500000e+00
    endloop
  endfacet
  facet normal 0.000000e+00 0.000000e+00 1.000000e+00
    outer loop
      vertex   1.764678e+02 4.470893e+02 1.500000e+00
      vertex   9.848541e+01 4.880181e+02 1.500000e+00
      vertex   9.848541e+01 4.115713e+02 1.500000e+00
    endloop
  endfacet
  facet normal 0.000000e+00 0.000000e+00 1.000000e+00
    outer loop
      vertex   1.764678e+02 4.470893e+02 1.500000e+00
      vertex   9.848541e+01 4.115713e+02 1.500000e+00
      vertex   9.893069e+01 4.112296e+02 1.500000e+00
    endloop
  endfacet
  facet normal -0.000000e+00 0.000000e+00 1.000000e+00
    outer loop
      vertex   9.848541e+01 4.880181e+02 1.500000e+00
      vertex   1.765985e+02 4.481663e+02 1.500000e+00
      vertex   9.893069e+01 4.883598e+02 1.500000e+00
    endloop
  endfacet
  facet normal 0.000000e+00 0.000000e+00 1.000000e+00
    outer loop
      vertex   9.893069e+01 4.883598e+02 1.500000e+00
      vertex   1.765985e+02 4.481663e+02 1.500000e+00
      vertex   1.769832e+02 4.491806e+02 1.500000e+00
    endloop
  endfacet
  facet normal -0.000000e+00 0.000000e+00 1.000000e+00
    outer loop
      vertex   9.893069e+01 4.883598e+02 1.500000e+00
      vertex   1.769832e+02 4.491806e+02 1.500000e+00
      vertex   9.927236e+01 4.888051e+02 1.500000e+00
    endloop
  endfacet
  facet normal 0.000000e+00 0.000000e+00 1.000000e+00
    outer loop
      vertex   9.927236e+01 4.888051e+02 1.500000e+00
      vertex   1.769832e+02 4.491806e+02 1.500000e+00
      vertex   1.775995e+02 4.500734e+02 1.500000e+00
    endloop
  endfacet
  facet normal -0.000000e+00 0.000000e+00 1.000000e+00
    outer loop
      vertex   9.927236e+01 4.888051e+02 1.500000e+00
      vertex   1.775995e+02 4.500734e+02 1.500000e+00
      vertex   1.659399e+02 5.043290e+02 1.500000e+00
    endloop
  endfacet
  facet normal 0.000000e+00 0.000000e+00 1.000000e+00
    outer loop
      vertex   1.659399e+02 5.043290e+02 1.500000e+00
      vertex   1.775995e+02 4.500734e+02 1.500000e+00
      vertex   1.815696e+02 4.917738e+02 1.500000e+00
    endloop
  endfacet
  facet normal 0.000000e+00 0.000000e+00 1.000000e+00
    outer loop
      vertex   1.659399e+02 5.043290e+02 1.500000e+00
      vertex   1.815696e+02 4.917738e+02 1.500000e+00
      vertex   1.811849e+02 4.927881e+02 1.500000e+00
    endloop
  endfacet
  facet normal 0.000000e+00 0.000000e+00 1.000000e+00
    outer loop
      vertex   1.815696e+02 4.917738e+02 1.500000e+00
      vertex   1.775995e+02 4.500734e+02 1.500000e+00
      vertex   1.821859e+02 4.908810e+02 1.500000e+00
    endloop
  endfacet
  facet normal 0.000000e+00 0.000000e+00 1.000000e+00
    outer loop
      vertex   1.821859e+02 4.908810e+02 1.500000e+00
      vertex   1.775995e+02 4.500734e+02 1.500000e+00
      vertex   1.784115e+02 4.507928e+02 1.500000e+00
    endloop
  endfacet
  facet normal 0.000000e+00 0.000000e+00 1.000000e+00
    outer loop
      vertex   1.821859e+02 4.908810e+02 1.500000e+00
      vertex   1.784115e+02 4.507928e+02 1.500000e+00
      vertex   1.829979e+02 4.901616e+02 1.500000e+00
    endloop
  endfacet
  facet normal 0.000000e+00 0.000000e+00 1.000000e+00
    outer loop
      vertex   1.829979e+02 4.901616e+02 1.500000e+00
      vertex   1.784115e+02 4.507928e+02 1.500000e+00
      vertex   1.793720e+02 4.512969e+02 1.500000e+00
    endloop
  endfacet
  facet normal 0.000000e+00 0.000000e+00 1.000000e+00
    outer loop
      vertex   1.829979e+02 4.901616e+02 1.500000e+00
      vertex   1.793720e+02 4.512969e+02 1.500000e+00
      vertex   1.839584e+02 4.896575e+02 1.500000e+00
    endloop
  endfacet
  facet normal 0.000000e+00 0.000000e+00 1.000000e+00
    outer loop
      vertex   1.839584e+02 4.896575e+02 1.500000e+00
      vertex   1.793720e+02 4.512969e+02 1.500000e+00
      vertex   1.804253e+02 4.515565e+02 1.500000e+00
    endloop
  endfacet
  facet normal 0.000000e+00 0.000000e+00 1.000000e+00
    outer loop
      vertex   1.839584e+02 4.896575e+02 1.500000e+00
      vertex   1.804253e+02 4.515565e+02 1.500000e+00
      vertex   1.850118e+02 4.893978e+02 1.500000e+00
    endloop
  endfacet
  facet normal 0.000000e+00 0.000000e+00 1.000000e+00
    outer loop
      vertex   1.850118e+02 4.893978e+02 1.500000e+00
      vertex   1.804253e+02 4.515565e+02 1.500000e+00
      vertex   1.815102e+02 4.515565e+02 1.500000e+00
    endloop
  endfacet
  facet normal -0.000000e+00 0.000000e+00 1.000000e+00
    outer loop
      vertex   1.850118e+02 4.893978e+02 1.500000e+00
      vertex   1.815102e+02 4.515565e+02 1.500000e+00
      vertex   1.860966e+02 4.893978e+02 1.500000e+00
    endloop
  endfacet
  facet normal 0.000000e+00 0.000000e+00 1.000000e+00
    outer loop
      vertex   1.860966e+02 4.893978e+02 1.500000e+00
      vertex   1.815102e+02 4.515565e+02 1.500000e+00
      vertex   1.825635e+02 4.512969e+02 1.500000e+00
    endloop
  endfacet
  facet normal 0.000000e+00 0.000000e+00 1.000000e+00
    outer loop
      vertex   1.860966e+02 4.893978e+02 1.500000e+00
      vertex   1.825635e+02 4.512969e+02 1.500000e+00
      vertex   1.953040e+02 4.885450e+02 1.500000e+00
    endloop
  endfacet
  facet normal 0.000000e+00 0.000000e+00 1.000000e+00
    outer loop
      vertex   1.953040e+02 4.885450e+02 1.500000e+00
      vertex   1.825635e+02 4.512969e+02 1.500000e+00
      vertex   1.917709e+02 4.504441e+02 1.500000e+00
    endloop
  endfacet
  facet normal 0.000000e+00 0.000000e+00 1.000000e+00
    outer loop
      vertex   1.953040e+02 4.885450e+02 1.500000e+00
      vertex   1.917709e+02 4.504441e+02 1.500000e+00
      vertex   1.963573e+02 4.882854e+02 1.500000e+00
    endloop
  endfacet
  facet normal 0.000000e+00 0.000000e+00 1.000000e+00
    outer loop
      vertex   1.963573e+02 4.882854e+02 1.500000e+00
      vertex   1.917709e+02 4.504441e+02 1.500000e+00
      vertex   1.928558e+02 4.504441e+02 1.500000e+00
    endloop
  endfacet
  facet normal -0.000000e+00 0.000000e+00 1.000000e+00
    outer loop
      vertex   1.963573e+02 4.882854e+02 1.500000e+00
      vertex   1.928558e+02 4.504441e+02 1.500000e+00
      vertex   1.974422e+02 4.882854e+02 1.500000e+00
    endloop
  endfacet
  facet normal 0.000000e+00 0.000000e+00 1.000000e+00
    outer loop
      vertex   1.974422e+02 4.882854e+02 1.500000e+00
      vertex   1.928558e+02 4.504441e+02 1.500000e+00
      vertex   1.939091e+02 4.501845e+02 1.500000e+00
    endloop
  endfacet
  facet normal -0.000000e+00 0.000000e+00 1.000000e+00
    outer loop
      vertex   1.974422e+02 4.882854e+02 1.500000e+00
      vertex   1.939091e+02 4.501845e+02 1.500000e+00
      vertex   1.984955e+02 4.885450e+02 1.500000e+00
    endloop
  endfacet
  facet normal 0.000000e+00 0.000000e+00 1.000000e+00
    outer loop
      vertex   1.984955e+02 4.885450e+02 1.500000e+00
      vertex   1.939091e+02 4.501845e+02 1.500000e+00
      vertex   1.948696e+02 4.496803e+02 1.500000e+00
    endloop
  endfacet
  facet normal -0.000000e+00 0.000000e+00 1.000000e+00
    outer loop
      vertex   1.984955e+02 4.885450e+02 1.500000e+00
      vertex   1.948696e+02 4.496803e+02 1.500000e+00
      vertex   2.152616e+02 4.896009e+02 1.500000e+00
    endloop
  endfacet
  facet normal 0.000000e+00 0.000000e+00 1.000000e+00
    outer loop
      vertex   2.152616e+02 4.896009e+02 1.500000e+00
      vertex   1.948696e+02 4.496803e+02 1.500000e+00
      vertex   2.158180e+02 4.895276e+02 1.500000e+00
    endloop
  endfacet
  facet normal 0.000000e+00 0.000000e+00 1.000000e+00
    outer loop
      vertex   2.158180e+02 4.895276e+02 1.500000e+00
      vertex   1.948696e+02 4.496803e+02 1.500000e+00
      vertex   1.956816e+02 4.489609e+02 1.500000e+00
    endloop
  endfacet
  facet normal 0.000000e+00 0.000000e+00 1.000000e+00
    outer loop
      vertex   2.158180e+02 4.895276e+02 1.500000e+00
      vertex   1.956816e+02 4.489609e+02 1.500000e+00
      vertex   2.367144e+02 4.423100e+02 1.500000e+00
    endloop
  endfacet
  facet normal 0.000000e+00 0.000000e+00 1.000000e+00
    outer loop
      vertex   2.367144e+02 4.423100e+02 1.500000e+00
      vertex   1.956816e+02 4.489609e+02 1.500000e+00
      vertex   1.962979e+02 4.480681e+02 1.500000e+00
    endloop
  endfacet
  facet normal 0.000000e+00 0.000000e+00 1.000000e+00
    outer loop
      vertex   2.367144e+02 4.423100e+02 1.500000e+00
      vertex   1.962979e+02 4.480681e+02 1.500000e+00
      vertex   2.362692e+02 4.419684e+02 1.500000e+00
    endloop
  endfacet
  facet normal 0.000000e+00 0.000000e+00 1.000000e+00
    outer loop
      vertex   2.362692e+02 4.419684e+02 1.500000e+00
      vertex   1.962979e+02 4.480681e+02 1.500000e+00
      vertex   1.966826e+02 4.470538e+02 1.500000e+00
    endloop
  endfacet
  facet normal 0.000000e+00 0.000000e+00 1.000000e+00
    outer loop
      vertex   2.362692e+02 4.419684e+02 1.500000e+00
      vertex   1.966826e+02 4.470538e+02 1.500000e+00
      vertex   2.359275e+02 4.415231e+02 1.500000e+00
    endloop
  endfacet
  facet normal 0.000000e+00 0.000000e+00 1.000000e+00
    outer loop
      vertex   2.359275e+02 4.415231e+02 1.500000e+00
      vertex   1.966826e+02 4.470538e+02 1.500000e+00
      vertex   1.968134e+02 4.459769e+02 1.500000e+00
    endloop
  endfacet
  facet normal 0.000000e+00 0.000000e+00 1.000000e+00
    outer loop
      vertex   2.359275e+02 4.415231e+02 1.500000e+00
      vertex   1.968134e+02 4.459769e+02 1.500000e+00
      vertex   2.357127e+02 4.410045e+02 1.500000e+00
    endloop
  endfacet
  facet normal 0.000000e+00 0.000000e+00 1.000000e+00
    outer loop
      vertex   2.357127e+02 4.410045e+02 1.500000e+00
      vertex   1.968134e+02 4.459769e+02 1.500000e+00
      vertex   1.966826e+02 4.449000e+02 1.500000e+00
    endloop
  endfacet
  facet normal 0.000000e+00 0.000000e+00 1.000000e+00
    outer loop
      vertex   2.357127e+02 4.410045e+02 1.500000e+00
      vertex   1.966826e+02 4.449000e+02 1.500000e+00
      vertex   2.356394e+02 4.404481e+02 1.500000e+00
    endloop
  endfacet
  facet normal 0.000000e+00 0.000000e+00 1.000000e+00
    outer loop
      vertex   2.356394e+02 4.404481e+02 1.500000e+00
      vertex   1.966826e+02 4.449000e+02 1.500000e+00
      vertex   1.962979e+02 4.438856e+02 1.500000e+00
    endloop
  endfacet
  facet normal 0.000000e+00 0.000000e+00 1.000000e+00
    outer loop
      vertex   2.356394e+02 4.404481e+02 1.500000e+00
      vertex   1.962979e+02 4.438856e+02 1.500000e+00
      vertex   2.357127e+02 4.398916e+02 1.500000e+00
    endloop
  endfacet
  facet normal 0.000000e+00 0.000000e+00 1.000000e+00
    outer loop
      vertex   2.357127e+02 4.398916e+02 1.500000e+00
      vertex   1.962979e+02 4.438856e+02 1.500000e+00
      vertex   1.956816e+02 4.429928e+02 1.500000e+00
    endloop
  endfacet
  facet normal 0.000000e+00 0.000000e+00 1.000000e+00
    outer loop
      vertex   2.357127e+02 4.398916e+02 1.500000e+00
      vertex   1.956816e+02 4.429928e+02 1.500000e+00
      vertex   2.359275e+02 4.393731e+02 1.500000e+00
    endloop
  endfacet
  facet normal 0.000000e+00 0.000000e+00 1.000000e+00
    outer loop
      vertex   2.359275e+02 4.393731e+02 1.500000e+00
      vertex   1.956816e+02 4.429928e+02 1.500000e+00
      vertex   1.948696e+02 4.422735e+02 1.500000e+00
    endloop
  endfacet
  facet normal 0.000000e+00 0.000000e+00 1.000000e+00
    outer loop
      vertex   2.359275e+02 4.393731e+02 1.500000e+00
      vertex   1.948696e+02 4.422735e+02 1.500000e+00
      vertex   2.362692e+02 4.389278e+02 1.500000e+00
    endloop
  endfacet
  facet normal 0.000000e+00 0.000000e+00 1.000000e+00
    outer loop
      vertex   2.362692e+02 4.389278e+02 1.500000e+00
      vertex   1.948696e+02 4.422735e+02 1.500000e+00
      vertex   2.457477e+02 4.109704e+02 1.500000e+00
    endloop
  endfacet
  facet normal 0.000000e+00 0.000000e+00 1.000000e+00
    outer loop
      vertex   2.362692e+02 4.389278e+02 1.500000e+00
      vertex   2.457477e+02 4.109704e+02 1.500000e+00
      vertex   2.367144e+02 4.385861e+02 1.500000e+00
    endloop
  endfacet
  facet normal 0.000000e+00 0.000000e+00 1.000000e+00
    outer loop
      vertex   2.367144e+02 4.385861e+02 1.500000e+00
      vertex   2.457477e+02 4.109704e+02 1.500000e+00
      vertex   2.372330e+02 4.383713e+02 1.500000e+00
    endloop
  endfacet
  facet normal 0.000000e+00 0.000000e+00 1.000000e+00
    outer loop
      vertex   2.372330e+02 4.383713e+02 1.500000e+00
      vertex   2.457477e+02 4.109704e+02 1.500000e+00
      vertex   2.377894e+02 4.382981e+02 1.500000e+00
    endloop
  endfacet
  facet normal -0.000000e+00 0.000000e+00 1.000000e+00
    outer loop
      vertex   2.377894e+02 4.382981e+02 1.500000e+00
      vertex   2.457477e+02 4.109704e+02 1.500000e+00
      vertex   2.383459e+02 4.383713e+02 1.500000e+00
    endloop
  endfacet
  facet normal -0.000000e+00 0.000000e+00 1.000000e+00
    outer loop
      vertex   2.383459e+02 4.383713e+02 1.500000e+00
      vertex   2.457477e+02 4.109704e+02 1.500000e+00
      vertex   2.388644e+02 4.385861e+02 1.500000e+00
    endloop
  endfacet
  facet normal -0.000000e+00 0.000000e+00 1.000000e+00
    outer loop
      vertex   2.388644e+02 4.385861e+02 1.500000e+00
      vertex   2.457477e+02 4.109704e+02 1.500000e+00
      vertex   2.393097e+02 4.389278e+02 1.500000e+00
    endloop
  endfacet
  facet normal -0.000000e+00 0.000000e+00 1.000000e+00
    outer loop
      vertex   2.393097e+02 4.389278e+02 1.500000e+00
      vertex   2.457477e+02 4.109704e+02 1.500000e+00
      vertex   2.457477e+02 4.421001e+02 1.500000e+00
    endloop
  endfacet
  facet normal 0.000000e+00 0.000000e+00 1.000000e+00
    outer loop
      vertex   2.393097e+02 4.389278e+02 1.500000e+00
      vertex   2.457477e+02 4.421001e+02 1.500000e+00
      vertex   2.396514e+02 4.393731e+02 1.500000e+00
    endloop
  endfacet
  facet normal 0.000000e+00 0.000000e+00 1.000000e+00
    outer loop
      vertex   2.396514e+02 4.393731e+02 1.500000e+00
      vertex   2.457477e+02 4.421001e+02 1.500000e+00
      vertex   2.398662e+02 4.398916e+02 1.500000e+00
    endloop
  endfacet
  facet normal 0.000000e+00 0.000000e+00 1.000000e+00
    outer loop
      vertex   2.398662e+02 4.398916e+02 1.500000e+00
      vertex   2.457477e+02 4.421001e+02 1.500000e+00
      vertex   2.399394e+02 4.404481e+02 1.500000e+00
    endloop
  endfacet
  facet normal 0.000000e+00 -0.000000e+00 1.000000e+00
    outer loop
      vertex   2.399394e+02 4.404481e+02 1.500000e+00
      vertex   2.457477e+02 4.421001e+02 1.500000e+00
      vertex   2.398662e+02 4.410045e+02 1.500000e+00
    endloop
  endfacet
  facet normal 0.000000e+00 -0.000000e+00 1.000000e+00
    outer loop
      vertex   2.398662e+02 4.410045e+02 1.500000e+00
      vertex   2.457477e+02 4.421001e+02 1.500000e+00
      vertex   2.396514e+02 4.415231e+02 1.500000e+00
    endloop
  endfacet
  facet normal 0.000000e+00 -0.000000e+00 1.000000e+00
    outer loop
      vertex   2.396514e+02 4.415231e+02 1.500000e+00
      vertex   2.457477e+02 4.421001e+02 1.500000e+00
      vertex   2.393097e+02 4.419684e+02 1.500000e+00
    endloop
  endfacet
  facet normal 0.000000e+00 -0.000000e+00 1.000000e+00
    outer loop
      vertex   2.393097e+02 4.419684e+02 1.500000e+00
      vertex   2.457477e+02 4.421001e+02 1.500000e+00
      vertex   2.388644e+02 4.423100e+02 1.500000e+00
    endloop
  endfacet
  facet normal -0.000000e+00 -0.000000e+00 1.000000e+00
    outer loop
      vertex   2.388644e+02 4.423100e+02 1.500000e+00
      vertex   2.457477e+02 4.421001e+02 1.500000e+00
      vertex   2.383459e+02 4.425248e+02 1.500000e+00
    endloop
  endfacet
  facet normal -0.000000e+00 -0.000000e+00 1.000000e+00
    outer loop
      vertex   2.383459e+02 4.425248e+02 1.500000e+00
      vertex   2.457477e+02 4.421001e+02 1.500000e+00
      vertex   2.173383e+02 4.901573e+02 1.500000e+00
    endloop
  endfacet
  facet normal 0.000000e+00 0.000000e+00 1.000000e+00
    outer loop
      vertex   2.383459e+02 4.425248e+02 1.500000e+00
      vertex   2.173383e+02 4.901573e+02 1.500000e+00
      vertex   2.377894e+02 4.425981e+02 1.500000e+00
    endloop
  endfacet
  facet normal 0.000000e+00 0.000000e+00 1.000000e+00
    outer loop
      vertex   2.377894e+02 4.425981e+02 1.500000e+00
      vertex   2.173383e+02 4.901573e+02 1.500000e+00
      vertex   2.168930e+02 4.898157e+02 1.500000e+00
    endloop
  endfacet
  facet normal 0.000000e+00 0.000000e+00 1.000000e+00
    outer loop
      vertex   2.377894e+02 4.425981e+02 1.500000e+00
      vertex   2.168930e+02 4.898157e+02 1.500000e+00
      vertex   2.372330e+02 4.425248e+02 1.500000e+00
    endloop
  endfacet
  facet normal 0.000000e+00 0.000000e+00 1.000000e+00
    outer loop
      vertex   2.372330e+02 4.425248e+02 1.500000e+00
      vertex   2.168930e+02 4.898157e+02 1.500000e+00
      vertex   2.163745e+02 4.896009e+02 1.500000e+00
    endloop
  endfacet
  facet normal 0.000000e+00 0.000000e+00 1.000000e+00
    outer loop
      vertex   2.372330e+02 4.425248e+02 1.500000e+00
      vertex   2.163745e+02 4.896009e+02 1.500000e+00
      vertex   2.367144e+02 4.423100e+02 1.500000e+00
    endloop
  endfacet
  facet normal 0.000000e+00 0.000000e+00 1.000000e+00
    outer loop
      vertex   2.367144e+02 4.423100e+02 1.500000e+00
      vertex   2.163745e+02 4.896009e+02 1.500000e+00
      vertex   2.158180e+02 4.895276e+02 1.500000e+00
    endloop
  endfacet
  facet normal 0.000000e+00 0.000000e+00 1.000000e+00
    outer loop
      vertex   1.917709e+02 4.504441e+02 1.500000e+00
      vertex   1.825635e+02 4.512969e+02 1.500000e+00
      vertex   1.907176e+02 4.501845e+02 1.500000e+00
    endloop
  endfacet
  facet normal 0.000000e+00 0.000000e+00 1.000000e+00
    outer loop
      vertex   1.907176e+02 4.501845e+02 1.500000e+00
      vertex   1.825635e+02 4.512969e+02 1.500000e+00
      vertex   1.835240e+02 4.507928e+02 1.500000e+00
    endloop
  endfacet
  facet normal 0.000000e+00 0.000000e+00 1.000000e+00
    outer loop
      vertex   1.907176e+02 4.501845e+02 1.500000e+00
      vertex   1.835240e+02 4.507928e+02 1.500000e+00
      vertex   1.897571e+02 4.496803e+02 1.500000e+00
    endloop
  endfacet
  facet normal 0.000000e+00 0.000000e+00 1.000000e+00
    outer loop
      vertex   1.897571e+02 4.496803e+02 1.500000e+00
      vertex   1.835240e+02 4.507928e+02 1.500000e+00
      vertex   1.843361e+02 4.500734e+02 1.500000e+00
    endloop
  endfacet
  facet normal 0.000000e+00 0.000000e+00 1.000000e+00
    outer loop
      vertex   1.897571e+02 4.496803e+02 1.500000e+00
      vertex   1.843361e+02 4.500734e+02 1.500000e+00
      vertex   1.889451e+02 4.489609e+02 1.500000e+00
    endloop
  endfacet
  facet normal 0.000000e+00 0.000000e+00 1.000000e+00
    outer loop
      vertex   1.889451e+02 4.489609e+02 1.500000e+00
      vertex   1.843361e+02 4.500734e+02 1.500000e+00
      vertex   1.849523e+02 4.491806e+02 1.500000e+00
    endloop
  endfacet
  facet normal 0.000000e+00 0.000000e+00 1.000000e+00
    outer loop
      vertex   1.889451e+02 4.489609e+02 1.500000e+00
      vertex   1.849523e+02 4.491806e+02 1.500000e+00
      vertex   1.883288e+02 4.480681e+02 1.500000e+00
    endloop
  endfacet
  facet normal 0.000000e+00 0.000000e+00 1.000000e+00
    outer loop
      vertex   1.883288e+02 4.480681e+02 1.500000e+00
      vertex   1.849523e+02 4.491806e+02 1.500000e+00
      vertex   1.853370e+02 4.481663e+02 1.500000e+00
    endloop
  endfacet
  facet normal 0.000000e+00 0.000000e+00 1.000000e+00
    outer loop
      vertex   1.883288e+02 4.480681e+02 1.500000e+00
      vertex   1.853370e+02 4.481663e+02 1.500000e+00
      vertex   1.879441e+02 4.470538e+02 1.500000e+00
    endloop
  endfacet
  facet normal 0.000000e+00 0.000000e+00 1.000000e+00
    outer loop
      vertex   1.879441e+02 4.470538e+02 1.500000e+00
      vertex   1.853370e+02 4.481663e+02 1.500000e+00
      vertex   1.854678e+02 4.470893e+02 1.500000e+00
    endloop
  endfacet
  facet normal 0.000000e+00 0.000000e+00 1.000000e+00
    outer loop
      vertex   1.879441e+02 4.470538e+02 1.500000e+00
      vertex   1.854678e+02 4.470893e+02 1.500000e+00
      vertex   1.878134e+02 4.459769e+02 1.500000e+00
    endloop
  endfacet
  facet normal 0.000000e+00 0.000000e+00 1.000000e+00
    outer loop
      vertex   1.878134e+02 4.459769e+02 1.500000e+00
      vertex   1.854678e+02 4.470893e+02 1.500000e+00
      vertex   1.853370e+02 4.460124e+02 1.500000e+00
    endloop
  endfacet
  facet normal 0.000000e+00 0.000000e+00 1.000000e+00
    outer loop
      vertex   1.878134e+02 4.459769e+02 1.500000e+00
      vertex   1.853370e+02 4.460124e+02 1.500000e+00
      vertex   1.879441e+02 4.449000e+02 1.500000e+00
    endloop
  endfacet
  facet normal 0.000000e+00 0.000000e+00 1.000000e+00
    outer loop
      vertex   1.879441e+02 4.449000e+02 1.500000e+00
      vertex   1.853370e+02 4.460124e+02 1.500000e+00
      vertex   1.849523e+02 4.449981e+02 1.500000e+00
    endloop
  endfacet
  facet normal 0.000000e+00 0.000000e+00 1.000000e+00
    outer loop
      vertex   1.879441e+02 4.449000e+02 1.500000e+00
      vertex   1.849523e+02 4.449981e+02 1.500000e+00
      vertex   1.883288e+02 4.438856e+02 1.500000e+00
    endloop
  endfacet
  facet normal 0.000000e+00 0.000000e+00 1.000000e+00
    outer loop
      vertex   1.883288e+02 4.438856e+02 1.500000e+00
      vertex   1.849523e+02 4.449981e+02 1.500000e+00
      vertex   1.843361e+02 4.441053e+02 1.500000e+00
    endloop
  endfacet
  facet normal 0.000000e+00 0.000000e+00 1.000000e+00
    outer loop
      vertex   1.883288e+02 4.438856e+02 1.500000e+00
      vertex   1.843361e+02 4.441053e+02 1.500000e+00
      vertex   1.889451e+02 4.429928e+02 1.500000e+00
    endloop
  endfacet
  facet normal 0.000000e+00 0.000000e+00 1.000000e+00
    outer loop
      vertex   1.889451e+02 4.429928e+02 1.500000e+00
      vertex   1.843361e+02 4.441053e+02 1.500000e+00
      vertex   1.835240e+02 4.433859e+02 1.500000e+00
    endloop
  endfacet
  facet normal 0.000000e+00 0.000000e+00 1.000000e+00
    outer loop
      vertex   1.889451e+02 4.429928e+02 1.500000e+00
      vertex   1.835240e+02 4.433859e+02 1.500000e+00
      vertex   1.897571e+02 4.422735e+02 1.500000e+00
    endloop
  endfacet
  facet normal 0.000000e+00 0.000000e+00 1.000000e+00
    outer loop
      vertex   1.897571e+02 4.422735e+02 1.500000e+00
      vertex   1.835240e+02 4.433859e+02 1.500000e+00
      vertex   1.825635e+02 4.428818e+02 1.500000e+00
    endloop
  endfacet
  facet normal 0.000000e+00 0.000000e+00 1.000000e+00
    outer loop
      vertex   1.897571e+02 4.422735e+02 1.500000e+00
      vertex   1.825635e+02 4.428818e+02 1.500000e+00
      vertex   1.907176e+02 4.417693e+02 1.500000e+00
    endloop
  endfacet
  facet normal 0.000000e+00 0.000000e+00 1.000000e+00
    outer loop
      vertex   1.907176e+02 4.417693e+02 1.500000e+00
      vertex   1.825635e+02 4.428818e+02 1.500000e+00
      vertex   1.815102e+02 4.426222e+02 1.500000e+00
    endloop
  endfacet
  facet normal 0.000000e+00 0.000000e+00 1.000000e+00
    outer loop
      vertex   1.907176e+02 4.417693e+02 1.500000e+00
      vertex   1.815102e+02 4.426222e+02 1.500000e+00
      vertex   1.917709e+02 4.415097e+02 1.500000e+00
    endloop
  endfacet
  facet normal 0.000000e+00 0.000000e+00 1.000000e+00
    outer loop
      vertex   1.917709e+02 4.415097e+02 1.500000e+00
      vertex   1.815102e+02 4.426222e+02 1.500000e+00
      vertex   2.180003e+02 3.769041e+02 1.500000e+00
    endloop
  endfacet
  facet normal 0.000000e+00 0.000000e+00 1.000000e+00
    outer loop
      vertex   1.917709e+02 4.415097e+02 1.500000e+00
      vertex   2.180003e+02 3.769041e+02 1.500000e+00
      vertex   2.184456e+02 3.772458e+02 1.500000e+00
    endloop
  endfacet
  facet normal 0.000000e+00 0.000000e+00 1.000000e+00
    outer loop
      vertex   1.815102e+02 4.426222e+02 1.500000e+00
      vertex   1.804253e+02 4.426222e+02 1.500000e+00
      vertex   2.180003e+02 3.769041e+02 1.500000e+00
    endloop
  endfacet
  facet normal 0.000000e+00 0.000000e+00 1.000000e+00
    outer loop
      vertex   2.180003e+02 3.769041e+02 1.500000e+00
      vertex   1.804253e+02 4.426222e+02 1.500000e+00
      vertex   2.176587e+02 3.764589e+02 1.500000e+00
    endloop
  endfacet
  facet normal 0.000000e+00 0.000000e+00 1.000000e+00
    outer loop
      vertex   2.176587e+02 3.764589e+02 1.500000e+00
      vertex   1.804253e+02 4.426222e+02 1.500000e+00
      vertex   1.793720e+02 4.428818e+02 1.500000e+00
    endloop
  endfacet
  facet normal 0.000000e+00 0.000000e+00 1.000000e+00
    outer loop
      vertex   2.176587e+02 3.764589e+02 1.500000e+00
      vertex   1.793720e+02 4.428818e+02 1.500000e+00
      vertex   2.174439e+02 3.759403e+02 1.500000e+00
    endloop
  endfacet
  facet normal 0.000000e+00 0.000000e+00 1.000000e+00
    outer loop
      vertex   2.174439e+02 3.759403e+02 1.500000e+00
      vertex   1.793720e+02 4.428818e+02 1.500000e+00
      vertex   9.948715e+01 4.091528e+02 1.500000e+00
    endloop
  endfacet
  facet normal 0.000000e+00 0.000000e+00 1.000000e+00
    outer loop
      vertex   2.174439e+02 3.759403e+02 1.500000e+00
      vertex   9.948715e+01 4.091528e+02 1.500000e+00
      vertex   9.927236e+01 4.086343e+02 1.500000e+00
    endloop
  endfacet
  facet normal 0.000000e+00 0.000000e+00 1.000000e+00
    outer loop
      vertex   1.793720e+02 4.428818e+02 1.500000e+00
      vertex   1.784115e+02 4.433859e+02 1.500000e+00
      vertex   9.948715e+01 4.091528e+02 1.500000e+00
    endloop
  endfacet
  facet normal 0.000000e+00 0.000000e+00 1.000000e+00
    outer loop
      vertex   9.948715e+01 4.091528e+02 1.500000e+00
      vertex   1.784115e+02 4.433859e+02 1.500000e+00
      vertex   9.956041e+01 4.097093e+02 1.500000e+00
    endloop
  endfacet
  facet normal 0.000000e+00 -0.000000e+00 1.000000e+00
    outer loop
      vertex   9.956041e+01 4.097093e+02 1.500000e+00
      vertex   1.784115e+02 4.433859e+02 1.500000e+00
      vertex   9.948715e+01 4.102658e+02 1.500000e+00
    endloop
  endfacet
  facet normal 0.000000e+00 0.000000e+00 1.000000e+00
    outer loop
      vertex   9.948715e+01 4.102658e+02 1.500000e+00
      vertex   1.784115e+02 4.433859e+02 1.500000e+00
      vertex   1.775995e+02 4.441053e+02 1.500000e+00
    endloop
  endfacet
  facet normal 0.000000e+00 -0.000000e+00 1.000000e+00
    outer loop
      vertex   9.948715e+01 4.102658e+02 1.500000e+00
      vertex   1.775995e+02 4.441053e+02 1.500000e+00
      vertex   9.927236e+01 4.107843e+02 1.500000e+00
    endloop
  endfacet
  facet normal 0.000000e+00 0.000000e+00 1.000000e+00
    outer loop
      vertex   9.927236e+01 4.107843e+02 1.500000e+00
      vertex   1.775995e+02 4.441053e+02 1.500000e+00
      vertex   1.769832e+02 4.449981e+02 1.500000e+00
    endloop
  endfacet
  facet normal 0.000000e+00 -0.000000e+00 1.000000e+00
    outer loop
      vertex   9.927236e+01 4.107843e+02 1.500000e+00
      vertex   1.769832e+02 4.449981e+02 1.500000e+00
      vertex   9.893069e+01 4.112296e+02 1.500000e+00
    endloop
  endfacet
  facet normal 0.000000e+00 0.000000e+00 1.000000e+00
    outer loop
      vertex   9.893069e+01 4.112296e+02 1.500000e+00
      vertex   1.769832e+02 4.449981e+02 1.500000e+00
      vertex   1.765985e+02 4.460124e+02 1.500000e+00
    endloop
  endfacet
  facet normal 0.000000e+00 0.000000e+00 1.000000e+00
    outer loop
      vertex   9.893069e+01 4.112296e+02 1.500000e+00
      vertex   1.765985e+02 4.460124e+02 1.500000e+00
      vertex   1.764678e+02 4.470893e+02 1.500000e+00
    endloop
  endfacet
  facet normal 0.000000e+00 0.000000e+00 1.000000e+00
    outer loop
      vertex   1.925305e+02 4.938295e+02 1.500000e+00
      vertex   1.900542e+02 4.938650e+02 1.500000e+00
      vertex   1.923998e+02 4.927526e+02 1.500000e+00
    endloop
  endfacet
  facet normal 0.000000e+00 0.000000e+00 1.000000e+00
    outer loop
      vertex   1.923998e+02 4.927526e+02 1.500000e+00
      vertex   1.900542e+02 4.938650e+02 1.500000e+00
      vertex   1.899234e+02 4.927881e+02 1.500000e+00
    endloop
  endfacet
  facet normal 0.000000e+00 0.000000e+00 1.000000e+00
    outer loop
      vertex   1.923998e+02 4.927526e+02 1.500000e+00
      vertex   1.899234e+02 4.927881e+02 1.500000e+00
      vertex   1.925305e+02 4.916757e+02 1.500000e+00
    endloop
  endfacet
  facet normal 0.000000e+00 0.000000e+00 1.000000e+00
    outer loop
      vertex   1.925305e+02 4.916757e+02 1.500000e+00
      vertex   1.899234e+02 4.927881e+02 1.500000e+00
      vertex   1.895387e+02 4.917738e+02 1.500000e+00
    endloop
  endfacet
  facet normal 0.000000e+00 0.000000e+00 1.000000e+00
    outer loop
      vertex   1.925305e+02 4.916757e+02 1.500000e+00
      vertex   1.895387e+02 4.917738e+02 1.500000e+00
      vertex   1.929152e+02 4.906613e+02 1.500000e+00
    endloop
  endfacet
  facet normal 0.000000e+00 0.000000e+00 1.000000e+00
    outer loop
      vertex   1.929152e+02 4.906613e+02 1.500000e+00
      vertex   1.895387e+02 4.917738e+02 1.500000e+00
      vertex   1.889225e+02 4.908810e+02 1.500000e+00
    endloop
  endfacet
  facet normal 0.000000e+00 0.000000e+00 1.000000e+00
    outer loop
      vertex   1.929152e+02 4.906613e+02 1.500000e+00
      vertex   1.889225e+02 4.908810e+02 1.500000e+00
      vertex   1.935315e+02 4.897685e+02 1.500000e+00
    endloop
  endfacet
  facet normal 0.000000e+00 0.000000e+00 1.000000e+00
    outer loop
      vertex   1.935315e+02 4.897685e+02 1.500000e+00
      vertex   1.889225e+02 4.908810e+02 1.500000e+00
      vertex   1.881105e+02 4.901616e+02 1.500000e+00
    endloop
  endfacet
  facet normal 0.000000e+00 0.000000e+00 1.000000e+00
    outer loop
      vertex   1.935315e+02 4.897685e+02 1.500000e+00
      vertex   1.881105e+02 4.901616e+02 1.500000e+00
      vertex   1.943435e+02 4.890492e+02 1.500000e+00
    endloop
  endfacet
  facet normal 0.000000e+00 0.000000e+00 1.000000e+00
    outer loop
      vertex   1.943435e+02 4.890492e+02 1.500000e+00
      vertex   1.881105e+02 4.901616e+02 1.500000e+00
      vertex   1.871499e+02 4.896575e+02 1.500000e+00
    endloop
  endfacet
  facet normal 0.000000e+00 0.000000e+00 1.000000e+00
    outer loop
      vertex   1.943435e+02 4.890492e+02 1.500000e+00
      vertex   1.871499e+02 4.896575e+02 1.500000e+00
      vertex   1.953040e+02 4.885450e+02 1.500000e+00
    endloop
  endfacet
  facet normal 0.000000e+00 0.000000e+00 1.000000e+00
    outer loop
      vertex   1.953040e+02 4.885450e+02 1.500000e+00
      vertex   1.871499e+02 4.896575e+02 1.500000e+00
      vertex   1.860966e+02 4.893978e+02 1.500000e+00
    endloop
  endfacet
  facet normal -0.000000e+00 -0.000000e+00 1.000000e+00
    outer loop
      vertex   1.900542e+02 4.938650e+02 1.500000e+00
      vertex   1.925305e+02 4.938295e+02 1.500000e+00
      vertex   1.899234e+02 4.949419e+02 1.500000e+00
    endloop
  endfacet
  facet normal 0.000000e+00 0.000000e+00 1.000000e+00
    outer loop
      vertex   1.899234e+02 4.949419e+02 1.500000e+00
      vertex   1.925305e+02 4.938295e+02 1.500000e+00
      vertex   1.929152e+02 4.948438e+02 1.500000e+00
    endloop
  endfacet
  facet normal -0.000000e+00 -0.000000e+00 1.000000e+00
    outer loop
      vertex   1.899234e+02 4.949419e+02 1.500000e+00
      vertex   1.929152e+02 4.948438e+02 1.500000e+00
      vertex   1.895387e+02 4.959563e+02 1.500000e+00
    endloop
  endfacet
  facet normal 0.000000e+00 0.000000e+00 1.000000e+00
    outer loop
      vertex   1.895387e+02 4.959563e+02 1.500000e+00
      vertex   1.929152e+02 4.948438e+02 1.500000e+00
      vertex   1.935315e+02 4.957366e+02 1.500000e+00
    endloop
  endfacet
  facet normal -0.000000e+00 -0.000000e+00 1.000000e+00
    outer loop
      vertex   1.895387e+02 4.959563e+02 1.500000e+00
      vertex   1.935315e+02 4.957366e+02 1.500000e+00
      vertex   1.889225e+02 4.968491e+02 1.500000e+00
    endloop
  endfacet
  facet normal 0.000000e+00 0.000000e+00 1.000000e+00
    outer loop
      vertex   1.889225e+02 4.968491e+02 1.500000e+00
      vertex   1.935315e+02 4.957366e+02 1.500000e+00
      vertex   1.943435e+02 4.964560e+02 1.500000e+00
    endloop
  endfacet
  facet normal -0.000000e+00 -0.000000e+00 1.000000e+00
    outer loop
      vertex   1.889225e+02 4.968491e+02 1.500000e+00
      vertex   1.943435e+02 4.964560e+02 1.500000e+00
      vertex   1.881105e+02 4.975685e+02 1.500000e+00
    endloop
  endfacet
  facet normal 0.000000e+00 0.000000e+00 1.000000e+00
    outer loop
      vertex   1.881105e+02 4.975685e+02 1.500000e+00
      vertex   1.943435e+02 4.964560e+02 1.500000e+00
      vertex   1.953040e+02 4.969602e+02 1.500000e+00
    endloop
  endfacet
  facet normal -0.000000e+00 -0.000000e+00 1.000000e+00
    outer loop
      vertex   1.881105e+02 4.975685e+02 1.500000e+00
      vertex   1.953040e+02 4.969602e+02 1.500000e+00
      vertex   1.871499e+02 4.980726e+02 1.500000e+00
    endloop
  endfacet
  facet normal 0.000000e+00 0.000000e+00 1.000000e+00
    outer loop
      vertex   1.871499e+02 4.980726e+02 1.500000e+00
      vertex   1.953040e+02 4.969602e+02 1.500000e+00
      vertex   1.963573e+02 4.972198e+02 1.500000e+00
    endloop
  endfacet
  facet normal -0.000000e+00 -0.000000e+00 1.000000e+00
    outer loop
      vertex   1.871499e+02 4.980726e+02 1.500000e+00
      vertex   1.963573e+02 4.972198e+02 1.500000e+00
      vertex   1.860966e+02 4.983322e+02 1.500000e+00
    endloop
  endfacet
  facet normal 0.000000e+00 0.000000e+00 1.000000e+00
    outer loop
      vertex   1.860966e+02 4.983322e+02 1.500000e+00
      vertex   1.963573e+02 4.972198e+02 1.500000e+00
      vertex   1.974422e+02 4.972198e+02 1.500000e+00
    endloop
  endfacet
  facet normal -0.000000e+00 -0.000000e+00 1.000000e+00
    outer loop
      vertex   1.860966e+02 4.983322e+02 1.500000e+00
      vertex   1.974422e+02 4.972198e+02 1.500000e+00
      vertex   1.659399e+02 5.043290e+02 1.500000e+00
    endloop
  endfacet
  facet normal 0.000000e+00 0.000000e+00 1.000000e+00
    outer loop
      vertex   1.659399e+02 5.043290e+02 1.500000e+00
      vertex   1.974422e+02 4.972198e+02 1.500000e+00
      vertex   2.210947e+02 4.989210e+02 1.500000e+00
    endloop
  endfacet
  facet normal 0.000000e+00 0.000000e+00 1.000000e+00
    outer loop
      vertex   2.210947e+02 4.989210e+02 1.500000e+00
      vertex   1.974422e+02 4.972198e+02 1.500000e+00
      vertex   1.984955e+02 4.969602e+02 1.500000e+00
    endloop
  endfacet
  facet normal 0.000000e+00 0.000000e+00 1.000000e+00
    outer loop
      vertex   2.210947e+02 4.989210e+02 1.500000e+00
      vertex   1.984955e+02 4.969602e+02 1.500000e+00
      vertex   1.994560e+02 4.964560e+02 1.500000e+00
    endloop
  endfacet
  facet normal -0.000000e+00 0.000000e+00 1.000000e+00
    outer loop
      vertex   1.994560e+02 4.964560e+02 1.500000e+00
      vertex   2.002681e+02 4.957366e+02 1.500000e+00
      vertex   2.210947e+02 4.989210e+02 1.500000e+00
    endloop
  endfacet
  facet normal 0.000000e+00 0.000000e+00 1.000000e+00
    outer loop
      vertex   2.210947e+02 4.989210e+02 1.500000e+00
      vertex   2.002681e+02 4.957366e+02 1.500000e+00
      vertex   2.147430e+02 4.935396e+02 1.500000e+00
    endloop
  endfacet
  facet normal 0.000000e+00 0.000000e+00 1.000000e+00
    outer loop
      vertex   2.210947e+02 4.989210e+02 1.500000e+00
      vertex   2.147430e+02 4.935396e+02 1.500000e+00
      vertex   2.152616e+02 4.937543e+02 1.500000e+00
    endloop
  endfacet
  facet normal 0.000000e+00 0.000000e+00 1.000000e+00
    outer loop
      vertex   2.147430e+02 4.935396e+02 1.500000e+00
      vertex   2.002681e+02 4.957366e+02 1.500000e+00
      vertex   2.142977e+02 4.931979e+02 1.500000e+00
    endloop
  endfacet
  facet normal 0.000000e+00 0.000000e+00 1.000000e+00
    outer loop
      vertex   2.142977e+02 4.931979e+02 1.500000e+00
      vertex   2.002681e+02 4.957366e+02 1.500000e+00
      vertex   2.008843e+02 4.948438e+02 1.500000e+00
    endloop
  endfacet
  facet normal 0.000000e+00 0.000000e+00 1.000000e+00
    outer loop
      vertex   2.142977e+02 4.931979e+02 1.500000e+00
      vertex   2.008843e+02 4.948438e+02 1.500000e+00
      vertex   2.139561e+02 4.927526e+02 1.500000e+00
    endloop
  endfacet
  facet normal 0.000000e+00 0.000000e+00 1.000000e+00
    outer loop
      vertex   2.139561e+02 4.927526e+02 1.500000e+00
      vertex   2.008843e+02 4.948438e+02 1.500000e+00
      vertex   2.012690e+02 4.938295e+02 1.500000e+00
    endloop
  endfacet
  facet normal 0.000000e+00 0.000000e+00 1.000000e+00
    outer loop
      vertex   2.139561e+02 4.927526e+02 1.500000e+00
      vertex   2.012690e+02 4.938295e+02 1.500000e+00
      vertex   2.137413e+02 4.922341e+02 1.500000e+00
    endloop
  endfacet
  facet normal 0.000000e+00 0.000000e+00 1.000000e+00
    outer loop
      vertex   2.137413e+02 4.922341e+02 1.500000e+00
      vertex   2.012690e+02 4.938295e+02 1.500000e+00
      vertex   2.013998e+02 4.927526e+02 1.500000e+00
    endloop
  endfacet
  facet normal 0.000000e+00 0.000000e+00 1.000000e+00
    outer loop
      vertex   2.137413e+02 4.922341e+02 1.500000e+00
      vertex   2.013998e+02 4.927526e+02 1.500000e+00
      vertex   2.136680e+02 4.916776e+02 1.500000e+00
    endloop
  endfacet
  facet normal 0.000000e+00 0.000000e+00 1.000000e+00
    outer loop
      vertex   2.136680e+02 4.916776e+02 1.500000e+00
      vertex   2.013998e+02 4.927526e+02 1.500000e+00
      vertex   2.012690e+02 4.916757e+02 1.500000e+00
    endloop
  endfacet
  facet normal 0.000000e+00 0.000000e+00 1.000000e+00
    outer loop
      vertex   2.136680e+02 4.916776e+02 1.500000e+00
      vertex   2.012690e+02 4.916757e+02 1.500000e+00
      vertex   2.137413e+02 4.911211e+02 1.500000e+00
    endloop
  endfacet
  facet normal 0.000000e+00 0.000000e+00 1.000000e+00
    outer loop
      vertex   2.137413e+02 4.911211e+02 1.500000e+00
      vertex   2.012690e+02 4.916757e+02 1.500000e+00
      vertex   2.008843e+02 4.906613e+02 1.500000e+00
    endloop
  endfacet
  facet normal 0.000000e+00 0.000000e+00 1.000000e+00
    outer loop
      vertex   2.137413e+02 4.911211e+02 1.500000e+00
      vertex   2.008843e+02 4.906613e+02 1.500000e+00
      vertex   2.139561e+02 4.906026e+02 1.500000e+00
    endloop
  endfacet
  facet normal 0.000000e+00 0.000000e+00 1.000000e+00
    outer loop
      vertex   2.139561e+02 4.906026e+02 1.500000e+00
      vertex   2.008843e+02 4.906613e+02 1.500000e+00
      vertex   2.002681e+02 4.897685e+02 1.500000e+00
    endloop
  endfacet
  facet normal 0.000000e+00 0.000000e+00 1.000000e+00
    outer loop
      vertex   2.139561e+02 4.906026e+02 1.500000e+00
      vertex   2.002681e+02 4.897685e+02 1.500000e+00
      vertex   2.142977e+02 4.901573e+02 1.500000e+00
    endloop
  endfacet
  facet normal 0.000000e+00 0.000000e+00 1.000000e+00
    outer loop
      vertex   2.142977e+02 4.901573e+02 1.500000e+00
      vertex   2.002681e+02 4.897685e+02 1.500000e+00
      vertex   2.147430e+02 4.898157e+02 1.500000e+00
    endloop
  endfacet
  facet normal 0.000000e+00 0.000000e+00 1.000000e+00
    outer loop
      vertex   2.147430e+02 4.898157e+02 1.500000e+00
      vertex   2.002681e+02 4.897685e+02 1.500000e+00
      vertex   1.994560e+02 4.890492e+02 1.500000e+00
    endloop
  endfacet
  facet normal 0.000000e+00 0.000000e+00 1.000000e+00
    outer loop
      vertex   2.147430e+02 4.898157e+02 1.500000e+00
      vertex   1.994560e+02 4.890492e+02 1.500000e+00
      vertex   2.152616e+02 4.896009e+02 1.500000e+00
    endloop
  endfacet
  facet normal 0.000000e+00 0.000000e+00 1.000000e+00
    outer loop
      vertex   2.152616e+02 4.896009e+02 1.500000e+00
      vertex   1.994560e+02 4.890492e+02 1.500000e+00
      vertex   1.984955e+02 4.885450e+02 1.500000e+00
    endloop
  endfacet
  facet normal 0.000000e+00 0.000000e+00 1.000000e+00
    outer loop
      vertex   2.174439e+02 3.759403e+02 1.500000e+00
      vertex   9.927236e+01 4.086343e+02 1.500000e+00
      vertex   2.173706e+02 3.753839e+02 1.500000e+00
    endloop
  endfacet
  facet normal 0.000000e+00 0.000000e+00 1.000000e+00
    outer loop
      vertex   2.173706e+02 3.753839e+02 1.500000e+00
      vertex   9.927236e+01 4.086343e+02 1.500000e+00
      vertex   9.893069e+01 4.081890e+02 1.500000e+00
    endloop
  endfacet
  facet normal 0.000000e+00 0.000000e+00 1.000000e+00
    outer loop
      vertex   2.173706e+02 3.753839e+02 1.500000e+00
      vertex   9.893069e+01 4.081890e+02 1.500000e+00
      vertex   2.174439e+02 3.748274e+02 1.500000e+00
    endloop
  endfacet
  facet normal 0.000000e+00 0.000000e+00 1.000000e+00
    outer loop
      vertex   2.174439e+02 3.748274e+02 1.500000e+00
      vertex   9.893069e+01 4.081890e+02 1.500000e+00
      vertex   9.848541e+01 4.078474e+02 1.500000e+00
    endloop
  endfacet
  facet normal 0.000000e+00 0.000000e+00 1.000000e+00
    outer loop
      vertex   2.174439e+02 3.748274e+02 1.500000e+00
      vertex   9.848541e+01 4.078474e+02 1.500000e+00
      vertex   2.176587e+02 3.743089e+02 1.500000e+00
    endloop
  endfacet
  facet normal 0.000000e+00 0.000000e+00 1.000000e+00
    outer loop
      vertex   2.176587e+02 3.743089e+02 1.500000e+00
      vertex   9.848541e+01 4.078474e+02 1.500000e+00
      vertex   8.999619e+01 4.037417e+02 1.500000e+00
    endloop
  endfacet
  facet normal 0.000000e+00 0.000000e+00 1.000000e+00
    outer loop
      vertex   2.176587e+02 3.743089e+02 1.500000e+00
      vertex   8.999619e+01 4.037417e+02 1.500000e+00
      vertex   2.180003e+02 3.738636e+02 1.500000e+00
    endloop
  endfacet
  facet normal 0.000000e+00 0.000000e+00 1.000000e+00
    outer loop
      vertex   2.180003e+02 3.738636e+02 1.500000e+00
      vertex   8.999619e+01 4.037417e+02 1.500000e+00
      vertex   2.234837e+02 3.664439e+02 1.500000e+00
    endloop
  endfacet
  facet normal 0.000000e+00 0.000000e+00 1.000000e+00
    outer loop
      vertex   2.180003e+02 3.738636e+02 1.500000e+00
      vertex   2.234837e+02 3.664439e+02 1.500000e+00
      vertex   2.184456e+02 3.735219e+02 1.500000e+00
    endloop
  endfacet
  facet normal 0.000000e+00 0.000000e+00 1.000000e+00
    outer loop
      vertex   2.184456e+02 3.735219e+02 1.500000e+00
      vertex   2.234837e+02 3.664439e+02 1.500000e+00
      vertex   2.189642e+02 3.733071e+02 1.500000e+00
    endloop
  endfacet
  facet normal 0.000000e+00 0.000000e+00 1.000000e+00
    outer loop
      vertex   2.189642e+02 3.733071e+02 1.500000e+00
      vertex   2.234837e+02 3.664439e+02 1.500000e+00
      vertex   2.195206e+02 3.732339e+02 1.500000e+00
    endloop
  endfacet
  facet normal -0.000000e+00 0.000000e+00 1.000000e+00
    outer loop
      vertex   2.195206e+02 3.732339e+02 1.500000e+00
      vertex   2.234837e+02 3.664439e+02 1.500000e+00
      vertex   2.200771e+02 3.733071e+02 1.500000e+00
    endloop
  endfacet
  facet normal -0.000000e+00 0.000000e+00 1.000000e+00
    outer loop
      vertex   2.200771e+02 3.733071e+02 1.500000e+00
      vertex   2.234837e+02 3.664439e+02 1.500000e+00
      vertex   2.205956e+02 3.735219e+02 1.500000e+00
    endloop
  endfacet
  facet normal -0.000000e+00 0.000000e+00 1.000000e+00
    outer loop
      vertex   2.205956e+02 3.735219e+02 1.500000e+00
      vertex   2.234837e+02 3.664439e+02 1.500000e+00
      vertex   2.210409e+02 3.738636e+02 1.500000e+00
    endloop
  endfacet
  facet normal -0.000000e+00 0.000000e+00 1.000000e+00
    outer loop
      vertex   2.210409e+02 3.738636e+02 1.500000e+00
      vertex   2.234837e+02 3.664439e+02 1.500000e+00
      vertex   2.213826e+02 3.743089e+02 1.500000e+00
    endloop
  endfacet
  facet normal -0.000000e+00 0.000000e+00 1.000000e+00
    outer loop
      vertex   2.213826e+02 3.743089e+02 1.500000e+00
      vertex   2.234837e+02 3.664439e+02 1.500000e+00
      vertex   2.215974e+02 3.748274e+02 1.500000e+00
    endloop
  endfacet
  facet normal -0.000000e+00 0.000000e+00 1.000000e+00
    outer loop
      vertex   2.215974e+02 3.748274e+02 1.500000e+00
      vertex   2.234837e+02 3.664439e+02 1.500000e+00
      vertex   2.216706e+02 3.753839e+02 1.500000e+00
    endloop
  endfacet
  facet normal -0.000000e+00 0.000000e+00 1.000000e+00
    outer loop
      vertex   2.216706e+02 3.753839e+02 1.500000e+00
      vertex   2.234837e+02 3.664439e+02 1.500000e+00
      vertex   2.457477e+02 4.109704e+02 1.500000e+00
    endloop
  endfacet
  facet normal 0.000000e+00 -0.000000e+00 1.000000e+00
    outer loop
      vertex   2.216706e+02 3.753839e+02 1.500000e+00
      vertex   2.457477e+02 4.109704e+02 1.500000e+00
      vertex   2.215974e+02 3.759403e+02 1.500000e+00
    endloop
  endfacet
  facet normal 0.000000e+00 -0.000000e+00 1.000000e+00
    outer loop
      vertex   2.215974e+02 3.759403e+02 1.500000e+00
      vertex   2.457477e+02 4.109704e+02 1.500000e+00
      vertex   2.213826e+02 3.764589e+02 1.500000e+00
    endloop
  endfacet
  facet normal 0.000000e+00 -0.000000e+00 1.000000e+00
    outer loop
      vertex   2.213826e+02 3.764589e+02 1.500000e+00
      vertex   2.457477e+02 4.109704e+02 1.500000e+00
      vertex   2.210409e+02 3.769041e+02 1.500000e+00
    endloop
  endfacet
  facet normal 0.000000e+00 -0.000000e+00 1.000000e+00
    outer loop
      vertex   2.210409e+02 3.769041e+02 1.500000e+00
      vertex   2.457477e+02 4.109704e+02 1.500000e+00
      vertex   2.205956e+02 3.772458e+02 1.500000e+00
    endloop
  endfacet
  facet normal 0.000000e+00 -0.000000e+00 1.000000e+00
    outer loop
      vertex   2.205956e+02 3.772458e+02 1.500000e+00
      vertex   2.457477e+02 4.109704e+02 1.500000e+00
      vertex   2.200771e+02 3.774606e+02 1.500000e+00
    endloop
  endfacet
  facet normal 0.000000e+00 -0.000000e+00 1.000000e+00
    outer loop
      vertex   2.200771e+02 3.774606e+02 1.500000e+00
      vertex   2.457477e+02 4.109704e+02 1.500000e+00
      vertex   2.195206e+02 3.775339e+02 1.500000e+00
    endloop
  endfacet
  facet normal 0.000000e+00 -0.000000e+00 1.000000e+00
    outer loop
      vertex   2.195206e+02 3.775339e+02 1.500000e+00
      vertex   2.457477e+02 4.109704e+02 1.500000e+00
      vertex   2.189642e+02 3.774606e+02 1.500000e+00
    endloop
  endfacet
  facet normal 0.000000e+00 -0.000000e+00 1.000000e+00
    outer loop
      vertex   2.189642e+02 3.774606e+02 1.500000e+00
      vertex   2.457477e+02 4.109704e+02 1.500000e+00
      vertex   1.939091e+02 4.417693e+02 1.500000e+00
    endloop
  endfacet
  facet normal 0.000000e+00 0.000000e+00 1.000000e+00
    outer loop
      vertex   2.189642e+02 3.774606e+02 1.500000e+00
      vertex   1.939091e+02 4.417693e+02 1.500000e+00
      vertex   1.928558e+02 4.415097e+02 1.500000e+00
    endloop
  endfacet
  facet normal -0.000000e+00 0.000000e+00 1.000000e+00
    outer loop
      vertex   1.917709e+02 4.415097e+02 1.500000e+00
      vertex   2.184456e+02 3.772458e+02 1.500000e+00
      vertex   1.928558e+02 4.415097e+02 1.500000e+00
    endloop
  endfacet
  facet normal 0.000000e+00 0.000000e+00 1.000000e+00
    outer loop
      vertex   1.928558e+02 4.415097e+02 1.500000e+00
      vertex   2.184456e+02 3.772458e+02 1.500000e+00
      vertex   2.189642e+02 3.774606e+02 1.500000e+00
    endloop
  endfacet
  facet normal 0.000000e+00 0.000000e+00 1.000000e+00
    outer loop
      vertex   9.533367e+01 4.091528e+02 1.500000e+00
      vertex   9.526041e+01 4.097093e+02 1.500000e+00
      vertex   8.999619e+01 4.037417e+02 1.500000e+00
    endloop
  endfacet
  facet normal 0.000000e+00 0.000000e+00 1.000000e+00
    outer loop
      vertex   8.999619e+01 4.037417e+02 1.500000e+00
      vertex   9.526041e+01 4.097093e+02 1.500000e+00
      vertex   9.533367e+01 4.102658e+02 1.500000e+00
    endloop
  endfacet
  facet normal 0.000000e+00 0.000000e+00 1.000000e+00
    outer loop
      vertex   8.999619e+01 4.037417e+02 1.500000e+00
      vertex   9.533367e+01 4.102658e+02 1.500000e+00
      vertex   9.554845e+01 4.107843e+02 1.500000e+00
    endloop
  endfacet
  facet normal 0.000000e+00 0.000000e+00 1.000000e+00
    outer loop
      vertex   8.999619e+01 4.037417e+02 1.500000e+00
      vertex   9.554845e+01 4.107843e+02 1.500000e+00
      vertex   9.554845e+01 4.888051e+02 1.500000e+00
    endloop
  endfacet
  facet normal 0.000000e+00 0.000000e+00 1.000000e+00
    outer loop
      vertex   9.554845e+01 4.888051e+02 1.500000e+00
      vertex   9.554845e+01 4.107843e+02 1.500000e+00
      vertex   9.589013e+01 4.112296e+02 1.500000e+00
    endloop
  endfacet
  facet normal 0.000000e+00 0.000000e+00 1.000000e+00
    outer loop
      vertex   9.554845e+01 4.888051e+02 1.500000e+00
      vertex   9.589013e+01 4.112296e+02 1.500000e+00
      vertex   9.589013e+01 4.883598e+02 1.500000e+00
    endloop
  endfacet
  facet normal 0.000000e+00 0.000000e+00 1.000000e+00
    outer loop
      vertex   9.589013e+01 4.883598e+02 1.500000e+00
      vertex   9.589013e+01 4.112296e+02 1.500000e+00
      vertex   9.633541e+01 4.880181e+02 1.500000e+00
    endloop
  endfacet
  facet normal 0.000000e+00 0.000000e+00 1.000000e+00
    outer loop
      vertex   9.633541e+01 4.880181e+02 1.500000e+00
      vertex   9.589013e+01 4.112296e+02 1.500000e+00
      vertex   9.633541e+01 4.115713e+02 1.500000e+00
    endloop
  endfacet
  facet normal 0.000000e+00 0.000000e+00 1.000000e+00
    outer loop
      vertex   9.633541e+01 4.880181e+02 1.500000e+00
      vertex   9.633541e+01 4.115713e+02 1.500000e+00
      vertex   9.685395e+01 4.878033e+02 1.500000e+00
    endloop
  endfacet
  facet normal 0.000000e+00 0.000000e+00 1.000000e+00
    outer loop
      vertex   9.685395e+01 4.878033e+02 1.500000e+00
      vertex   9.633541e+01 4.115713e+02 1.500000e+00
      vertex   9.685395e+01 4.117861e+02 1.500000e+00
    endloop
  endfacet
  facet normal 0.000000e+00 0.000000e+00 1.000000e+00
    outer loop
      vertex   9.685395e+01 4.878033e+02 1.500000e+00
      vertex   9.685395e+01 4.117861e+02 1.500000e+00
      vertex   9.741041e+01 4.877301e+02 1.500000e+00
    endloop
  endfacet
  facet normal 0.000000e+00 0.000000e+00 1.000000e+00
    outer loop
      vertex   9.741041e+01 4.877301e+02 1.500000e+00
      vertex   9.685395e+01 4.117861e+02 1.500000e+00
      vertex   9.741041e+01 4.118593e+02 1.500000e+00
    endloop
  endfacet
  facet normal -0.000000e+00 0.000000e+00 1.000000e+00
    outer loop
      vertex   9.741041e+01 4.877301e+02 1.500000e+00
      vertex   9.741041e+01 4.118593e+02 1.500000e+00
      vertex   9.796687e+01 4.878033e+02 1.500000e+00
    endloop
  endfacet
  facet normal 0.000000e+00 0.000000e+00 1.000000e+00
    outer loop
      vertex   9.796687e+01 4.878033e+02 1.500000e+00
      vertex   9.741041e+01 4.118593e+02 1.500000e+00
      vertex   9.796687e+01 4.117861e+02 1.500000e+00
    endloop
  endfacet
  facet normal -0.000000e+00 0.000000e+00 1.000000e+00
    outer loop
      vertex   9.796687e+01 4.878033e+02 1.500000e+00
      vertex   9.796687e+01 4.117861e+02 1.500000e+00
      vertex   9.848541e+01 4.880181e+02 1.500000e+00
    endloop
  endfacet
  facet normal 0.000000e+00 0.000000e+00 1.000000e+00
    outer loop
      vertex   9.848541e+01 4.880181e+02 1.500000e+00
      vertex   9.796687e+01 4.117861e+02 1.500000e+00
      vertex   9.848541e+01 4.115713e+02 1.500000e+00
    endloop
  endfacet
  facet normal 0.000000e+00 0.000000e+00 1.000000e+00
    outer loop
      vertex   9.848541e+01 4.078474e+02 1.500000e+00
      vertex   9.796687e+01 4.076326e+02 1.500000e+00
      vertex   8.999619e+01 4.037417e+02 1.500000e+00
    endloop
  endfacet
  facet normal 0.000000e+00 0.000000e+00 1.000000e+00
    outer loop
      vertex   8.999619e+01 4.037417e+02 1.500000e+00
      vertex   9.796687e+01 4.076326e+02 1.500000e+00
      vertex   9.741041e+01 4.075593e+02 1.500000e+00
    endloop
  endfacet
  facet normal 0.000000e+00 0.000000e+00 1.000000e+00
    outer loop
      vertex   8.999619e+01 4.037417e+02 1.500000e+00
      vertex   9.741041e+01 4.075593e+02 1.500000e+00
      vertex   9.685395e+01 4.076326e+02 1.500000e+00
    endloop
  endfacet
  facet normal 0.000000e+00 0.000000e+00 1.000000e+00
    outer loop
      vertex   9.685395e+01 4.076326e+02 1.500000e+00
      vertex   9.633541e+01 4.078474e+02 1.500000e+00
      vertex   8.999619e+01 4.037417e+02 1.500000e+00
    endloop
  endfacet
  facet normal 0.000000e+00 0.000000e+00 1.000000e+00
    outer loop
      vertex   8.999619e+01 4.037417e+02 1.500000e+00
      vertex   9.633541e+01 4.078474e+02 1.500000e+00
      vertex   9.589013e+01 4.081890e+02 1.500000e+00
    endloop
  endfacet
  facet normal 0.000000e+00 0.000000e+00 1.000000e+00
    outer loop
      vertex   8.999619e+01 4.037417e+02 1.500000e+00
      vertex   9.589013e+01 4.081890e+02 1.500000e+00
      vertex   9.554845e+01 4.086343e+02 1.500000e+00
    endloop
  endfacet
  facet normal 0.000000e+00 0.000000e+00 1.000000e+00
    outer loop
      vertex   9.554845e+01 4.086343e+02 1.500000e+00
      vertex   9.533367e+01 4.091528e+02 1.500000e+00
      vertex   8.999619e+01 4.037417e+02 1.500000e+00
    endloop
  endfacet
  facet normal 0.000000e+00 0.000000e+00 1.000000e+00
    outer loop
      vertex   2.152616e+02 4.937543e+02 1.500000e+00
      vertex   2.158180e+02 4.938276e+02 1.500000e+00
      vertex   2.210947e+02 4.989210e+02 1.500000e+00
    endloop
  endfacet
  facet normal 0.000000e+00 0.000000e+00 1.000000e+00
    outer loop
      vertex   2.210947e+02 4.989210e+02 1.500000e+00
      vertex   2.158180e+02 4.938276e+02 1.500000e+00
      vertex   2.163745e+02 4.937543e+02 1.500000e+00
    endloop
  endfacet
  facet normal 0.000000e+00 0.000000e+00 1.000000e+00
    outer loop
      vertex   2.210947e+02 4.989210e+02 1.500000e+00
      vertex   2.163745e+02 4.937543e+02 1.500000e+00
      vertex   2.168930e+02 4.935396e+02 1.500000e+00
    endloop
  endfacet
  facet normal -0.000000e+00 0.000000e+00 1.000000e+00
    outer loop
      vertex   2.168930e+02 4.935396e+02 1.500000e+00
      vertex   2.173383e+02 4.931979e+02 1.500000e+00
      vertex   2.210947e+02 4.989210e+02 1.500000e+00
    endloop
  endfacet
  facet normal 0.000000e+00 0.000000e+00 1.000000e+00
    outer loop
      vertex   2.210947e+02 4.989210e+02 1.500000e+00
      vertex   2.173383e+02 4.931979e+02 1.500000e+00
      vertex   2.176800e+02 4.927526e+02 1.500000e+00
    endloop
  endfacet
  facet normal 0.000000e+00 0.000000e+00 1.000000e+00
    outer loop
      vertex   2.210947e+02 4.989210e+02 1.500000e+00
      vertex   2.176800e+02 4.927526e+02 1.500000e+00
      vertex   2.178948e+02 4.922341e+02 1.500000e+00
    endloop
  endfacet
  facet normal -0.000000e+00 0.000000e+00 1.000000e+00
    outer loop
      vertex   2.178948e+02 4.922341e+02 1.500000e+00
      vertex   2.179680e+02 4.916776e+02 1.500000e+00
      vertex   2.210947e+02 4.989210e+02 1.500000e+00
    endloop
  endfacet
  facet normal 0.000000e+00 0.000000e+00 1.000000e+00
    outer loop
      vertex   2.210947e+02 4.989210e+02 1.500000e+00
      vertex   2.179680e+02 4.916776e+02 1.500000e+00
      vertex   2.178948e+02 4.911211e+02 1.500000e+00
    endloop
  endfacet
  facet normal 0.000000e+00 0.000000e+00 1.000000e+00
    outer loop
      vertex   2.210947e+02 4.989210e+02 1.500000e+00
      vertex   2.178948e+02 4.911211e+02 1.500000e+00
      vertex   2.457477e+02 4.421001e+02 1.500000e+00
    endloop
  endfacet
  facet normal 0.000000e+00 0.000000e+00 1.000000e+00
    outer loop
      vertex   2.457477e+02 4.421001e+02 1.500000e+00
      vertex   2.178948e+02 4.911211e+02 1.500000e+00
      vertex   2.176800e+02 4.906026e+02 1.500000e+00
    endloop
  endfacet
  facet normal 0.000000e+00 0.000000e+00 1.000000e+00
    outer loop
      vertex   2.457477e+02 4.421001e+02 1.500000e+00
      vertex   2.176800e+02 4.906026e+02 1.500000e+00
      vertex   2.173383e+02 4.901573e+02 1.500000e+00
    endloop
  endfacet
  facet normal 0.000000e+00 0.000000e+00 1.000000e+00
    outer loop
      vertex   9.533367e+01 4.893236e+02 1.500000e+00
      vertex   9.526041e+01 4.898801e+02 1.500000e+00
      vertex   8.999619e+01 4.967252e+02 1.500000e+00
    endloop
  endfacet
  facet normal 0.000000e+00 0.000000e+00 1.000000e+00
    outer loop
      vertex   8.999619e+01 4.967252e+02 1.500000e+00
      vertex   9.526041e+01 4.898801e+02 1.500000e+00
      vertex   9.533367e+01 4.904365e+02 1.500000e+00
    endloop
  endfacet
  facet normal 0.000000e+00 0.000000e+00 1.000000e+00
    outer loop
      vertex   8.999619e+01 4.967252e+02 1.500000e+00
      vertex   9.533367e+01 4.904365e+02 1.500000e+00
      vertex   9.554845e+01 4.909551e+02 1.500000e+00
    endloop
  endfacet
  facet normal 0.000000e+00 -0.000000e+00 1.000000e+00
    outer loop
      vertex   9.554845e+01 4.909551e+02 1.500000e+00
      vertex   9.589013e+01 4.914004e+02 1.500000e+00
      vertex   8.999619e+01 4.967252e+02 1.500000e+00
    endloop
  endfacet
  facet normal 0.000000e+00 0.000000e+00 1.000000e+00
    outer loop
      vertex   8.999619e+01 4.967252e+02 1.500000e+00
      vertex   9.589013e+01 4.914004e+02 1.500000e+00
      vertex   9.633541e+01 4.917420e+02 1.500000e+00
    endloop
  endfacet
  facet normal 0.000000e+00 0.000000e+00 1.000000e+00
    outer loop
      vertex   8.999619e+01 4.967252e+02 1.500000e+00
      vertex   9.633541e+01 4.917420e+02 1.500000e+00
      vertex   9.685395e+01 4.919568e+02 1.500000e+00
    endloop
  endfacet
  facet normal 0.000000e+00 -0.000000e+00 1.000000e+00
    outer loop
      vertex   9.685395e+01 4.919568e+02 1.500000e+00
      vertex   9.741041e+01 4.920301e+02 1.500000e+00
      vertex   8.999619e+01 4.967252e+02 1.500000e+00
    endloop
  endfacet
  facet normal 0.000000e+00 0.000000e+00 1.000000e+00
    outer loop
      vertex   8.999619e+01 4.967252e+02 1.500000e+00
      vertex   9.741041e+01 4.920301e+02 1.500000e+00
      vertex   9.796687e+01 4.919568e+02 1.500000e+00
    endloop
  endfacet
  facet normal 0.000000e+00 0.000000e+00 1.000000e+00
    outer loop
      vertex   8.999619e+01 4.967252e+02 1.500000e+00
      vertex   9.796687e+01 4.919568e+02 1.500000e+00
      vertex   9.848541e+01 4.917420e+02 1.500000e+00
    endloop
  endfacet
  facet normal -0.000000e+00 0.000000e+00 1.000000e+00
    outer loop
      vertex   8.999619e+01 4.967252e+02 1.500000e+00
      vertex   9.848541e+01 4.917420e+02 1.500000e+00
      vertex   1.659399e+02 5.043290e+02 1.500000e+00
    endloop
  endfacet
  facet normal 0.000000e+00 0.000000e+00 1.000000e+00
    outer loop
      vertex   1.659399e+02 5.043290e+02 1.500000e+00
      vertex   9.848541e+01 4.917420e+02 1.500000e+00
      vertex   9.893069e+01 4.914004e+02 1.500000e+00
    endloop
  endfacet
  facet normal 0.000000e+00 0.000000e+00 1.000000e+00
    outer loop
      vertex   1.659399e+02 5.043290e+02 1.500000e+00
      vertex   9.893069e+01 4.914004e+02 1.500000e+00
      vertex   9.927236e+01 4.909551e+02 1.500000e+00
    endloop
  endfacet
  facet normal -0.000000e+00 0.000000e+00 1.000000e+00
    outer loop
      vertex   9.927236e+01 4.909551e+02 1.500000e+00
      vertex   9.948715e+01 4.904365e+02 1.500000e+00
      vertex   1.659399e+02 5.043290e+02 1.500000e+00
    endloop
  endfacet
  facet normal 0.000000e+00 0.000000e+00 1.000000e+00
    outer loop
      vertex   1.659399e+02 5.043290e+02 1.500000e+00
      vertex   9.948715e+01 4.904365e+02 1.500000e+00
      vertex   9.956041e+01 4.898801e+02 1.500000e+00
    endloop
  endfacet
  facet normal 0.000000e+00 0.000000e+00 1.000000e+00
    outer loop
      vertex   1.659399e+02 5.043290e+02 1.500000e+00
      vertex   9.956041e+01 4.898801e+02 1.500000e+00
      vertex   9.948715e+01 4.893236e+02 1.500000e+00
    endloop
  endfacet
  facet normal -0.000000e+00 0.000000e+00 1.000000e+00
    outer loop
      vertex   9.948715e+01 4.893236e+02 1.500000e+00
      vertex   9.927236e+01 4.888051e+02 1.500000e+00
      vertex   1.659399e+02 5.043290e+02 1.500000e+00
    endloop
  endfacet
  facet normal 0.000000e+00 0.000000e+00 1.000000e+00
    outer loop
      vertex   8.999619e+01 4.037417e+02 1.500000e+00
      vertex   9.554845e+01 4.888051e+02 1.500000e+00
      vertex   8.999619e+01 4.967252e+02 1.500000e+00
    endloop
  endfacet
  facet normal 0.000000e+00 0.000000e+00 1.000000e+00
    outer loop
      vertex   8.999619e+01 4.967252e+02 1.500000e+00
      vertex   9.554845e+01 4.888051e+02 1.500000e+00
      vertex   9.533367e+01 4.893236e+02 1.500000e+00
    endloop
  endfacet
  facet normal 0.000000e+00 0.000000e+00 1.000000e+00
    outer loop
      vertex   1.811849e+02 4.927881e+02 1.500000e+00
      vertex   1.810542e+02 4.938650e+02 1.500000e+00
      vertex   1.659399e+02 5.043290e+02 1.500000e+00
    endloop
  endfacet
  facet normal 0.000000e+00 0.000000e+00 1.000000e+00
    outer loop
      vertex   1.659399e+02 5.043290e+02 1.500000e+00
      vertex   1.810542e+02 4.938650e+02 1.500000e+00
      vertex   1.811849e+02 4.949419e+02 1.500000e+00
    endloop
  endfacet
  facet normal 0.000000e+00 0.000000e+00 1.000000e+00
    outer loop
      vertex   1.659399e+02 5.043290e+02 1.500000e+00
      vertex   1.811849e+02 4.949419e+02 1.500000e+00
      vertex   1.815696e+02 4.959563e+02 1.500000e+00
    endloop
  endfacet
  facet normal 0.000000e+00 -0.000000e+00 1.000000e+00
    outer loop
      vertex   1.815696e+02 4.959563e+02 1.500000e+00
      vertex   1.821859e+02 4.968491e+02 1.500000e+00
      vertex   1.659399e+02 5.043290e+02 1.500000e+00
    endloop
  endfacet
  facet normal 0.000000e+00 0.000000e+00 1.000000e+00
    outer loop
      vertex   1.659399e+02 5.043290e+02 1.500000e+00
      vertex   1.821859e+02 4.968491e+02 1.500000e+00
      vertex   1.829979e+02 4.975685e+02 1.500000e+00
    endloop
  endfacet
  facet normal 0.000000e+00 0.000000e+00 1.000000e+00
    outer loop
      vertex   1.659399e+02 5.043290e+02 1.500000e+00
      vertex   1.829979e+02 4.975685e+02 1.500000e+00
      vertex   1.839584e+02 4.980726e+02 1.500000e+00
    endloop
  endfacet
  facet normal 0.000000e+00 -0.000000e+00 1.000000e+00
    outer loop
      vertex   1.839584e+02 4.980726e+02 1.500000e+00
      vertex   1.850118e+02 4.983322e+02 1.500000e+00
      vertex   1.659399e+02 5.043290e+02 1.500000e+00
    endloop
  endfacet
  facet normal 0.000000e+00 0.000000e+00 1.000000e+00
    outer loop
      vertex   1.659399e+02 5.043290e+02 1.500000e+00
      vertex   1.850118e+02 4.983322e+02 1.500000e+00
      vertex   1.860966e+02 4.983322e+02 1.500000e+00
    endloop
  endfacet
  facet normal 0.000000e+00 0.000000e+00 1.000000e+00
    outer loop
      vertex   1.948696e+02 4.422735e+02 1.500000e+00
      vertex   1.939091e+02 4.417693e+02 1.500000e+00
      vertex   2.457477e+02 4.109704e+02 1.500000e+00
    endloop
  endfacet
  facet normal -9.914449e-01 1.305262e-01 0.000000e+00
    outer loop
      vertex   1.908645e+02 4.463651e+02 1.000000e+01
      vertex   1.908645e+02 4.463651e+02 4.500000e+00
      vertex   1.908134e+02 4.459769e+02 1.000000e+01
    endloop
  endfacet
  facet normal -9.914449e-01 1.305262e-01 0.000000e+00
    outer loop
      vertex   1.908134e+02 4.459769e+02 1.000000e+01
      vertex   1.908645e+02 4.463651e+02 4.500000e+00
      vertex   1.908134e+02 4.459769e+02 4.500000e+00
    endloop
  endfacet
  facet normal -9.914449e-01 -1.305262e-01 -0.000000e+00
    outer loop
      vertex   1.908134e+02 4.459769e+02 1.000000e+01
      vertex   1.908134e+02 4.459769e+02 4.500000e+00
      vertex   1.908645e+02 4.455887e+02 1.000000e+01
    endloop
  endfacet
  facet normal -9.914449e-01 -1.305262e-01 -0.000000e+00
    outer loop
      vertex   1.908645e+02 4.455887e+02 1.000000e+01
      vertex   1.908134e+02 4.459769e+02 4.500000e+00
      vertex   1.908645e+02 4.455887e+02 4.500000e+00
    endloop
  endfacet
  facet normal -9.238795e-01 -3.826834e-01 -0.000000e+00
    outer loop
      vertex   1.908645e+02 4.455887e+02 1.000000e+01
      vertex   1.908645e+02 4.455887e+02 4.500000e+00
      vertex   1.910143e+02 4.452269e+02 1.000000e+01
    endloop
  endfacet
  facet normal -9.238795e-01 -3.826834e-01 3.955097e-15
    outer loop
      vertex   1.910143e+02 4.452269e+02 1.000000e+01
      vertex   1.908645e+02 4.455887e+02 4.500000e+00
      vertex   1.910143e+02 4.452269e+02 4.500000e+00
    endloop
  endfacet
  facet normal -7.933533e-01 -6.087614e-01 6.291651e-15
    outer loop
      vertex   1.910143e+02 4.452269e+02 1.000000e+01
      vertex   1.910143e+02 4.452269e+02 4.500000e+00
      vertex   1.912527e+02 4.449162e+02 1.000000e+01
    endloop
  endfacet
  facet normal -7.933533e-01 -6.087614e-01 -0.000000e+00
    outer loop
      vertex   1.912527e+02 4.449162e+02 1.000000e+01
      vertex   1.910143e+02 4.452269e+02 4.500000e+00
      vertex   1.912527e+02 4.449162e+02 4.500000e+00
    endloop
  endfacet
  facet normal -6.087614e-01 -7.933533e-01 -0.000000e+00
    outer loop
      vertex   1.912527e+02 4.449162e+02 1.000000e+01
      vertex   1.912527e+02 4.449162e+02 4.500000e+00
      vertex   1.915634e+02 4.446779e+02 1.000000e+01
    endloop
  endfacet
  facet normal -6.087614e-01 -7.933533e-01 -0.000000e+00
    outer loop
      vertex   1.915634e+02 4.446779e+02 1.000000e+01
      vertex   1.912527e+02 4.449162e+02 4.500000e+00
      vertex   1.915634e+02 4.446779e+02 4.500000e+00
    endloop
  endfacet
  facet normal -3.826834e-01 -9.238795e-01 -0.000000e+00
    outer loop
      vertex   1.915634e+02 4.446779e+02 1.000000e+01
      vertex   1.915634e+02 4.446779e+02 4.500000e+00
      vertex   1.919251e+02 4.445280e+02 1.000000e+01
    endloop
  endfacet
  facet normal -3.826834e-01 -9.238795e-01 -0.000000e+00
    outer loop
      vertex   1.919251e+02 4.445280e+02 1.000000e+01
      vertex   1.915634e+02 4.446779e+02 4.500000e+00
      vertex   1.919251e+02 4.445280e+02 4.500000e+00
    endloop
  endfacet
  facet normal -1.305262e-01 -9.914449e-01 -0.000000e+00
    outer loop
      vertex   1.919251e+02 4.445280e+02 1.000000e+01
      vertex   1.919251e+02 4.445280e+02 4.500000e+00
      vertex   1.923134e+02 4.444769e+02 1.000000e+01
    endloop
  endfacet
  facet normal -1.305262e-01 -9.914449e-01 -0.000000e+00
    outer loop
      vertex   1.923134e+02 4.444769e+02 1.000000e+01
      vertex   1.919251e+02 4.445280e+02 4.500000e+00
      vertex   1.923134e+02 4.444769e+02 4.500000e+00
    endloop
  endfacet
  facet normal 1.305262e-01 -9.914449e-01 0.000000e+00
    outer loop
      vertex   1.923134e+02 4.444769e+02 1.000000e+01
      vertex   1.923134e+02 4.444769e+02 4.500000e+00
      vertex   1.927016e+02 4.445280e+02 1.000000e+01
    endloop
  endfacet
  facet normal 1.305262e-01 -9.914449e-01 0.000000e+00
    outer loop
      vertex   1.927016e+02 4.445280e+02 1.000000e+01
      vertex   1.923134e+02 4.444769e+02 4.500000e+00
      vertex   1.927016e+02 4.445280e+02 4.500000e+00
    endloop
  endfacet
  facet normal 3.826834e-01 -9.238795e-01 0.000000e+00
    outer loop
      vertex   1.927016e+02 4.445280e+02 1.000000e+01
      vertex   1.927016e+02 4.445280e+02 4.500000e+00
      vertex   1.930634e+02 4.446779e+02 1.000000e+01
    endloop
  endfacet
  facet normal 3.826834e-01 -9.238795e-01 0.000000e+00
    outer loop
      vertex   1.930634e+02 4.446779e+02 1.000000e+01
      vertex   1.927016e+02 4.445280e+02 4.500000e+00
      vertex   1.930634e+02 4.446779e+02 4.500000e+00
    endloop
  endfacet
  facet normal 6.087614e-01 -7.933533e-01 0.000000e+00
    outer loop
      vertex   1.930634e+02 4.446779e+02 1.000000e+01
      vertex   1.930634e+02 4.446779e+02 4.500000e+00
      vertex   1.933740e+02 4.449162e+02 1.000000e+01
    endloop
  endfacet
  facet normal 6.087614e-01 -7.933533e-01 0.000000e+00
    outer loop
      vertex   1.933740e+02 4.449162e+02 1.000000e+01
      vertex   1.930634e+02 4.446779e+02 4.500000e+00
      vertex   1.933740e+02 4.449162e+02 4.500000e+00
    endloop
  endfacet
  facet normal 7.933533e-01 -6.087614e-01 0.000000e+00
    outer loop
      vertex   1.933740e+02 4.449162e+02 1.000000e+01
      vertex   1.933740e+02 4.449162e+02 4.500000e+00
      vertex   1.936124e+02 4.452269e+02 1.000000e+01
    endloop
  endfacet
  facet normal 7.933533e-01 -6.087614e-01 -6.291651e-15
    outer loop
      vertex   1.936124e+02 4.452269e+02 1.000000e+01
      vertex   1.933740e+02 4.449162e+02 4.500000e+00
      vertex   1.936124e+02 4.452269e+02 4.500000e+00
    endloop
  endfacet
  facet normal 9.238795e-01 -3.826834e-01 -3.955097e-15
    outer loop
      vertex   1.936124e+02 4.452269e+02 1.000000e+01
      vertex   1.936124e+02 4.452269e+02 4.500000e+00
      vertex   1.937622e+02 4.455887e+02 1.000000e+01
    endloop
  endfacet
  facet normal 9.238795e-01 -3.826834e-01 0.000000e+00
    outer loop
      vertex   1.937622e+02 4.455887e+02 1.000000e+01
      vertex   1.936124e+02 4.452269e+02 4.500000e+00
      vertex   1.937622e+02 4.455887e+02 4.500000e+00
    endloop
  endfacet
  facet normal 9.914449e-01 -1.305262e-01 0.000000e+00
    outer loop
      vertex   1.937622e+02 4.455887e+02 1.000000e+01
      vertex   1.937622e+02 4.455887e+02 4.500000e+00
      vertex   1.938134e+02 4.459769e+02 1.000000e+01
    endloop
  endfacet
  facet normal 9.914449e-01 -1.305262e-01 0.000000e+00
    outer loop
      vertex   1.938134e+02 4.459769e+02 1.000000e+01
      vertex   1.937622e+02 4.455887e+02 4.500000e+00
      vertex   1.938134e+02 4.459769e+02 4.500000e+00
    endloop
  endfacet
  facet normal 9.914449e-01 1.305262e-01 0.000000e+00
    outer loop
      vertex   1.938134e+02 4.459769e+02 1.000000e+01
      vertex   1.938134e+02 4.459769e+02 4.500000e+00
      vertex   1.937622e+02 4.463651e+02 1.000000e+01
    endloop
  endfacet
  facet normal 9.914449e-01 1.305262e-01 0.000000e+00
    outer loop
      vertex   1.937622e+02 4.463651e+02 1.000000e+01
      vertex   1.938134e+02 4.459769e+02 4.500000e+00
      vertex   1.937622e+02 4.463651e+02 4.500000e+00
    endloop
  endfacet
  facet normal 9.238795e-01 3.826834e-01 0.000000e+00
    outer loop
      vertex   1.937622e+02 4.463651e+02 1.000000e+01
      vertex   1.937622e+02 4.463651e+02 4.500000e+00
      vertex   1.936124e+02 4.467269e+02 1.000000e+01
    endloop
  endfacet
  facet normal 9.238795e-01 3.826834e-01 3.955097e-15
    outer loop
      vertex   1.936124e+02 4.467269e+02 1.000000e+01
      vertex   1.937622e+02 4.463651e+02 4.500000e+00
      vertex   1.936124e+02 4.467269e+02 4.500000e+00
    endloop
  endfacet
  facet normal 7.933533e-01 6.087614e-01 6.291651e-15
    outer loop
      vertex   1.936124e+02 4.467269e+02 1.000000e+01
      vertex   1.936124e+02 4.467269e+02 4.500000e+00
      vertex   1.933740e+02 4.470376e+02 1.000000e+01
    endloop
  endfacet
  facet normal 7.933533e-01 6.087614e-01 0.000000e+00
    outer loop
      vertex   1.933740e+02 4.470376e+02 1.000000e+01
      vertex   1.936124e+02 4.467269e+02 4.500000e+00
      vertex   1.933740e+02 4.470376e+02 4.500000e+00
    endloop
  endfacet
  facet normal 6.087614e-01 7.933533e-01 0.000000e+00
    outer loop
      vertex   1.933740e+02 4.470376e+02 1.000000e+01
      vertex   1.933740e+02 4.470376e+02 4.500000e+00
      vertex   1.930634e+02 4.472759e+02 1.000000e+01
    endloop
  endfacet
  facet normal 6.087614e-01 7.933533e-01 0.000000e+00
    outer loop
      vertex   1.930634e+02 4.472759e+02 1.000000e+01
      vertex   1.933740e+02 4.470376e+02 4.500000e+00
      vertex   1.930634e+02 4.472759e+02 4.500000e+00
    endloop
  endfacet
  facet normal 3.826834e-01 9.238795e-01 0.000000e+00
    outer loop
      vertex   1.930634e+02 4.472759e+02 1.000000e+01
      vertex   1.930634e+02 4.472759e+02 4.500000e+00
      vertex   1.927016e+02 4.474258e+02 1.000000e+01
    endloop
  endfacet
  facet normal 3.826834e-01 9.238795e-01 0.000000e+00
    outer loop
      vertex   1.927016e+02 4.474258e+02 1.000000e+01
      vertex   1.930634e+02 4.472759e+02 4.500000e+00
      vertex   1.927016e+02 4.474258e+02 4.500000e+00
    endloop
  endfacet
  facet normal 1.305262e-01 9.914449e-01 0.000000e+00
    outer loop
      vertex   1.927016e+02 4.474258e+02 1.000000e+01
      vertex   1.927016e+02 4.474258e+02 4.500000e+00
      vertex   1.923134e+02 4.474769e+02 1.000000e+01
    endloop
  endfacet
  facet normal 1.305262e-01 9.914449e-01 0.000000e+00
    outer loop
      vertex   1.923134e+02 4.474769e+02 1.000000e+01
      vertex   1.927016e+02 4.474258e+02 4.500000e+00
      vertex   1.923134e+02 4.474769e+02 4.500000e+00
    endloop
  endfacet
  facet normal -1.305262e-01 9.914449e-01 0.000000e+00
    outer loop
      vertex   1.923134e+02 4.474769e+02 1.000000e+01
      vertex   1.923134e+02 4.474769e+02 4.500000e+00
      vertex   1.919251e+02 4.474258e+02 1.000000e+01
    endloop
  endfacet
  facet normal -1.305262e-01 9.914449e-01 0.000000e+00
    outer loop
      vertex   1.919251e+02 4.474258e+02 1.000000e+01
      vertex   1.923134e+02 4.474769e+02 4.500000e+00
      vertex   1.919251e+02 4.474258e+02 4.500000e+00
    endloop
  endfacet
  facet normal -3.826834e-01 9.238795e-01 0.000000e+00
    outer loop
      vertex   1.919251e+02 4.474258e+02 1.000000e+01
      vertex   1.919251e+02 4.474258e+02 4.500000e+00
      vertex   1.915634e+02 4.472759e+02 1.000000e+01
    endloop
  endfacet
  facet normal -3.826834e-01 9.238795e-01 0.000000e+00
    outer loop
      vertex   1.915634e+02 4.472759e+02 1.000000e+01
      vertex   1.919251e+02 4.474258e+02 4.500000e+00
      vertex   1.915634e+02 4.472759e+02 4.500000e+00
    endloop
  endfacet
  facet normal -6.087614e-01 7.933533e-01 0.000000e+00
    outer loop
      vertex   1.915634e+02 4.472759e+02 1.000000e+01
      vertex   1.915634e+02 4.472759e+02 4.500000e+00
      vertex   1.912527e+02 4.470376e+02 1.000000e+01
    endloop
  endfacet
  facet normal -6.087614e-01 7.933533e-01 0.000000e+00
    outer loop
      vertex   1.912527e+02 4.470376e+02 1.000000e+01
      vertex   1.915634e+02 4.472759e+02 4.500000e+00
      vertex   1.912527e+02 4.470376e+02 4.500000e+00
    endloop
  endfacet
  facet normal -7.933533e-01 6.087614e-01 0.000000e+00
    outer loop
      vertex   1.912527e+02 4.470376e+02 1.000000e+01
      vertex   1.912527e+02 4.470376e+02 4.500000e+00
      vertex   1.910143e+02 4.467269e+02 1.000000e+01
    endloop
  endfacet
  facet normal -7.933533e-01 6.087614e-01 -6.291651e-15
    outer loop
      vertex   1.910143e+02 4.467269e+02 1.000000e+01
      vertex   1.912527e+02 4.470376e+02 4.500000e+00
      vertex   1.910143e+02 4.467269e+02 4.500000e+00
    endloop
  endfacet
  facet normal -9.238795e-01 3.826834e-01 -3.955097e-15
    outer loop
      vertex   1.910143e+02 4.467269e+02 1.000000e+01
      vertex   1.910143e+02 4.467269e+02 4.500000e+00
      vertex   1.908645e+02 4.463651e+02 1.000000e+01
    endloop
  endfacet
  facet normal -9.238795e-01 3.826834e-01 0.000000e+00
    outer loop
      vertex   1.908645e+02 4.463651e+02 1.000000e+01
      vertex   1.910143e+02 4.467269e+02 4.500000e+00
      vertex   1.908645e+02 4.463651e+02 4.500000e+00
    endloop
  endfacet
  facet normal -7.027820e-01 9.252301e-02 7.053630e-01
    outer loop
      vertex   1.795189e+02 4.474776e+02 4.500000e+00
      vertex   1.765985e+02 4.481663e+02 1.500000e+00
      vertex   1.794678e+02 4.470893e+02 4.500000e+00
    endloop
  endfacet
  facet normal -7.045148e-01 8.554359e-02 7.045148e-01
    outer loop
      vertex   1.794678e+02 4.470893e+02 4.500000e+00
      vertex   1.765985e+02 4.481663e+02 1.500000e+00
      vertex   1.764678e+02 4.470893e+02 1.500000e+00
    endloop
  endfacet
  facet normal -7.045148e-01 -8.554359e-02 7.045148e-01
    outer loop
      vertex   1.794678e+02 4.470893e+02 4.500000e+00
      vertex   1.764678e+02 4.470893e+02 1.500000e+00
      vertex   1.765985e+02 4.460124e+02 1.500000e+00
    endloop
  endfacet
  facet normal -6.639404e-01 2.517994e-01 7.041167e-01
    outer loop
      vertex   1.765985e+02 4.481663e+02 1.500000e+00
      vertex   1.795189e+02 4.474776e+02 4.500000e+00
      vertex   1.769832e+02 4.491806e+02 1.500000e+00
    endloop
  endfacet
  facet normal -6.538951e-01 2.708522e-01 7.064420e-01
    outer loop
      vertex   1.769832e+02 4.491806e+02 1.500000e+00
      vertex   1.795189e+02 4.474776e+02 4.500000e+00
      vertex   1.796687e+02 4.478393e+02 4.500000e+00
    endloop
  endfacet
  facet normal -5.846542e-01 4.035577e-01 7.037902e-01
    outer loop
      vertex   1.769832e+02 4.491806e+02 1.500000e+00
      vertex   1.796687e+02 4.478393e+02 4.500000e+00
      vertex   1.775995e+02 4.500734e+02 1.500000e+00
    endloop
  endfacet
  facet normal -5.608304e-01 4.303403e-01 7.073022e-01
    outer loop
      vertex   1.775995e+02 4.500734e+02 1.500000e+00
      vertex   1.796687e+02 4.478393e+02 4.500000e+00
      vertex   1.799071e+02 4.481500e+02 4.500000e+00
    endloop
  endfacet
  facet normal -4.712546e-01 5.319365e-01 7.035358e-01
    outer loop
      vertex   1.775995e+02 4.500734e+02 1.500000e+00
      vertex   1.799071e+02 4.481500e+02 4.500000e+00
      vertex   1.784115e+02 4.507928e+02 1.500000e+00
    endloop
  endfacet
  facet normal -4.299481e-01 5.603192e-01 7.079457e-01
    outer loop
      vertex   1.784115e+02 4.507928e+02 1.500000e+00
      vertex   1.799071e+02 4.481500e+02 4.500000e+00
      vertex   1.802178e+02 4.483884e+02 4.500000e+00
    endloop
  endfacet
  facet normal -3.303438e-01 6.294174e-01 7.033539e-01
    outer loop
      vertex   1.784115e+02 4.507928e+02 1.500000e+00
      vertex   1.802178e+02 4.483884e+02 4.500000e+00
      vertex   1.793720e+02 4.512969e+02 1.500000e+00
    endloop
  endfacet
  facet normal -2.701123e-01 6.521088e-01 7.083738e-01
    outer loop
      vertex   1.793720e+02 4.512969e+02 1.500000e+00
      vertex   1.802178e+02 4.483884e+02 4.500000e+00
      vertex   1.805795e+02 4.485382e+02 4.500000e+00
    endloop
  endfacet
  facet normal -1.701410e-01 6.902891e-01 7.032446e-01
    outer loop
      vertex   1.793720e+02 4.512969e+02 1.500000e+00
      vertex   1.805795e+02 4.485382e+02 4.500000e+00
      vertex   1.804253e+02 4.515565e+02 1.500000e+00
    endloop
  endfacet
  facet normal -9.210227e-02 6.995862e-01 7.085876e-01
    outer loop
      vertex   1.804253e+02 4.515565e+02 1.500000e+00
      vertex   1.805795e+02 4.485382e+02 4.500000e+00
      vertex   1.809678e+02 4.485893e+02 4.500000e+00
    endloop
  endfacet
  facet normal -0.000000e+00 7.109840e-01 7.032082e-01
    outer loop
      vertex   1.804253e+02 4.515565e+02 1.500000e+00
      vertex   1.809678e+02 4.485893e+02 4.500000e+00
      vertex   1.815102e+02 4.515565e+02 1.500000e+00
    endloop
  endfacet
  facet normal 9.210227e-02 6.995862e-01 7.085876e-01
    outer loop
      vertex   1.815102e+02 4.515565e+02 1.500000e+00
      vertex   1.809678e+02 4.485893e+02 4.500000e+00
      vertex   1.813560e+02 4.485382e+02 4.500000e+00
    endloop
  endfacet
  facet normal 1.701410e-01 6.902891e-01 7.032446e-01
    outer loop
      vertex   1.815102e+02 4.515565e+02 1.500000e+00
      vertex   1.813560e+02 4.485382e+02 4.500000e+00
      vertex   1.825635e+02 4.512969e+02 1.500000e+00
    endloop
  endfacet
  facet normal 2.701123e-01 6.521088e-01 7.083738e-01
    outer loop
      vertex   1.825635e+02 4.512969e+02 1.500000e+00
      vertex   1.813560e+02 4.485382e+02 4.500000e+00
      vertex   1.817178e+02 4.483884e+02 4.500000e+00
    endloop
  endfacet
  facet normal 3.303438e-01 6.294174e-01 7.033539e-01
    outer loop
      vertex   1.825635e+02 4.512969e+02 1.500000e+00
      vertex   1.817178e+02 4.483884e+02 4.500000e+00
      vertex   1.835240e+02 4.507928e+02 1.500000e+00
    endloop
  endfacet
  facet normal 4.299481e-01 5.603192e-01 7.079457e-01
    outer loop
      vertex   1.835240e+02 4.507928e+02 1.500000e+00
      vertex   1.817178e+02 4.483884e+02 4.500000e+00
      vertex   1.820284e+02 4.481500e+02 4.500000e+00
    endloop
  endfacet
  facet normal 4.712546e-01 5.319365e-01 7.035358e-01
    outer loop
      vertex   1.835240e+02 4.507928e+02 1.500000e+00
      vertex   1.820284e+02 4.481500e+02 4.500000e+00
      vertex   1.843361e+02 4.500734e+02 1.500000e+00
    endloop
  endfacet
  facet normal 5.608304e-01 4.303403e-01 7.073022e-01
    outer loop
      vertex   1.843361e+02 4.500734e+02 1.500000e+00
      vertex   1.820284e+02 4.481500e+02 4.500000e+00
      vertex   1.822668e+02 4.478393e+02 4.500000e+00
    endloop
  endfacet
  facet normal 5.846542e-01 4.035577e-01 7.037902e-01
    outer loop
      vertex   1.843361e+02 4.500734e+02 1.500000e+00
      vertex   1.822668e+02 4.478393e+02 4.500000e+00
      vertex   1.849523e+02 4.491806e+02 1.500000e+00
    endloop
  endfacet
  facet normal 6.538951e-01 2.708522e-01 7.064420e-01
    outer loop
      vertex   1.849523e+02 4.491806e+02 1.500000e+00
      vertex   1.822668e+02 4.478393e+02 4.500000e+00
      vertex   1.824166e+02 4.474776e+02 4.500000e+00
    endloop
  endfacet
  facet normal 6.639404e-01 2.517994e-01 7.041167e-01
    outer loop
      vertex   1.849523e+02 4.491806e+02 1.500000e+00
      vertex   1.824166e+02 4.474776e+02 4.500000e+00
      vertex   1.853370e+02 4.481663e+02 1.500000e+00
    endloop
  endfacet
  facet normal 7.027820e-01 9.252301e-02 7.053630e-01
    outer loop
      vertex   1.853370e+02 4.481663e+02 1.500000e+00
      vertex   1.824166e+02 4.474776e+02 4.500000e+00
      vertex   1.824678e+02 4.470893e+02 4.500000e+00
    endloop
  endfacet
  facet normal 7.045148e-01 8.554359e-02 7.045148e-01
    outer loop
      vertex   1.853370e+02 4.481663e+02 1.500000e+00
      vertex   1.824678e+02 4.470893e+02 4.500000e+00
      vertex   1.854678e+02 4.470893e+02 1.500000e+00
    endloop
  endfacet
  facet normal 7.045148e-01 -8.554359e-02 7.045148e-01
    outer loop
      vertex   1.854678e+02 4.470893e+02 1.500000e+00
      vertex   1.824678e+02 4.470893e+02 4.500000e+00
      vertex   1.853370e+02 4.460124e+02 1.500000e+00
    endloop
  endfacet
  facet normal 7.027820e-01 -9.252301e-02 7.053630e-01
    outer loop
      vertex   1.853370e+02 4.460124e+02 1.500000e+00
      vertex   1.824678e+02 4.470893e+02 4.500000e+00
      vertex   1.824166e+02 4.467011e+02 4.500000e+00
    endloop
  endfacet
  facet normal 6.639404e-01 -2.517994e-01 7.041167e-01
    outer loop
      vertex   1.853370e+02 4.460124e+02 1.500000e+00
      vertex   1.824166e+02 4.467011e+02 4.500000e+00
      vertex   1.849523e+02 4.449981e+02 1.500000e+00
    endloop
  endfacet
  facet normal 6.538951e-01 -2.708522e-01 7.064420e-01
    outer loop
      vertex   1.849523e+02 4.449981e+02 1.500000e+00
      vertex   1.824166e+02 4.467011e+02 4.500000e+00
      vertex   1.822668e+02 4.463393e+02 4.500000e+00
    endloop
  endfacet
  facet normal 5.846542e-01 -4.035577e-01 7.037902e-01
    outer loop
      vertex   1.849523e+02 4.449981e+02 1.500000e+00
      vertex   1.822668e+02 4.463393e+02 4.500000e+00
      vertex   1.843361e+02 4.441053e+02 1.500000e+00
    endloop
  endfacet
  facet normal 5.608304e-01 -4.303403e-01 7.073022e-01
    outer loop
      vertex   1.843361e+02 4.441053e+02 1.500000e+00
      vertex   1.822668e+02 4.463393e+02 4.500000e+00
      vertex   1.820284e+02 4.460287e+02 4.500000e+00
    endloop
  endfacet
  facet normal 4.712546e-01 -5.319365e-01 7.035358e-01
    outer loop
      vertex   1.843361e+02 4.441053e+02 1.500000e+00
      vertex   1.820284e+02 4.460287e+02 4.500000e+00
      vertex   1.835240e+02 4.433859e+02 1.500000e+00
    endloop
  endfacet
  facet normal 4.299481e-01 -5.603192e-01 7.079457e-01
    outer loop
      vertex   1.835240e+02 4.433859e+02 1.500000e+00
      vertex   1.820284e+02 4.460287e+02 4.500000e+00
      vertex   1.817178e+02 4.457903e+02 4.500000e+00
    endloop
  endfacet
  facet normal 3.303438e-01 -6.294174e-01 7.033539e-01
    outer loop
      vertex   1.835240e+02 4.433859e+02 1.500000e+00
      vertex   1.817178e+02 4.457903e+02 4.500000e+00
      vertex   1.825635e+02 4.428818e+02 1.500000e+00
    endloop
  endfacet
  facet normal 2.701123e-01 -6.521088e-01 7.083738e-01
    outer loop
      vertex   1.825635e+02 4.428818e+02 1.500000e+00
      vertex   1.817178e+02 4.457903e+02 4.500000e+00
      vertex   1.813560e+02 4.456405e+02 4.500000e+00
    endloop
  endfacet
  facet normal 1.701410e-01 -6.902891e-01 7.032446e-01
    outer loop
      vertex   1.825635e+02 4.428818e+02 1.500000e+00
      vertex   1.813560e+02 4.456405e+02 4.500000e+00
      vertex   1.815102e+02 4.426222e+02 1.500000e+00
    endloop
  endfacet
  facet normal 9.210227e-02 -6.995862e-01 7.085876e-01
    outer loop
      vertex   1.815102e+02 4.426222e+02 1.500000e+00
      vertex   1.813560e+02 4.456405e+02 4.500000e+00
      vertex   1.809678e+02 4.455893e+02 4.500000e+00
    endloop
  endfacet
  facet normal 0.000000e+00 -7.109840e-01 7.032082e-01
    outer loop
      vertex   1.815102e+02 4.426222e+02 1.500000e+00
      vertex   1.809678e+02 4.455893e+02 4.500000e+00
      vertex   1.804253e+02 4.426222e+02 1.500000e+00
    endloop
  endfacet
  facet normal -9.210227e-02 -6.995862e-01 7.085876e-01
    outer loop
      vertex   1.804253e+02 4.426222e+02 1.500000e+00
      vertex   1.809678e+02 4.455893e+02 4.500000e+00
      vertex   1.805795e+02 4.456405e+02 4.500000e+00
    endloop
  endfacet
  facet normal -1.701410e-01 -6.902891e-01 7.032446e-01
    outer loop
      vertex   1.804253e+02 4.426222e+02 1.500000e+00
      vertex   1.805795e+02 4.456405e+02 4.500000e+00
      vertex   1.793720e+02 4.428818e+02 1.500000e+00
    endloop
  endfacet
  facet normal -2.701123e-01 -6.521088e-01 7.083738e-01
    outer loop
      vertex   1.793720e+02 4.428818e+02 1.500000e+00
      vertex   1.805795e+02 4.456405e+02 4.500000e+00
      vertex   1.802178e+02 4.457903e+02 4.500000e+00
    endloop
  endfacet
  facet normal -3.303438e-01 -6.294174e-01 7.033539e-01
    outer loop
      vertex   1.793720e+02 4.428818e+02 1.500000e+00
      vertex   1.802178e+02 4.457903e+02 4.500000e+00
      vertex   1.784115e+02 4.433859e+02 1.500000e+00
    endloop
  endfacet
  facet normal -4.299481e-01 -5.603192e-01 7.079457e-01
    outer loop
      vertex   1.784115e+02 4.433859e+02 1.500000e+00
      vertex   1.802178e+02 4.457903e+02 4.500000e+00
      vertex   1.799071e+02 4.460287e+02 4.500000e+00
    endloop
  endfacet
  facet normal -4.712546e-01 -5.319365e-01 7.035358e-01
    outer loop
      vertex   1.784115e+02 4.433859e+02 1.500000e+00
      vertex   1.799071e+02 4.460287e+02 4.500000e+00
      vertex   1.775995e+02 4.441053e+02 1.500000e+00
    endloop
  endfacet
  facet normal -5.608304e-01 -4.303403e-01 7.073022e-01
    outer loop
      vertex   1.775995e+02 4.441053e+02 1.500000e+00
      vertex   1.799071e+02 4.460287e+02 4.500000e+00
      vertex   1.796687e+02 4.463393e+02 4.500000e+00
    endloop
  endfacet
  facet normal -5.846542e-01 -4.035577e-01 7.037902e-01
    outer loop
      vertex   1.775995e+02 4.441053e+02 1.500000e+00
      vertex   1.796687e+02 4.463393e+02 4.500000e+00
      vertex   1.769832e+02 4.449981e+02 1.500000e+00
    endloop
  endfacet
  facet normal -6.538951e-01 -2.708522e-01 7.064420e-01
    outer loop
      vertex   1.769832e+02 4.449981e+02 1.500000e+00
      vertex   1.796687e+02 4.463393e+02 4.500000e+00
      vertex   1.795189e+02 4.467011e+02 4.500000e+00
    endloop
  endfacet
  facet normal -6.639404e-01 -2.517994e-01 7.041167e-01
    outer loop
      vertex   1.769832e+02 4.449981e+02 1.500000e+00
      vertex   1.795189e+02 4.467011e+02 4.500000e+00
      vertex   1.765985e+02 4.460124e+02 1.500000e+00
    endloop
  endfacet
  facet normal -7.027820e-01 -9.252301e-02 7.053630e-01
    outer loop
      vertex   1.765985e+02 4.460124e+02 1.500000e+00
      vertex   1.795189e+02 4.467011e+02 4.500000e+00
      vertex   1.794678e+02 4.470893e+02 4.500000e+00
    endloop
  endfacet
  facet normal -9.914449e-01 1.305262e-01 0.000000e+00
    outer loop
      vertex   1.795189e+02 4.474776e+02 1.000000e+01
      vertex   1.795189e+02 4.474776e+02 4.500000e+00
      vertex   1.794678e+02 4.470893e+02 1.000000e+01
    endloop
  endfacet
  facet normal -9.914449e-01 1.305262e-01 0.000000e+00
    outer loop
      vertex   1.794678e+02 4.470893e+02 1.000000e+01
      vertex   1.795189e+02 4.474776e+02 4.500000e+00
      vertex   1.794678e+02 4.470893e+02 4.500000e+00
    endloop
  endfacet
  facet normal -9.914449e-01 -1.305262e-01 -0.000000e+00
    outer loop
      vertex   1.794678e+02 4.470893e+02 1.000000e+01
      vertex   1.794678e+02 4.470893e+02 4.500000e+00
      vertex   1.795189e+02 4.467011e+02 1.000000e+01
    endloop
  endfacet
  facet normal -9.914449e-01 -1.305262e-01 -0.000000e+00
    outer loop
      vertex   1.795189e+02 4.467011e+02 1.000000e+01
      vertex   1.794678e+02 4.470893e+02 4.500000e+00
      vertex   1.795189e+02 4.467011e+02 4.500000e+00
    endloop
  endfacet
  facet normal -9.238795e-01 -3.826834e-01 -0.000000e+00
    outer loop
      vertex   1.795189e+02 4.467011e+02 1.000000e+01
      vertex   1.795189e+02 4.467011e+02 4.500000e+00
      vertex   1.796687e+02 4.463393e+02 1.000000e+01
    endloop
  endfacet
  facet normal -9.238795e-01 -3.826834e-01 -0.000000e+00
    outer loop
      vertex   1.796687e+02 4.463393e+02 1.000000e+01
      vertex   1.795189e+02 4.467011e+02 4.500000e+00
      vertex   1.796687e+02 4.463393e+02 4.500000e+00
    endloop
  endfacet
  facet normal -7.933533e-01 -6.087614e-01 -0.000000e+00
    outer loop
      vertex   1.796687e+02 4.463393e+02 1.000000e+01
      vertex   1.796687e+02 4.463393e+02 4.500000e+00
      vertex   1.799071e+02 4.460287e+02 1.000000e+01
    endloop
  endfacet
  facet normal -7.933533e-01 -6.087614e-01 -0.000000e+00
    outer loop
      vertex   1.799071e+02 4.460287e+02 1.000000e+01
      vertex   1.796687e+02 4.463393e+02 4.500000e+00
      vertex   1.799071e+02 4.460287e+02 4.500000e+00
    endloop
  endfacet
  facet normal -6.087614e-01 -7.933533e-01 -0.000000e+00
    outer loop
      vertex   1.799071e+02 4.460287e+02 1.000000e+01
      vertex   1.799071e+02 4.460287e+02 4.500000e+00
      vertex   1.802178e+02 4.457903e+02 1.000000e+01
    endloop
  endfacet
  facet normal -6.087614e-01 -7.933533e-01 -3.145826e-15
    outer loop
      vertex   1.802178e+02 4.457903e+02 1.000000e+01
      vertex   1.799071e+02 4.460287e+02 4.500000e+00
      vertex   1.802178e+02 4.457903e+02 4.500000e+00
    endloop
  endfacet
  facet normal -3.826834e-01 -9.238795e-01 -1.977549e-15
    outer loop
      vertex   1.802178e+02 4.457903e+02 1.000000e+01
      vertex   1.802178e+02 4.457903e+02 4.500000e+00
      vertex   1.805795e+02 4.456405e+02 1.000000e+01
    endloop
  endfacet
  facet normal -3.826834e-01 -9.238795e-01 -0.000000e+00
    outer loop
      vertex   1.805795e+02 4.456405e+02 1.000000e+01
      vertex   1.802178e+02 4.457903e+02 4.500000e+00
      vertex   1.805795e+02 4.456405e+02 4.500000e+00
    endloop
  endfacet
  facet normal -1.305262e-01 -9.914449e-01 -0.000000e+00
    outer loop
      vertex   1.805795e+02 4.456405e+02 1.000000e+01
      vertex   1.805795e+02 4.456405e+02 4.500000e+00
      vertex   1.809678e+02 4.455893e+02 1.000000e+01
    endloop
  endfacet
  facet normal -1.305262e-01 -9.914449e-01 -0.000000e+00
    outer loop
      vertex   1.809678e+02 4.455893e+02 1.000000e+01
      vertex   1.805795e+02 4.456405e+02 4.500000e+00
      vertex   1.809678e+02 4.455893e+02 4.500000e+00
    endloop
  endfacet
  facet normal 1.305262e-01 -9.914449e-01 0.000000e+00
    outer loop
      vertex   1.809678e+02 4.455893e+02 1.000000e+01
      vertex   1.809678e+02 4.455893e+02 4.500000e+00
      vertex   1.813560e+02 4.456405e+02 1.000000e+01
    endloop
  endfacet
  facet normal 1.305262e-01 -9.914449e-01 0.000000e+00
    outer loop
      vertex   1.813560e+02 4.456405e+02 1.000000e+01
      vertex   1.809678e+02 4.455893e+02 4.500000e+00
      vertex   1.813560e+02 4.456405e+02 4.500000e+00
    endloop
  endfacet
  facet normal 3.826834e-01 -9.238795e-01 0.000000e+00
    outer loop
      vertex   1.813560e+02 4.456405e+02 1.000000e+01
      vertex   1.813560e+02 4.456405e+02 4.500000e+00
      vertex   1.817178e+02 4.457903e+02 1.000000e+01
    endloop
  endfacet
  facet normal 3.826834e-01 -9.238795e-01 1.977549e-15
    outer loop
      vertex   1.817178e+02 4.457903e+02 1.000000e+01
      vertex   1.813560e+02 4.456405e+02 4.500000e+00
      vertex   1.817178e+02 4.457903e+02 4.500000e+00
    endloop
  endfacet
  facet normal 6.087614e-01 -7.933533e-01 3.145826e-15
    outer loop
      vertex   1.817178e+02 4.457903e+02 1.000000e+01
      vertex   1.817178e+02 4.457903e+02 4.500000e+00
      vertex   1.820284e+02 4.460287e+02 1.000000e+01
    endloop
  endfacet
  facet normal 6.087614e-01 -7.933533e-01 0.000000e+00
    outer loop
      vertex   1.820284e+02 4.460287e+02 1.000000e+01
      vertex   1.817178e+02 4.457903e+02 4.500000e+00
      vertex   1.820284e+02 4.460287e+02 4.500000e+00
    endloop
  endfacet
  facet normal 7.933533e-01 -6.087614e-01 0.000000e+00
    outer loop
      vertex   1.820284e+02 4.460287e+02 1.000000e+01
      vertex   1.820284e+02 4.460287e+02 4.500000e+00
      vertex   1.822668e+02 4.463393e+02 1.000000e+01
    endloop
  endfacet
  facet normal 7.933533e-01 -6.087614e-01 0.000000e+00
    outer loop
      vertex   1.822668e+02 4.463393e+02 1.000000e+01
      vertex   1.820284e+02 4.460287e+02 4.500000e+00
      vertex   1.822668e+02 4.463393e+02 4.500000e+00
    endloop
  endfacet
  facet normal 9.238795e-01 -3.826834e-01 0.000000e+00
    outer loop
      vertex   1.822668e+02 4.463393e+02 1.000000e+01
      vertex   1.822668e+02 4.463393e+02 4.500000e+00
      vertex   1.824166e+02 4.467011e+02 1.000000e+01
    endloop
  endfacet
  facet normal 9.238795e-01 -3.826834e-01 0.000000e+00
    outer loop
      vertex   1.824166e+02 4.467011e+02 1.000000e+01
      vertex   1.822668e+02 4.463393e+02 4.500000e+00
      vertex   1.824166e+02 4.467011e+02 4.500000e+00
    endloop
  endfacet
  facet normal 9.914449e-01 -1.305262e-01 0.000000e+00
    outer loop
      vertex   1.824166e+02 4.467011e+02 1.000000e+01
      vertex   1.824166e+02 4.467011e+02 4.500000e+00
      vertex   1.824678e+02 4.470893e+02 1.000000e+01
    endloop
  endfacet
  facet normal 9.914449e-01 -1.305262e-01 0.000000e+00
    outer loop
      vertex   1.824678e+02 4.470893e+02 1.000000e+01
      vertex   1.824166e+02 4.467011e+02 4.500000e+00
      vertex   1.824678e+02 4.470893e+02 4.500000e+00
    endloop
  endfacet
  facet normal 9.914449e-01 1.305262e-01 0.000000e+00
    outer loop
      vertex   1.824678e+02 4.470893e+02 1.000000e+01
      vertex   1.824678e+02 4.470893e+02 4.500000e+00
      vertex   1.824166e+02 4.474776e+02 1.000000e+01
    endloop
  endfacet
  facet normal 9.914449e-01 1.305262e-01 0.000000e+00
    outer loop
      vertex   1.824166e+02 4.474776e+02 1.000000e+01
      vertex   1.824678e+02 4.470893e+02 4.500000e+00
      vertex   1.824166e+02 4.474776e+02 4.500000e+00
    endloop
  endfacet
  facet normal 9.238795e-01 3.826834e-01 0.000000e+00
    outer loop
      vertex   1.824166e+02 4.474776e+02 1.000000e+01
      vertex   1.824166e+02 4.474776e+02 4.500000e+00
      vertex   1.822668e+02 4.478393e+02 1.000000e+01
    endloop
  endfacet
  facet normal 9.238795e-01 3.826834e-01 0.000000e+00
    outer loop
      vertex   1.822668e+02 4.478393e+02 1.000000e+01
      vertex   1.824166e+02 4.474776e+02 4.500000e+00
      vertex   1.822668e+02 4.478393e+02 4.500000e+00
    endloop
  endfacet
  facet normal 7.933533e-01 6.087614e-01 0.000000e+00
    outer loop
      vertex   1.822668e+02 4.478393e+02 1.000000e+01
      vertex   1.822668e+02 4.478393e+02 4.500000e+00
      vertex   1.820284e+02 4.481500e+02 1.000000e+01
    endloop
  endfacet
  facet normal 7.933533e-01 6.087614e-01 0.000000e+00
    outer loop
      vertex   1.820284e+02 4.481500e+02 1.000000e+01
      vertex   1.822668e+02 4.478393e+02 4.500000e+00
      vertex   1.820284e+02 4.481500e+02 4.500000e+00
    endloop
  endfacet
  facet normal 6.087614e-01 7.933533e-01 0.000000e+00
    outer loop
      vertex   1.820284e+02 4.481500e+02 1.000000e+01
      vertex   1.820284e+02 4.481500e+02 4.500000e+00
      vertex   1.817178e+02 4.483884e+02 1.000000e+01
    endloop
  endfacet
  facet normal 6.087614e-01 7.933533e-01 -3.145826e-15
    outer loop
      vertex   1.817178e+02 4.483884e+02 1.000000e+01
      vertex   1.820284e+02 4.481500e+02 4.500000e+00
      vertex   1.817178e+02 4.483884e+02 4.500000e+00
    endloop
  endfacet
  facet normal 3.826834e-01 9.238795e-01 -1.977549e-15
    outer loop
      vertex   1.817178e+02 4.483884e+02 1.000000e+01
      vertex   1.817178e+02 4.483884e+02 4.500000e+00
      vertex   1.813560e+02 4.485382e+02 1.000000e+01
    endloop
  endfacet
  facet normal 3.826834e-01 9.238795e-01 0.000000e+00
    outer loop
      vertex   1.813560e+02 4.485382e+02 1.000000e+01
      vertex   1.817178e+02 4.483884e+02 4.500000e+00
      vertex   1.813560e+02 4.485382e+02 4.500000e+00
    endloop
  endfacet
  facet normal 1.305262e-01 9.914449e-01 0.000000e+00
    outer loop
      vertex   1.813560e+02 4.485382e+02 1.000000e+01
      vertex   1.813560e+02 4.485382e+02 4.500000e+00
      vertex   1.809678e+02 4.485893e+02 1.000000e+01
    endloop
  endfacet
  facet normal 1.305262e-01 9.914449e-01 0.000000e+00
    outer loop
      vertex   1.809678e+02 4.485893e+02 1.000000e+01
      vertex   1.813560e+02 4.485382e+02 4.500000e+00
      vertex   1.809678e+02 4.485893e+02 4.500000e+00
    endloop
  endfacet
  facet normal -1.305262e-01 9.914449e-01 0.000000e+00
    outer loop
      vertex   1.809678e+02 4.485893e+02 1.000000e+01
      vertex   1.809678e+02 4.485893e+02 4.500000e+00
      vertex   1.805795e+02 4.485382e+02 1.000000e+01
    endloop
  endfacet
  facet normal -1.305262e-01 9.914449e-01 0.000000e+00
    outer loop
      vertex   1.805795e+02 4.485382e+02 1.000000e+01
      vertex   1.809678e+02 4.485893e+02 4.500000e+00
      vertex   1.805795e+02 4.485382e+02 4.500000e+00
    endloop
  endfacet
  facet normal -3.826834e-01 9.238795e-01 0.000000e+00
    outer loop
      vertex   1.805795e+02 4.485382e+02 1.000000e+01
      vertex   1.805795e+02 4.485382e+02 4.500000e+00
      vertex   1.802178e+02 4.483884e+02 1.000000e+01
    endloop
  endfacet
  facet normal -3.826834e-01 9.238795e-01 1.977549e-15
    outer loop
      vertex   1.802178e+02 4.483884e+02 1.000000e+01
      vertex   1.805795e+02 4.485382e+02 4.500000e+00
      vertex   1.802178e+02 4.483884e+02 4.500000e+00
    endloop
  endfacet
  facet normal -6.087614e-01 7.933533e-01 3.145826e-15
    outer loop
      vertex   1.802178e+02 4.483884e+02 1.000000e+01
      vertex   1.802178e+02 4.483884e+02 4.500000e+00
      vertex   1.799071e+02 4.481500e+02 1.000000e+01
    endloop
  endfacet
  facet normal -6.087614e-01 7.933533e-01 0.000000e+00
    outer loop
      vertex   1.799071e+02 4.481500e+02 1.000000e+01
      vertex   1.802178e+02 4.483884e+02 4.500000e+00
      vertex   1.799071e+02 4.481500e+02 4.500000e+00
    endloop
  endfacet
  facet normal -7.933533e-01 6.087614e-01 0.000000e+00
    outer loop
      vertex   1.799071e+02 4.481500e+02 1.000000e+01
      vertex   1.799071e+02 4.481500e+02 4.500000e+00
      vertex   1.796687e+02 4.478393e+02 1.000000e+01
    endloop
  endfacet
  facet normal -7.933533e-01 6.087614e-01 0.000000e+00
    outer loop
      vertex   1.796687e+02 4.478393e+02 1.000000e+01
      vertex   1.799071e+02 4.481500e+02 4.500000e+00
      vertex   1.796687e+02 4.478393e+02 4.500000e+00
    endloop
  endfacet
  facet normal -9.238795e-01 3.826834e-01 0.000000e+00
    outer loop
      vertex   1.796687e+02 4.478393e+02 1.000000e+01
      vertex   1.796687e+02 4.478393e+02 4.500000e+00
      vertex   1.795189e+02 4.474776e+02 1.000000e+01
    endloop
  endfacet
  facet normal -9.238795e-01 3.826834e-01 0.000000e+00
    outer loop
      vertex   1.795189e+02 4.474776e+02 1.000000e+01
      vertex   1.796687e+02 4.478393e+02 4.500000e+00
      vertex   1.795189e+02 4.474776e+02 4.500000e+00
    endloop
  endfacet
  facet normal -7.027820e-01 9.252301e-02 7.053630e-01
    outer loop
      vertex   1.841053e+02 4.942533e+02 4.500000e+00
      vertex   1.811849e+02 4.949419e+02 1.500000e+00
      vertex   1.840542e+02 4.938650e+02 4.500000e+00
    endloop
  endfacet
  facet normal -7.045148e-01 8.554359e-02 7.045148e-01
    outer loop
      vertex   1.840542e+02 4.938650e+02 4.500000e+00
      vertex   1.811849e+02 4.949419e+02 1.500000e+00
      vertex   1.810542e+02 4.938650e+02 1.500000e+00
    endloop
  endfacet
  facet normal -7.045148e-01 -8.554359e-02 7.045148e-01
    outer loop
      vertex   1.840542e+02 4.938650e+02 4.500000e+00
      vertex   1.810542e+02 4.938650e+02 1.500000e+00
      vertex   1.811849e+02 4.927881e+02 1.500000e+00
    endloop
  endfacet
  facet normal -6.639404e-01 2.517994e-01 7.041167e-01
    outer loop
      vertex   1.811849e+02 4.949419e+02 1.500000e+00
      vertex   1.841053e+02 4.942533e+02 4.500000e+00
      vertex   1.815696e+02 4.959563e+02 1.500000e+00
    endloop
  endfacet
  facet normal -6.538951e-01 2.708522e-01 7.064420e-01
    outer loop
      vertex   1.815696e+02 4.959563e+02 1.500000e+00
      vertex   1.841053e+02 4.942533e+02 4.500000e+00
      vertex   1.842551e+02 4.946150e+02 4.500000e+00
    endloop
  endfacet
  facet normal -5.846542e-01 4.035577e-01 7.037902e-01
    outer loop
      vertex   1.815696e+02 4.959563e+02 1.500000e+00
      vertex   1.842551e+02 4.946150e+02 4.500000e+00
      vertex   1.821859e+02 4.968491e+02 1.500000e+00
    endloop
  endfacet
  facet normal -5.608304e-01 4.303403e-01 7.073022e-01
    outer loop
      vertex   1.821859e+02 4.968491e+02 1.500000e+00
      vertex   1.842551e+02 4.946150e+02 4.500000e+00
      vertex   1.844935e+02 4.949257e+02 4.500000e+00
    endloop
  endfacet
  facet normal -4.712546e-01 5.319365e-01 7.035358e-01
    outer loop
      vertex   1.821859e+02 4.968491e+02 1.500000e+00
      vertex   1.844935e+02 4.949257e+02 4.500000e+00
      vertex   1.829979e+02 4.975685e+02 1.500000e+00
    endloop
  endfacet
  facet normal -4.299481e-01 5.603192e-01 7.079457e-01
    outer loop
      vertex   1.829979e+02 4.975685e+02 1.500000e+00
      vertex   1.844935e+02 4.949257e+02 4.500000e+00
      vertex   1.848042e+02 4.951641e+02 4.500000e+00
    endloop
  endfacet
  facet normal -3.303438e-01 6.294174e-01 7.033539e-01
    outer loop
      vertex   1.829979e+02 4.975685e+02 1.500000e+00
      vertex   1.848042e+02 4.951641e+02 4.500000e+00
      vertex   1.839584e+02 4.980726e+02 1.500000e+00
    endloop
  endfacet
  facet normal -2.701123e-01 6.521088e-01 7.083738e-01
    outer loop
      vertex   1.839584e+02 4.980726e+02 1.500000e+00
      vertex   1.848042e+02 4.951641e+02 4.500000e+00
      vertex   1.851659e+02 4.953139e+02 4.500000e+00
    endloop
  endfacet
  facet normal -1.701410e-01 6.902891e-01 7.032446e-01
    outer loop
      vertex   1.839584e+02 4.980726e+02 1.500000e+00
      vertex   1.851659e+02 4.953139e+02 4.500000e+00
      vertex   1.850118e+02 4.983322e+02 1.500000e+00
    endloop
  endfacet
  facet normal -9.210227e-02 6.995862e-01 7.085876e-01
    outer loop
      vertex   1.850118e+02 4.983322e+02 1.500000e+00
      vertex   1.851659e+02 4.953139e+02 4.500000e+00
      vertex   1.855542e+02 4.953650e+02 4.500000e+00
    endloop
  endfacet
  facet normal -0.000000e+00 7.109840e-01 7.032082e-01
    outer loop
      vertex   1.850118e+02 4.983322e+02 1.500000e+00
      vertex   1.855542e+02 4.953650e+02 4.500000e+00
      vertex   1.860966e+02 4.983322e+02 1.500000e+00
    endloop
  endfacet
  facet normal 9.210227e-02 6.995862e-01 7.085876e-01
    outer loop
      vertex   1.860966e+02 4.983322e+02 1.500000e+00
      vertex   1.855542e+02 4.953650e+02 4.500000e+00
      vertex   1.859424e+02 4.953139e+02 4.500000e+00
    endloop
  endfacet
  facet normal 1.701410e-01 6.902891e-01 7.032446e-01
    outer loop
      vertex   1.860966e+02 4.983322e+02 1.500000e+00
      vertex   1.859424e+02 4.953139e+02 4.500000e+00
      vertex   1.871499e+02 4.980726e+02 1.500000e+00
    endloop
  endfacet
  facet normal 2.701123e-01 6.521088e-01 7.083738e-01
    outer loop
      vertex   1.871499e+02 4.980726e+02 1.500000e+00
      vertex   1.859424e+02 4.953139e+02 4.500000e+00
      vertex   1.863042e+02 4.951641e+02 4.500000e+00
    endloop
  endfacet
  facet normal 3.303438e-01 6.294174e-01 7.033539e-01
    outer loop
      vertex   1.871499e+02 4.980726e+02 1.500000e+00
      vertex   1.863042e+02 4.951641e+02 4.500000e+00
      vertex   1.881105e+02 4.975685e+02 1.500000e+00
    endloop
  endfacet
  facet normal 4.299481e-01 5.603192e-01 7.079457e-01
    outer loop
      vertex   1.881105e+02 4.975685e+02 1.500000e+00
      vertex   1.863042e+02 4.951641e+02 4.500000e+00
      vertex   1.866148e+02 4.949257e+02 4.500000e+00
    endloop
  endfacet
  facet normal 4.712546e-01 5.319365e-01 7.035358e-01
    outer loop
      vertex   1.881105e+02 4.975685e+02 1.500000e+00
      vertex   1.866148e+02 4.949257e+02 4.500000e+00
      vertex   1.889225e+02 4.968491e+02 1.500000e+00
    endloop
  endfacet
  facet normal 5.608304e-01 4.303403e-01 7.073022e-01
    outer loop
      vertex   1.889225e+02 4.968491e+02 1.500000e+00
      vertex   1.866148e+02 4.949257e+02 4.500000e+00
      vertex   1.868532e+02 4.946150e+02 4.500000e+00
    endloop
  endfacet
  facet normal 5.846542e-01 4.035577e-01 7.037902e-01
    outer loop
      vertex   1.889225e+02 4.968491e+02 1.500000e+00
      vertex   1.868532e+02 4.946150e+02 4.500000e+00
      vertex   1.895387e+02 4.959563e+02 1.500000e+00
    endloop
  endfacet
  facet normal 6.538951e-01 2.708522e-01 7.064420e-01
    outer loop
      vertex   1.895387e+02 4.959563e+02 1.500000e+00
      vertex   1.868532e+02 4.946150e+02 4.500000e+00
      vertex   1.870031e+02 4.942533e+02 4.500000e+00
    endloop
  endfacet
  facet normal 6.639404e-01 2.517994e-01 7.041167e-01
    outer loop
      vertex   1.895387e+02 4.959563e+02 1.500000e+00
      vertex   1.870031e+02 4.942533e+02 4.500000e+00
      vertex   1.899234e+02 4.949419e+02 1.500000e+00
    endloop
  endfacet
  facet normal 7.027820e-01 9.252301e-02 7.053630e-01
    outer loop
      vertex   1.899234e+02 4.949419e+02 1.500000e+00
      vertex   1.870031e+02 4.942533e+02 4.500000e+00
      vertex   1.870542e+02 4.938650e+02 4.500000e+00
    endloop
  endfacet
  facet normal 7.045148e-01 8.554359e-02 7.045148e-01
    outer loop
      vertex   1.899234e+02 4.949419e+02 1.500000e+00
      vertex   1.870542e+02 4.938650e+02 4.500000e+00
      vertex   1.900542e+02 4.938650e+02 1.500000e+00
    endloop
  endfacet
  facet normal 7.045148e-01 -8.554359e-02 7.045148e-01
    outer loop
      vertex   1.900542e+02 4.938650e+02 1.500000e+00
      vertex   1.870542e+02 4.938650e+02 4.500000e+00
      vertex   1.899234e+02 4.927881e+02 1.500000e+00
    endloop
  endfacet
  facet normal 7.027820e-01 -9.252301e-02 7.053630e-01
    outer loop
      vertex   1.899234e+02 4.927881e+02 1.500000e+00
      vertex   1.870542e+02 4.938650e+02 4.500000e+00
      vertex   1.870031e+02 4.934768e+02 4.500000e+00
    endloop
  endfacet
  facet normal 6.639404e-01 -2.517994e-01 7.041167e-01
    outer loop
      vertex   1.899234e+02 4.927881e+02 1.500000e+00
      vertex   1.870031e+02 4.934768e+02 4.500000e+00
      vertex   1.895387e+02 4.917738e+02 1.500000e+00
    endloop
  endfacet
  facet normal 6.538951e-01 -2.708522e-01 7.064420e-01
    outer loop
      vertex   1.895387e+02 4.917738e+02 1.500000e+00
      vertex   1.870031e+02 4.934768e+02 4.500000e+00
      vertex   1.868532e+02 4.931150e+02 4.500000e+00
    endloop
  endfacet
  facet normal 5.846542e-01 -4.035577e-01 7.037902e-01
    outer loop
      vertex   1.895387e+02 4.917738e+02 1.500000e+00
      vertex   1.868532e+02 4.931150e+02 4.500000e+00
      vertex   1.889225e+02 4.908810e+02 1.500000e+00
    endloop
  endfacet
  facet normal 5.608304e-01 -4.303403e-01 7.073022e-01
    outer loop
      vertex   1.889225e+02 4.908810e+02 1.500000e+00
      vertex   1.868532e+02 4.931150e+02 4.500000e+00
      vertex   1.866148e+02 4.928044e+02 4.500000e+00
    endloop
  endfacet
  facet normal 4.712546e-01 -5.319365e-01 7.035358e-01
    outer loop
      vertex   1.889225e+02 4.908810e+02 1.500000e+00
      vertex   1.866148e+02 4.928044e+02 4.500000e+00
      vertex   1.881105e+02 4.901616e+02 1.500000e+00
    endloop
  endfacet
  facet normal 4.299481e-01 -5.603192e-01 7.079457e-01
    outer loop
      vertex   1.881105e+02 4.901616e+02 1.500000e+00
      vertex   1.866148e+02 4.928044e+02 4.500000e+00
      vertex   1.863042e+02 4.925660e+02 4.500000e+00
    endloop
  endfacet
  facet normal 3.303438e-01 -6.294174e-01 7.033539e-01
    outer loop
      vertex   1.881105e+02 4.901616e+02 1.500000e+00
      vertex   1.863042e+02 4.925660e+02 4.500000e+00
      vertex   1.871499e+02 4.896575e+02 1.500000e+00
    endloop
  endfacet
  facet normal 2.701123e-01 -6.521088e-01 7.083738e-01
    outer loop
      vertex   1.871499e+02 4.896575e+02 1.500000e+00
      vertex   1.863042e+02 4.925660e+02 4.500000e+00
      vertex   1.859424e+02 4.924161e+02 4.500000e+00
    endloop
  endfacet
  facet normal 1.701410e-01 -6.902891e-01 7.032446e-01
    outer loop
      vertex   1.871499e+02 4.896575e+02 1.500000e+00
      vertex   1.859424e+02 4.924161e+02 4.500000e+00
      vertex   1.860966e+02 4.893978e+02 1.500000e+00
    endloop
  endfacet
  facet normal 9.210227e-02 -6.995862e-01 7.085876e-01
    outer loop
      vertex   1.860966e+02 4.893978e+02 1.500000e+00
      vertex   1.859424e+02 4.924161e+02 4.500000e+00
      vertex   1.855542e+02 4.923650e+02 4.500000e+00
    endloop
  endfacet
  facet normal 0.000000e+00 -7.109840e-01 7.032082e-01
    outer loop
      vertex   1.860966e+02 4.893978e+02 1.500000e+00
      vertex   1.855542e+02 4.923650e+02 4.500000e+00
      vertex   1.850118e+02 4.893978e+02 1.500000e+00
    endloop
  endfacet
  facet normal -9.210227e-02 -6.995862e-01 7.085876e-01
    outer loop
      vertex   1.850118e+02 4.893978e+02 1.500000e+00
      vertex   1.855542e+02 4.923650e+02 4.500000e+00
      vertex   1.851659e+02 4.924161e+02 4.500000e+00
    endloop
  endfacet
  facet normal -1.701410e-01 -6.902891e-01 7.032446e-01
    outer loop
      vertex   1.850118e+02 4.893978e+02 1.500000e+00
      vertex   1.851659e+02 4.924161e+02 4.500000e+00
      vertex   1.839584e+02 4.896575e+02 1.500000e+00
    endloop
  endfacet
  facet normal -2.701123e-01 -6.521088e-01 7.083738e-01
    outer loop
      vertex   1.839584e+02 4.896575e+02 1.500000e+00
      vertex   1.851659e+02 4.924161e+02 4.500000e+00
      vertex   1.848042e+02 4.925660e+02 4.500000e+00
    endloop
  endfacet
  facet normal -3.303438e-01 -6.294174e-01 7.033539e-01
    outer loop
      vertex   1.839584e+02 4.896575e+02 1.500000e+00
      vertex   1.848042e+02 4.925660e+02 4.500000e+00
      vertex   1.829979e+02 4.901616e+02 1.500000e+00
    endloop
  endfacet
  facet normal -4.299481e-01 -5.603192e-01 7.079457e-01
    outer loop
      vertex   1.829979e+02 4.901616e+02 1.500000e+00
      vertex   1.848042e+02 4.925660e+02 4.500000e+00
      vertex   1.844935e+02 4.928044e+02 4.500000e+00
    endloop
  endfacet
  facet normal -4.712546e-01 -5.319365e-01 7.035358e-01
    outer loop
      vertex   1.829979e+02 4.901616e+02 1.500000e+00
      vertex   1.844935e+02 4.928044e+02 4.500000e+00
      vertex   1.821859e+02 4.908810e+02 1.500000e+00
    endloop
  endfacet
  facet normal -5.608304e-01 -4.303403e-01 7.073022e-01
    outer loop
      vertex   1.821859e+02 4.908810e+02 1.500000e+00
      vertex   1.844935e+02 4.928044e+02 4.500000e+00
      vertex   1.842551e+02 4.931150e+02 4.500000e+00
    endloop
  endfacet
  facet normal -5.846542e-01 -4.035577e-01 7.037902e-01
    outer loop
      vertex   1.821859e+02 4.908810e+02 1.500000e+00
      vertex   1.842551e+02 4.931150e+02 4.500000e+00
      vertex   1.815696e+02 4.917738e+02 1.500000e+00
    endloop
  endfacet
  facet normal -6.538951e-01 -2.708522e-01 7.064420e-01
    outer loop
      vertex   1.815696e+02 4.917738e+02 1.500000e+00
      vertex   1.842551e+02 4.931150e+02 4.500000e+00
      vertex   1.841053e+02 4.934768e+02 4.500000e+00
    endloop
  endfacet
  facet normal -6.639404e-01 -2.517994e-01 7.041167e-01
    outer loop
      vertex   1.815696e+02 4.917738e+02 1.500000e+00
      vertex   1.841053e+02 4.934768e+02 4.500000e+00
      vertex   1.811849e+02 4.927881e+02 1.500000e+00
    endloop
  endfacet
  facet normal -7.027820e-01 -9.252301e-02 7.053630e-01
    outer loop
      vertex   1.811849e+02 4.927881e+02 1.500000e+00
      vertex   1.841053e+02 4.934768e+02 4.500000e+00
      vertex   1.840542e+02 4.938650e+02 4.500000e+00
    endloop
  endfacet
  facet normal -9.914449e-01 1.305262e-01 0.000000e+00
    outer loop
      vertex   1.841053e+02 4.942533e+02 1.000000e+01
      vertex   1.841053e+02 4.942533e+02 4.500000e+00
      vertex   1.840542e+02 4.938650e+02 1.000000e+01
    endloop
  endfacet
  facet normal -9.914449e-01 1.305262e-01 0.000000e+00
    outer loop
      vertex   1.840542e+02 4.938650e+02 1.000000e+01
      vertex   1.841053e+02 4.942533e+02 4.500000e+00
      vertex   1.840542e+02 4.938650e+02 4.500000e+00
    endloop
  endfacet
  facet normal -9.914449e-01 -1.305262e-01 -0.000000e+00
    outer loop
      vertex   1.840542e+02 4.938650e+02 1.000000e+01
      vertex   1.840542e+02 4.938650e+02 4.500000e+00
      vertex   1.841053e+02 4.934768e+02 1.000000e+01
    endloop
  endfacet
  facet normal -9.914449e-01 -1.305262e-01 -0.000000e+00
    outer loop
      vertex   1.841053e+02 4.934768e+02 1.000000e+01
      vertex   1.840542e+02 4.938650e+02 4.500000e+00
      vertex   1.841053e+02 4.934768e+02 4.500000e+00
    endloop
  endfacet
  facet normal -9.238795e-01 -3.826834e-01 -0.000000e+00
    outer loop
      vertex   1.841053e+02 4.934768e+02 1.000000e+01
      vertex   1.841053e+02 4.934768e+02 4.500000e+00
      vertex   1.842551e+02 4.931150e+02 1.000000e+01
    endloop
  endfacet
  facet normal -9.238795e-01 -3.826834e-01 -0.000000e+00
    outer loop
      vertex   1.842551e+02 4.931150e+02 1.000000e+01
      vertex   1.841053e+02 4.934768e+02 4.500000e+00
      vertex   1.842551e+02 4.931150e+02 4.500000e+00
    endloop
  endfacet
  facet normal -7.933533e-01 -6.087614e-01 -0.000000e+00
    outer loop
      vertex   1.842551e+02 4.931150e+02 1.000000e+01
      vertex   1.842551e+02 4.931150e+02 4.500000e+00
      vertex   1.844935e+02 4.928044e+02 1.000000e+01
    endloop
  endfacet
  facet normal -7.933533e-01 -6.087614e-01 -0.000000e+00
    outer loop
      vertex   1.844935e+02 4.928044e+02 1.000000e+01
      vertex   1.842551e+02 4.931150e+02 4.500000e+00
      vertex   1.844935e+02 4.928044e+02 4.500000e+00
    endloop
  endfacet
  facet normal -6.087614e-01 -7.933533e-01 -0.000000e+00
    outer loop
      vertex   1.844935e+02 4.928044e+02 1.000000e+01
      vertex   1.844935e+02 4.928044e+02 4.500000e+00
      vertex   1.848042e+02 4.925660e+02 1.000000e+01
    endloop
  endfacet
  facet normal -6.087614e-01 -7.933533e-01 -3.145826e-15
    outer loop
      vertex   1.848042e+02 4.925660e+02 1.000000e+01
      vertex   1.844935e+02 4.928044e+02 4.500000e+00
      vertex   1.848042e+02 4.925660e+02 4.500000e+00
    endloop
  endfacet
  facet normal -3.826834e-01 -9.238795e-01 -1.977549e-15
    outer loop
      vertex   1.848042e+02 4.925660e+02 1.000000e+01
      vertex   1.848042e+02 4.925660e+02 4.500000e+00
      vertex   1.851659e+02 4.924161e+02 1.000000e+01
    endloop
  endfacet
  facet normal -3.826834e-01 -9.238795e-01 -0.000000e+00
    outer loop
      vertex   1.851659e+02 4.924161e+02 1.000000e+01
      vertex   1.848042e+02 4.925660e+02 4.500000e+00
      vertex   1.851659e+02 4.924161e+02 4.500000e+00
    endloop
  endfacet
  facet normal -1.305262e-01 -9.914449e-01 -0.000000e+00
    outer loop
      vertex   1.851659e+02 4.924161e+02 1.000000e+01
      vertex   1.851659e+02 4.924161e+02 4.500000e+00
      vertex   1.855542e+02 4.923650e+02 1.000000e+01
    endloop
  endfacet
  facet normal -1.305262e-01 -9.914449e-01 -0.000000e+00
    outer loop
      vertex   1.855542e+02 4.923650e+02 1.000000e+01
      vertex   1.851659e+02 4.924161e+02 4.500000e+00
      vertex   1.855542e+02 4.923650e+02 4.500000e+00
    endloop
  endfacet
  facet normal 1.305262e-01 -9.914449e-01 0.000000e+00
    outer loop
      vertex   1.855542e+02 4.923650e+02 1.000000e+01
      vertex   1.855542e+02 4.923650e+02 4.500000e+00
      vertex   1.859424e+02 4.924161e+02 1.000000e+01
    endloop
  endfacet
  facet normal 1.305262e-01 -9.914449e-01 0.000000e+00
    outer loop
      vertex   1.859424e+02 4.924161e+02 1.000000e+01
      vertex   1.855542e+02 4.923650e+02 4.500000e+00
      vertex   1.859424e+02 4.924161e+02 4.500000e+00
    endloop
  endfacet
  facet normal 3.826834e-01 -9.238795e-01 0.000000e+00
    outer loop
      vertex   1.859424e+02 4.924161e+02 1.000000e+01
      vertex   1.859424e+02 4.924161e+02 4.500000e+00
      vertex   1.863042e+02 4.925660e+02 1.000000e+01
    endloop
  endfacet
  facet normal 3.826834e-01 -9.238795e-01 1.977549e-15
    outer loop
      vertex   1.863042e+02 4.925660e+02 1.000000e+01
      vertex   1.859424e+02 4.924161e+02 4.500000e+00
      vertex   1.863042e+02 4.925660e+02 4.500000e+00
    endloop
  endfacet
  facet normal 6.087614e-01 -7.933533e-01 3.145826e-15
    outer loop
      vertex   1.863042e+02 4.925660e+02 1.000000e+01
      vertex   1.863042e+02 4.925660e+02 4.500000e+00
      vertex   1.866148e+02 4.928044e+02 1.000000e+01
    endloop
  endfacet
  facet normal 6.087614e-01 -7.933533e-01 0.000000e+00
    outer loop
      vertex   1.866148e+02 4.928044e+02 1.000000e+01
      vertex   1.863042e+02 4.925660e+02 4.500000e+00
      vertex   1.866148e+02 4.928044e+02 4.500000e+00
    endloop
  endfacet
  facet normal 7.933533e-01 -6.087614e-01 0.000000e+00
    outer loop
      vertex   1.866148e+02 4.928044e+02 1.000000e+01
      vertex   1.866148e+02 4.928044e+02 4.500000e+00
      vertex   1.868532e+02 4.931150e+02 1.000000e+01
    endloop
  endfacet
  facet normal 7.933533e-01 -6.087614e-01 0.000000e+00
    outer loop
      vertex   1.868532e+02 4.931150e+02 1.000000e+01
      vertex   1.866148e+02 4.928044e+02 4.500000e+00
      vertex   1.868532e+02 4.931150e+02 4.500000e+00
    endloop
  endfacet
  facet normal 9.238795e-01 -3.826834e-01 0.000000e+00
    outer loop
      vertex   1.868532e+02 4.931150e+02 1.000000e+01
      vertex   1.868532e+02 4.931150e+02 4.500000e+00
      vertex   1.870031e+02 4.934768e+02 1.000000e+01
    endloop
  endfacet
  facet normal 9.238795e-01 -3.826834e-01 0.000000e+00
    outer loop
      vertex   1.870031e+02 4.934768e+02 1.000000e+01
      vertex   1.868532e+02 4.931150e+02 4.500000e+00
      vertex   1.870031e+02 4.934768e+02 4.500000e+00
    endloop
  endfacet
  facet normal 9.914449e-01 -1.305262e-01 0.000000e+00
    outer loop
      vertex   1.870031e+02 4.934768e+02 1.000000e+01
      vertex   1.870031e+02 4.934768e+02 4.500000e+00
      vertex   1.870542e+02 4.938650e+02 1.000000e+01
    endloop
  endfacet
  facet normal 9.914449e-01 -1.305262e-01 0.000000e+00
    outer loop
      vertex   1.870542e+02 4.938650e+02 1.000000e+01
      vertex   1.870031e+02 4.934768e+02 4.500000e+00
      vertex   1.870542e+02 4.938650e+02 4.500000e+00
    endloop
  endfacet
  facet normal 9.914449e-01 1.305262e-01 0.000000e+00
    outer loop
      vertex   1.870542e+02 4.938650e+02 1.000000e+01
      vertex   1.870542e+02 4.938650e+02 4.500000e+00
      vertex   1.870031e+02 4.942533e+02 1.000000e+01
    endloop
  endfacet
  facet normal 9.914449e-01 1.305262e-01 0.000000e+00
    outer loop
      vertex   1.870031e+02 4.942533e+02 1.000000e+01
      vertex   1.870542e+02 4.938650e+02 4.500000e+00
      vertex   1.870031e+02 4.942533e+02 4.500000e+00
    endloop
  endfacet
  facet normal 9.238795e-01 3.826834e-01 0.000000e+00
    outer loop
      vertex   1.870031e+02 4.942533e+02 1.000000e+01
      vertex   1.870031e+02 4.942533e+02 4.500000e+00
      vertex   1.868532e+02 4.946150e+02 1.000000e+01
    endloop
  endfacet
  facet normal 9.238795e-01 3.826834e-01 0.000000e+00
    outer loop
      vertex   1.868532e+02 4.946150e+02 1.000000e+01
      vertex   1.870031e+02 4.942533e+02 4.500000e+00
      vertex   1.868532e+02 4.946150e+02 4.500000e+00
    endloop
  endfacet
  facet normal 7.933533e-01 6.087614e-01 0.000000e+00
    outer loop
      vertex   1.868532e+02 4.946150e+02 1.000000e+01
      vertex   1.868532e+02 4.946150e+02 4.500000e+00
      vertex   1.866148e+02 4.949257e+02 1.000000e+01
    endloop
  endfacet
  facet normal 7.933533e-01 6.087614e-01 0.000000e+00
    outer loop
      vertex   1.866148e+02 4.949257e+02 1.000000e+01
      vertex   1.868532e+02 4.946150e+02 4.500000e+00
      vertex   1.866148e+02 4.949257e+02 4.500000e+00
    endloop
  endfacet
  facet normal 6.087614e-01 7.933533e-01 0.000000e+00
    outer loop
      vertex   1.866148e+02 4.949257e+02 1.000000e+01
      vertex   1.866148e+02 4.949257e+02 4.500000e+00
      vertex   1.863042e+02 4.951641e+02 1.000000e+01
    endloop
  endfacet
  facet normal 6.087614e-01 7.933533e-01 -3.145826e-15
    outer loop
      vertex   1.863042e+02 4.951641e+02 1.000000e+01
      vertex   1.866148e+02 4.949257e+02 4.500000e+00
      vertex   1.863042e+02 4.951641e+02 4.500000e+00
    endloop
  endfacet
  facet normal 3.826834e-01 9.238795e-01 -1.977549e-15
    outer loop
      vertex   1.863042e+02 4.951641e+02 1.000000e+01
      vertex   1.863042e+02 4.951641e+02 4.500000e+00
      vertex   1.859424e+02 4.953139e+02 1.000000e+01
    endloop
  endfacet
  facet normal 3.826834e-01 9.238795e-01 0.000000e+00
    outer loop
      vertex   1.859424e+02 4.953139e+02 1.000000e+01
      vertex   1.863042e+02 4.951641e+02 4.500000e+00
      vertex   1.859424e+02 4.953139e+02 4.500000e+00
    endloop
  endfacet
  facet normal 1.305262e-01 9.914449e-01 0.000000e+00
    outer loop
      vertex   1.859424e+02 4.953139e+02 1.000000e+01
      vertex   1.859424e+02 4.953139e+02 4.500000e+00
      vertex   1.855542e+02 4.953650e+02 1.000000e+01
    endloop
  endfacet
  facet normal 1.305262e-01 9.914449e-01 0.000000e+00
    outer loop
      vertex   1.855542e+02 4.953650e+02 1.000000e+01
      vertex   1.859424e+02 4.953139e+02 4.500000e+00
      vertex   1.855542e+02 4.953650e+02 4.500000e+00
    endloop
  endfacet
  facet normal -1.305262e-01 9.914449e-01 0.000000e+00
    outer loop
      vertex   1.855542e+02 4.953650e+02 1.000000e+01
      vertex   1.855542e+02 4.953650e+02 4.500000e+00
      vertex   1.851659e+02 4.953139e+02 1.000000e+01
    endloop
  endfacet
  facet normal -1.305262e-01 9.914449e-01 0.000000e+00
    outer loop
      vertex   1.851659e+02 4.953139e+02 1.000000e+01
      vertex   1.855542e+02 4.953650e+02 4.500000e+00
      vertex   1.851659e+02 4.953139e+02 4.500000e+00
    endloop
  endfacet
  facet normal -3.826834e-01 9.238795e-01 0.000000e+00
    outer loop
      vertex   1.851659e+02 4.953139e+02 1.000000e+01
      vertex   1.851659e+02 4.953139e+02 4.500000e+00
      vertex   1.848042e+02 4.951641e+02 1.000000e+01
    endloop
  endfacet
  facet normal -3.826834e-01 9.238795e-01 1.977549e-15
    outer loop
      vertex   1.848042e+02 4.951641e+02 1.000000e+01
      vertex   1.851659e+02 4.953139e+02 4.500000e+00
      vertex   1.848042e+02 4.951641e+02 4.500000e+00
    endloop
  endfacet
  facet normal -6.087614e-01 7.933533e-01 3.145826e-15
    outer loop
      vertex   1.848042e+02 4.951641e+02 1.000000e+01
      vertex   1.848042e+02 4.951641e+02 4.500000e+00
      vertex   1.844935e+02 4.949257e+02 1.000000e+01
    endloop
  endfacet
  facet normal -6.087614e-01 7.933533e-01 0.000000e+00
    outer loop
      vertex   1.844935e+02 4.949257e+02 1.000000e+01
      vertex   1.848042e+02 4.951641e+02 4.500000e+00
      vertex   1.844935e+02 4.949257e+02 4.500000e+00
    endloop
  endfacet
  facet normal -7.933533e-01 6.087614e-01 0.000000e+00
    outer loop
      vertex   1.844935e+02 4.949257e+02 1.000000e+01
      vertex   1.844935e+02 4.949257e+02 4.500000e+00
      vertex   1.842551e+02 4.946150e+02 1.000000e+01
    endloop
  endfacet
  facet normal -7.933533e-01 6.087614e-01 0.000000e+00
    outer loop
      vertex   1.842551e+02 4.946150e+02 1.000000e+01
      vertex   1.844935e+02 4.949257e+02 4.500000e+00
      vertex   1.842551e+02 4.946150e+02 4.500000e+00
    endloop
  endfacet
  facet normal -9.238795e-01 3.826834e-01 0.000000e+00
    outer loop
      vertex   1.842551e+02 4.946150e+02 1.000000e+01
      vertex   1.842551e+02 4.946150e+02 4.500000e+00
      vertex   1.841053e+02 4.942533e+02 1.000000e+01
    endloop
  endfacet
  facet normal -9.238795e-01 3.826834e-01 0.000000e+00
    outer loop
      vertex   1.841053e+02 4.942533e+02 1.000000e+01
      vertex   1.842551e+02 4.946150e+02 4.500000e+00
      vertex   1.841053e+02 4.942533e+02 4.500000e+00
    endloop
  endfacet
  facet normal -7.027820e-01 9.252301e-02 7.053630e-01
    outer loop
      vertex   1.954509e+02 4.931408e+02 4.500000e+00
      vertex   1.925305e+02 4.938295e+02 1.500000e+00
      vertex   1.953998e+02 4.927526e+02 4.500000e+00
    endloop
  endfacet
  facet normal -7.045148e-01 8.554359e-02 7.045148e-01
    outer loop
      vertex   1.953998e+02 4.927526e+02 4.500000e+00
      vertex   1.925305e+02 4.938295e+02 1.500000e+00
      vertex   1.923998e+02 4.927526e+02 1.500000e+00
    endloop
  endfacet
  facet normal -7.045148e-01 -8.554359e-02 7.045148e-01
    outer loop
      vertex   1.953998e+02 4.927526e+02 4.500000e+00
      vertex   1.923998e+02 4.927526e+02 1.500000e+00
      vertex   1.925305e+02 4.916757e+02 1.500000e+00
    endloop
  endfacet
  facet normal -6.639404e-01 2.517994e-01 7.041167e-01
    outer loop
      vertex   1.925305e+02 4.938295e+02 1.500000e+00
      vertex   1.954509e+02 4.931408e+02 4.500000e+00
      vertex   1.929152e+02 4.948438e+02 1.500000e+00
    endloop
  endfacet
  facet normal -6.538951e-01 2.708522e-01 7.064420e-01
    outer loop
      vertex   1.929152e+02 4.948438e+02 1.500000e+00
      vertex   1.954509e+02 4.931408e+02 4.500000e+00
      vertex   1.956007e+02 4.935026e+02 4.500000e+00
    endloop
  endfacet
  facet normal -5.846542e-01 4.035577e-01 7.037902e-01
    outer loop
      vertex   1.929152e+02 4.948438e+02 1.500000e+00
      vertex   1.956007e+02 4.935026e+02 4.500000e+00
      vertex   1.935315e+02 4.957366e+02 1.500000e+00
    endloop
  endfacet
  facet normal -5.608304e-01 4.303403e-01 7.073022e-01
    outer loop
      vertex   1.935315e+02 4.957366e+02 1.500000e+00
      vertex   1.956007e+02 4.935026e+02 4.500000e+00
      vertex   1.958391e+02 4.938132e+02 4.500000e+00
    endloop
  endfacet
  facet normal -4.712546e-01 5.319365e-01 7.035358e-01
    outer loop
      vertex   1.935315e+02 4.957366e+02 1.500000e+00
      vertex   1.958391e+02 4.938132e+02 4.500000e+00
      vertex   1.943435e+02 4.964560e+02 1.500000e+00
    endloop
  endfacet
  facet normal -4.299481e-01 5.603192e-01 7.079457e-01
    outer loop
      vertex   1.943435e+02 4.964560e+02 1.500000e+00
      vertex   1.958391e+02 4.938132e+02 4.500000e+00
      vertex   1.961498e+02 4.940516e+02 4.500000e+00
    endloop
  endfacet
  facet normal -3.303438e-01 6.294174e-01 7.033539e-01
    outer loop
      vertex   1.943435e+02 4.964560e+02 1.500000e+00
      vertex   1.961498e+02 4.940516e+02 4.500000e+00
      vertex   1.953040e+02 4.969602e+02 1.500000e+00
    endloop
  endfacet
  facet normal -2.701123e-01 6.521088e-01 7.083738e-01
    outer loop
      vertex   1.953040e+02 4.969602e+02 1.500000e+00
      vertex   1.961498e+02 4.940516e+02 4.500000e+00
      vertex   1.965115e+02 4.942015e+02 4.500000e+00
    endloop
  endfacet
  facet normal -1.701410e-01 6.902891e-01 7.032446e-01
    outer loop
      vertex   1.953040e+02 4.969602e+02 1.500000e+00
      vertex   1.965115e+02 4.942015e+02 4.500000e+00
      vertex   1.963573e+02 4.972198e+02 1.500000e+00
    endloop
  endfacet
  facet normal -9.210227e-02 6.995862e-01 7.085876e-01
    outer loop
      vertex   1.963573e+02 4.972198e+02 1.500000e+00
      vertex   1.965115e+02 4.942015e+02 4.500000e+00
      vertex   1.968998e+02 4.942526e+02 4.500000e+00
    endloop
  endfacet
  facet normal -0.000000e+00 7.109840e-01 7.032082e-01
    outer loop
      vertex   1.963573e+02 4.972198e+02 1.500000e+00
      vertex   1.968998e+02 4.942526e+02 4.500000e+00
      vertex   1.974422e+02 4.972198e+02 1.500000e+00
    endloop
  endfacet
  facet normal 9.210227e-02 6.995862e-01 7.085876e-01
    outer loop
      vertex   1.974422e+02 4.972198e+02 1.500000e+00
      vertex   1.968998e+02 4.942526e+02 4.500000e+00
      vertex   1.972880e+02 4.942015e+02 4.500000e+00
    endloop
  endfacet
  facet normal 1.701410e-01 6.902891e-01 7.032446e-01
    outer loop
      vertex   1.974422e+02 4.972198e+02 1.500000e+00
      vertex   1.972880e+02 4.942015e+02 4.500000e+00
      vertex   1.984955e+02 4.969602e+02 1.500000e+00
    endloop
  endfacet
  facet normal 2.701123e-01 6.521088e-01 7.083738e-01
    outer loop
      vertex   1.984955e+02 4.969602e+02 1.500000e+00
      vertex   1.972880e+02 4.942015e+02 4.500000e+00
      vertex   1.976498e+02 4.940516e+02 4.500000e+00
    endloop
  endfacet
  facet normal 3.303438e-01 6.294174e-01 7.033539e-01
    outer loop
      vertex   1.984955e+02 4.969602e+02 1.500000e+00
      vertex   1.976498e+02 4.940516e+02 4.500000e+00
      vertex   1.994560e+02 4.964560e+02 1.500000e+00
    endloop
  endfacet
  facet normal 4.299481e-01 5.603192e-01 7.079457e-01
    outer loop
      vertex   1.994560e+02 4.964560e+02 1.500000e+00
      vertex   1.976498e+02 4.940516e+02 4.500000e+00
      vertex   1.979604e+02 4.938132e+02 4.500000e+00
    endloop
  endfacet
  facet normal 4.712546e-01 5.319365e-01 7.035358e-01
    outer loop
      vertex   1.994560e+02 4.964560e+02 1.500000e+00
      vertex   1.979604e+02 4.938132e+02 4.500000e+00
      vertex   2.002681e+02 4.957366e+02 1.500000e+00
    endloop
  endfacet
  facet normal 5.608304e-01 4.303403e-01 7.073022e-01
    outer loop
      vertex   2.002681e+02 4.957366e+02 1.500000e+00
      vertex   1.979604e+02 4.938132e+02 4.500000e+00
      vertex   1.981988e+02 4.935026e+02 4.500000e+00
    endloop
  endfacet
  facet normal 5.846542e-01 4.035577e-01 7.037902e-01
    outer loop
      vertex   2.002681e+02 4.957366e+02 1.500000e+00
      vertex   1.981988e+02 4.935026e+02 4.500000e+00
      vertex   2.008843e+02 4.948438e+02 1.500000e+00
    endloop
  endfacet
  facet normal 6.538951e-01 2.708522e-01 7.064420e-01
    outer loop
      vertex   2.008843e+02 4.948438e+02 1.500000e+00
      vertex   1.981988e+02 4.935026e+02 4.500000e+00
      vertex   1.983486e+02 4.931408e+02 4.500000e+00
    endloop
  endfacet
  facet normal 6.639404e-01 2.517994e-01 7.041167e-01
    outer loop
      vertex   2.008843e+02 4.948438e+02 1.500000e+00
      vertex   1.983486e+02 4.931408e+02 4.500000e+00
      vertex   2.012690e+02 4.938295e+02 1.500000e+00
    endloop
  endfacet
  facet normal 7.027820e-01 9.252301e-02 7.053630e-01
    outer loop
      vertex   2.012690e+02 4.938295e+02 1.500000e+00
      vertex   1.983486e+02 4.931408e+02 4.500000e+00
      vertex   1.983998e+02 4.927526e+02 4.500000e+00
    endloop
  endfacet
  facet normal 7.045148e-01 8.554359e-02 7.045148e-01
    outer loop
      vertex   2.012690e+02 4.938295e+02 1.500000e+00
      vertex   1.983998e+02 4.927526e+02 4.500000e+00
      vertex   2.013998e+02 4.927526e+02 1.500000e+00
    endloop
  endfacet
  facet normal 7.045148e-01 -8.554359e-02 7.045148e-01
    outer loop
      vertex   2.013998e+02 4.927526e+02 1.500000e+00
      vertex   1.983998e+02 4.927526e+02 4.500000e+00
      vertex   2.012690e+02 4.916757e+02 1.500000e+00
    endloop
  endfacet
  facet normal 7.027820e-01 -9.252301e-02 7.053630e-01
    outer loop
      vertex   2.012690e+02 4.916757e+02 1.500000e+00
      vertex   1.983998e+02 4.927526e+02 4.500000e+00
      vertex   1.983486e+02 4.923644e+02 4.500000e+00
    endloop
  endfacet
  facet normal 6.639404e-01 -2.517994e-01 7.041167e-01
    outer loop
      vertex   2.012690e+02 4.916757e+02 1.500000e+00
      vertex   1.983486e+02 4.923644e+02 4.500000e+00
      vertex   2.008843e+02 4.906613e+02 1.500000e+00
    endloop
  endfacet
  facet normal 6.538951e-01 -2.708522e-01 7.064420e-01
    outer loop
      vertex   2.008843e+02 4.906613e+02 1.500000e+00
      vertex   1.983486e+02 4.923644e+02 4.500000e+00
      vertex   1.981988e+02 4.920026e+02 4.500000e+00
    endloop
  endfacet
  facet normal 5.846542e-01 -4.035577e-01 7.037902e-01
    outer loop
      vertex   2.008843e+02 4.906613e+02 1.500000e+00
      vertex   1.981988e+02 4.920026e+02 4.500000e+00
      vertex   2.002681e+02 4.897685e+02 1.500000e+00
    endloop
  endfacet
  facet normal 5.608304e-01 -4.303403e-01 7.073022e-01
    outer loop
      vertex   2.002681e+02 4.897685e+02 1.500000e+00
      vertex   1.981988e+02 4.920026e+02 4.500000e+00
      vertex   1.979604e+02 4.916919e+02 4.500000e+00
    endloop
  endfacet
  facet normal 4.712546e-01 -5.319365e-01 7.035358e-01
    outer loop
      vertex   2.002681e+02 4.897685e+02 1.500000e+00
      vertex   1.979604e+02 4.916919e+02 4.500000e+00
      vertex   1.994560e+02 4.890492e+02 1.500000e+00
    endloop
  endfacet
  facet normal 4.299481e-01 -5.603192e-01 7.079457e-01
    outer loop
      vertex   1.994560e+02 4.890492e+02 1.500000e+00
      vertex   1.979604e+02 4.916919e+02 4.500000e+00
      vertex   1.976498e+02 4.914535e+02 4.500000e+00
    endloop
  endfacet
  facet normal 3.303438e-01 -6.294174e-01 7.033539e-01
    outer loop
      vertex   1.994560e+02 4.890492e+02 1.500000e+00
      vertex   1.976498e+02 4.914535e+02 4.500000e+00
      vertex   1.984955e+02 4.885450e+02 1.500000e+00
    endloop
  endfacet
  facet normal 2.701123e-01 -6.521088e-01 7.083738e-01
    outer loop
      vertex   1.984955e+02 4.885450e+02 1.500000e+00
      vertex   1.976498e+02 4.914535e+02 4.500000e+00
      vertex   1.972880e+02 4.913037e+02 4.500000e+00
    endloop
  endfacet
  facet normal 1.701410e-01 -6.902891e-01 7.032446e-01
    outer loop
      vertex   1.984955e+02 4.885450e+02 1.500000e+00
      vertex   1.972880e+02 4.913037e+02 4.500000e+00
      vertex   1.974422e+02 4.882854e+02 1.500000e+00
    endloop
  endfacet
  facet normal 9.210227e-02 -6.995862e-01 7.085876e-01
    outer loop
      vertex   1.974422e+02 4.882854e+02 1.500000e+00
      vertex   1.972880e+02 4.913037e+02 4.500000e+00
      vertex   1.968998e+02 4.912526e+02 4.500000e+00
    endloop
  endfacet
  facet normal 0.000000e+00 -7.109840e-01 7.032082e-01
    outer loop
      vertex   1.974422e+02 4.882854e+02 1.500000e+00
      vertex   1.968998e+02 4.912526e+02 4.500000e+00
      vertex   1.963573e+02 4.882854e+02 1.500000e+00
    endloop
  endfacet
  facet normal -9.210227e-02 -6.995862e-01 7.085876e-01
    outer loop
      vertex   1.963573e+02 4.882854e+02 1.500000e+00
      vertex   1.968998e+02 4.912526e+02 4.500000e+00
      vertex   1.965115e+02 4.913037e+02 4.500000e+00
    endloop
  endfacet
  facet normal -1.701410e-01 -6.902891e-01 7.032446e-01
    outer loop
      vertex   1.963573e+02 4.882854e+02 1.500000e+00
      vertex   1.965115e+02 4.913037e+02 4.500000e+00
      vertex   1.953040e+02 4.885450e+02 1.500000e+00
    endloop
  endfacet
  facet normal -2.701123e-01 -6.521088e-01 7.083738e-01
    outer loop
      vertex   1.953040e+02 4.885450e+02 1.500000e+00
      vertex   1.965115e+02 4.913037e+02 4.500000e+00
      vertex   1.961498e+02 4.914535e+02 4.500000e+00
    endloop
  endfacet
  facet normal -3.303438e-01 -6.294174e-01 7.033539e-01
    outer loop
      vertex   1.953040e+02 4.885450e+02 1.500000e+00
      vertex   1.961498e+02 4.914535e+02 4.500000e+00
      vertex   1.943435e+02 4.890492e+02 1.500000e+00
    endloop
  endfacet
  facet normal -4.299481e-01 -5.603192e-01 7.079457e-01
    outer loop
      vertex   1.943435e+02 4.890492e+02 1.500000e+00
      vertex   1.961498e+02 4.914535e+02 4.500000e+00
      vertex   1.958391e+02 4.916919e+02 4.500000e+00
    endloop
  endfacet
  facet normal -4.712546e-01 -5.319365e-01 7.035358e-01
    outer loop
      vertex   1.943435e+02 4.890492e+02 1.500000e+00
      vertex   1.958391e+02 4.916919e+02 4.500000e+00
      vertex   1.935315e+02 4.897685e+02 1.500000e+00
    endloop
  endfacet
  facet normal -5.608304e-01 -4.303403e-01 7.073022e-01
    outer loop
      vertex   1.935315e+02 4.897685e+02 1.500000e+00
      vertex   1.958391e+02 4.916919e+02 4.500000e+00
      vertex   1.956007e+02 4.920026e+02 4.500000e+00
    endloop
  endfacet
  facet normal -5.846542e-01 -4.035577e-01 7.037902e-01
    outer loop
      vertex   1.935315e+02 4.897685e+02 1.500000e+00
      vertex   1.956007e+02 4.920026e+02 4.500000e+00
      vertex   1.929152e+02 4.906613e+02 1.500000e+00
    endloop
  endfacet
  facet normal -6.538951e-01 -2.708522e-01 7.064420e-01
    outer loop
      vertex   1.929152e+02 4.906613e+02 1.500000e+00
      vertex   1.956007e+02 4.920026e+02 4.500000e+00
      vertex   1.954509e+02 4.923644e+02 4.500000e+00
    endloop
  endfacet
  facet normal -6.639404e-01 -2.517994e-01 7.041167e-01
    outer loop
      vertex   1.929152e+02 4.906613e+02 1.500000e+00
      vertex   1.954509e+02 4.923644e+02 4.500000e+00
      vertex   1.925305e+02 4.916757e+02 1.500000e+00
    endloop
  endfacet
  facet normal -7.027820e-01 -9.252301e-02 7.053630e-01
    outer loop
      vertex   1.925305e+02 4.916757e+02 1.500000e+00
      vertex   1.954509e+02 4.923644e+02 4.500000e+00
      vertex   1.953998e+02 4.927526e+02 4.500000e+00
    endloop
  endfacet
  facet normal -9.914449e-01 1.305262e-01 0.000000e+00
    outer loop
      vertex   1.954509e+02 4.931408e+02 1.000000e+01
      vertex   1.954509e+02 4.931408e+02 4.500000e+00
      vertex   1.953998e+02 4.927526e+02 1.000000e+01
    endloop
  endfacet
  facet normal -9.914449e-01 1.305262e-01 0.000000e+00
    outer loop
      vertex   1.953998e+02 4.927526e+02 1.000000e+01
      vertex   1.954509e+02 4.931408e+02 4.500000e+00
      vertex   1.953998e+02 4.927526e+02 4.500000e+00
    endloop
  endfacet
  facet normal -9.914449e-01 -1.305262e-01 -0.000000e+00
    outer loop
      vertex   1.953998e+02 4.927526e+02 1.000000e+01
      vertex   1.953998e+02 4.927526e+02 4.500000e+00
      vertex   1.954509e+02 4.923644e+02 1.000000e+01
    endloop
  endfacet
  facet normal -9.914449e-01 -1.305262e-01 -0.000000e+00
    outer loop
      vertex   1.954509e+02 4.923644e+02 1.000000e+01
      vertex   1.953998e+02 4.927526e+02 4.500000e+00
      vertex   1.954509e+02 4.923644e+02 4.500000e+00
    endloop
  endfacet
  facet normal -9.238795e-01 -3.826834e-01 -0.000000e+00
    outer loop
      vertex   1.954509e+02 4.923644e+02 1.000000e+01
      vertex   1.954509e+02 4.923644e+02 4.500000e+00
      vertex   1.956007e+02 4.920026e+02 1.000000e+01
    endloop
  endfacet
  facet normal -9.238795e-01 -3.826834e-01 -0.000000e+00
    outer loop
      vertex   1.956007e+02 4.920026e+02 1.000000e+01
      vertex   1.954509e+02 4.923644e+02 4.500000e+00
      vertex   1.956007e+02 4.920026e+02 4.500000e+00
    endloop
  endfacet
  facet normal -7.933533e-01 -6.087614e-01 -0.000000e+00
    outer loop
      vertex   1.956007e+02 4.920026e+02 1.000000e+01
      vertex   1.956007e+02 4.920026e+02 4.500000e+00
      vertex   1.958391e+02 4.916919e+02 1.000000e+01
    endloop
  endfacet
  facet normal -7.933533e-01 -6.087614e-01 -0.000000e+00
    outer loop
      vertex   1.958391e+02 4.916919e+02 1.000000e+01
      vertex   1.956007e+02 4.920026e+02 4.500000e+00
      vertex   1.958391e+02 4.916919e+02 4.500000e+00
    endloop
  endfacet
  facet normal -6.087614e-01 -7.933533e-01 -0.000000e+00
    outer loop
      vertex   1.958391e+02 4.916919e+02 1.000000e+01
      vertex   1.958391e+02 4.916919e+02 4.500000e+00
      vertex   1.961498e+02 4.914535e+02 1.000000e+01
    endloop
  endfacet
  facet normal -6.087614e-01 -7.933533e-01 -6.291651e-15
    outer loop
      vertex   1.961498e+02 4.914535e+02 1.000000e+01
      vertex   1.958391e+02 4.916919e+02 4.500000e+00
      vertex   1.961498e+02 4.914535e+02 4.500000e+00
    endloop
  endfacet
  facet normal -3.826834e-01 -9.238795e-01 -3.955097e-15
    outer loop
      vertex   1.961498e+02 4.914535e+02 1.000000e+01
      vertex   1.961498e+02 4.914535e+02 4.500000e+00
      vertex   1.965115e+02 4.913037e+02 1.000000e+01
    endloop
  endfacet
  facet normal -3.826834e-01 -9.238795e-01 -0.000000e+00
    outer loop
      vertex   1.965115e+02 4.913037e+02 1.000000e+01
      vertex   1.961498e+02 4.914535e+02 4.500000e+00
      vertex   1.965115e+02 4.913037e+02 4.500000e+00
    endloop
  endfacet
  facet normal -1.305262e-01 -9.914449e-01 -0.000000e+00
    outer loop
      vertex   1.965115e+02 4.913037e+02 1.000000e+01
      vertex   1.965115e+02 4.913037e+02 4.500000e+00
      vertex   1.968998e+02 4.912526e+02 1.000000e+01
    endloop
  endfacet
  facet normal -1.305262e-01 -9.914449e-01 -0.000000e+00
    outer loop
      vertex   1.968998e+02 4.912526e+02 1.000000e+01
      vertex   1.965115e+02 4.913037e+02 4.500000e+00
      vertex   1.968998e+02 4.912526e+02 4.500000e+00
    endloop
  endfacet
  facet normal 1.305262e-01 -9.914449e-01 0.000000e+00
    outer loop
      vertex   1.968998e+02 4.912526e+02 1.000000e+01
      vertex   1.968998e+02 4.912526e+02 4.500000e+00
      vertex   1.972880e+02 4.913037e+02 1.000000e+01
    endloop
  endfacet
  facet normal 1.305262e-01 -9.914449e-01 0.000000e+00
    outer loop
      vertex   1.972880e+02 4.913037e+02 1.000000e+01
      vertex   1.968998e+02 4.912526e+02 4.500000e+00
      vertex   1.972880e+02 4.913037e+02 4.500000e+00
    endloop
  endfacet
  facet normal 3.826834e-01 -9.238795e-01 0.000000e+00
    outer loop
      vertex   1.972880e+02 4.913037e+02 1.000000e+01
      vertex   1.972880e+02 4.913037e+02 4.500000e+00
      vertex   1.976498e+02 4.914535e+02 1.000000e+01
    endloop
  endfacet
  facet normal 3.826834e-01 -9.238795e-01 1.977549e-15
    outer loop
      vertex   1.976498e+02 4.914535e+02 1.000000e+01
      vertex   1.972880e+02 4.913037e+02 4.500000e+00
      vertex   1.976498e+02 4.914535e+02 4.500000e+00
    endloop
  endfacet
  facet normal 6.087614e-01 -7.933533e-01 3.145826e-15
    outer loop
      vertex   1.976498e+02 4.914535e+02 1.000000e+01
      vertex   1.976498e+02 4.914535e+02 4.500000e+00
      vertex   1.979604e+02 4.916919e+02 1.000000e+01
    endloop
  endfacet
  facet normal 6.087614e-01 -7.933533e-01 0.000000e+00
    outer loop
      vertex   1.979604e+02 4.916919e+02 1.000000e+01
      vertex   1.976498e+02 4.914535e+02 4.500000e+00
      vertex   1.979604e+02 4.916919e+02 4.500000e+00
    endloop
  endfacet
  facet normal 7.933533e-01 -6.087614e-01 0.000000e+00
    outer loop
      vertex   1.979604e+02 4.916919e+02 1.000000e+01
      vertex   1.979604e+02 4.916919e+02 4.500000e+00
      vertex   1.981988e+02 4.920026e+02 1.000000e+01
    endloop
  endfacet
  facet normal 7.933533e-01 -6.087614e-01 0.000000e+00
    outer loop
      vertex   1.981988e+02 4.920026e+02 1.000000e+01
      vertex   1.979604e+02 4.916919e+02 4.500000e+00
      vertex   1.981988e+02 4.920026e+02 4.500000e+00
    endloop
  endfacet
  facet normal 9.238795e-01 -3.826834e-01 0.000000e+00
    outer loop
      vertex   1.981988e+02 4.920026e+02 1.000000e+01
      vertex   1.981988e+02 4.920026e+02 4.500000e+00
      vertex   1.983486e+02 4.923644e+02 1.000000e+01
    endloop
  endfacet
  facet normal 9.238795e-01 -3.826834e-01 0.000000e+00
    outer loop
      vertex   1.983486e+02 4.923644e+02 1.000000e+01
      vertex   1.981988e+02 4.920026e+02 4.500000e+00
      vertex   1.983486e+02 4.923644e+02 4.500000e+00
    endloop
  endfacet
  facet normal 9.914449e-01 -1.305262e-01 0.000000e+00
    outer loop
      vertex   1.983486e+02 4.923644e+02 1.000000e+01
      vertex   1.983486e+02 4.923644e+02 4.500000e+00
      vertex   1.983998e+02 4.927526e+02 1.000000e+01
    endloop
  endfacet
  facet normal 9.914449e-01 -1.305262e-01 0.000000e+00
    outer loop
      vertex   1.983998e+02 4.927526e+02 1.000000e+01
      vertex   1.983486e+02 4.923644e+02 4.500000e+00
      vertex   1.983998e+02 4.927526e+02 4.500000e+00
    endloop
  endfacet
  facet normal 9.914449e-01 1.305262e-01 0.000000e+00
    outer loop
      vertex   1.983998e+02 4.927526e+02 1.000000e+01
      vertex   1.983998e+02 4.927526e+02 4.500000e+00
      vertex   1.983486e+02 4.931408e+02 1.000000e+01
    endloop
  endfacet
  facet normal 9.914449e-01 1.305262e-01 0.000000e+00
    outer loop
      vertex   1.983486e+02 4.931408e+02 1.000000e+01
      vertex   1.983998e+02 4.927526e+02 4.500000e+00
      vertex   1.983486e+02 4.931408e+02 4.500000e+00
    endloop
  endfacet
  facet normal 9.238795e-01 3.826834e-01 0.000000e+00
    outer loop
      vertex   1.983486e+02 4.931408e+02 1.000000e+01
      vertex   1.983486e+02 4.931408e+02 4.500000e+00
      vertex   1.981988e+02 4.935026e+02 1.000000e+01
    endloop
  endfacet
  facet normal 9.238795e-01 3.826834e-01 0.000000e+00
    outer loop
      vertex   1.981988e+02 4.935026e+02 1.000000e+01
      vertex   1.983486e+02 4.931408e+02 4.500000e+00
      vertex   1.981988e+02 4.935026e+02 4.500000e+00
    endloop
  endfacet
  facet normal 7.933533e-01 6.087614e-01 0.000000e+00
    outer loop
      vertex   1.981988e+02 4.935026e+02 1.000000e+01
      vertex   1.981988e+02 4.935026e+02 4.500000e+00
      vertex   1.979604e+02 4.938132e+02 1.000000e+01
    endloop
  endfacet
  facet normal 7.933533e-01 6.087614e-01 0.000000e+00
    outer loop
      vertex   1.979604e+02 4.938132e+02 1.000000e+01
      vertex   1.981988e+02 4.935026e+02 4.500000e+00
      vertex   1.979604e+02 4.938132e+02 4.500000e+00
    endloop
  endfacet
  facet normal 6.087614e-01 7.933533e-01 0.000000e+00
    outer loop
      vertex   1.979604e+02 4.938132e+02 1.000000e+01
      vertex   1.979604e+02 4.938132e+02 4.500000e+00
      vertex   1.976498e+02 4.940516e+02 1.000000e+01
    endloop
  endfacet
  facet normal 6.087614e-01 7.933533e-01 -3.145826e-15
    outer loop
      vertex   1.976498e+02 4.940516e+02 1.000000e+01
      vertex   1.979604e+02 4.938132e+02 4.500000e+00
      vertex   1.976498e+02 4.940516e+02 4.500000e+00
    endloop
  endfacet
  facet normal 3.826834e-01 9.238795e-01 -1.977549e-15
    outer loop
      vertex   1.976498e+02 4.940516e+02 1.000000e+01
      vertex   1.976498e+02 4.940516e+02 4.500000e+00
      vertex   1.972880e+02 4.942015e+02 1.000000e+01
    endloop
  endfacet
  facet normal 3.826834e-01 9.238795e-01 0.000000e+00
    outer loop
      vertex   1.972880e+02 4.942015e+02 1.000000e+01
      vertex   1.976498e+02 4.940516e+02 4.500000e+00
      vertex   1.972880e+02 4.942015e+02 4.500000e+00
    endloop
  endfacet
  facet normal 1.305262e-01 9.914449e-01 0.000000e+00
    outer loop
      vertex   1.972880e+02 4.942015e+02 1.000000e+01
      vertex   1.972880e+02 4.942015e+02 4.500000e+00
      vertex   1.968998e+02 4.942526e+02 1.000000e+01
    endloop
  endfacet
  facet normal 1.305262e-01 9.914449e-01 0.000000e+00
    outer loop
      vertex   1.968998e+02 4.942526e+02 1.000000e+01
      vertex   1.972880e+02 4.942015e+02 4.500000e+00
      vertex   1.968998e+02 4.942526e+02 4.500000e+00
    endloop
  endfacet
  facet normal -1.305262e-01 9.914449e-01 0.000000e+00
    outer loop
      vertex   1.968998e+02 4.942526e+02 1.000000e+01
      vertex   1.968998e+02 4.942526e+02 4.500000e+00
      vertex   1.965115e+02 4.942015e+02 1.000000e+01
    endloop
  endfacet
  facet normal -1.305262e-01 9.914449e-01 0.000000e+00
    outer loop
      vertex   1.965115e+02 4.942015e+02 1.000000e+01
      vertex   1.968998e+02 4.942526e+02 4.500000e+00
      vertex   1.965115e+02 4.942015e+02 4.500000e+00
    endloop
  endfacet
  facet normal -3.826834e-01 9.238795e-01 0.000000e+00
    outer loop
      vertex   1.965115e+02 4.942015e+02 1.000000e+01
      vertex   1.965115e+02 4.942015e+02 4.500000e+00
      vertex   1.961498e+02 4.940516e+02 1.000000e+01
    endloop
  endfacet
  facet normal -3.826834e-01 9.238795e-01 3.955097e-15
    outer loop
      vertex   1.961498e+02 4.940516e+02 1.000000e+01
      vertex   1.965115e+02 4.942015e+02 4.500000e+00
      vertex   1.961498e+02 4.940516e+02 4.500000e+00
    endloop
  endfacet
  facet normal -6.087614e-01 7.933533e-01 6.291651e-15
    outer loop
      vertex   1.961498e+02 4.940516e+02 1.000000e+01
      vertex   1.961498e+02 4.940516e+02 4.500000e+00
      vertex   1.958391e+02 4.938132e+02 1.000000e+01
    endloop
  endfacet
  facet normal -6.087614e-01 7.933533e-01 0.000000e+00
    outer loop
      vertex   1.958391e+02 4.938132e+02 1.000000e+01
      vertex   1.961498e+02 4.940516e+02 4.500000e+00
      vertex   1.958391e+02 4.938132e+02 4.500000e+00
    endloop
  endfacet
  facet normal -7.933533e-01 6.087614e-01 0.000000e+00
    outer loop
      vertex   1.958391e+02 4.938132e+02 1.000000e+01
      vertex   1.958391e+02 4.938132e+02 4.500000e+00
      vertex   1.956007e+02 4.935026e+02 1.000000e+01
    endloop
  endfacet
  facet normal -7.933533e-01 6.087614e-01 0.000000e+00
    outer loop
      vertex   1.956007e+02 4.935026e+02 1.000000e+01
      vertex   1.958391e+02 4.938132e+02 4.500000e+00
      vertex   1.956007e+02 4.935026e+02 4.500000e+00
    endloop
  endfacet
  facet normal -9.238795e-01 3.826834e-01 0.000000e+00
    outer loop
      vertex   1.956007e+02 4.935026e+02 1.000000e+01
      vertex   1.956007e+02 4.935026e+02 4.500000e+00
      vertex   1.954509e+02 4.931408e+02 1.000000e+01
    endloop
  endfacet
  facet normal -9.238795e-01 3.826834e-01 0.000000e+00
    outer loop
      vertex   1.954509e+02 4.931408e+02 1.000000e+01
      vertex   1.956007e+02 4.935026e+02 4.500000e+00
      vertex   1.954509e+02 4.931408e+02 4.500000e+00
    endloop
  endfacet
  facet normal -9.831056e-01 -1.294283e-01 1.294283e-01
    outer loop
      vertex   1.959338e+02 4.924938e+02 1.100000e+01
      vertex   1.959667e+02 4.925026e+02 1.125882e+01
      vertex   1.958998e+02 4.927526e+02 1.100000e+01
    endloop
  endfacet
  facet normal -9.831056e-01 -1.294283e-01 1.294283e-01
    outer loop
      vertex   1.958998e+02 4.927526e+02 1.100000e+01
      vertex   1.959667e+02 4.925026e+02 1.125882e+01
      vertex   1.959338e+02 4.927526e+02 1.125882e+01
    endloop
  endfacet
  facet normal -9.831056e-01 1.294283e-01 1.294283e-01
    outer loop
      vertex   1.958998e+02 4.927526e+02 1.100000e+01
      vertex   1.959338e+02 4.927526e+02 1.125882e+01
      vertex   1.959338e+02 4.930114e+02 1.100000e+01
    endloop
  endfacet
  facet normal -9.831056e-01 1.294283e-01 1.294283e-01
    outer loop
      vertex   1.959338e+02 4.930114e+02 1.100000e+01
      vertex   1.959338e+02 4.927526e+02 1.125882e+01
      vertex   1.959667e+02 4.930026e+02 1.125882e+01
    endloop
  endfacet
  facet normal -9.161086e-01 3.794646e-01 1.294283e-01
    outer loop
      vertex   1.959338e+02 4.930114e+02 1.100000e+01
      vertex   1.959667e+02 4.930026e+02 1.125882e+01
      vertex   1.960337e+02 4.932526e+02 1.100000e+01
    endloop
  endfacet
  facet normal -9.161086e-01 3.794646e-01 1.294283e-01
    outer loop
      vertex   1.960337e+02 4.932526e+02 1.100000e+01
      vertex   1.959667e+02 4.930026e+02 1.125882e+01
      vertex   1.960632e+02 4.932355e+02 1.125882e+01
    endloop
  endfacet
  facet normal -7.866803e-01 6.036410e-01 1.294283e-01
    outer loop
      vertex   1.960337e+02 4.932526e+02 1.100000e+01
      vertex   1.960632e+02 4.932355e+02 1.125882e+01
      vertex   1.961927e+02 4.934597e+02 1.100000e+01
    endloop
  endfacet
  facet normal -7.866803e-01 6.036410e-01 1.294283e-01
    outer loop
      vertex   1.961927e+02 4.934597e+02 1.100000e+01
      vertex   1.960632e+02 4.932355e+02 1.125882e+01
      vertex   1.962167e+02 4.934356e+02 1.125882e+01
    endloop
  endfacet
  facet normal -6.036410e-01 7.866803e-01 1.294283e-01
    outer loop
      vertex   1.961927e+02 4.934597e+02 1.100000e+01
      vertex   1.962167e+02 4.934356e+02 1.125882e+01
      vertex   1.963998e+02 4.936186e+02 1.100000e+01
    endloop
  endfacet
  facet normal -6.036410e-01 7.866803e-01 1.294283e-01
    outer loop
      vertex   1.963998e+02 4.936186e+02 1.100000e+01
      vertex   1.962167e+02 4.934356e+02 1.125882e+01
      vertex   1.964168e+02 4.935891e+02 1.125882e+01
    endloop
  endfacet
  facet normal -3.794646e-01 9.161086e-01 1.294283e-01
    outer loop
      vertex   1.963998e+02 4.936186e+02 1.100000e+01
      vertex   1.964168e+02 4.935891e+02 1.125882e+01
      vertex   1.966409e+02 4.937185e+02 1.100000e+01
    endloop
  endfacet
  facet normal -3.794646e-01 9.161086e-01 1.294283e-01
    outer loop
      vertex   1.966409e+02 4.937185e+02 1.100000e+01
      vertex   1.964168e+02 4.935891e+02 1.125882e+01
      vertex   1.966498e+02 4.936856e+02 1.125882e+01
    endloop
  endfacet
  facet normal -1.294283e-01 9.831056e-01 1.294283e-01
    outer loop
      vertex   1.966409e+02 4.937185e+02 1.100000e+01
      vertex   1.966498e+02 4.936856e+02 1.125882e+01
      vertex   1.968998e+02 4.937526e+02 1.100000e+01
    endloop
  endfacet
  facet normal -1.294283e-01 9.831056e-01 1.294283e-01
    outer loop
      vertex   1.968998e+02 4.937526e+02 1.100000e+01
      vertex   1.966498e+02 4.936856e+02 1.125882e+01
      vertex   1.968998e+02 4.937185e+02 1.125882e+01
    endloop
  endfacet
  facet normal 1.294283e-01 9.831056e-01 1.294283e-01
    outer loop
      vertex   1.968998e+02 4.937526e+02 1.100000e+01
      vertex   1.968998e+02 4.937185e+02 1.125882e+01
      vertex   1.971586e+02 4.937185e+02 1.100000e+01
    endloop
  endfacet
  facet normal 1.294283e-01 9.831056e-01 1.294283e-01
    outer loop
      vertex   1.971586e+02 4.937185e+02 1.100000e+01
      vertex   1.968998e+02 4.937185e+02 1.125882e+01
      vertex   1.971498e+02 4.936856e+02 1.125882e+01
    endloop
  endfacet
  facet normal 3.794646e-01 9.161086e-01 1.294283e-01
    outer loop
      vertex   1.971586e+02 4.937185e+02 1.100000e+01
      vertex   1.971498e+02 4.936856e+02 1.125882e+01
      vertex   1.973998e+02 4.936186e+02 1.100000e+01
    endloop
  endfacet
  facet normal 3.794646e-01 9.161086e-01 1.294283e-01
    outer loop
      vertex   1.973998e+02 4.936186e+02 1.100000e+01
      vertex   1.971498e+02 4.936856e+02 1.125882e+01
      vertex   1.973827e+02 4.935891e+02 1.125882e+01
    endloop
  endfacet
  facet normal 6.036410e-01 7.866803e-01 1.294283e-01
    outer loop
      vertex   1.973998e+02 4.936186e+02 1.100000e+01
      vertex   1.973827e+02 4.935891e+02 1.125882e+01
      vertex   1.976069e+02 4.934597e+02 1.100000e+01
    endloop
  endfacet
  facet normal 6.036410e-01 7.866803e-01 1.294283e-01
    outer loop
      vertex   1.976069e+02 4.934597e+02 1.100000e+01
      vertex   1.973827e+02 4.935891e+02 1.125882e+01
      vertex   1.975828e+02 4.934356e+02 1.125882e+01
    endloop
  endfacet
  facet normal 7.866803e-01 6.036410e-01 1.294283e-01
    outer loop
      vertex   1.976069e+02 4.934597e+02 1.100000e+01
      vertex   1.975828e+02 4.934356e+02 1.125882e+01
      vertex   1.977658e+02 4.932526e+02 1.100000e+01
    endloop
  endfacet
  facet normal 7.866803e-01 6.036410e-01 1.294283e-01
    outer loop
      vertex   1.977658e+02 4.932526e+02 1.100000e+01
      vertex   1.975828e+02 4.934356e+02 1.125882e+01
      vertex   1.977363e+02 4.932355e+02 1.125882e+01
    endloop
  endfacet
  facet normal 9.161086e-01 3.794646e-01 1.294283e-01
    outer loop
      vertex   1.977658e+02 4.932526e+02 1.100000e+01
      vertex   1.977363e+02 4.932355e+02 1.125882e+01
      vertex   1.978657e+02 4.930114e+02 1.100000e+01
    endloop
  endfacet
  facet normal 9.161086e-01 3.794646e-01 1.294283e-01
    outer loop
      vertex   1.978657e+02 4.930114e+02 1.100000e+01
      vertex   1.977363e+02 4.932355e+02 1.125882e+01
      vertex   1.978328e+02 4.930026e+02 1.125882e+01
    endloop
  endfacet
  facet normal 9.831056e-01 1.294283e-01 1.294283e-01
    outer loop
      vertex   1.978657e+02 4.930114e+02 1.100000e+01
      vertex   1.978328e+02 4.930026e+02 1.125882e+01
      vertex   1.978998e+02 4.927526e+02 1.100000e+01
    endloop
  endfacet
  facet normal 9.831056e-01 1.294283e-01 1.294283e-01
    outer loop
      vertex   1.978998e+02 4.927526e+02 1.100000e+01
      vertex   1.978328e+02 4.930026e+02 1.125882e+01
      vertex   1.978657e+02 4.927526e+02 1.125882e+01
    endloop
  endfacet
  facet normal 9.831056e-01 -1.294283e-01 1.294283e-01
    outer loop
      vertex   1.978998e+02 4.927526e+02 1.100000e+01
      vertex   1.978657e+02 4.927526e+02 1.125882e+01
      vertex   1.978657e+02 4.924938e+02 1.100000e+01
    endloop
  endfacet
  facet normal 9.831056e-01 -1.294283e-01 1.294283e-01
    outer loop
      vertex   1.978657e+02 4.924938e+02 1.100000e+01
      vertex   1.978657e+02 4.927526e+02 1.125882e+01
      vertex   1.978328e+02 4.925026e+02 1.125882e+01
    endloop
  endfacet
  facet normal 9.161086e-01 -3.794646e-01 1.294283e-01
    outer loop
      vertex   1.978657e+02 4.924938e+02 1.100000e+01
      vertex   1.978328e+02 4.925026e+02 1.125882e+01
      vertex   1.977658e+02 4.922526e+02 1.100000e+01
    endloop
  endfacet
  facet normal 9.161086e-01 -3.794646e-01 1.294283e-01
    outer loop
      vertex   1.977658e+02 4.922526e+02 1.100000e+01
      vertex   1.978328e+02 4.925026e+02 1.125882e+01
      vertex   1.977363e+02 4.922696e+02 1.125882e+01
    endloop
  endfacet
  facet normal 7.866803e-01 -6.036410e-01 1.294283e-01
    outer loop
      vertex   1.977658e+02 4.922526e+02 1.100000e+01
      vertex   1.977363e+02 4.922696e+02 1.125882e+01
      vertex   1.976069e+02 4.920455e+02 1.100000e+01
    endloop
  endfacet
  facet normal 7.866803e-01 -6.036410e-01 1.294283e-01
    outer loop
      vertex   1.976069e+02 4.920455e+02 1.100000e+01
      vertex   1.977363e+02 4.922696e+02 1.125882e+01
      vertex   1.975828e+02 4.920696e+02 1.125882e+01
    endloop
  endfacet
  facet normal 6.036410e-01 -7.866803e-01 1.294283e-01
    outer loop
      vertex   1.976069e+02 4.920455e+02 1.100000e+01
      vertex   1.975828e+02 4.920696e+02 1.125882e+01
      vertex   1.973998e+02 4.918866e+02 1.100000e+01
    endloop
  endfacet
  facet normal 6.036410e-01 -7.866803e-01 1.294283e-01
    outer loop
      vertex   1.973998e+02 4.918866e+02 1.100000e+01
      vertex   1.975828e+02 4.920696e+02 1.125882e+01
      vertex   1.973827e+02 4.919161e+02 1.125882e+01
    endloop
  endfacet
  facet normal 3.794646e-01 -9.161086e-01 1.294283e-01
    outer loop
      vertex   1.973998e+02 4.918866e+02 1.100000e+01
      vertex   1.973827e+02 4.919161e+02 1.125882e+01
      vertex   1.971586e+02 4.917867e+02 1.100000e+01
    endloop
  endfacet
  facet normal 3.794646e-01 -9.161086e-01 1.294283e-01
    outer loop
      vertex   1.971586e+02 4.917867e+02 1.100000e+01
      vertex   1.973827e+02 4.919161e+02 1.125882e+01
      vertex   1.971498e+02 4.918196e+02 1.125882e+01
    endloop
  endfacet
  facet normal 1.294283e-01 -9.831056e-01 1.294283e-01
    outer loop
      vertex   1.971586e+02 4.917867e+02 1.100000e+01
      vertex   1.971498e+02 4.918196e+02 1.125882e+01
      vertex   1.968998e+02 4.917526e+02 1.100000e+01
    endloop
  endfacet
  facet normal 1.294283e-01 -9.831056e-01 1.294283e-01
    outer loop
      vertex   1.968998e+02 4.917526e+02 1.100000e+01
      vertex   1.971498e+02 4.918196e+02 1.125882e+01
      vertex   1.968998e+02 4.917867e+02 1.125882e+01
    endloop
  endfacet
  facet normal -1.294283e-01 -9.831056e-01 1.294283e-01
    outer loop
      vertex   1.968998e+02 4.917526e+02 1.100000e+01
      vertex   1.968998e+02 4.917867e+02 1.125882e+01
      vertex   1.966409e+02 4.917867e+02 1.100000e+01
    endloop
  endfacet
  facet normal -1.294283e-01 -9.831056e-01 1.294283e-01
    outer loop
      vertex   1.966409e+02 4.917867e+02 1.100000e+01
      vertex   1.968998e+02 4.917867e+02 1.125882e+01
      vertex   1.966498e+02 4.918196e+02 1.125882e+01
    endloop
  endfacet
  facet normal -3.794646e-01 -9.161086e-01 1.294283e-01
    outer loop
      vertex   1.966409e+02 4.917867e+02 1.100000e+01
      vertex   1.966498e+02 4.918196e+02 1.125882e+01
      vertex   1.963998e+02 4.918866e+02 1.100000e+01
    endloop
  endfacet
  facet normal -3.794646e-01 -9.161086e-01 1.294283e-01
    outer loop
      vertex   1.963998e+02 4.918866e+02 1.100000e+01
      vertex   1.966498e+02 4.918196e+02 1.125882e+01
      vertex   1.964168e+02 4.919161e+02 1.125882e+01
    endloop
  endfacet
  facet normal -6.036410e-01 -7.866803e-01 1.294283e-01
    outer loop
      vertex   1.963998e+02 4.918866e+02 1.100000e+01
      vertex   1.964168e+02 4.919161e+02 1.125882e+01
      vertex   1.961927e+02 4.920455e+02 1.100000e+01
    endloop
  endfacet
  facet normal -6.036410e-01 -7.866803e-01 1.294283e-01
    outer loop
      vertex   1.961927e+02 4.920455e+02 1.100000e+01
      vertex   1.964168e+02 4.919161e+02 1.125882e+01
      vertex   1.962167e+02 4.920696e+02 1.125882e+01
    endloop
  endfacet
  facet normal -7.866803e-01 -6.036410e-01 1.294283e-01
    outer loop
      vertex   1.961927e+02 4.920455e+02 1.100000e+01
      vertex   1.962167e+02 4.920696e+02 1.125882e+01
      vertex   1.960337e+02 4.922526e+02 1.100000e+01
    endloop
  endfacet
  facet normal -7.866803e-01 -6.036410e-01 1.294283e-01
    outer loop
      vertex   1.960337e+02 4.922526e+02 1.100000e+01
      vertex   1.962167e+02 4.920696e+02 1.125882e+01
      vertex   1.960632e+02 4.922696e+02 1.125882e+01
    endloop
  endfacet
  facet normal -9.161086e-01 -3.794646e-01 1.294283e-01
    outer loop
      vertex   1.960337e+02 4.922526e+02 1.100000e+01
      vertex   1.960632e+02 4.922696e+02 1.125882e+01
      vertex   1.959338e+02 4.924938e+02 1.100000e+01
    endloop
  endfacet
  facet normal -9.161086e-01 -3.794646e-01 1.294283e-01
    outer loop
      vertex   1.959338e+02 4.924938e+02 1.100000e+01
      vertex   1.960632e+02 4.922696e+02 1.125882e+01
      vertex   1.959667e+02 4.925026e+02 1.125882e+01
    endloop
  endfacet
  facet normal -1.305069e-01 1.718156e-02 9.912985e-01
    outer loop
      vertex   1.966409e+02 4.927526e+02 1.196593e+01
      vertex   1.968998e+02 4.927526e+02 1.200000e+01
      vertex   1.966498e+02 4.928196e+02 1.196593e+01
    endloop
  endfacet
  facet normal -1.216131e-01 5.037379e-02 9.912985e-01
    outer loop
      vertex   1.966498e+02 4.928196e+02 1.196593e+01
      vertex   1.968998e+02 4.927526e+02 1.200000e+01
      vertex   1.966756e+02 4.928820e+02 1.196593e+01
    endloop
  endfacet
  facet normal -1.044315e-01 8.013313e-02 9.912985e-01
    outer loop
      vertex   1.966756e+02 4.928820e+02 1.196593e+01
      vertex   1.968998e+02 4.927526e+02 1.200000e+01
      vertex   1.967167e+02 4.929356e+02 1.196593e+01
    endloop
  endfacet
  facet normal -8.013313e-02 1.044315e-01 9.912985e-01
    outer loop
      vertex   1.967167e+02 4.929356e+02 1.196593e+01
      vertex   1.968998e+02 4.927526e+02 1.200000e+01
      vertex   1.967703e+02 4.929767e+02 1.196593e+01
    endloop
  endfacet
  facet normal -5.037379e-02 1.216131e-01 9.912985e-01
    outer loop
      vertex   1.967703e+02 4.929767e+02 1.196593e+01
      vertex   1.968998e+02 4.927526e+02 1.200000e+01
      vertex   1.968328e+02 4.930026e+02 1.196593e+01
    endloop
  endfacet
  facet normal -1.718156e-02 1.305069e-01 9.912985e-01
    outer loop
      vertex   1.968328e+02 4.930026e+02 1.196593e+01
      vertex   1.968998e+02 4.927526e+02 1.200000e+01
      vertex   1.968998e+02 4.930114e+02 1.196593e+01
    endloop
  endfacet
  facet normal 1.718156e-02 1.305069e-01 9.912985e-01
    outer loop
      vertex   1.968998e+02 4.930114e+02 1.196593e+01
      vertex   1.968998e+02 4.927526e+02 1.200000e+01
      vertex   1.969667e+02 4.930026e+02 1.196593e+01
    endloop
  endfacet
  facet normal 5.037379e-02 1.216131e-01 9.912985e-01
    outer loop
      vertex   1.969667e+02 4.930026e+02 1.196593e+01
      vertex   1.968998e+02 4.927526e+02 1.200000e+01
      vertex   1.970292e+02 4.929767e+02 1.196593e+01
    endloop
  endfacet
  facet normal 1.044315e-01 8.013313e-02 9.912985e-01
    outer loop
      vertex   1.970828e+02 4.929356e+02 1.196593e+01
      vertex   1.968998e+02 4.927526e+02 1.200000e+01
      vertex   1.971239e+02 4.928820e+02 1.196593e+01
    endloop
  endfacet
  facet normal 1.216131e-01 5.037379e-02 9.912985e-01
    outer loop
      vertex   1.971239e+02 4.928820e+02 1.196593e+01
      vertex   1.968998e+02 4.927526e+02 1.200000e+01
      vertex   1.971498e+02 4.928196e+02 1.196593e+01
    endloop
  endfacet
  facet normal 1.305069e-01 1.718156e-02 9.912985e-01
    outer loop
      vertex   1.971498e+02 4.928196e+02 1.196593e+01
      vertex   1.968998e+02 4.927526e+02 1.200000e+01
      vertex   1.971586e+02 4.927526e+02 1.196593e+01
    endloop
  endfacet
  facet normal 1.305069e-01 -1.718156e-02 9.912985e-01
    outer loop
      vertex   1.971586e+02 4.927526e+02 1.196593e+01
      vertex   1.968998e+02 4.927526e+02 1.200000e+01
      vertex   1.971498e+02 4.926856e+02 1.196593e+01
    endloop
  endfacet
  facet normal 1.216131e-01 -5.037379e-02 9.912985e-01
    outer loop
      vertex   1.971498e+02 4.926856e+02 1.196593e+01
      vertex   1.968998e+02 4.927526e+02 1.200000e+01
      vertex   1.971239e+02 4.926232e+02 1.196593e+01
    endloop
  endfacet
  facet normal 1.044315e-01 -8.013313e-02 9.912985e-01
    outer loop
      vertex   1.971239e+02 4.926232e+02 1.196593e+01
      vertex   1.968998e+02 4.927526e+02 1.200000e+01
      vertex   1.970828e+02 4.925696e+02 1.196593e+01
    endloop
  endfacet
  facet normal 8.013313e-02 -1.044315e-01 9.912985e-01
    outer loop
      vertex   1.970828e+02 4.925696e+02 1.196593e+01
      vertex   1.968998e+02 4.927526e+02 1.200000e+01
      vertex   1.970292e+02 4.925284e+02 1.196593e+01
    endloop
  endfacet
  facet normal 1.718156e-02 -1.305069e-01 9.912985e-01
    outer loop
      vertex   1.969667e+02 4.925026e+02 1.196593e+01
      vertex   1.968998e+02 4.927526e+02 1.200000e+01
      vertex   1.968998e+02 4.924938e+02 1.196593e+01
    endloop
  endfacet
  facet normal -1.718156e-02 -1.305069e-01 9.912985e-01
    outer loop
      vertex   1.968998e+02 4.924938e+02 1.196593e+01
      vertex   1.968998e+02 4.927526e+02 1.200000e+01
      vertex   1.968328e+02 4.925026e+02 1.196593e+01
    endloop
  endfacet
  facet normal -5.037379e-02 -1.216131e-01 9.912985e-01
    outer loop
      vertex   1.968328e+02 4.925026e+02 1.196593e+01
      vertex   1.968998e+02 4.927526e+02 1.200000e+01
      vertex   1.967703e+02 4.925284e+02 1.196593e+01
    endloop
  endfacet
  facet normal -8.013313e-02 -1.044315e-01 9.912985e-01
    outer loop
      vertex   1.967703e+02 4.925284e+02 1.196593e+01
      vertex   1.968998e+02 4.927526e+02 1.200000e+01
      vertex   1.967167e+02 4.925696e+02 1.196593e+01
    endloop
  endfacet
  facet normal -1.044315e-01 -8.013313e-02 9.912985e-01
    outer loop
      vertex   1.967167e+02 4.925696e+02 1.196593e+01
      vertex   1.968998e+02 4.927526e+02 1.200000e+01
      vertex   1.966756e+02 4.926232e+02 1.196593e+01
    endloop
  endfacet
  facet normal -1.216131e-01 -5.037379e-02 9.912985e-01
    outer loop
      vertex   1.966756e+02 4.926232e+02 1.196593e+01
      vertex   1.968998e+02 4.927526e+02 1.200000e+01
      vertex   1.966498e+02 4.926856e+02 1.196593e+01
    endloop
  endfacet
  facet normal -1.305069e-01 -1.718156e-02 9.912985e-01
    outer loop
      vertex   1.966498e+02 4.926856e+02 1.196593e+01
      vertex   1.968998e+02 4.927526e+02 1.200000e+01
      vertex   1.966409e+02 4.927526e+02 1.196593e+01
    endloop
  endfacet
  facet normal -9.171204e-01 1.207412e-01 3.798837e-01
    outer loop
      vertex   1.959338e+02 4.927526e+02 1.125882e+01
      vertex   1.960337e+02 4.927526e+02 1.150000e+01
      vertex   1.959667e+02 4.930026e+02 1.125882e+01
    endloop
  endfacet
  facet normal -9.171204e-01 1.207412e-01 3.798837e-01
    outer loop
      vertex   1.959667e+02 4.930026e+02 1.125882e+01
      vertex   1.960337e+02 4.927526e+02 1.150000e+01
      vertex   1.960632e+02 4.929767e+02 1.150000e+01
    endloop
  endfacet
  facet normal -8.546202e-01 3.539953e-01 3.798837e-01
    outer loop
      vertex   1.959667e+02 4.930026e+02 1.125882e+01
      vertex   1.960632e+02 4.929767e+02 1.150000e+01
      vertex   1.960632e+02 4.932355e+02 1.125882e+01
    endloop
  endfacet
  facet normal -8.546202e-01 3.539953e-01 3.798837e-01
    outer loop
      vertex   1.960632e+02 4.932355e+02 1.125882e+01
      vertex   1.960632e+02 4.929767e+02 1.150000e+01
      vertex   1.961498e+02 4.931856e+02 1.150000e+01
    endloop
  endfacet
  facet normal -7.338790e-01 5.631252e-01 3.798837e-01
    outer loop
      vertex   1.960632e+02 4.932355e+02 1.125882e+01
      vertex   1.961498e+02 4.931856e+02 1.150000e+01
      vertex   1.962167e+02 4.934356e+02 1.125882e+01
    endloop
  endfacet
  facet normal -7.338790e-01 5.631252e-01 3.798837e-01
    outer loop
      vertex   1.962167e+02 4.934356e+02 1.125882e+01
      vertex   1.961498e+02 4.931856e+02 1.150000e+01
      vertex   1.962874e+02 4.933650e+02 1.150000e+01
    endloop
  endfacet
  facet normal -5.631252e-01 7.338790e-01 3.798837e-01
    outer loop
      vertex   1.962167e+02 4.934356e+02 1.125882e+01
      vertex   1.962874e+02 4.933650e+02 1.150000e+01
      vertex   1.964168e+02 4.935891e+02 1.125882e+01
    endloop
  endfacet
  facet normal -5.631252e-01 7.338790e-01 3.798837e-01
    outer loop
      vertex   1.964168e+02 4.935891e+02 1.125882e+01
      vertex   1.962874e+02 4.933650e+02 1.150000e+01
      vertex   1.964667e+02 4.935026e+02 1.150000e+01
    endloop
  endfacet
  facet normal -3.539953e-01 8.546202e-01 3.798837e-01
    outer loop
      vertex   1.964168e+02 4.935891e+02 1.125882e+01
      vertex   1.964667e+02 4.935026e+02 1.150000e+01
      vertex   1.966498e+02 4.936856e+02 1.125882e+01
    endloop
  endfacet
  facet normal -3.539953e-01 8.546202e-01 3.798837e-01
    outer loop
      vertex   1.966498e+02 4.936856e+02 1.125882e+01
      vertex   1.964667e+02 4.935026e+02 1.150000e+01
      vertex   1.966756e+02 4.935891e+02 1.150000e+01
    endloop
  endfacet
  facet normal -1.207412e-01 9.171204e-01 3.798837e-01
    outer loop
      vertex   1.966498e+02 4.936856e+02 1.125882e+01
      vertex   1.966756e+02 4.935891e+02 1.150000e+01
      vertex   1.968998e+02 4.937185e+02 1.125882e+01
    endloop
  endfacet
  facet normal -1.207412e-01 9.171204e-01 3.798837e-01
    outer loop
      vertex   1.968998e+02 4.937185e+02 1.125882e+01
      vertex   1.966756e+02 4.935891e+02 1.150000e+01
      vertex   1.968998e+02 4.936186e+02 1.150000e+01
    endloop
  endfacet
  facet normal 1.207412e-01 9.171204e-01 3.798837e-01
    outer loop
      vertex   1.968998e+02 4.937185e+02 1.125882e+01
      vertex   1.968998e+02 4.936186e+02 1.150000e+01
      vertex   1.971498e+02 4.936856e+02 1.125882e+01
    endloop
  endfacet
  facet normal 1.207412e-01 9.171204e-01 3.798837e-01
    outer loop
      vertex   1.971498e+02 4.936856e+02 1.125882e+01
      vertex   1.968998e+02 4.936186e+02 1.150000e+01
      vertex   1.971239e+02 4.935891e+02 1.150000e+01
    endloop
  endfacet
  facet normal 3.539953e-01 8.546202e-01 3.798837e-01
    outer loop
      vertex   1.971498e+02 4.936856e+02 1.125882e+01
      vertex   1.971239e+02 4.935891e+02 1.150000e+01
      vertex   1.973827e+02 4.935891e+02 1.125882e+01
    endloop
  endfacet
  facet normal 3.539953e-01 8.546202e-01 3.798837e-01
    outer loop
      vertex   1.973827e+02 4.935891e+02 1.125882e+01
      vertex   1.971239e+02 4.935891e+02 1.150000e+01
      vertex   1.973328e+02 4.935026e+02 1.150000e+01
    endloop
  endfacet
  facet normal 5.631252e-01 7.338790e-01 3.798837e-01
    outer loop
      vertex   1.973827e+02 4.935891e+02 1.125882e+01
      vertex   1.973328e+02 4.935026e+02 1.150000e+01
      vertex   1.975828e+02 4.934356e+02 1.125882e+01
    endloop
  endfacet
  facet normal 5.631252e-01 7.338790e-01 3.798837e-01
    outer loop
      vertex   1.975828e+02 4.934356e+02 1.125882e+01
      vertex   1.973328e+02 4.935026e+02 1.150000e+01
      vertex   1.975121e+02 4.933650e+02 1.150000e+01
    endloop
  endfacet
  facet normal 7.338790e-01 5.631252e-01 3.798837e-01
    outer loop
      vertex   1.975828e+02 4.934356e+02 1.125882e+01
      vertex   1.975121e+02 4.933650e+02 1.150000e+01
      vertex   1.977363e+02 4.932355e+02 1.125882e+01
    endloop
  endfacet
  facet normal 7.338790e-01 5.631252e-01 3.798837e-01
    outer loop
      vertex   1.977363e+02 4.932355e+02 1.125882e+01
      vertex   1.975121e+02 4.933650e+02 1.150000e+01
      vertex   1.976498e+02 4.931856e+02 1.150000e+01
    endloop
  endfacet
  facet normal 8.546202e-01 3.539953e-01 3.798837e-01
    outer loop
      vertex   1.977363e+02 4.932355e+02 1.125882e+01
      vertex   1.976498e+02 4.931856e+02 1.150000e+01
      vertex   1.978328e+02 4.930026e+02 1.125882e+01
    endloop
  endfacet
  facet normal 8.546202e-01 3.539953e-01 3.798837e-01
    outer loop
      vertex   1.978328e+02 4.930026e+02 1.125882e+01
      vertex   1.976498e+02 4.931856e+02 1.150000e+01
      vertex   1.977363e+02 4.929767e+02 1.150000e+01
    endloop
  endfacet
  facet normal 9.171204e-01 1.207412e-01 3.798837e-01
    outer loop
      vertex   1.978328e+02 4.930026e+02 1.125882e+01
      vertex   1.977363e+02 4.929767e+02 1.150000e+01
      vertex   1.978657e+02 4.927526e+02 1.125882e+01
    endloop
  endfacet
  facet normal 9.171204e-01 1.207412e-01 3.798837e-01
    outer loop
      vertex   1.978657e+02 4.927526e+02 1.125882e+01
      vertex   1.977363e+02 4.929767e+02 1.150000e+01
      vertex   1.977658e+02 4.927526e+02 1.150000e+01
    endloop
  endfacet
  facet normal 9.171204e-01 -1.207412e-01 3.798837e-01
    outer loop
      vertex   1.978657e+02 4.927526e+02 1.125882e+01
      vertex   1.977658e+02 4.927526e+02 1.150000e+01
      vertex   1.978328e+02 4.925026e+02 1.125882e+01
    endloop
  endfacet
  facet normal 9.171204e-01 -1.207412e-01 3.798837e-01
    outer loop
      vertex   1.978328e+02 4.925026e+02 1.125882e+01
      vertex   1.977658e+02 4.927526e+02 1.150000e+01
      vertex   1.977363e+02 4.925284e+02 1.150000e+01
    endloop
  endfacet
  facet normal 8.546202e-01 -3.539953e-01 3.798837e-01
    outer loop
      vertex   1.978328e+02 4.925026e+02 1.125882e+01
      vertex   1.977363e+02 4.925284e+02 1.150000e+01
      vertex   1.977363e+02 4.922696e+02 1.125882e+01
    endloop
  endfacet
  facet normal 8.546202e-01 -3.539953e-01 3.798837e-01
    outer loop
      vertex   1.977363e+02 4.922696e+02 1.125882e+01
      vertex   1.977363e+02 4.925284e+02 1.150000e+01
      vertex   1.976498e+02 4.923196e+02 1.150000e+01
    endloop
  endfacet
  facet normal 7.338790e-01 -5.631252e-01 3.798837e-01
    outer loop
      vertex   1.977363e+02 4.922696e+02 1.125882e+01
      vertex   1.976498e+02 4.923196e+02 1.150000e+01
      vertex   1.975828e+02 4.920696e+02 1.125882e+01
    endloop
  endfacet
  facet normal 7.338790e-01 -5.631252e-01 3.798837e-01
    outer loop
      vertex   1.975828e+02 4.920696e+02 1.125882e+01
      vertex   1.976498e+02 4.923196e+02 1.150000e+01
      vertex   1.975121e+02 4.921402e+02 1.150000e+01
    endloop
  endfacet
  facet normal 5.631252e-01 -7.338790e-01 3.798837e-01
    outer loop
      vertex   1.975828e+02 4.920696e+02 1.125882e+01
      vertex   1.975121e+02 4.921402e+02 1.150000e+01
      vertex   1.973827e+02 4.919161e+02 1.125882e+01
    endloop
  endfacet
  facet normal 5.631252e-01 -7.338790e-01 3.798837e-01
    outer loop
      vertex   1.973827e+02 4.919161e+02 1.125882e+01
      vertex   1.975121e+02 4.921402e+02 1.150000e+01
      vertex   1.973328e+02 4.920026e+02 1.150000e+01
    endloop
  endfacet
  facet normal 3.539953e-01 -8.546202e-01 3.798837e-01
    outer loop
      vertex   1.973827e+02 4.919161e+02 1.125882e+01
      vertex   1.973328e+02 4.920026e+02 1.150000e+01
      vertex   1.971498e+02 4.918196e+02 1.125882e+01
    endloop
  endfacet
  facet normal 3.539953e-01 -8.546202e-01 3.798837e-01
    outer loop
      vertex   1.971498e+02 4.918196e+02 1.125882e+01
      vertex   1.973328e+02 4.920026e+02 1.150000e+01
      vertex   1.971239e+02 4.919161e+02 1.150000e+01
    endloop
  endfacet
  facet normal 1.207412e-01 -9.171204e-01 3.798837e-01
    outer loop
      vertex   1.971498e+02 4.918196e+02 1.125882e+01
      vertex   1.971239e+02 4.919161e+02 1.150000e+01
      vertex   1.968998e+02 4.917867e+02 1.125882e+01
    endloop
  endfacet
  facet normal 1.207412e-01 -9.171204e-01 3.798837e-01
    outer loop
      vertex   1.968998e+02 4.917867e+02 1.125882e+01
      vertex   1.971239e+02 4.919161e+02 1.150000e+01
      vertex   1.968998e+02 4.918866e+02 1.150000e+01
    endloop
  endfacet
  facet normal -1.207412e-01 -9.171204e-01 3.798837e-01
    outer loop
      vertex   1.968998e+02 4.917867e+02 1.125882e+01
      vertex   1.968998e+02 4.918866e+02 1.150000e+01
      vertex   1.966498e+02 4.918196e+02 1.125882e+01
    endloop
  endfacet
  facet normal -1.207412e-01 -9.171204e-01 3.798837e-01
    outer loop
      vertex   1.966498e+02 4.918196e+02 1.125882e+01
      vertex   1.968998e+02 4.918866e+02 1.150000e+01
      vertex   1.966756e+02 4.919161e+02 1.150000e+01
    endloop
  endfacet
  facet normal -3.539953e-01 -8.546202e-01 3.798837e-01
    outer loop
      vertex   1.966498e+02 4.918196e+02 1.125882e+01
      vertex   1.966756e+02 4.919161e+02 1.150000e+01
      vertex   1.964168e+02 4.919161e+02 1.125882e+01
    endloop
  endfacet
  facet normal -3.539953e-01 -8.546202e-01 3.798837e-01
    outer loop
      vertex   1.964168e+02 4.919161e+02 1.125882e+01
      vertex   1.966756e+02 4.919161e+02 1.150000e+01
      vertex   1.964667e+02 4.920026e+02 1.150000e+01
    endloop
  endfacet
  facet normal -5.631252e-01 -7.338790e-01 3.798837e-01
    outer loop
      vertex   1.964168e+02 4.919161e+02 1.125882e+01
      vertex   1.964667e+02 4.920026e+02 1.150000e+01
      vertex   1.962167e+02 4.920696e+02 1.125882e+01
    endloop
  endfacet
  facet normal -5.631252e-01 -7.338790e-01 3.798837e-01
    outer loop
      vertex   1.962167e+02 4.920696e+02 1.125882e+01
      vertex   1.964667e+02 4.920026e+02 1.150000e+01
      vertex   1.962874e+02 4.921402e+02 1.150000e+01
    endloop
  endfacet
  facet normal -7.338790e-01 -5.631252e-01 3.798837e-01
    outer loop
      vertex   1.962167e+02 4.920696e+02 1.125882e+01
      vertex   1.962874e+02 4.921402e+02 1.150000e+01
      vertex   1.960632e+02 4.922696e+02 1.125882e+01
    endloop
  endfacet
  facet normal -7.338790e-01 -5.631252e-01 3.798837e-01
    outer loop
      vertex   1.960632e+02 4.922696e+02 1.125882e+01
      vertex   1.962874e+02 4.921402e+02 1.150000e+01
      vertex   1.961498e+02 4.923196e+02 1.150000e+01
    endloop
  endfacet
  facet normal -8.546202e-01 -3.539953e-01 3.798837e-01
    outer loop
      vertex   1.960632e+02 4.922696e+02 1.125882e+01
      vertex   1.961498e+02 4.923196e+02 1.150000e+01
      vertex   1.959667e+02 4.925026e+02 1.125882e+01
    endloop
  endfacet
  facet normal -8.546202e-01 -3.539953e-01 3.798837e-01
    outer loop
      vertex   1.959667e+02 4.925026e+02 1.125882e+01
      vertex   1.961498e+02 4.923196e+02 1.150000e+01
      vertex   1.960632e+02 4.925284e+02 1.150000e+01
    endloop
  endfacet
  facet normal -9.171204e-01 -1.207412e-01 3.798837e-01
    outer loop
      vertex   1.959667e+02 4.925026e+02 1.125882e+01
      vertex   1.960632e+02 4.925284e+02 1.150000e+01
      vertex   1.959338e+02 4.927526e+02 1.125882e+01
    endloop
  endfacet
  facet normal -9.171204e-01 -1.207412e-01 3.798837e-01
    outer loop
      vertex   1.959338e+02 4.927526e+02 1.125882e+01
      vertex   1.960632e+02 4.925284e+02 1.150000e+01
      vertex   1.960337e+02 4.927526e+02 1.150000e+01
    endloop
  endfacet
  facet normal -7.890610e-01 1.038819e-01 6.054678e-01
    outer loop
      vertex   1.960337e+02 4.927526e+02 1.150000e+01
      vertex   1.961927e+02 4.927526e+02 1.170711e+01
      vertex   1.960632e+02 4.929767e+02 1.150000e+01
    endloop
  endfacet
  facet normal -7.890610e-01 1.038819e-01 6.054678e-01
    outer loop
      vertex   1.960632e+02 4.929767e+02 1.150000e+01
      vertex   1.961927e+02 4.927526e+02 1.170711e+01
      vertex   1.962167e+02 4.929356e+02 1.170711e+01
    endloop
  endfacet
  facet normal -7.352878e-01 3.045662e-01 6.054678e-01
    outer loop
      vertex   1.960632e+02 4.929767e+02 1.150000e+01
      vertex   1.962167e+02 4.929356e+02 1.170711e+01
      vertex   1.961498e+02 4.931856e+02 1.150000e+01
    endloop
  endfacet
  facet normal -7.352878e-01 3.045662e-01 6.054678e-01
    outer loop
      vertex   1.961498e+02 4.931856e+02 1.150000e+01
      vertex   1.962167e+02 4.929356e+02 1.170711e+01
      vertex   1.962874e+02 4.931061e+02 1.170711e+01
    endloop
  endfacet
  facet normal -6.314060e-01 4.844948e-01 6.054678e-01
    outer loop
      vertex   1.961498e+02 4.931856e+02 1.150000e+01
      vertex   1.962874e+02 4.931061e+02 1.170711e+01
      vertex   1.962874e+02 4.933650e+02 1.150000e+01
    endloop
  endfacet
  facet normal -6.314060e-01 4.844948e-01 6.054678e-01
    outer loop
      vertex   1.962874e+02 4.933650e+02 1.150000e+01
      vertex   1.962874e+02 4.931061e+02 1.170711e+01
      vertex   1.963998e+02 4.932526e+02 1.170711e+01
    endloop
  endfacet
  facet normal -4.844948e-01 6.314060e-01 6.054678e-01
    outer loop
      vertex   1.962874e+02 4.933650e+02 1.150000e+01
      vertex   1.963998e+02 4.932526e+02 1.170711e+01
      vertex   1.964667e+02 4.935026e+02 1.150000e+01
    endloop
  endfacet
  facet normal -4.844948e-01 6.314060e-01 6.054678e-01
    outer loop
      vertex   1.964667e+02 4.935026e+02 1.150000e+01
      vertex   1.963998e+02 4.932526e+02 1.170711e+01
      vertex   1.965462e+02 4.933650e+02 1.170711e+01
    endloop
  endfacet
  facet normal -3.045662e-01 7.352878e-01 6.054678e-01
    outer loop
      vertex   1.964667e+02 4.935026e+02 1.150000e+01
      vertex   1.965462e+02 4.933650e+02 1.170711e+01
      vertex   1.966756e+02 4.935891e+02 1.150000e+01
    endloop
  endfacet
  facet normal -3.045662e-01 7.352878e-01 6.054678e-01
    outer loop
      vertex   1.966756e+02 4.935891e+02 1.150000e+01
      vertex   1.965462e+02 4.933650e+02 1.170711e+01
      vertex   1.967167e+02 4.934356e+02 1.170711e+01
    endloop
  endfacet
  facet normal -1.038819e-01 7.890610e-01 6.054678e-01
    outer loop
      vertex   1.966756e+02 4.935891e+02 1.150000e+01
      vertex   1.967167e+02 4.934356e+02 1.170711e+01
      vertex   1.968998e+02 4.936186e+02 1.150000e+01
    endloop
  endfacet
  facet normal -1.038819e-01 7.890610e-01 6.054678e-01
    outer loop
      vertex   1.968998e+02 4.936186e+02 1.150000e+01
      vertex   1.967167e+02 4.934356e+02 1.170711e+01
      vertex   1.968998e+02 4.934597e+02 1.170711e+01
    endloop
  endfacet
  facet normal 1.038819e-01 7.890610e-01 6.054678e-01
    outer loop
      vertex   1.968998e+02 4.936186e+02 1.150000e+01
      vertex   1.968998e+02 4.934597e+02 1.170711e+01
      vertex   1.971239e+02 4.935891e+02 1.150000e+01
    endloop
  endfacet
  facet normal 1.038819e-01 7.890610e-01 6.054678e-01
    outer loop
      vertex   1.971239e+02 4.935891e+02 1.150000e+01
      vertex   1.968998e+02 4.934597e+02 1.170711e+01
      vertex   1.970828e+02 4.934356e+02 1.170711e+01
    endloop
  endfacet
  facet normal 3.045662e-01 7.352878e-01 6.054678e-01
    outer loop
      vertex   1.971239e+02 4.935891e+02 1.150000e+01
      vertex   1.970828e+02 4.934356e+02 1.170711e+01
      vertex   1.973328e+02 4.935026e+02 1.150000e+01
    endloop
  endfacet
  facet normal 3.045662e-01 7.352878e-01 6.054678e-01
    outer loop
      vertex   1.973328e+02 4.935026e+02 1.150000e+01
      vertex   1.970828e+02 4.934356e+02 1.170711e+01
      vertex   1.972533e+02 4.933650e+02 1.170711e+01
    endloop
  endfacet
  facet normal 4.844948e-01 6.314060e-01 6.054678e-01
    outer loop
      vertex   1.973328e+02 4.935026e+02 1.150000e+01
      vertex   1.972533e+02 4.933650e+02 1.170711e+01
      vertex   1.975121e+02 4.933650e+02 1.150000e+01
    endloop
  endfacet
  facet normal 4.844948e-01 6.314060e-01 6.054678e-01
    outer loop
      vertex   1.975121e+02 4.933650e+02 1.150000e+01
      vertex   1.972533e+02 4.933650e+02 1.170711e+01
      vertex   1.973998e+02 4.932526e+02 1.170711e+01
    endloop
  endfacet
  facet normal 6.314060e-01 4.844948e-01 6.054678e-01
    outer loop
      vertex   1.975121e+02 4.933650e+02 1.150000e+01
      vertex   1.973998e+02 4.932526e+02 1.170711e+01
      vertex   1.976498e+02 4.931856e+02 1.150000e+01
    endloop
  endfacet
  facet normal 6.314060e-01 4.844948e-01 6.054678e-01
    outer loop
      vertex   1.976498e+02 4.931856e+02 1.150000e+01
      vertex   1.973998e+02 4.932526e+02 1.170711e+01
      vertex   1.975121e+02 4.931061e+02 1.170711e+01
    endloop
  endfacet
  facet normal 7.352878e-01 3.045662e-01 6.054678e-01
    outer loop
      vertex   1.976498e+02 4.931856e+02 1.150000e+01
      vertex   1.975121e+02 4.931061e+02 1.170711e+01
      vertex   1.977363e+02 4.929767e+02 1.150000e+01
    endloop
  endfacet
  facet normal 7.352878e-01 3.045662e-01 6.054678e-01
    outer loop
      vertex   1.977363e+02 4.929767e+02 1.150000e+01
      vertex   1.975121e+02 4.931061e+02 1.170711e+01
      vertex   1.975828e+02 4.929356e+02 1.170711e+01
    endloop
  endfacet
  facet normal 7.890610e-01 1.038819e-01 6.054678e-01
    outer loop
      vertex   1.977363e+02 4.929767e+02 1.150000e+01
      vertex   1.975828e+02 4.929356e+02 1.170711e+01
      vertex   1.977658e+02 4.927526e+02 1.150000e+01
    endloop
  endfacet
  facet normal 7.890610e-01 1.038819e-01 6.054678e-01
    outer loop
      vertex   1.977658e+02 4.927526e+02 1.150000e+01
      vertex   1.975828e+02 4.929356e+02 1.170711e+01
      vertex   1.976069e+02 4.927526e+02 1.170711e+01
    endloop
  endfacet
  facet normal 7.890610e-01 -1.038819e-01 6.054678e-01
    outer loop
      vertex   1.977658e+02 4.927526e+02 1.150000e+01
      vertex   1.976069e+02 4.927526e+02 1.170711e+01
      vertex   1.977363e+02 4.925284e+02 1.150000e+01
    endloop
  endfacet
  facet normal 7.890610e-01 -1.038819e-01 6.054678e-01
    outer loop
      vertex   1.977363e+02 4.925284e+02 1.150000e+01
      vertex   1.976069e+02 4.927526e+02 1.170711e+01
      vertex   1.975828e+02 4.925696e+02 1.170711e+01
    endloop
  endfacet
  facet normal 7.352878e-01 -3.045662e-01 6.054678e-01
    outer loop
      vertex   1.977363e+02 4.925284e+02 1.150000e+01
      vertex   1.975828e+02 4.925696e+02 1.170711e+01
      vertex   1.976498e+02 4.923196e+02 1.150000e+01
    endloop
  endfacet
  facet normal 7.352878e-01 -3.045662e-01 6.054678e-01
    outer loop
      vertex   1.976498e+02 4.923196e+02 1.150000e+01
      vertex   1.975828e+02 4.925696e+02 1.170711e+01
      vertex   1.975121e+02 4.923990e+02 1.170711e+01
    endloop
  endfacet
  facet normal 6.314060e-01 -4.844948e-01 6.054678e-01
    outer loop
      vertex   1.976498e+02 4.923196e+02 1.150000e+01
      vertex   1.975121e+02 4.923990e+02 1.170711e+01
      vertex   1.975121e+02 4.921402e+02 1.150000e+01
    endloop
  endfacet
  facet normal 6.314060e-01 -4.844948e-01 6.054678e-01
    outer loop
      vertex   1.975121e+02 4.921402e+02 1.150000e+01
      vertex   1.975121e+02 4.923990e+02 1.170711e+01
      vertex   1.973998e+02 4.922526e+02 1.170711e+01
    endloop
  endfacet
  facet normal 4.844948e-01 -6.314060e-01 6.054678e-01
    outer loop
      vertex   1.975121e+02 4.921402e+02 1.150000e+01
      vertex   1.973998e+02 4.922526e+02 1.170711e+01
      vertex   1.973328e+02 4.920026e+02 1.150000e+01
    endloop
  endfacet
  facet normal 4.844948e-01 -6.314060e-01 6.054678e-01
    outer loop
      vertex   1.973328e+02 4.920026e+02 1.150000e+01
      vertex   1.973998e+02 4.922526e+02 1.170711e+01
      vertex   1.972533e+02 4.921402e+02 1.170711e+01
    endloop
  endfacet
  facet normal 3.045662e-01 -7.352878e-01 6.054678e-01
    outer loop
      vertex   1.973328e+02 4.920026e+02 1.150000e+01
      vertex   1.972533e+02 4.921402e+02 1.170711e+01
      vertex   1.971239e+02 4.919161e+02 1.150000e+01
    endloop
  endfacet
  facet normal 3.045662e-01 -7.352878e-01 6.054678e-01
    outer loop
      vertex   1.971239e+02 4.919161e+02 1.150000e+01
      vertex   1.972533e+02 4.921402e+02 1.170711e+01
      vertex   1.970828e+02 4.920696e+02 1.170711e+01
    endloop
  endfacet
  facet normal 1.038819e-01 -7.890610e-01 6.054678e-01
    outer loop
      vertex   1.971239e+02 4.919161e+02 1.150000e+01
      vertex   1.970828e+02 4.920696e+02 1.170711e+01
      vertex   1.968998e+02 4.918866e+02 1.150000e+01
    endloop
  endfacet
  facet normal 1.038819e-01 -7.890610e-01 6.054678e-01
    outer loop
      vertex   1.968998e+02 4.918866e+02 1.150000e+01
      vertex   1.970828e+02 4.920696e+02 1.170711e+01
      vertex   1.968998e+02 4.920455e+02 1.170711e+01
    endloop
  endfacet
  facet normal -1.038819e-01 -7.890610e-01 6.054678e-01
    outer loop
      vertex   1.968998e+02 4.918866e+02 1.150000e+01
      vertex   1.968998e+02 4.920455e+02 1.170711e+01
      vertex   1.966756e+02 4.919161e+02 1.150000e+01
    endloop
  endfacet
  facet normal -1.038819e-01 -7.890610e-01 6.054678e-01
    outer loop
      vertex   1.966756e+02 4.919161e+02 1.150000e+01
      vertex   1.968998e+02 4.920455e+02 1.170711e+01
      vertex   1.967167e+02 4.920696e+02 1.170711e+01
    endloop
  endfacet
  facet normal -3.045662e-01 -7.352878e-01 6.054678e-01
    outer loop
      vertex   1.966756e+02 4.919161e+02 1.150000e+01
      vertex   1.967167e+02 4.920696e+02 1.170711e+01
      vertex   1.964667e+02 4.920026e+02 1.150000e+01
    endloop
  endfacet
  facet normal -3.045662e-01 -7.352878e-01 6.054678e-01
    outer loop
      vertex   1.964667e+02 4.920026e+02 1.150000e+01
      vertex   1.967167e+02 4.920696e+02 1.170711e+01
      vertex   1.965462e+02 4.921402e+02 1.170711e+01
    endloop
  endfacet
  facet normal -4.844948e-01 -6.314060e-01 6.054678e-01
    outer loop
      vertex   1.964667e+02 4.920026e+02 1.150000e+01
      vertex   1.965462e+02 4.921402e+02 1.170711e+01
      vertex   1.962874e+02 4.921402e+02 1.150000e+01
    endloop
  endfacet
  facet normal -4.844948e-01 -6.314060e-01 6.054678e-01
    outer loop
      vertex   1.962874e+02 4.921402e+02 1.150000e+01
      vertex   1.965462e+02 4.921402e+02 1.170711e+01
      vertex   1.963998e+02 4.922526e+02 1.170711e+01
    endloop
  endfacet
  facet normal -6.314060e-01 -4.844948e-01 6.054678e-01
    outer loop
      vertex   1.962874e+02 4.921402e+02 1.150000e+01
      vertex   1.963998e+02 4.922526e+02 1.170711e+01
      vertex   1.961498e+02 4.923196e+02 1.150000e+01
    endloop
  endfacet
  facet normal -6.314060e-01 -4.844948e-01 6.054678e-01
    outer loop
      vertex   1.961498e+02 4.923196e+02 1.150000e+01
      vertex   1.963998e+02 4.922526e+02 1.170711e+01
      vertex   1.962874e+02 4.923990e+02 1.170711e+01
    endloop
  endfacet
  facet normal -7.352878e-01 -3.045662e-01 6.054678e-01
    outer loop
      vertex   1.961498e+02 4.923196e+02 1.150000e+01
      vertex   1.962874e+02 4.923990e+02 1.170711e+01
      vertex   1.960632e+02 4.925284e+02 1.150000e+01
    endloop
  endfacet
  facet normal -7.352878e-01 -3.045662e-01 6.054678e-01
    outer loop
      vertex   1.960632e+02 4.925284e+02 1.150000e+01
      vertex   1.962874e+02 4.923990e+02 1.170711e+01
      vertex   1.962167e+02 4.925696e+02 1.170711e+01
    endloop
  endfacet
  facet normal -7.890610e-01 -1.038819e-01 6.054678e-01
    outer loop
      vertex   1.960632e+02 4.925284e+02 1.150000e+01
      vertex   1.962167e+02 4.925696e+02 1.170711e+01
      vertex   1.960337e+02 4.927526e+02 1.150000e+01
    endloop
  endfacet
  facet normal -7.890610e-01 -1.038819e-01 6.054678e-01
    outer loop
      vertex   1.960337e+02 4.927526e+02 1.150000e+01
      vertex   1.962167e+02 4.925696e+02 1.170711e+01
      vertex   1.961927e+02 4.927526e+02 1.170711e+01
    endloop
  endfacet
  facet normal -6.068157e-01 7.988880e-02 7.908176e-01
    outer loop
      vertex   1.961927e+02 4.927526e+02 1.170711e+01
      vertex   1.963998e+02 4.927526e+02 1.186603e+01
      vertex   1.962167e+02 4.929356e+02 1.170711e+01
    endloop
  endfacet
  facet normal -6.068157e-01 7.988880e-02 7.908176e-01
    outer loop
      vertex   1.962167e+02 4.929356e+02 1.170711e+01
      vertex   1.963998e+02 4.927526e+02 1.186603e+01
      vertex   1.964168e+02 4.928820e+02 1.186603e+01
    endloop
  endfacet
  facet normal -5.654622e-01 2.342221e-01 7.908176e-01
    outer loop
      vertex   1.962167e+02 4.929356e+02 1.170711e+01
      vertex   1.964168e+02 4.928820e+02 1.186603e+01
      vertex   1.962874e+02 4.931061e+02 1.170711e+01
    endloop
  endfacet
  facet normal -5.654622e-01 2.342221e-01 7.908176e-01
    outer loop
      vertex   1.962874e+02 4.931061e+02 1.170711e+01
      vertex   1.964168e+02 4.928820e+02 1.186603e+01
      vertex   1.964667e+02 4.930026e+02 1.186603e+01
    endloop
  endfacet
  facet normal -4.855734e-01 3.725936e-01 7.908176e-01
    outer loop
      vertex   1.962874e+02 4.931061e+02 1.170711e+01
      vertex   1.964667e+02 4.930026e+02 1.186603e+01
      vertex   1.963998e+02 4.932526e+02 1.170711e+01
    endloop
  endfacet
  facet normal -4.855734e-01 3.725936e-01 7.908176e-01
    outer loop
      vertex   1.963998e+02 4.932526e+02 1.170711e+01
      vertex   1.964667e+02 4.930026e+02 1.186603e+01
      vertex   1.965462e+02 4.931061e+02 1.186603e+01
    endloop
  endfacet
  facet normal -3.725936e-01 4.855734e-01 7.908176e-01
    outer loop
      vertex   1.963998e+02 4.932526e+02 1.170711e+01
      vertex   1.965462e+02 4.931061e+02 1.186603e+01
      vertex   1.965462e+02 4.933650e+02 1.170711e+01
    endloop
  endfacet
  facet normal -3.725936e-01 4.855734e-01 7.908176e-01
    outer loop
      vertex   1.965462e+02 4.933650e+02 1.170711e+01
      vertex   1.965462e+02 4.931061e+02 1.186603e+01
      vertex   1.966498e+02 4.931856e+02 1.186603e+01
    endloop
  endfacet
  facet normal -2.342221e-01 5.654622e-01 7.908176e-01
    outer loop
      vertex   1.965462e+02 4.933650e+02 1.170711e+01
      vertex   1.966498e+02 4.931856e+02 1.186603e+01
      vertex   1.967167e+02 4.934356e+02 1.170711e+01
    endloop
  endfacet
  facet normal -2.342221e-01 5.654622e-01 7.908176e-01
    outer loop
      vertex   1.967167e+02 4.934356e+02 1.170711e+01
      vertex   1.966498e+02 4.931856e+02 1.186603e+01
      vertex   1.967703e+02 4.932355e+02 1.186603e+01
    endloop
  endfacet
  facet normal -7.988880e-02 6.068157e-01 7.908176e-01
    outer loop
      vertex   1.967167e+02 4.934356e+02 1.170711e+01
      vertex   1.967703e+02 4.932355e+02 1.186603e+01
      vertex   1.968998e+02 4.934597e+02 1.170711e+01
    endloop
  endfacet
  facet normal -7.988880e-02 6.068157e-01 7.908176e-01
    outer loop
      vertex   1.968998e+02 4.934597e+02 1.170711e+01
      vertex   1.967703e+02 4.932355e+02 1.186603e+01
      vertex   1.968998e+02 4.932526e+02 1.186603e+01
    endloop
  endfacet
  facet normal 7.988880e-02 6.068157e-01 7.908176e-01
    outer loop
      vertex   1.968998e+02 4.934597e+02 1.170711e+01
      vertex   1.968998e+02 4.932526e+02 1.186603e+01
      vertex   1.970828e+02 4.934356e+02 1.170711e+01
    endloop
  endfacet
  facet normal 7.988880e-02 6.068157e-01 7.908176e-01
    outer loop
      vertex   1.970828e+02 4.934356e+02 1.170711e+01
      vertex   1.968998e+02 4.932526e+02 1.186603e+01
      vertex   1.970292e+02 4.932355e+02 1.186603e+01
    endloop
  endfacet
  facet normal 2.342221e-01 5.654622e-01 7.908176e-01
    outer loop
      vertex   1.970828e+02 4.934356e+02 1.170711e+01
      vertex   1.970292e+02 4.932355e+02 1.186603e+01
      vertex   1.972533e+02 4.933650e+02 1.170711e+01
    endloop
  endfacet
  facet normal 2.342221e-01 5.654622e-01 7.908176e-01
    outer loop
      vertex   1.972533e+02 4.933650e+02 1.170711e+01
      vertex   1.970292e+02 4.932355e+02 1.186603e+01
      vertex   1.971498e+02 4.931856e+02 1.186603e+01
    endloop
  endfacet
  facet normal 3.725936e-01 4.855734e-01 7.908176e-01
    outer loop
      vertex   1.972533e+02 4.933650e+02 1.170711e+01
      vertex   1.971498e+02 4.931856e+02 1.186603e+01
      vertex   1.973998e+02 4.932526e+02 1.170711e+01
    endloop
  endfacet
  facet normal 3.725936e-01 4.855734e-01 7.908176e-01
    outer loop
      vertex   1.973998e+02 4.932526e+02 1.170711e+01
      vertex   1.971498e+02 4.931856e+02 1.186603e+01
      vertex   1.972533e+02 4.931061e+02 1.186603e+01
    endloop
  endfacet
  facet normal 4.855734e-01 3.725936e-01 7.908176e-01
    outer loop
      vertex   1.973998e+02 4.932526e+02 1.170711e+01
      vertex   1.972533e+02 4.931061e+02 1.186603e+01
      vertex   1.975121e+02 4.931061e+02 1.170711e+01
    endloop
  endfacet
  facet normal 4.855734e-01 3.725936e-01 7.908176e-01
    outer loop
      vertex   1.975121e+02 4.931061e+02 1.170711e+01
      vertex   1.972533e+02 4.931061e+02 1.186603e+01
      vertex   1.973328e+02 4.930026e+02 1.186603e+01
    endloop
  endfacet
  facet normal 5.654622e-01 2.342221e-01 7.908176e-01
    outer loop
      vertex   1.975121e+02 4.931061e+02 1.170711e+01
      vertex   1.973328e+02 4.930026e+02 1.186603e+01
      vertex   1.975828e+02 4.929356e+02 1.170711e+01
    endloop
  endfacet
  facet normal 5.654622e-01 2.342221e-01 7.908176e-01
    outer loop
      vertex   1.975828e+02 4.929356e+02 1.170711e+01
      vertex   1.973328e+02 4.930026e+02 1.186603e+01
      vertex   1.973827e+02 4.928820e+02 1.186603e+01
    endloop
  endfacet
  facet normal 6.068157e-01 7.988880e-02 7.908176e-01
    outer loop
      vertex   1.975828e+02 4.929356e+02 1.170711e+01
      vertex   1.973827e+02 4.928820e+02 1.186603e+01
      vertex   1.976069e+02 4.927526e+02 1.170711e+01
    endloop
  endfacet
  facet normal 6.068157e-01 7.988880e-02 7.908176e-01
    outer loop
      vertex   1.976069e+02 4.927526e+02 1.170711e+01
      vertex   1.973827e+02 4.928820e+02 1.186603e+01
      vertex   1.973998e+02 4.927526e+02 1.186603e+01
    endloop
  endfacet
  facet normal 6.068157e-01 -7.988880e-02 7.908176e-01
    outer loop
      vertex   1.976069e+02 4.927526e+02 1.170711e+01
      vertex   1.973998e+02 4.927526e+02 1.186603e+01
      vertex   1.975828e+02 4.925696e+02 1.170711e+01
    endloop
  endfacet
  facet normal 6.068157e-01 -7.988880e-02 7.908176e-01
    outer loop
      vertex   1.975828e+02 4.925696e+02 1.170711e+01
      vertex   1.973998e+02 4.927526e+02 1.186603e+01
      vertex   1.973827e+02 4.926232e+02 1.186603e+01
    endloop
  endfacet
  facet normal 5.654622e-01 -2.342221e-01 7.908176e-01
    outer loop
      vertex   1.975828e+02 4.925696e+02 1.170711e+01
      vertex   1.973827e+02 4.926232e+02 1.186603e+01
      vertex   1.975121e+02 4.923990e+02 1.170711e+01
    endloop
  endfacet
  facet normal 5.654622e-01 -2.342221e-01 7.908176e-01
    outer loop
      vertex   1.975121e+02 4.923990e+02 1.170711e+01
      vertex   1.973827e+02 4.926232e+02 1.186603e+01
      vertex   1.973328e+02 4.925026e+02 1.186603e+01
    endloop
  endfacet
  facet normal 4.855734e-01 -3.725936e-01 7.908176e-01
    outer loop
      vertex   1.975121e+02 4.923990e+02 1.170711e+01
      vertex   1.973328e+02 4.925026e+02 1.186603e+01
      vertex   1.973998e+02 4.922526e+02 1.170711e+01
    endloop
  endfacet
  facet normal 4.855734e-01 -3.725936e-01 7.908176e-01
    outer loop
      vertex   1.973998e+02 4.922526e+02 1.170711e+01
      vertex   1.973328e+02 4.925026e+02 1.186603e+01
      vertex   1.972533e+02 4.923990e+02 1.186603e+01
    endloop
  endfacet
  facet normal 3.725936e-01 -4.855734e-01 7.908176e-01
    outer loop
      vertex   1.973998e+02 4.922526e+02 1.170711e+01
      vertex   1.972533e+02 4.923990e+02 1.186603e+01
      vertex   1.972533e+02 4.921402e+02 1.170711e+01
    endloop
  endfacet
  facet normal 3.725936e-01 -4.855734e-01 7.908176e-01
    outer loop
      vertex   1.972533e+02 4.921402e+02 1.170711e+01
      vertex   1.972533e+02 4.923990e+02 1.186603e+01
      vertex   1.971498e+02 4.923196e+02 1.186603e+01
    endloop
  endfacet
  facet normal 2.342221e-01 -5.654622e-01 7.908176e-01
    outer loop
      vertex   1.972533e+02 4.921402e+02 1.170711e+01
      vertex   1.971498e+02 4.923196e+02 1.186603e+01
      vertex   1.970828e+02 4.920696e+02 1.170711e+01
    endloop
  endfacet
  facet normal 2.342221e-01 -5.654622e-01 7.908176e-01
    outer loop
      vertex   1.970828e+02 4.920696e+02 1.170711e+01
      vertex   1.971498e+02 4.923196e+02 1.186603e+01
      vertex   1.970292e+02 4.922696e+02 1.186603e+01
    endloop
  endfacet
  facet normal 7.988880e-02 -6.068157e-01 7.908176e-01
    outer loop
      vertex   1.970828e+02 4.920696e+02 1.170711e+01
      vertex   1.970292e+02 4.922696e+02 1.186603e+01
      vertex   1.968998e+02 4.920455e+02 1.170711e+01
    endloop
  endfacet
  facet normal 7.988880e-02 -6.068157e-01 7.908176e-01
    outer loop
      vertex   1.968998e+02 4.920455e+02 1.170711e+01
      vertex   1.970292e+02 4.922696e+02 1.186603e+01
      vertex   1.968998e+02 4.922526e+02 1.186603e+01
    endloop
  endfacet
  facet normal -7.988880e-02 -6.068157e-01 7.908176e-01
    outer loop
      vertex   1.968998e+02 4.920455e+02 1.170711e+01
      vertex   1.968998e+02 4.922526e+02 1.186603e+01
      vertex   1.967167e+02 4.920696e+02 1.170711e+01
    endloop
  endfacet
  facet normal -7.988880e-02 -6.068157e-01 7.908176e-01
    outer loop
      vertex   1.967167e+02 4.920696e+02 1.170711e+01
      vertex   1.968998e+02 4.922526e+02 1.186603e+01
      vertex   1.967703e+02 4.922696e+02 1.186603e+01
    endloop
  endfacet
  facet normal -2.342221e-01 -5.654622e-01 7.908176e-01
    outer loop
      vertex   1.967167e+02 4.920696e+02 1.170711e+01
      vertex   1.967703e+02 4.922696e+02 1.186603e+01
      vertex   1.965462e+02 4.921402e+02 1.170711e+01
    endloop
  endfacet
  facet normal -2.342221e-01 -5.654622e-01 7.908176e-01
    outer loop
      vertex   1.965462e+02 4.921402e+02 1.170711e+01
      vertex   1.967703e+02 4.922696e+02 1.186603e+01
      vertex   1.966498e+02 4.923196e+02 1.186603e+01
    endloop
  endfacet
  facet normal -3.725936e-01 -4.855734e-01 7.908176e-01
    outer loop
      vertex   1.965462e+02 4.921402e+02 1.170711e+01
      vertex   1.966498e+02 4.923196e+02 1.186603e+01
      vertex   1.963998e+02 4.922526e+02 1.170711e+01
    endloop
  endfacet
  facet normal -3.725936e-01 -4.855734e-01 7.908176e-01
    outer loop
      vertex   1.963998e+02 4.922526e+02 1.170711e+01
      vertex   1.966498e+02 4.923196e+02 1.186603e+01
      vertex   1.965462e+02 4.923990e+02 1.186603e+01
    endloop
  endfacet
  facet normal -4.855734e-01 -3.725936e-01 7.908176e-01
    outer loop
      vertex   1.963998e+02 4.922526e+02 1.170711e+01
      vertex   1.965462e+02 4.923990e+02 1.186603e+01
      vertex   1.962874e+02 4.923990e+02 1.170711e+01
    endloop
  endfacet
  facet normal -4.855734e-01 -3.725936e-01 7.908176e-01
    outer loop
      vertex   1.962874e+02 4.923990e+02 1.170711e+01
      vertex   1.965462e+02 4.923990e+02 1.186603e+01
      vertex   1.964667e+02 4.925026e+02 1.186603e+01
    endloop
  endfacet
  facet normal -5.654622e-01 -2.342221e-01 7.908176e-01
    outer loop
      vertex   1.962874e+02 4.923990e+02 1.170711e+01
      vertex   1.964667e+02 4.925026e+02 1.186603e+01
      vertex   1.962167e+02 4.925696e+02 1.170711e+01
    endloop
  endfacet
  facet normal -5.654622e-01 -2.342221e-01 7.908176e-01
    outer loop
      vertex   1.962167e+02 4.925696e+02 1.170711e+01
      vertex   1.964667e+02 4.925026e+02 1.186603e+01
      vertex   1.964168e+02 4.926232e+02 1.186603e+01
    endloop
  endfacet
  facet normal -6.068157e-01 -7.988880e-02 7.908176e-01
    outer loop
      vertex   1.962167e+02 4.925696e+02 1.170711e+01
      vertex   1.964168e+02 4.926232e+02 1.186603e+01
      vertex   1.961927e+02 4.927526e+02 1.170711e+01
    endloop
  endfacet
  facet normal -6.068157e-01 -7.988880e-02 7.908176e-01
    outer loop
      vertex   1.961927e+02 4.927526e+02 1.170711e+01
      vertex   1.964168e+02 4.926232e+02 1.186603e+01
      vertex   1.963998e+02 4.927526e+02 1.186603e+01
    endloop
  endfacet
  facet normal -3.821987e-01 5.031741e-02 9.227092e-01
    outer loop
      vertex   1.963998e+02 4.927526e+02 1.186603e+01
      vertex   1.966409e+02 4.927526e+02 1.196593e+01
      vertex   1.964168e+02 4.928820e+02 1.186603e+01
    endloop
  endfacet
  facet normal -3.821987e-01 5.031741e-02 9.227092e-01
    outer loop
      vertex   1.964168e+02 4.928820e+02 1.186603e+01
      vertex   1.966409e+02 4.927526e+02 1.196593e+01
      vertex   1.966498e+02 4.928196e+02 1.196593e+01
    endloop
  endfacet
  facet normal -3.561525e-01 1.475232e-01 9.227092e-01
    outer loop
      vertex   1.964168e+02 4.928820e+02 1.186603e+01
      vertex   1.966498e+02 4.928196e+02 1.196593e+01
      vertex   1.964667e+02 4.930026e+02 1.186603e+01
    endloop
  endfacet
  facet normal -3.561525e-01 1.475232e-01 9.227092e-01
    outer loop
      vertex   1.964667e+02 4.930026e+02 1.186603e+01
      vertex   1.966498e+02 4.928196e+02 1.196593e+01
      vertex   1.966756e+02 4.928820e+02 1.196593e+01
    endloop
  endfacet
  facet normal -3.058351e-01 2.346755e-01 9.227092e-01
    outer loop
      vertex   1.964667e+02 4.930026e+02 1.186603e+01
      vertex   1.966756e+02 4.928820e+02 1.196593e+01
      vertex   1.965462e+02 4.931061e+02 1.186603e+01
    endloop
  endfacet
  facet normal -3.058351e-01 2.346755e-01 9.227092e-01
    outer loop
      vertex   1.965462e+02 4.931061e+02 1.186603e+01
      vertex   1.966756e+02 4.928820e+02 1.196593e+01
      vertex   1.967167e+02 4.929356e+02 1.196593e+01
    endloop
  endfacet
  facet normal -2.346755e-01 3.058351e-01 9.227092e-01
    outer loop
      vertex   1.965462e+02 4.931061e+02 1.186603e+01
      vertex   1.967167e+02 4.929356e+02 1.196593e+01
      vertex   1.966498e+02 4.931856e+02 1.186603e+01
    endloop
  endfacet
  facet normal -2.346755e-01 3.058351e-01 9.227092e-01
    outer loop
      vertex   1.966498e+02 4.931856e+02 1.186603e+01
      vertex   1.967167e+02 4.929356e+02 1.196593e+01
      vertex   1.967703e+02 4.929767e+02 1.196593e+01
    endloop
  endfacet
  facet normal -1.475232e-01 3.561525e-01 9.227092e-01
    outer loop
      vertex   1.966498e+02 4.931856e+02 1.186603e+01
      vertex   1.967703e+02 4.929767e+02 1.196593e+01
      vertex   1.967703e+02 4.932355e+02 1.186603e+01
    endloop
  endfacet
  facet normal -1.475232e-01 3.561525e-01 9.227092e-01
    outer loop
      vertex   1.967703e+02 4.932355e+02 1.186603e+01
      vertex   1.967703e+02 4.929767e+02 1.196593e+01
      vertex   1.968328e+02 4.930026e+02 1.196593e+01
    endloop
  endfacet
  facet normal -5.031741e-02 3.821987e-01 9.227092e-01
    outer loop
      vertex   1.967703e+02 4.932355e+02 1.186603e+01
      vertex   1.968328e+02 4.930026e+02 1.196593e+01
      vertex   1.968998e+02 4.932526e+02 1.186603e+01
    endloop
  endfacet
  facet normal -5.031741e-02 3.821987e-01 9.227092e-01
    outer loop
      vertex   1.968998e+02 4.932526e+02 1.186603e+01
      vertex   1.968328e+02 4.930026e+02 1.196593e+01
      vertex   1.968998e+02 4.930114e+02 1.196593e+01
    endloop
  endfacet
  facet normal 5.031741e-02 3.821987e-01 9.227092e-01
    outer loop
      vertex   1.968998e+02 4.932526e+02 1.186603e+01
      vertex   1.968998e+02 4.930114e+02 1.196593e+01
      vertex   1.970292e+02 4.932355e+02 1.186603e+01
    endloop
  endfacet
  facet normal 5.031741e-02 3.821987e-01 9.227092e-01
    outer loop
      vertex   1.970292e+02 4.932355e+02 1.186603e+01
      vertex   1.968998e+02 4.930114e+02 1.196593e+01
      vertex   1.969667e+02 4.930026e+02 1.196593e+01
    endloop
  endfacet
  facet normal 1.475232e-01 3.561525e-01 9.227092e-01
    outer loop
      vertex   1.970292e+02 4.932355e+02 1.186603e+01
      vertex   1.969667e+02 4.930026e+02 1.196593e+01
      vertex   1.971498e+02 4.931856e+02 1.186603e+01
    endloop
  endfacet
  facet normal 1.475232e-01 3.561525e-01 9.227092e-01
    outer loop
      vertex   1.971498e+02 4.931856e+02 1.186603e+01
      vertex   1.969667e+02 4.930026e+02 1.196593e+01
      vertex   1.970292e+02 4.929767e+02 1.196593e+01
    endloop
  endfacet
  facet normal 2.346755e-01 3.058351e-01 9.227092e-01
    outer loop
      vertex   1.971498e+02 4.931856e+02 1.186603e+01
      vertex   1.970292e+02 4.929767e+02 1.196593e+01
      vertex   1.972533e+02 4.931061e+02 1.186603e+01
    endloop
  endfacet
  facet normal 2.346755e-01 3.058351e-01 9.227092e-01
    outer loop
      vertex   1.972533e+02 4.931061e+02 1.186603e+01
      vertex   1.970292e+02 4.929767e+02 1.196593e+01
      vertex   1.970828e+02 4.929356e+02 1.196593e+01
    endloop
  endfacet
  facet normal 3.058351e-01 2.346755e-01 9.227092e-01
    outer loop
      vertex   1.972533e+02 4.931061e+02 1.186603e+01
      vertex   1.970828e+02 4.929356e+02 1.196593e+01
      vertex   1.973328e+02 4.930026e+02 1.186603e+01
    endloop
  endfacet
  facet normal 3.058351e-01 2.346755e-01 9.227092e-01
    outer loop
      vertex   1.973328e+02 4.930026e+02 1.186603e+01
      vertex   1.970828e+02 4.929356e+02 1.196593e+01
      vertex   1.971239e+02 4.928820e+02 1.196593e+01
    endloop
  endfacet
  facet normal 3.561525e-01 1.475232e-01 9.227092e-01
    outer loop
      vertex   1.973328e+02 4.930026e+02 1.186603e+01
      vertex   1.971239e+02 4.928820e+02 1.196593e+01
      vertex   1.973827e+02 4.928820e+02 1.186603e+01
    endloop
  endfacet
  facet normal 3.561525e-01 1.475232e-01 9.227092e-01
    outer loop
      vertex   1.973827e+02 4.928820e+02 1.186603e+01
      vertex   1.971239e+02 4.928820e+02 1.196593e+01
      vertex   1.971498e+02 4.928196e+02 1.196593e+01
    endloop
  endfacet
  facet normal 3.821987e-01 5.031741e-02 9.227092e-01
    outer loop
      vertex   1.973827e+02 4.928820e+02 1.186603e+01
      vertex   1.971498e+02 4.928196e+02 1.196593e+01
      vertex   1.973998e+02 4.927526e+02 1.186603e+01
    endloop
  endfacet
  facet normal 3.821987e-01 5.031741e-02 9.227092e-01
    outer loop
      vertex   1.973998e+02 4.927526e+02 1.186603e+01
      vertex   1.971498e+02 4.928196e+02 1.196593e+01
      vertex   1.971586e+02 4.927526e+02 1.196593e+01
    endloop
  endfacet
  facet normal 3.821987e-01 -5.031741e-02 9.227092e-01
    outer loop
      vertex   1.973998e+02 4.927526e+02 1.186603e+01
      vertex   1.971586e+02 4.927526e+02 1.196593e+01
      vertex   1.973827e+02 4.926232e+02 1.186603e+01
    endloop
  endfacet
  facet normal 3.821987e-01 -5.031741e-02 9.227092e-01
    outer loop
      vertex   1.973827e+02 4.926232e+02 1.186603e+01
      vertex   1.971586e+02 4.927526e+02 1.196593e+01
      vertex   1.971498e+02 4.926856e+02 1.196593e+01
    endloop
  endfacet
  facet normal 3.561525e-01 -1.475232e-01 9.227092e-01
    outer loop
      vertex   1.973827e+02 4.926232e+02 1.186603e+01
      vertex   1.971498e+02 4.926856e+02 1.196593e+01
      vertex   1.973328e+02 4.925026e+02 1.186603e+01
    endloop
  endfacet
  facet normal 3.561525e-01 -1.475232e-01 9.227092e-01
    outer loop
      vertex   1.973328e+02 4.925026e+02 1.186603e+01
      vertex   1.971498e+02 4.926856e+02 1.196593e+01
      vertex   1.971239e+02 4.926232e+02 1.196593e+01
    endloop
  endfacet
  facet normal 3.058351e-01 -2.346755e-01 9.227092e-01
    outer loop
      vertex   1.973328e+02 4.925026e+02 1.186603e+01
      vertex   1.971239e+02 4.926232e+02 1.196593e+01
      vertex   1.972533e+02 4.923990e+02 1.186603e+01
    endloop
  endfacet
  facet normal 3.058351e-01 -2.346755e-01 9.227092e-01
    outer loop
      vertex   1.972533e+02 4.923990e+02 1.186603e+01
      vertex   1.971239e+02 4.926232e+02 1.196593e+01
      vertex   1.970828e+02 4.925696e+02 1.196593e+01
    endloop
  endfacet
  facet normal 2.346755e-01 -3.058351e-01 9.227092e-01
    outer loop
      vertex   1.972533e+02 4.923990e+02 1.186603e+01
      vertex   1.970828e+02 4.925696e+02 1.196593e+01
      vertex   1.971498e+02 4.923196e+02 1.186603e+01
    endloop
  endfacet
  facet normal 2.346755e-01 -3.058351e-01 9.227092e-01
    outer loop
      vertex   1.971498e+02 4.923196e+02 1.186603e+01
      vertex   1.970828e+02 4.925696e+02 1.196593e+01
      vertex   1.970292e+02 4.925284e+02 1.196593e+01
    endloop
  endfacet
  facet normal 1.475232e-01 -3.561525e-01 9.227092e-01
    outer loop
      vertex   1.971498e+02 4.923196e+02 1.186603e+01
      vertex   1.970292e+02 4.925284e+02 1.196593e+01
      vertex   1.970292e+02 4.922696e+02 1.186603e+01
    endloop
  endfacet
  facet normal 1.475232e-01 -3.561525e-01 9.227092e-01
    outer loop
      vertex   1.970292e+02 4.922696e+02 1.186603e+01
      vertex   1.970292e+02 4.925284e+02 1.196593e+01
      vertex   1.969667e+02 4.925026e+02 1.196593e+01
    endloop
  endfacet
  facet normal 5.031741e-02 -3.821987e-01 9.227092e-01
    outer loop
      vertex   1.970292e+02 4.922696e+02 1.186603e+01
      vertex   1.969667e+02 4.925026e+02 1.196593e+01
      vertex   1.968998e+02 4.922526e+02 1.186603e+01
    endloop
  endfacet
  facet normal 5.031741e-02 -3.821987e-01 9.227092e-01
    outer loop
      vertex   1.968998e+02 4.922526e+02 1.186603e+01
      vertex   1.969667e+02 4.925026e+02 1.196593e+01
      vertex   1.968998e+02 4.924938e+02 1.196593e+01
    endloop
  endfacet
  facet normal -5.031741e-02 -3.821987e-01 9.227092e-01
    outer loop
      vertex   1.968998e+02 4.922526e+02 1.186603e+01
      vertex   1.968998e+02 4.924938e+02 1.196593e+01
      vertex   1.967703e+02 4.922696e+02 1.186603e+01
    endloop
  endfacet
  facet normal -5.031741e-02 -3.821987e-01 9.227092e-01
    outer loop
      vertex   1.967703e+02 4.922696e+02 1.186603e+01
      vertex   1.968998e+02 4.924938e+02 1.196593e+01
      vertex   1.968328e+02 4.925026e+02 1.196593e+01
    endloop
  endfacet
  facet normal -1.475232e-01 -3.561525e-01 9.227092e-01
    outer loop
      vertex   1.967703e+02 4.922696e+02 1.186603e+01
      vertex   1.968328e+02 4.925026e+02 1.196593e+01
      vertex   1.966498e+02 4.923196e+02 1.186603e+01
    endloop
  endfacet
  facet normal -1.475232e-01 -3.561525e-01 9.227092e-01
    outer loop
      vertex   1.966498e+02 4.923196e+02 1.186603e+01
      vertex   1.968328e+02 4.925026e+02 1.196593e+01
      vertex   1.967703e+02 4.925284e+02 1.196593e+01
    endloop
  endfacet
  facet normal -2.346755e-01 -3.058351e-01 9.227092e-01
    outer loop
      vertex   1.966498e+02 4.923196e+02 1.186603e+01
      vertex   1.967703e+02 4.925284e+02 1.196593e+01
      vertex   1.965462e+02 4.923990e+02 1.186603e+01
    endloop
  endfacet
  facet normal -2.346755e-01 -3.058351e-01 9.227092e-01
    outer loop
      vertex   1.965462e+02 4.923990e+02 1.186603e+01
      vertex   1.967703e+02 4.925284e+02 1.196593e+01
      vertex   1.967167e+02 4.925696e+02 1.196593e+01
    endloop
  endfacet
  facet normal -3.058351e-01 -2.346755e-01 9.227092e-01
    outer loop
      vertex   1.965462e+02 4.923990e+02 1.186603e+01
      vertex   1.967167e+02 4.925696e+02 1.196593e+01
      vertex   1.964667e+02 4.925026e+02 1.186603e+01
    endloop
  endfacet
  facet normal -3.058351e-01 -2.346755e-01 9.227092e-01
    outer loop
      vertex   1.964667e+02 4.925026e+02 1.186603e+01
      vertex   1.967167e+02 4.925696e+02 1.196593e+01
      vertex   1.966756e+02 4.926232e+02 1.196593e+01
    endloop
  endfacet
  facet normal -3.561525e-01 -1.475232e-01 9.227092e-01
    outer loop
      vertex   1.964667e+02 4.925026e+02 1.186603e+01
      vertex   1.966756e+02 4.926232e+02 1.196593e+01
      vertex   1.964168e+02 4.926232e+02 1.186603e+01
    endloop
  endfacet
  facet normal -3.561525e-01 -1.475232e-01 9.227092e-01
    outer loop
      vertex   1.964168e+02 4.926232e+02 1.186603e+01
      vertex   1.966756e+02 4.926232e+02 1.196593e+01
      vertex   1.966498e+02 4.926856e+02 1.196593e+01
    endloop
  endfacet
  facet normal -3.821987e-01 -5.031741e-02 9.227092e-01
    outer loop
      vertex   1.964168e+02 4.926232e+02 1.186603e+01
      vertex   1.966498e+02 4.926856e+02 1.196593e+01
      vertex   1.963998e+02 4.927526e+02 1.186603e+01
    endloop
  endfacet
  facet normal -3.821987e-01 -5.031741e-02 9.227092e-01
    outer loop
      vertex   1.963998e+02 4.927526e+02 1.186603e+01
      vertex   1.966498e+02 4.926856e+02 1.196593e+01
      vertex   1.966409e+02 4.927526e+02 1.196593e+01
    endloop
  endfacet
  facet normal 5.037379e-02 -1.216131e-01 9.912985e-01
    outer loop
      vertex   1.970292e+02 4.925284e+02 1.196593e+01
      vertex   1.968998e+02 4.927526e+02 1.200000e+01
      vertex   1.969667e+02 4.925026e+02 1.196593e+01
    endloop
  endfacet
  facet normal 8.013313e-02 1.044315e-01 9.912985e-01
    outer loop
      vertex   1.970292e+02 4.929767e+02 1.196593e+01
      vertex   1.968998e+02 4.927526e+02 1.200000e+01
      vertex   1.970828e+02 4.929356e+02 1.196593e+01
    endloop
  endfacet
  facet normal -9.914449e-01 -1.305262e-01 0.000000e+00
    outer loop
      vertex   1.959338e+02 4.924938e+02 1.000000e+01
      vertex   1.959338e+02 4.924938e+02 1.100000e+01
      vertex   1.958998e+02 4.927526e+02 1.000000e+01
    endloop
  endfacet
  facet normal -9.914449e-01 -1.305262e-01 0.000000e+00
    outer loop
      vertex   1.958998e+02 4.927526e+02 1.000000e+01
      vertex   1.959338e+02 4.924938e+02 1.100000e+01
      vertex   1.958998e+02 4.927526e+02 1.100000e+01
    endloop
  endfacet
  facet normal -9.914449e-01 1.305262e-01 0.000000e+00
    outer loop
      vertex   1.958998e+02 4.927526e+02 1.000000e+01
      vertex   1.958998e+02 4.927526e+02 1.100000e+01
      vertex   1.959338e+02 4.930114e+02 1.000000e+01
    endloop
  endfacet
  facet normal -9.914449e-01 1.305262e-01 0.000000e+00
    outer loop
      vertex   1.959338e+02 4.930114e+02 1.000000e+01
      vertex   1.958998e+02 4.927526e+02 1.100000e+01
      vertex   1.959338e+02 4.930114e+02 1.100000e+01
    endloop
  endfacet
  facet normal -9.238795e-01 3.826834e-01 0.000000e+00
    outer loop
      vertex   1.959338e+02 4.930114e+02 1.000000e+01
      vertex   1.959338e+02 4.930114e+02 1.100000e+01
      vertex   1.960337e+02 4.932526e+02 1.000000e+01
    endloop
  endfacet
  facet normal -9.238795e-01 3.826834e-01 0.000000e+00
    outer loop
      vertex   1.960337e+02 4.932526e+02 1.000000e+01
      vertex   1.959338e+02 4.930114e+02 1.100000e+01
      vertex   1.960337e+02 4.932526e+02 1.100000e+01
    endloop
  endfacet
  facet normal -7.933533e-01 6.087614e-01 0.000000e+00
    outer loop
      vertex   1.960337e+02 4.932526e+02 1.000000e+01
      vertex   1.960337e+02 4.932526e+02 1.100000e+01
      vertex   1.961927e+02 4.934597e+02 1.000000e+01
    endloop
  endfacet
  facet normal -7.933533e-01 6.087614e-01 0.000000e+00
    outer loop
      vertex   1.961927e+02 4.934597e+02 1.000000e+01
      vertex   1.960337e+02 4.932526e+02 1.100000e+01
      vertex   1.961927e+02 4.934597e+02 1.100000e+01
    endloop
  endfacet
  facet normal -6.087614e-01 7.933533e-01 0.000000e+00
    outer loop
      vertex   1.961927e+02 4.934597e+02 1.000000e+01
      vertex   1.961927e+02 4.934597e+02 1.100000e+01
      vertex   1.963998e+02 4.936186e+02 1.000000e+01
    endloop
  endfacet
  facet normal -6.087614e-01 7.933533e-01 0.000000e+00
    outer loop
      vertex   1.963998e+02 4.936186e+02 1.000000e+01
      vertex   1.961927e+02 4.934597e+02 1.100000e+01
      vertex   1.963998e+02 4.936186e+02 1.100000e+01
    endloop
  endfacet
  facet normal -3.826834e-01 9.238795e-01 0.000000e+00
    outer loop
      vertex   1.963998e+02 4.936186e+02 1.000000e+01
      vertex   1.963998e+02 4.936186e+02 1.100000e+01
      vertex   1.966409e+02 4.937185e+02 1.000000e+01
    endloop
  endfacet
  facet normal -3.826834e-01 9.238795e-01 0.000000e+00
    outer loop
      vertex   1.966409e+02 4.937185e+02 1.000000e+01
      vertex   1.963998e+02 4.936186e+02 1.100000e+01
      vertex   1.966409e+02 4.937185e+02 1.100000e+01
    endloop
  endfacet
  facet normal -1.305262e-01 9.914449e-01 0.000000e+00
    outer loop
      vertex   1.966409e+02 4.937185e+02 1.000000e+01
      vertex   1.966409e+02 4.937185e+02 1.100000e+01
      vertex   1.968998e+02 4.937526e+02 1.000000e+01
    endloop
  endfacet
  facet normal -1.305262e-01 9.914449e-01 0.000000e+00
    outer loop
      vertex   1.968998e+02 4.937526e+02 1.000000e+01
      vertex   1.966409e+02 4.937185e+02 1.100000e+01
      vertex   1.968998e+02 4.937526e+02 1.100000e+01
    endloop
  endfacet
  facet normal 1.305262e-01 9.914449e-01 -0.000000e+00
    outer loop
      vertex   1.968998e+02 4.937526e+02 1.000000e+01
      vertex   1.968998e+02 4.937526e+02 1.100000e+01
      vertex   1.971586e+02 4.937185e+02 1.000000e+01
    endloop
  endfacet
  facet normal 1.305262e-01 9.914449e-01 -0.000000e+00
    outer loop
      vertex   1.971586e+02 4.937185e+02 1.000000e+01
      vertex   1.968998e+02 4.937526e+02 1.100000e+01
      vertex   1.971586e+02 4.937185e+02 1.100000e+01
    endloop
  endfacet
  facet normal 3.826834e-01 9.238795e-01 -0.000000e+00
    outer loop
      vertex   1.971586e+02 4.937185e+02 1.000000e+01
      vertex   1.971586e+02 4.937185e+02 1.100000e+01
      vertex   1.973998e+02 4.936186e+02 1.000000e+01
    endloop
  endfacet
  facet normal 3.826834e-01 9.238795e-01 -0.000000e+00
    outer loop
      vertex   1.973998e+02 4.936186e+02 1.000000e+01
      vertex   1.971586e+02 4.937185e+02 1.100000e+01
      vertex   1.973998e+02 4.936186e+02 1.100000e+01
    endloop
  endfacet
  facet normal 6.087614e-01 7.933533e-01 -0.000000e+00
    outer loop
      vertex   1.973998e+02 4.936186e+02 1.000000e+01
      vertex   1.973998e+02 4.936186e+02 1.100000e+01
      vertex   1.976069e+02 4.934597e+02 1.000000e+01
    endloop
  endfacet
  facet normal 6.087614e-01 7.933533e-01 -0.000000e+00
    outer loop
      vertex   1.976069e+02 4.934597e+02 1.000000e+01
      vertex   1.973998e+02 4.936186e+02 1.100000e+01
      vertex   1.976069e+02 4.934597e+02 1.100000e+01
    endloop
  endfacet
  facet normal 7.933533e-01 6.087614e-01 -0.000000e+00
    outer loop
      vertex   1.976069e+02 4.934597e+02 1.000000e+01
      vertex   1.976069e+02 4.934597e+02 1.100000e+01
      vertex   1.977658e+02 4.932526e+02 1.000000e+01
    endloop
  endfacet
  facet normal 7.933533e-01 6.087614e-01 -0.000000e+00
    outer loop
      vertex   1.977658e+02 4.932526e+02 1.000000e+01
      vertex   1.976069e+02 4.934597e+02 1.100000e+01
      vertex   1.977658e+02 4.932526e+02 1.100000e+01
    endloop
  endfacet
  facet normal 9.238795e-01 3.826834e-01 -0.000000e+00
    outer loop
      vertex   1.977658e+02 4.932526e+02 1.000000e+01
      vertex   1.977658e+02 4.932526e+02 1.100000e+01
      vertex   1.978657e+02 4.930114e+02 1.000000e+01
    endloop
  endfacet
  facet normal 9.238795e-01 3.826834e-01 -0.000000e+00
    outer loop
      vertex   1.978657e+02 4.930114e+02 1.000000e+01
      vertex   1.977658e+02 4.932526e+02 1.100000e+01
      vertex   1.978657e+02 4.930114e+02 1.100000e+01
    endloop
  endfacet
  facet normal 9.914449e-01 1.305262e-01 -0.000000e+00
    outer loop
      vertex   1.978657e+02 4.930114e+02 1.000000e+01
      vertex   1.978657e+02 4.930114e+02 1.100000e+01
      vertex   1.978998e+02 4.927526e+02 1.000000e+01
    endloop
  endfacet
  facet normal 9.914449e-01 1.305262e-01 -0.000000e+00
    outer loop
      vertex   1.978998e+02 4.927526e+02 1.000000e+01
      vertex   1.978657e+02 4.930114e+02 1.100000e+01
      vertex   1.978998e+02 4.927526e+02 1.100000e+01
    endloop
  endfacet
  facet normal 9.914449e-01 -1.305262e-01 0.000000e+00
    outer loop
      vertex   1.978998e+02 4.927526e+02 1.000000e+01
      vertex   1.978998e+02 4.927526e+02 1.100000e+01
      vertex   1.978657e+02 4.924938e+02 1.000000e+01
    endloop
  endfacet
  facet normal 9.914449e-01 -1.305262e-01 0.000000e+00
    outer loop
      vertex   1.978657e+02 4.924938e+02 1.000000e+01
      vertex   1.978998e+02 4.927526e+02 1.100000e+01
      vertex   1.978657e+02 4.924938e+02 1.100000e+01
    endloop
  endfacet
  facet normal 9.238795e-01 -3.826834e-01 0.000000e+00
    outer loop
      vertex   1.978657e+02 4.924938e+02 1.000000e+01
      vertex   1.978657e+02 4.924938e+02 1.100000e+01
      vertex   1.977658e+02 4.922526e+02 1.000000e+01
    endloop
  endfacet
  facet normal 9.238795e-01 -3.826834e-01 0.000000e+00
    outer loop
      vertex   1.977658e+02 4.922526e+02 1.000000e+01
      vertex   1.978657e+02 4.924938e+02 1.100000e+01
      vertex   1.977658e+02 4.922526e+02 1.100000e+01
    endloop
  endfacet
  facet normal 7.933533e-01 -6.087614e-01 0.000000e+00
    outer loop
      vertex   1.977658e+02 4.922526e+02 1.000000e+01
      vertex   1.977658e+02 4.922526e+02 1.100000e+01
      vertex   1.976069e+02 4.920455e+02 1.000000e+01
    endloop
  endfacet
  facet normal 7.933533e-01 -6.087614e-01 0.000000e+00
    outer loop
      vertex   1.976069e+02 4.920455e+02 1.000000e+01
      vertex   1.977658e+02 4.922526e+02 1.100000e+01
      vertex   1.976069e+02 4.920455e+02 1.100000e+01
    endloop
  endfacet
  facet normal 6.087614e-01 -7.933533e-01 0.000000e+00
    outer loop
      vertex   1.976069e+02 4.920455e+02 1.000000e+01
      vertex   1.976069e+02 4.920455e+02 1.100000e+01
      vertex   1.973998e+02 4.918866e+02 1.000000e+01
    endloop
  endfacet
  facet normal 6.087614e-01 -7.933533e-01 0.000000e+00
    outer loop
      vertex   1.973998e+02 4.918866e+02 1.000000e+01
      vertex   1.976069e+02 4.920455e+02 1.100000e+01
      vertex   1.973998e+02 4.918866e+02 1.100000e+01
    endloop
  endfacet
  facet normal 3.826834e-01 -9.238795e-01 0.000000e+00
    outer loop
      vertex   1.973998e+02 4.918866e+02 1.000000e+01
      vertex   1.973998e+02 4.918866e+02 1.100000e+01
      vertex   1.971586e+02 4.917867e+02 1.000000e+01
    endloop
  endfacet
  facet normal 3.826834e-01 -9.238795e-01 0.000000e+00
    outer loop
      vertex   1.971586e+02 4.917867e+02 1.000000e+01
      vertex   1.973998e+02 4.918866e+02 1.100000e+01
      vertex   1.971586e+02 4.917867e+02 1.100000e+01
    endloop
  endfacet
  facet normal 1.305262e-01 -9.914449e-01 0.000000e+00
    outer loop
      vertex   1.971586e+02 4.917867e+02 1.000000e+01
      vertex   1.971586e+02 4.917867e+02 1.100000e+01
      vertex   1.968998e+02 4.917526e+02 1.000000e+01
    endloop
  endfacet
  facet normal 1.305262e-01 -9.914449e-01 0.000000e+00
    outer loop
      vertex   1.968998e+02 4.917526e+02 1.000000e+01
      vertex   1.971586e+02 4.917867e+02 1.100000e+01
      vertex   1.968998e+02 4.917526e+02 1.100000e+01
    endloop
  endfacet
  facet normal -1.305262e-01 -9.914449e-01 0.000000e+00
    outer loop
      vertex   1.968998e+02 4.917526e+02 1.000000e+01
      vertex   1.968998e+02 4.917526e+02 1.100000e+01
      vertex   1.966409e+02 4.917867e+02 1.000000e+01
    endloop
  endfacet
  facet normal -1.305262e-01 -9.914449e-01 0.000000e+00
    outer loop
      vertex   1.966409e+02 4.917867e+02 1.000000e+01
      vertex   1.968998e+02 4.917526e+02 1.100000e+01
      vertex   1.966409e+02 4.917867e+02 1.100000e+01
    endloop
  endfacet
  facet normal -3.826834e-01 -9.238795e-01 0.000000e+00
    outer loop
      vertex   1.966409e+02 4.917867e+02 1.000000e+01
      vertex   1.966409e+02 4.917867e+02 1.100000e+01
      vertex   1.963998e+02 4.918866e+02 1.000000e+01
    endloop
  endfacet
  facet normal -3.826834e-01 -9.238795e-01 0.000000e+00
    outer loop
      vertex   1.963998e+02 4.918866e+02 1.000000e+01
      vertex   1.966409e+02 4.917867e+02 1.100000e+01
      vertex   1.963998e+02 4.918866e+02 1.100000e+01
    endloop
  endfacet
  facet normal -6.087614e-01 -7.933533e-01 0.000000e+00
    outer loop
      vertex   1.963998e+02 4.918866e+02 1.000000e+01
      vertex   1.963998e+02 4.918866e+02 1.100000e+01
      vertex   1.961927e+02 4.920455e+02 1.000000e+01
    endloop
  endfacet
  facet normal -6.087614e-01 -7.933533e-01 0.000000e+00
    outer loop
      vertex   1.961927e+02 4.920455e+02 1.000000e+01
      vertex   1.963998e+02 4.918866e+02 1.100000e+01
      vertex   1.961927e+02 4.920455e+02 1.100000e+01
    endloop
  endfacet
  facet normal -7.933533e-01 -6.087614e-01 0.000000e+00
    outer loop
      vertex   1.961927e+02 4.920455e+02 1.000000e+01
      vertex   1.961927e+02 4.920455e+02 1.100000e+01
      vertex   1.960337e+02 4.922526e+02 1.000000e+01
    endloop
  endfacet
  facet normal -7.933533e-01 -6.087614e-01 0.000000e+00
    outer loop
      vertex   1.960337e+02 4.922526e+02 1.000000e+01
      vertex   1.961927e+02 4.920455e+02 1.100000e+01
      vertex   1.960337e+02 4.922526e+02 1.100000e+01
    endloop
  endfacet
  facet normal -9.238795e-01 -3.826834e-01 0.000000e+00
    outer loop
      vertex   1.960337e+02 4.922526e+02 1.000000e+01
      vertex   1.960337e+02 4.922526e+02 1.100000e+01
      vertex   1.959338e+02 4.924938e+02 1.000000e+01
    endloop
  endfacet
  facet normal -9.238795e-01 -3.826834e-01 0.000000e+00
    outer loop
      vertex   1.959338e+02 4.924938e+02 1.000000e+01
      vertex   1.960337e+02 4.922526e+02 1.100000e+01
      vertex   1.959338e+02 4.924938e+02 1.100000e+01
    endloop
  endfacet
  facet normal -9.831056e-01 -1.294283e-01 1.294283e-01
    outer loop
      vertex   1.913474e+02 4.457181e+02 1.100000e+01
      vertex   1.913803e+02 4.457269e+02 1.125882e+01
      vertex   1.913134e+02 4.459769e+02 1.100000e+01
    endloop
  endfacet
  facet normal -9.831056e-01 -1.294283e-01 1.294283e-01
    outer loop
      vertex   1.913134e+02 4.459769e+02 1.100000e+01
      vertex   1.913803e+02 4.457269e+02 1.125882e+01
      vertex   1.913474e+02 4.459769e+02 1.125882e+01
    endloop
  endfacet
  facet normal -9.831056e-01 1.294283e-01 1.294283e-01
    outer loop
      vertex   1.913134e+02 4.459769e+02 1.100000e+01
      vertex   1.913474e+02 4.459769e+02 1.125882e+01
      vertex   1.913474e+02 4.462357e+02 1.100000e+01
    endloop
  endfacet
  facet normal -9.831056e-01 1.294283e-01 1.294283e-01
    outer loop
      vertex   1.913474e+02 4.462357e+02 1.100000e+01
      vertex   1.913474e+02 4.459769e+02 1.125882e+01
      vertex   1.913803e+02 4.462269e+02 1.125882e+01
    endloop
  endfacet
  facet normal -9.161086e-01 3.794646e-01 1.294283e-01
    outer loop
      vertex   1.913474e+02 4.462357e+02 1.100000e+01
      vertex   1.913803e+02 4.462269e+02 1.125882e+01
      vertex   1.914473e+02 4.464769e+02 1.100000e+01
    endloop
  endfacet
  facet normal -9.161086e-01 3.794646e-01 1.294283e-01
    outer loop
      vertex   1.914473e+02 4.464769e+02 1.100000e+01
      vertex   1.913803e+02 4.462269e+02 1.125882e+01
      vertex   1.914768e+02 4.464599e+02 1.125882e+01
    endloop
  endfacet
  facet normal -7.866803e-01 6.036410e-01 1.294283e-01
    outer loop
      vertex   1.914473e+02 4.464769e+02 1.100000e+01
      vertex   1.914768e+02 4.464599e+02 1.125882e+01
      vertex   1.916062e+02 4.466840e+02 1.100000e+01
    endloop
  endfacet
  facet normal -7.866803e-01 6.036410e-01 1.294283e-01
    outer loop
      vertex   1.916062e+02 4.466840e+02 1.100000e+01
      vertex   1.914768e+02 4.464599e+02 1.125882e+01
      vertex   1.916303e+02 4.466599e+02 1.125882e+01
    endloop
  endfacet
  facet normal -6.036410e-01 7.866803e-01 1.294283e-01
    outer loop
      vertex   1.916062e+02 4.466840e+02 1.100000e+01
      vertex   1.916303e+02 4.466599e+02 1.125882e+01
      vertex   1.918134e+02 4.468429e+02 1.100000e+01
    endloop
  endfacet
  facet normal -6.036410e-01 7.866803e-01 1.294283e-01
    outer loop
      vertex   1.918134e+02 4.468429e+02 1.100000e+01
      vertex   1.916303e+02 4.466599e+02 1.125882e+01
      vertex   1.918304e+02 4.468134e+02 1.125882e+01
    endloop
  endfacet
  facet normal -3.794646e-01 9.161086e-01 1.294283e-01
    outer loop
      vertex   1.918134e+02 4.468429e+02 1.100000e+01
      vertex   1.918304e+02 4.468134e+02 1.125882e+01
      vertex   1.920545e+02 4.469428e+02 1.100000e+01
    endloop
  endfacet
  facet normal -3.794646e-01 9.161086e-01 1.294283e-01
    outer loop
      vertex   1.920545e+02 4.469428e+02 1.100000e+01
      vertex   1.918304e+02 4.468134e+02 1.125882e+01
      vertex   1.920634e+02 4.469099e+02 1.125882e+01
    endloop
  endfacet
  facet normal -1.294283e-01 9.831056e-01 1.294283e-01
    outer loop
      vertex   1.920545e+02 4.469428e+02 1.100000e+01
      vertex   1.920634e+02 4.469099e+02 1.125882e+01
      vertex   1.923134e+02 4.469769e+02 1.100000e+01
    endloop
  endfacet
  facet normal -1.294283e-01 9.831056e-01 1.294283e-01
    outer loop
      vertex   1.923134e+02 4.469769e+02 1.100000e+01
      vertex   1.920634e+02 4.469099e+02 1.125882e+01
      vertex   1.923134e+02 4.469428e+02 1.125882e+01
    endloop
  endfacet
  facet normal 1.294283e-01 9.831056e-01 1.294283e-01
    outer loop
      vertex   1.923134e+02 4.469769e+02 1.100000e+01
      vertex   1.923134e+02 4.469428e+02 1.125882e+01
      vertex   1.925722e+02 4.469428e+02 1.100000e+01
    endloop
  endfacet
  facet normal 1.294283e-01 9.831056e-01 1.294283e-01
    outer loop
      vertex   1.925722e+02 4.469428e+02 1.100000e+01
      vertex   1.923134e+02 4.469428e+02 1.125882e+01
      vertex   1.925634e+02 4.469099e+02 1.125882e+01
    endloop
  endfacet
  facet normal 3.794646e-01 9.161086e-01 1.294283e-01
    outer loop
      vertex   1.925722e+02 4.469428e+02 1.100000e+01
      vertex   1.925634e+02 4.469099e+02 1.125882e+01
      vertex   1.928134e+02 4.468429e+02 1.100000e+01
    endloop
  endfacet
  facet normal 3.794646e-01 9.161086e-01 1.294283e-01
    outer loop
      vertex   1.928134e+02 4.468429e+02 1.100000e+01
      vertex   1.925634e+02 4.469099e+02 1.125882e+01
      vertex   1.927963e+02 4.468134e+02 1.125882e+01
    endloop
  endfacet
  facet normal 6.036410e-01 7.866803e-01 1.294283e-01
    outer loop
      vertex   1.928134e+02 4.468429e+02 1.100000e+01
      vertex   1.927963e+02 4.468134e+02 1.125882e+01
      vertex   1.930205e+02 4.466840e+02 1.100000e+01
    endloop
  endfacet
  facet normal 6.036410e-01 7.866803e-01 1.294283e-01
    outer loop
      vertex   1.930205e+02 4.466840e+02 1.100000e+01
      vertex   1.927963e+02 4.468134e+02 1.125882e+01
      vertex   1.929964e+02 4.466599e+02 1.125882e+01
    endloop
  endfacet
  facet normal 7.866803e-01 6.036410e-01 1.294283e-01
    outer loop
      vertex   1.930205e+02 4.466840e+02 1.100000e+01
      vertex   1.929964e+02 4.466599e+02 1.125882e+01
      vertex   1.931794e+02 4.464769e+02 1.100000e+01
    endloop
  endfacet
  facet normal 7.866803e-01 6.036410e-01 1.294283e-01
    outer loop
      vertex   1.931794e+02 4.464769e+02 1.100000e+01
      vertex   1.929964e+02 4.466599e+02 1.125882e+01
      vertex   1.931499e+02 4.464599e+02 1.125882e+01
    endloop
  endfacet
  facet normal 9.161086e-01 3.794646e-01 1.294283e-01
    outer loop
      vertex   1.931794e+02 4.464769e+02 1.100000e+01
      vertex   1.931499e+02 4.464599e+02 1.125882e+01
      vertex   1.932793e+02 4.462357e+02 1.100000e+01
    endloop
  endfacet
  facet normal 9.161086e-01 3.794646e-01 1.294283e-01
    outer loop
      vertex   1.932793e+02 4.462357e+02 1.100000e+01
      vertex   1.931499e+02 4.464599e+02 1.125882e+01
      vertex   1.932464e+02 4.462269e+02 1.125882e+01
    endloop
  endfacet
  facet normal 9.831056e-01 1.294283e-01 1.294283e-01
    outer loop
      vertex   1.932793e+02 4.462357e+02 1.100000e+01
      vertex   1.932464e+02 4.462269e+02 1.125882e+01
      vertex   1.933134e+02 4.459769e+02 1.100000e+01
    endloop
  endfacet
  facet normal 9.831056e-01 1.294283e-01 1.294283e-01
    outer loop
      vertex   1.933134e+02 4.459769e+02 1.100000e+01
      vertex   1.932464e+02 4.462269e+02 1.125882e+01
      vertex   1.932793e+02 4.459769e+02 1.125882e+01
    endloop
  endfacet
  facet normal 9.831056e-01 -1.294283e-01 1.294283e-01
    outer loop
      vertex   1.933134e+02 4.459769e+02 1.100000e+01
      vertex   1.932793e+02 4.459769e+02 1.125882e+01
      vertex   1.932793e+02 4.457181e+02 1.100000e+01
    endloop
  endfacet
  facet normal 9.831056e-01 -1.294283e-01 1.294283e-01
    outer loop
      vertex   1.932793e+02 4.457181e+02 1.100000e+01
      vertex   1.932793e+02 4.459769e+02 1.125882e+01
      vertex   1.932464e+02 4.457269e+02 1.125882e+01
    endloop
  endfacet
  facet normal 9.161086e-01 -3.794646e-01 1.294283e-01
    outer loop
      vertex   1.932793e+02 4.457181e+02 1.100000e+01
      vertex   1.932464e+02 4.457269e+02 1.125882e+01
      vertex   1.931794e+02 4.454769e+02 1.100000e+01
    endloop
  endfacet
  facet normal 9.161086e-01 -3.794646e-01 1.294283e-01
    outer loop
      vertex   1.931794e+02 4.454769e+02 1.100000e+01
      vertex   1.932464e+02 4.457269e+02 1.125882e+01
      vertex   1.931499e+02 4.454939e+02 1.125882e+01
    endloop
  endfacet
  facet normal 7.866803e-01 -6.036410e-01 1.294283e-01
    outer loop
      vertex   1.931794e+02 4.454769e+02 1.100000e+01
      vertex   1.931499e+02 4.454939e+02 1.125882e+01
      vertex   1.930205e+02 4.452698e+02 1.100000e+01
    endloop
  endfacet
  facet normal 7.866803e-01 -6.036410e-01 1.294283e-01
    outer loop
      vertex   1.930205e+02 4.452698e+02 1.100000e+01
      vertex   1.931499e+02 4.454939e+02 1.125882e+01
      vertex   1.929964e+02 4.452939e+02 1.125882e+01
    endloop
  endfacet
  facet normal 6.036410e-01 -7.866803e-01 1.294283e-01
    outer loop
      vertex   1.930205e+02 4.452698e+02 1.100000e+01
      vertex   1.929964e+02 4.452939e+02 1.125882e+01
      vertex   1.928134e+02 4.451109e+02 1.100000e+01
    endloop
  endfacet
  facet normal 6.036410e-01 -7.866803e-01 1.294283e-01
    outer loop
      vertex   1.928134e+02 4.451109e+02 1.100000e+01
      vertex   1.929964e+02 4.452939e+02 1.125882e+01
      vertex   1.927963e+02 4.451404e+02 1.125882e+01
    endloop
  endfacet
  facet normal 3.794646e-01 -9.161086e-01 1.294283e-01
    outer loop
      vertex   1.928134e+02 4.451109e+02 1.100000e+01
      vertex   1.927963e+02 4.451404e+02 1.125882e+01
      vertex   1.925722e+02 4.450110e+02 1.100000e+01
    endloop
  endfacet
  facet normal 3.794646e-01 -9.161086e-01 1.294283e-01
    outer loop
      vertex   1.925722e+02 4.450110e+02 1.100000e+01
      vertex   1.927963e+02 4.451404e+02 1.125882e+01
      vertex   1.925634e+02 4.450439e+02 1.125882e+01
    endloop
  endfacet
  facet normal 1.294283e-01 -9.831056e-01 1.294283e-01
    outer loop
      vertex   1.925722e+02 4.450110e+02 1.100000e+01
      vertex   1.925634e+02 4.450439e+02 1.125882e+01
      vertex   1.923134e+02 4.449769e+02 1.100000e+01
    endloop
  endfacet
  facet normal 1.294283e-01 -9.831056e-01 1.294283e-01
    outer loop
      vertex   1.923134e+02 4.449769e+02 1.100000e+01
      vertex   1.925634e+02 4.450439e+02 1.125882e+01
      vertex   1.923134e+02 4.450110e+02 1.125882e+01
    endloop
  endfacet
  facet normal -1.294283e-01 -9.831056e-01 1.294283e-01
    outer loop
      vertex   1.923134e+02 4.449769e+02 1.100000e+01
      vertex   1.923134e+02 4.450110e+02 1.125882e+01
      vertex   1.920545e+02 4.450110e+02 1.100000e+01
    endloop
  endfacet
  facet normal -1.294283e-01 -9.831056e-01 1.294283e-01
    outer loop
      vertex   1.920545e+02 4.450110e+02 1.100000e+01
      vertex   1.923134e+02 4.450110e+02 1.125882e+01
      vertex   1.920634e+02 4.450439e+02 1.125882e+01
    endloop
  endfacet
  facet normal -3.794646e-01 -9.161086e-01 1.294283e-01
    outer loop
      vertex   1.920545e+02 4.450110e+02 1.100000e+01
      vertex   1.920634e+02 4.450439e+02 1.125882e+01
      vertex   1.918134e+02 4.451109e+02 1.100000e+01
    endloop
  endfacet
  facet normal -3.794646e-01 -9.161086e-01 1.294283e-01
    outer loop
      vertex   1.918134e+02 4.451109e+02 1.100000e+01
      vertex   1.920634e+02 4.450439e+02 1.125882e+01
      vertex   1.918304e+02 4.451404e+02 1.125882e+01
    endloop
  endfacet
  facet normal -6.036410e-01 -7.866803e-01 1.294283e-01
    outer loop
      vertex   1.918134e+02 4.451109e+02 1.100000e+01
      vertex   1.918304e+02 4.451404e+02 1.125882e+01
      vertex   1.916062e+02 4.452698e+02 1.100000e+01
    endloop
  endfacet
  facet normal -6.036410e-01 -7.866803e-01 1.294283e-01
    outer loop
      vertex   1.916062e+02 4.452698e+02 1.100000e+01
      vertex   1.918304e+02 4.451404e+02 1.125882e+01
      vertex   1.916303e+02 4.452939e+02 1.125882e+01
    endloop
  endfacet
  facet normal -7.866803e-01 -6.036410e-01 1.294283e-01
    outer loop
      vertex   1.916062e+02 4.452698e+02 1.100000e+01
      vertex   1.916303e+02 4.452939e+02 1.125882e+01
      vertex   1.914473e+02 4.454769e+02 1.100000e+01
    endloop
  endfacet
  facet normal -7.866803e-01 -6.036410e-01 1.294283e-01
    outer loop
      vertex   1.914473e+02 4.454769e+02 1.100000e+01
      vertex   1.916303e+02 4.452939e+02 1.125882e+01
      vertex   1.914768e+02 4.454939e+02 1.125882e+01
    endloop
  endfacet
  facet normal -9.161086e-01 -3.794646e-01 1.294283e-01
    outer loop
      vertex   1.914473e+02 4.454769e+02 1.100000e+01
      vertex   1.914768e+02 4.454939e+02 1.125882e+01
      vertex   1.913474e+02 4.457181e+02 1.100000e+01
    endloop
  endfacet
  facet normal -9.161086e-01 -3.794646e-01 1.294283e-01
    outer loop
      vertex   1.913474e+02 4.457181e+02 1.100000e+01
      vertex   1.914768e+02 4.454939e+02 1.125882e+01
      vertex   1.913803e+02 4.457269e+02 1.125882e+01
    endloop
  endfacet
  facet normal -1.305069e-01 1.718156e-02 9.912985e-01
    outer loop
      vertex   1.920545e+02 4.459769e+02 1.196593e+01
      vertex   1.923134e+02 4.459769e+02 1.200000e+01
      vertex   1.920634e+02 4.460439e+02 1.196593e+01
    endloop
  endfacet
  facet normal -1.216131e-01 5.037379e-02 9.912985e-01
    outer loop
      vertex   1.920634e+02 4.460439e+02 1.196593e+01
      vertex   1.923134e+02 4.459769e+02 1.200000e+01
      vertex   1.920892e+02 4.461063e+02 1.196593e+01
    endloop
  endfacet
  facet normal -1.044315e-01 8.013313e-02 9.912985e-01
    outer loop
      vertex   1.920892e+02 4.461063e+02 1.196593e+01
      vertex   1.923134e+02 4.459769e+02 1.200000e+01
      vertex   1.921303e+02 4.461599e+02 1.196593e+01
    endloop
  endfacet
  facet normal -8.013313e-02 1.044315e-01 9.912985e-01
    outer loop
      vertex   1.921303e+02 4.461599e+02 1.196593e+01
      vertex   1.923134e+02 4.459769e+02 1.200000e+01
      vertex   1.921839e+02 4.462010e+02 1.196593e+01
    endloop
  endfacet
  facet normal -5.037379e-02 1.216131e-01 9.912985e-01
    outer loop
      vertex   1.921839e+02 4.462010e+02 1.196593e+01
      vertex   1.923134e+02 4.459769e+02 1.200000e+01
      vertex   1.922464e+02 4.462269e+02 1.196593e+01
    endloop
  endfacet
  facet normal -1.718156e-02 1.305069e-01 9.912985e-01
    outer loop
      vertex   1.922464e+02 4.462269e+02 1.196593e+01
      vertex   1.923134e+02 4.459769e+02 1.200000e+01
      vertex   1.923134e+02 4.462357e+02 1.196593e+01
    endloop
  endfacet
  facet normal 1.718156e-02 1.305069e-01 9.912985e-01
    outer loop
      vertex   1.923134e+02 4.462357e+02 1.196593e+01
      vertex   1.923134e+02 4.459769e+02 1.200000e+01
      vertex   1.923803e+02 4.462269e+02 1.196593e+01
    endloop
  endfacet
  facet normal 5.037379e-02 1.216131e-01 9.912985e-01
    outer loop
      vertex   1.923803e+02 4.462269e+02 1.196593e+01
      vertex   1.923134e+02 4.459769e+02 1.200000e+01
      vertex   1.924428e+02 4.462010e+02 1.196593e+01
    endloop
  endfacet
  facet normal 1.044315e-01 8.013313e-02 9.912985e-01
    outer loop
      vertex   1.924964e+02 4.461599e+02 1.196593e+01
      vertex   1.923134e+02 4.459769e+02 1.200000e+01
      vertex   1.925375e+02 4.461063e+02 1.196593e+01
    endloop
  endfacet
  facet normal 1.216131e-01 5.037379e-02 9.912985e-01
    outer loop
      vertex   1.925375e+02 4.461063e+02 1.196593e+01
      vertex   1.923134e+02 4.459769e+02 1.200000e+01
      vertex   1.925634e+02 4.460439e+02 1.196593e+01
    endloop
  endfacet
  facet normal 1.305069e-01 1.718156e-02 9.912985e-01
    outer loop
      vertex   1.925634e+02 4.460439e+02 1.196593e+01
      vertex   1.923134e+02 4.459769e+02 1.200000e+01
      vertex   1.925722e+02 4.459769e+02 1.196593e+01
    endloop
  endfacet
  facet normal 1.305069e-01 -1.718156e-02 9.912985e-01
    outer loop
      vertex   1.925722e+02 4.459769e+02 1.196593e+01
      vertex   1.923134e+02 4.459769e+02 1.200000e+01
      vertex   1.925634e+02 4.459099e+02 1.196593e+01
    endloop
  endfacet
  facet normal 1.216131e-01 -5.037379e-02 9.912985e-01
    outer loop
      vertex   1.925634e+02 4.459099e+02 1.196593e+01
      vertex   1.923134e+02 4.459769e+02 1.200000e+01
      vertex   1.925375e+02 4.458475e+02 1.196593e+01
    endloop
  endfacet
  facet normal 1.044315e-01 -8.013313e-02 9.912985e-01
    outer loop
      vertex   1.925375e+02 4.458475e+02 1.196593e+01
      vertex   1.923134e+02 4.459769e+02 1.200000e+01
      vertex   1.924964e+02 4.457939e+02 1.196593e+01
    endloop
  endfacet
  facet normal 8.013313e-02 -1.044315e-01 9.912985e-01
    outer loop
      vertex   1.924964e+02 4.457939e+02 1.196593e+01
      vertex   1.923134e+02 4.459769e+02 1.200000e+01
      vertex   1.924428e+02 4.457528e+02 1.196593e+01
    endloop
  endfacet
  facet normal 1.718156e-02 -1.305069e-01 9.912985e-01
    outer loop
      vertex   1.923803e+02 4.457269e+02 1.196593e+01
      vertex   1.923134e+02 4.459769e+02 1.200000e+01
      vertex   1.923134e+02 4.457181e+02 1.196593e+01
    endloop
  endfacet
  facet normal -1.718156e-02 -1.305069e-01 9.912985e-01
    outer loop
      vertex   1.923134e+02 4.457181e+02 1.196593e+01
      vertex   1.923134e+02 4.459769e+02 1.200000e+01
      vertex   1.922464e+02 4.457269e+02 1.196593e+01
    endloop
  endfacet
  facet normal -5.037379e-02 -1.216131e-01 9.912985e-01
    outer loop
      vertex   1.922464e+02 4.457269e+02 1.196593e+01
      vertex   1.923134e+02 4.459769e+02 1.200000e+01
      vertex   1.921839e+02 4.457528e+02 1.196593e+01
    endloop
  endfacet
  facet normal -8.013313e-02 -1.044315e-01 9.912985e-01
    outer loop
      vertex   1.921839e+02 4.457528e+02 1.196593e+01
      vertex   1.923134e+02 4.459769e+02 1.200000e+01
      vertex   1.921303e+02 4.457939e+02 1.196593e+01
    endloop
  endfacet
  facet normal -1.044315e-01 -8.013313e-02 9.912985e-01
    outer loop
      vertex   1.921303e+02 4.457939e+02 1.196593e+01
      vertex   1.923134e+02 4.459769e+02 1.200000e+01
      vertex   1.920892e+02 4.458475e+02 1.196593e+01
    endloop
  endfacet
  facet normal -1.216131e-01 -5.037379e-02 9.912985e-01
    outer loop
      vertex   1.920892e+02 4.458475e+02 1.196593e+01
      vertex   1.923134e+02 4.459769e+02 1.200000e+01
      vertex   1.920634e+02 4.459099e+02 1.196593e+01
    endloop
  endfacet
  facet normal -1.305069e-01 -1.718156e-02 9.912985e-01
    outer loop
      vertex   1.920634e+02 4.459099e+02 1.196593e+01
      vertex   1.923134e+02 4.459769e+02 1.200000e+01
      vertex   1.920545e+02 4.459769e+02 1.196593e+01
    endloop
  endfacet
  facet normal -9.171204e-01 1.207412e-01 3.798837e-01
    outer loop
      vertex   1.913474e+02 4.459769e+02 1.125882e+01
      vertex   1.914473e+02 4.459769e+02 1.150000e+01
      vertex   1.913803e+02 4.462269e+02 1.125882e+01
    endloop
  endfacet
  facet normal -9.171204e-01 1.207412e-01 3.798837e-01
    outer loop
      vertex   1.913803e+02 4.462269e+02 1.125882e+01
      vertex   1.914473e+02 4.459769e+02 1.150000e+01
      vertex   1.914768e+02 4.462010e+02 1.150000e+01
    endloop
  endfacet
  facet normal -8.546202e-01 3.539953e-01 3.798837e-01
    outer loop
      vertex   1.913803e+02 4.462269e+02 1.125882e+01
      vertex   1.914768e+02 4.462010e+02 1.150000e+01
      vertex   1.914768e+02 4.464599e+02 1.125882e+01
    endloop
  endfacet
  facet normal -8.546202e-01 3.539953e-01 3.798837e-01
    outer loop
      vertex   1.914768e+02 4.464599e+02 1.125882e+01
      vertex   1.914768e+02 4.462010e+02 1.150000e+01
      vertex   1.915634e+02 4.464099e+02 1.150000e+01
    endloop
  endfacet
  facet normal -7.338790e-01 5.631252e-01 3.798837e-01
    outer loop
      vertex   1.914768e+02 4.464599e+02 1.125882e+01
      vertex   1.915634e+02 4.464099e+02 1.150000e+01
      vertex   1.916303e+02 4.466599e+02 1.125882e+01
    endloop
  endfacet
  facet normal -7.338790e-01 5.631252e-01 3.798837e-01
    outer loop
      vertex   1.916303e+02 4.466599e+02 1.125882e+01
      vertex   1.915634e+02 4.464099e+02 1.150000e+01
      vertex   1.917010e+02 4.465893e+02 1.150000e+01
    endloop
  endfacet
  facet normal -5.631252e-01 7.338790e-01 3.798837e-01
    outer loop
      vertex   1.916303e+02 4.466599e+02 1.125882e+01
      vertex   1.917010e+02 4.465893e+02 1.150000e+01
      vertex   1.918304e+02 4.468134e+02 1.125882e+01
    endloop
  endfacet
  facet normal -5.631252e-01 7.338790e-01 3.798837e-01
    outer loop
      vertex   1.918304e+02 4.468134e+02 1.125882e+01
      vertex   1.917010e+02 4.465893e+02 1.150000e+01
      vertex   1.918803e+02 4.467269e+02 1.150000e+01
    endloop
  endfacet
  facet normal -3.539953e-01 8.546202e-01 3.798837e-01
    outer loop
      vertex   1.918304e+02 4.468134e+02 1.125882e+01
      vertex   1.918803e+02 4.467269e+02 1.150000e+01
      vertex   1.920634e+02 4.469099e+02 1.125882e+01
    endloop
  endfacet
  facet normal -3.539953e-01 8.546202e-01 3.798837e-01
    outer loop
      vertex   1.920634e+02 4.469099e+02 1.125882e+01
      vertex   1.918803e+02 4.467269e+02 1.150000e+01
      vertex   1.920892e+02 4.468134e+02 1.150000e+01
    endloop
  endfacet
  facet normal -1.207412e-01 9.171204e-01 3.798837e-01
    outer loop
      vertex   1.920634e+02 4.469099e+02 1.125882e+01
      vertex   1.920892e+02 4.468134e+02 1.150000e+01
      vertex   1.923134e+02 4.469428e+02 1.125882e+01
    endloop
  endfacet
  facet normal -1.207412e-01 9.171204e-01 3.798837e-01
    outer loop
      vertex   1.923134e+02 4.469428e+02 1.125882e+01
      vertex   1.920892e+02 4.468134e+02 1.150000e+01
      vertex   1.923134e+02 4.468429e+02 1.150000e+01
    endloop
  endfacet
  facet normal 1.207412e-01 9.171204e-01 3.798837e-01
    outer loop
      vertex   1.923134e+02 4.469428e+02 1.125882e+01
      vertex   1.923134e+02 4.468429e+02 1.150000e+01
      vertex   1.925634e+02 4.469099e+02 1.125882e+01
    endloop
  endfacet
  facet normal 1.207412e-01 9.171204e-01 3.798837e-01
    outer loop
      vertex   1.925634e+02 4.469099e+02 1.125882e+01
      vertex   1.923134e+02 4.468429e+02 1.150000e+01
      vertex   1.925375e+02 4.468134e+02 1.150000e+01
    endloop
  endfacet
  facet normal 3.539953e-01 8.546202e-01 3.798837e-01
    outer loop
      vertex   1.925634e+02 4.469099e+02 1.125882e+01
      vertex   1.925375e+02 4.468134e+02 1.150000e+01
      vertex   1.927963e+02 4.468134e+02 1.125882e+01
    endloop
  endfacet
  facet normal 3.539953e-01 8.546202e-01 3.798837e-01
    outer loop
      vertex   1.927963e+02 4.468134e+02 1.125882e+01
      vertex   1.925375e+02 4.468134e+02 1.150000e+01
      vertex   1.927464e+02 4.467269e+02 1.150000e+01
    endloop
  endfacet
  facet normal 5.631252e-01 7.338790e-01 3.798837e-01
    outer loop
      vertex   1.927963e+02 4.468134e+02 1.125882e+01
      vertex   1.927464e+02 4.467269e+02 1.150000e+01
      vertex   1.929964e+02 4.466599e+02 1.125882e+01
    endloop
  endfacet
  facet normal 5.631252e-01 7.338790e-01 3.798837e-01
    outer loop
      vertex   1.929964e+02 4.466599e+02 1.125882e+01
      vertex   1.927464e+02 4.467269e+02 1.150000e+01
      vertex   1.929257e+02 4.465893e+02 1.150000e+01
    endloop
  endfacet
  facet normal 7.338790e-01 5.631252e-01 3.798837e-01
    outer loop
      vertex   1.929964e+02 4.466599e+02 1.125882e+01
      vertex   1.929257e+02 4.465893e+02 1.150000e+01
      vertex   1.931499e+02 4.464599e+02 1.125882e+01
    endloop
  endfacet
  facet normal 7.338790e-01 5.631252e-01 3.798837e-01
    outer loop
      vertex   1.931499e+02 4.464599e+02 1.125882e+01
      vertex   1.929257e+02 4.465893e+02 1.150000e+01
      vertex   1.930634e+02 4.464099e+02 1.150000e+01
    endloop
  endfacet
  facet normal 8.546202e-01 3.539953e-01 3.798837e-01
    outer loop
      vertex   1.931499e+02 4.464599e+02 1.125882e+01
      vertex   1.930634e+02 4.464099e+02 1.150000e+01
      vertex   1.932464e+02 4.462269e+02 1.125882e+01
    endloop
  endfacet
  facet normal 8.546202e-01 3.539953e-01 3.798837e-01
    outer loop
      vertex   1.932464e+02 4.462269e+02 1.125882e+01
      vertex   1.930634e+02 4.464099e+02 1.150000e+01
      vertex   1.931499e+02 4.462010e+02 1.150000e+01
    endloop
  endfacet
  facet normal 9.171204e-01 1.207412e-01 3.798837e-01
    outer loop
      vertex   1.932464e+02 4.462269e+02 1.125882e+01
      vertex   1.931499e+02 4.462010e+02 1.150000e+01
      vertex   1.932793e+02 4.459769e+02 1.125882e+01
    endloop
  endfacet
  facet normal 9.171204e-01 1.207412e-01 3.798837e-01
    outer loop
      vertex   1.932793e+02 4.459769e+02 1.125882e+01
      vertex   1.931499e+02 4.462010e+02 1.150000e+01
      vertex   1.931794e+02 4.459769e+02 1.150000e+01
    endloop
  endfacet
  facet normal 9.171204e-01 -1.207412e-01 3.798837e-01
    outer loop
      vertex   1.932793e+02 4.459769e+02 1.125882e+01
      vertex   1.931794e+02 4.459769e+02 1.150000e+01
      vertex   1.932464e+02 4.457269e+02 1.125882e+01
    endloop
  endfacet
  facet normal 9.171204e-01 -1.207412e-01 3.798837e-01
    outer loop
      vertex   1.932464e+02 4.457269e+02 1.125882e+01
      vertex   1.931794e+02 4.459769e+02 1.150000e+01
      vertex   1.931499e+02 4.457528e+02 1.150000e+01
    endloop
  endfacet
  facet normal 8.546202e-01 -3.539953e-01 3.798837e-01
    outer loop
      vertex   1.932464e+02 4.457269e+02 1.125882e+01
      vertex   1.931499e+02 4.457528e+02 1.150000e+01
      vertex   1.931499e+02 4.454939e+02 1.125882e+01
    endloop
  endfacet
  facet normal 8.546202e-01 -3.539953e-01 3.798837e-01
    outer loop
      vertex   1.931499e+02 4.454939e+02 1.125882e+01
      vertex   1.931499e+02 4.457528e+02 1.150000e+01
      vertex   1.930634e+02 4.455439e+02 1.150000e+01
    endloop
  endfacet
  facet normal 7.338790e-01 -5.631252e-01 3.798837e-01
    outer loop
      vertex   1.931499e+02 4.454939e+02 1.125882e+01
      vertex   1.930634e+02 4.455439e+02 1.150000e+01
      vertex   1.929964e+02 4.452939e+02 1.125882e+01
    endloop
  endfacet
  facet normal 7.338790e-01 -5.631252e-01 3.798837e-01
    outer loop
      vertex   1.929964e+02 4.452939e+02 1.125882e+01
      vertex   1.930634e+02 4.455439e+02 1.150000e+01
      vertex   1.929257e+02 4.453645e+02 1.150000e+01
    endloop
  endfacet
  facet normal 5.631252e-01 -7.338790e-01 3.798837e-01
    outer loop
      vertex   1.929964e+02 4.452939e+02 1.125882e+01
      vertex   1.929257e+02 4.453645e+02 1.150000e+01
      vertex   1.927963e+02 4.451404e+02 1.125882e+01
    endloop
  endfacet
  facet normal 5.631252e-01 -7.338790e-01 3.798837e-01
    outer loop
      vertex   1.927963e+02 4.451404e+02 1.125882e+01
      vertex   1.929257e+02 4.453645e+02 1.150000e+01
      vertex   1.927464e+02 4.452269e+02 1.150000e+01
    endloop
  endfacet
  facet normal 3.539953e-01 -8.546202e-01 3.798837e-01
    outer loop
      vertex   1.927963e+02 4.451404e+02 1.125882e+01
      vertex   1.927464e+02 4.452269e+02 1.150000e+01
      vertex   1.925634e+02 4.450439e+02 1.125882e+01
    endloop
  endfacet
  facet normal 3.539953e-01 -8.546202e-01 3.798837e-01
    outer loop
      vertex   1.925634e+02 4.450439e+02 1.125882e+01
      vertex   1.927464e+02 4.452269e+02 1.150000e+01
      vertex   1.925375e+02 4.451404e+02 1.150000e+01
    endloop
  endfacet
  facet normal 1.207412e-01 -9.171204e-01 3.798837e-01
    outer loop
      vertex   1.925634e+02 4.450439e+02 1.125882e+01
      vertex   1.925375e+02 4.451404e+02 1.150000e+01
      vertex   1.923134e+02 4.450110e+02 1.125882e+01
    endloop
  endfacet
  facet normal 1.207412e-01 -9.171204e-01 3.798837e-01
    outer loop
      vertex   1.923134e+02 4.450110e+02 1.125882e+01
      vertex   1.925375e+02 4.451404e+02 1.150000e+01
      vertex   1.923134e+02 4.451109e+02 1.150000e+01
    endloop
  endfacet
  facet normal -1.207412e-01 -9.171204e-01 3.798837e-01
    outer loop
      vertex   1.923134e+02 4.450110e+02 1.125882e+01
      vertex   1.923134e+02 4.451109e+02 1.150000e+01
      vertex   1.920634e+02 4.450439e+02 1.125882e+01
    endloop
  endfacet
  facet normal -1.207412e-01 -9.171204e-01 3.798837e-01
    outer loop
      vertex   1.920634e+02 4.450439e+02 1.125882e+01
      vertex   1.923134e+02 4.451109e+02 1.150000e+01
      vertex   1.920892e+02 4.451404e+02 1.150000e+01
    endloop
  endfacet
  facet normal -3.539953e-01 -8.546202e-01 3.798837e-01
    outer loop
      vertex   1.920634e+02 4.450439e+02 1.125882e+01
      vertex   1.920892e+02 4.451404e+02 1.150000e+01
      vertex   1.918304e+02 4.451404e+02 1.125882e+01
    endloop
  endfacet
  facet normal -3.539953e-01 -8.546202e-01 3.798837e-01
    outer loop
      vertex   1.918304e+02 4.451404e+02 1.125882e+01
      vertex   1.920892e+02 4.451404e+02 1.150000e+01
      vertex   1.918803e+02 4.452269e+02 1.150000e+01
    endloop
  endfacet
  facet normal -5.631252e-01 -7.338790e-01 3.798837e-01
    outer loop
      vertex   1.918304e+02 4.451404e+02 1.125882e+01
      vertex   1.918803e+02 4.452269e+02 1.150000e+01
      vertex   1.916303e+02 4.452939e+02 1.125882e+01
    endloop
  endfacet
  facet normal -5.631252e-01 -7.338790e-01 3.798837e-01
    outer loop
      vertex   1.916303e+02 4.452939e+02 1.125882e+01
      vertex   1.918803e+02 4.452269e+02 1.150000e+01
      vertex   1.917010e+02 4.453645e+02 1.150000e+01
    endloop
  endfacet
  facet normal -7.338790e-01 -5.631252e-01 3.798837e-01
    outer loop
      vertex   1.916303e+02 4.452939e+02 1.125882e+01
      vertex   1.917010e+02 4.453645e+02 1.150000e+01
      vertex   1.914768e+02 4.454939e+02 1.125882e+01
    endloop
  endfacet
  facet normal -7.338790e-01 -5.631252e-01 3.798837e-01
    outer loop
      vertex   1.914768e+02 4.454939e+02 1.125882e+01
      vertex   1.917010e+02 4.453645e+02 1.150000e+01
      vertex   1.915634e+02 4.455439e+02 1.150000e+01
    endloop
  endfacet
  facet normal -8.546202e-01 -3.539953e-01 3.798837e-01
    outer loop
      vertex   1.914768e+02 4.454939e+02 1.125882e+01
      vertex   1.915634e+02 4.455439e+02 1.150000e+01
      vertex   1.913803e+02 4.457269e+02 1.125882e+01
    endloop
  endfacet
  facet normal -8.546202e-01 -3.539953e-01 3.798837e-01
    outer loop
      vertex   1.913803e+02 4.457269e+02 1.125882e+01
      vertex   1.915634e+02 4.455439e+02 1.150000e+01
      vertex   1.914768e+02 4.457528e+02 1.150000e+01
    endloop
  endfacet
  facet normal -9.171204e-01 -1.207412e-01 3.798837e-01
    outer loop
      vertex   1.913803e+02 4.457269e+02 1.125882e+01
      vertex   1.914768e+02 4.457528e+02 1.150000e+01
      vertex   1.913474e+02 4.459769e+02 1.125882e+01
    endloop
  endfacet
  facet normal -9.171204e-01 -1.207412e-01 3.798837e-01
    outer loop
      vertex   1.913474e+02 4.459769e+02 1.125882e+01
      vertex   1.914768e+02 4.457528e+02 1.150000e+01
      vertex   1.914473e+02 4.459769e+02 1.150000e+01
    endloop
  endfacet
  facet normal -7.890610e-01 1.038819e-01 6.054678e-01
    outer loop
      vertex   1.914473e+02 4.459769e+02 1.150000e+01
      vertex   1.916062e+02 4.459769e+02 1.170711e+01
      vertex   1.914768e+02 4.462010e+02 1.150000e+01
    endloop
  endfacet
  facet normal -7.890610e-01 1.038819e-01 6.054678e-01
    outer loop
      vertex   1.914768e+02 4.462010e+02 1.150000e+01
      vertex   1.916062e+02 4.459769e+02 1.170711e+01
      vertex   1.916303e+02 4.461599e+02 1.170711e+01
    endloop
  endfacet
  facet normal -7.352878e-01 3.045662e-01 6.054678e-01
    outer loop
      vertex   1.914768e+02 4.462010e+02 1.150000e+01
      vertex   1.916303e+02 4.461599e+02 1.170711e+01
      vertex   1.915634e+02 4.464099e+02 1.150000e+01
    endloop
  endfacet
  facet normal -7.352878e-01 3.045662e-01 6.054678e-01
    outer loop
      vertex   1.915634e+02 4.464099e+02 1.150000e+01
      vertex   1.916303e+02 4.461599e+02 1.170711e+01
      vertex   1.917010e+02 4.463304e+02 1.170711e+01
    endloop
  endfacet
  facet normal -6.314060e-01 4.844948e-01 6.054678e-01
    outer loop
      vertex   1.915634e+02 4.464099e+02 1.150000e+01
      vertex   1.917010e+02 4.463304e+02 1.170711e+01
      vertex   1.917010e+02 4.465893e+02 1.150000e+01
    endloop
  endfacet
  facet normal -6.314060e-01 4.844948e-01 6.054678e-01
    outer loop
      vertex   1.917010e+02 4.465893e+02 1.150000e+01
      vertex   1.917010e+02 4.463304e+02 1.170711e+01
      vertex   1.918134e+02 4.464769e+02 1.170711e+01
    endloop
  endfacet
  facet normal -4.844948e-01 6.314060e-01 6.054678e-01
    outer loop
      vertex   1.917010e+02 4.465893e+02 1.150000e+01
      vertex   1.918134e+02 4.464769e+02 1.170711e+01
      vertex   1.918803e+02 4.467269e+02 1.150000e+01
    endloop
  endfacet
  facet normal -4.844948e-01 6.314060e-01 6.054678e-01
    outer loop
      vertex   1.918803e+02 4.467269e+02 1.150000e+01
      vertex   1.918134e+02 4.464769e+02 1.170711e+01
      vertex   1.919598e+02 4.465893e+02 1.170711e+01
    endloop
  endfacet
  facet normal -3.045662e-01 7.352878e-01 6.054678e-01
    outer loop
      vertex   1.918803e+02 4.467269e+02 1.150000e+01
      vertex   1.919598e+02 4.465893e+02 1.170711e+01
      vertex   1.920892e+02 4.468134e+02 1.150000e+01
    endloop
  endfacet
  facet normal -3.045662e-01 7.352878e-01 6.054678e-01
    outer loop
      vertex   1.920892e+02 4.468134e+02 1.150000e+01
      vertex   1.919598e+02 4.465893e+02 1.170711e+01
      vertex   1.921303e+02 4.466599e+02 1.170711e+01
    endloop
  endfacet
  facet normal -1.038819e-01 7.890610e-01 6.054678e-01
    outer loop
      vertex   1.920892e+02 4.468134e+02 1.150000e+01
      vertex   1.921303e+02 4.466599e+02 1.170711e+01
      vertex   1.923134e+02 4.468429e+02 1.150000e+01
    endloop
  endfacet
  facet normal -1.038819e-01 7.890610e-01 6.054678e-01
    outer loop
      vertex   1.923134e+02 4.468429e+02 1.150000e+01
      vertex   1.921303e+02 4.466599e+02 1.170711e+01
      vertex   1.923134e+02 4.466840e+02 1.170711e+01
    endloop
  endfacet
  facet normal 1.038819e-01 7.890610e-01 6.054678e-01
    outer loop
      vertex   1.923134e+02 4.468429e+02 1.150000e+01
      vertex   1.923134e+02 4.466840e+02 1.170711e+01
      vertex   1.925375e+02 4.468134e+02 1.150000e+01
    endloop
  endfacet
  facet normal 1.038819e-01 7.890610e-01 6.054678e-01
    outer loop
      vertex   1.925375e+02 4.468134e+02 1.150000e+01
      vertex   1.923134e+02 4.466840e+02 1.170711e+01
      vertex   1.924964e+02 4.466599e+02 1.170711e+01
    endloop
  endfacet
  facet normal 3.045662e-01 7.352878e-01 6.054678e-01
    outer loop
      vertex   1.925375e+02 4.468134e+02 1.150000e+01
      vertex   1.924964e+02 4.466599e+02 1.170711e+01
      vertex   1.927464e+02 4.467269e+02 1.150000e+01
    endloop
  endfacet
  facet normal 3.045662e-01 7.352878e-01 6.054678e-01
    outer loop
      vertex   1.927464e+02 4.467269e+02 1.150000e+01
      vertex   1.924964e+02 4.466599e+02 1.170711e+01
      vertex   1.926669e+02 4.465893e+02 1.170711e+01
    endloop
  endfacet
  facet normal 4.844948e-01 6.314060e-01 6.054678e-01
    outer loop
      vertex   1.927464e+02 4.467269e+02 1.150000e+01
      vertex   1.926669e+02 4.465893e+02 1.170711e+01
      vertex   1.929257e+02 4.465893e+02 1.150000e+01
    endloop
  endfacet
  facet normal 4.844948e-01 6.314060e-01 6.054678e-01
    outer loop
      vertex   1.929257e+02 4.465893e+02 1.150000e+01
      vertex   1.926669e+02 4.465893e+02 1.170711e+01
      vertex   1.928134e+02 4.464769e+02 1.170711e+01
    endloop
  endfacet
  facet normal 6.314060e-01 4.844948e-01 6.054678e-01
    outer loop
      vertex   1.929257e+02 4.465893e+02 1.150000e+01
      vertex   1.928134e+02 4.464769e+02 1.170711e+01
      vertex   1.930634e+02 4.464099e+02 1.150000e+01
    endloop
  endfacet
  facet normal 6.314060e-01 4.844948e-01 6.054678e-01
    outer loop
      vertex   1.930634e+02 4.464099e+02 1.150000e+01
      vertex   1.928134e+02 4.464769e+02 1.170711e+01
      vertex   1.929257e+02 4.463304e+02 1.170711e+01
    endloop
  endfacet
  facet normal 7.352878e-01 3.045662e-01 6.054678e-01
    outer loop
      vertex   1.930634e+02 4.464099e+02 1.150000e+01
      vertex   1.929257e+02 4.463304e+02 1.170711e+01
      vertex   1.931499e+02 4.462010e+02 1.150000e+01
    endloop
  endfacet
  facet normal 7.352878e-01 3.045662e-01 6.054678e-01
    outer loop
      vertex   1.931499e+02 4.462010e+02 1.150000e+01
      vertex   1.929257e+02 4.463304e+02 1.170711e+01
      vertex   1.929964e+02 4.461599e+02 1.170711e+01
    endloop
  endfacet
  facet normal 7.890610e-01 1.038819e-01 6.054678e-01
    outer loop
      vertex   1.931499e+02 4.462010e+02 1.150000e+01
      vertex   1.929964e+02 4.461599e+02 1.170711e+01
      vertex   1.931794e+02 4.459769e+02 1.150000e+01
    endloop
  endfacet
  facet normal 7.890610e-01 1.038819e-01 6.054678e-01
    outer loop
      vertex   1.931794e+02 4.459769e+02 1.150000e+01
      vertex   1.929964e+02 4.461599e+02 1.170711e+01
      vertex   1.930205e+02 4.459769e+02 1.170711e+01
    endloop
  endfacet
  facet normal 7.890610e-01 -1.038819e-01 6.054678e-01
    outer loop
      vertex   1.931794e+02 4.459769e+02 1.150000e+01
      vertex   1.930205e+02 4.459769e+02 1.170711e+01
      vertex   1.931499e+02 4.457528e+02 1.150000e+01
    endloop
  endfacet
  facet normal 7.890610e-01 -1.038819e-01 6.054678e-01
    outer loop
      vertex   1.931499e+02 4.457528e+02 1.150000e+01
      vertex   1.930205e+02 4.459769e+02 1.170711e+01
      vertex   1.929964e+02 4.457939e+02 1.170711e+01
    endloop
  endfacet
  facet normal 7.352878e-01 -3.045662e-01 6.054678e-01
    outer loop
      vertex   1.931499e+02 4.457528e+02 1.150000e+01
      vertex   1.929964e+02 4.457939e+02 1.170711e+01
      vertex   1.930634e+02 4.455439e+02 1.150000e+01
    endloop
  endfacet
  facet normal 7.352878e-01 -3.045662e-01 6.054678e-01
    outer loop
      vertex   1.930634e+02 4.455439e+02 1.150000e+01
      vertex   1.929964e+02 4.457939e+02 1.170711e+01
      vertex   1.929257e+02 4.456233e+02 1.170711e+01
    endloop
  endfacet
  facet normal 6.314060e-01 -4.844948e-01 6.054678e-01
    outer loop
      vertex   1.930634e+02 4.455439e+02 1.150000e+01
      vertex   1.929257e+02 4.456233e+02 1.170711e+01
      vertex   1.929257e+02 4.453645e+02 1.150000e+01
    endloop
  endfacet
  facet normal 6.314060e-01 -4.844948e-01 6.054678e-01
    outer loop
      vertex   1.929257e+02 4.453645e+02 1.150000e+01
      vertex   1.929257e+02 4.456233e+02 1.170711e+01
      vertex   1.928134e+02 4.454769e+02 1.170711e+01
    endloop
  endfacet
  facet normal 4.844948e-01 -6.314060e-01 6.054678e-01
    outer loop
      vertex   1.929257e+02 4.453645e+02 1.150000e+01
      vertex   1.928134e+02 4.454769e+02 1.170711e+01
      vertex   1.927464e+02 4.452269e+02 1.150000e+01
    endloop
  endfacet
  facet normal 4.844948e-01 -6.314060e-01 6.054678e-01
    outer loop
      vertex   1.927464e+02 4.452269e+02 1.150000e+01
      vertex   1.928134e+02 4.454769e+02 1.170711e+01
      vertex   1.926669e+02 4.453645e+02 1.170711e+01
    endloop
  endfacet
  facet normal 3.045662e-01 -7.352878e-01 6.054678e-01
    outer loop
      vertex   1.927464e+02 4.452269e+02 1.150000e+01
      vertex   1.926669e+02 4.453645e+02 1.170711e+01
      vertex   1.925375e+02 4.451404e+02 1.150000e+01
    endloop
  endfacet
  facet normal 3.045662e-01 -7.352878e-01 6.054678e-01
    outer loop
      vertex   1.925375e+02 4.451404e+02 1.150000e+01
      vertex   1.926669e+02 4.453645e+02 1.170711e+01
      vertex   1.924964e+02 4.452939e+02 1.170711e+01
    endloop
  endfacet
  facet normal 1.038819e-01 -7.890610e-01 6.054678e-01
    outer loop
      vertex   1.925375e+02 4.451404e+02 1.150000e+01
      vertex   1.924964e+02 4.452939e+02 1.170711e+01
      vertex   1.923134e+02 4.451109e+02 1.150000e+01
    endloop
  endfacet
  facet normal 1.038819e-01 -7.890610e-01 6.054678e-01
    outer loop
      vertex   1.923134e+02 4.451109e+02 1.150000e+01
      vertex   1.924964e+02 4.452939e+02 1.170711e+01
      vertex   1.923134e+02 4.452698e+02 1.170711e+01
    endloop
  endfacet
  facet normal -1.038819e-01 -7.890610e-01 6.054678e-01
    outer loop
      vertex   1.923134e+02 4.451109e+02 1.150000e+01
      vertex   1.923134e+02 4.452698e+02 1.170711e+01
      vertex   1.920892e+02 4.451404e+02 1.150000e+01
    endloop
  endfacet
  facet normal -1.038819e-01 -7.890610e-01 6.054678e-01
    outer loop
      vertex   1.920892e+02 4.451404e+02 1.150000e+01
      vertex   1.923134e+02 4.452698e+02 1.170711e+01
      vertex   1.921303e+02 4.452939e+02 1.170711e+01
    endloop
  endfacet
  facet normal -3.045662e-01 -7.352878e-01 6.054678e-01
    outer loop
      vertex   1.920892e+02 4.451404e+02 1.150000e+01
      vertex   1.921303e+02 4.452939e+02 1.170711e+01
      vertex   1.918803e+02 4.452269e+02 1.150000e+01
    endloop
  endfacet
  facet normal -3.045662e-01 -7.352878e-01 6.054678e-01
    outer loop
      vertex   1.918803e+02 4.452269e+02 1.150000e+01
      vertex   1.921303e+02 4.452939e+02 1.170711e+01
      vertex   1.919598e+02 4.453645e+02 1.170711e+01
    endloop
  endfacet
  facet normal -4.844948e-01 -6.314060e-01 6.054678e-01
    outer loop
      vertex   1.918803e+02 4.452269e+02 1.150000e+01
      vertex   1.919598e+02 4.453645e+02 1.170711e+01
      vertex   1.917010e+02 4.453645e+02 1.150000e+01
    endloop
  endfacet
  facet normal -4.844948e-01 -6.314060e-01 6.054678e-01
    outer loop
      vertex   1.917010e+02 4.453645e+02 1.150000e+01
      vertex   1.919598e+02 4.453645e+02 1.170711e+01
      vertex   1.918134e+02 4.454769e+02 1.170711e+01
    endloop
  endfacet
  facet normal -6.314060e-01 -4.844948e-01 6.054678e-01
    outer loop
      vertex   1.917010e+02 4.453645e+02 1.150000e+01
      vertex   1.918134e+02 4.454769e+02 1.170711e+01
      vertex   1.915634e+02 4.455439e+02 1.150000e+01
    endloop
  endfacet
  facet normal -6.314060e-01 -4.844948e-01 6.054678e-01
    outer loop
      vertex   1.915634e+02 4.455439e+02 1.150000e+01
      vertex   1.918134e+02 4.454769e+02 1.170711e+01
      vertex   1.917010e+02 4.456233e+02 1.170711e+01
    endloop
  endfacet
  facet normal -7.352878e-01 -3.045662e-01 6.054678e-01
    outer loop
      vertex   1.915634e+02 4.455439e+02 1.150000e+01
      vertex   1.917010e+02 4.456233e+02 1.170711e+01
      vertex   1.914768e+02 4.457528e+02 1.150000e+01
    endloop
  endfacet
  facet normal -7.352878e-01 -3.045662e-01 6.054678e-01
    outer loop
      vertex   1.914768e+02 4.457528e+02 1.150000e+01
      vertex   1.917010e+02 4.456233e+02 1.170711e+01
      vertex   1.916303e+02 4.457939e+02 1.170711e+01
    endloop
  endfacet
  facet normal -7.890610e-01 -1.038819e-01 6.054678e-01
    outer loop
      vertex   1.914768e+02 4.457528e+02 1.150000e+01
      vertex   1.916303e+02 4.457939e+02 1.170711e+01
      vertex   1.914473e+02 4.459769e+02 1.150000e+01
    endloop
  endfacet
  facet normal -7.890610e-01 -1.038819e-01 6.054678e-01
    outer loop
      vertex   1.914473e+02 4.459769e+02 1.150000e+01
      vertex   1.916303e+02 4.457939e+02 1.170711e+01
      vertex   1.916062e+02 4.459769e+02 1.170711e+01
    endloop
  endfacet
  facet normal -6.068157e-01 7.988880e-02 7.908176e-01
    outer loop
      vertex   1.916062e+02 4.459769e+02 1.170711e+01
      vertex   1.918134e+02 4.459769e+02 1.186603e+01
      vertex   1.916303e+02 4.461599e+02 1.170711e+01
    endloop
  endfacet
  facet normal -6.068157e-01 7.988880e-02 7.908176e-01
    outer loop
      vertex   1.916303e+02 4.461599e+02 1.170711e+01
      vertex   1.918134e+02 4.459769e+02 1.186603e+01
      vertex   1.918304e+02 4.461063e+02 1.186603e+01
    endloop
  endfacet
  facet normal -5.654622e-01 2.342221e-01 7.908176e-01
    outer loop
      vertex   1.916303e+02 4.461599e+02 1.170711e+01
      vertex   1.918304e+02 4.461063e+02 1.186603e+01
      vertex   1.917010e+02 4.463304e+02 1.170711e+01
    endloop
  endfacet
  facet normal -5.654622e-01 2.342221e-01 7.908176e-01
    outer loop
      vertex   1.917010e+02 4.463304e+02 1.170711e+01
      vertex   1.918304e+02 4.461063e+02 1.186603e+01
      vertex   1.918803e+02 4.462269e+02 1.186603e+01
    endloop
  endfacet
  facet normal -4.855734e-01 3.725936e-01 7.908176e-01
    outer loop
      vertex   1.917010e+02 4.463304e+02 1.170711e+01
      vertex   1.918803e+02 4.462269e+02 1.186603e+01
      vertex   1.918134e+02 4.464769e+02 1.170711e+01
    endloop
  endfacet
  facet normal -4.855734e-01 3.725936e-01 7.908176e-01
    outer loop
      vertex   1.918134e+02 4.464769e+02 1.170711e+01
      vertex   1.918803e+02 4.462269e+02 1.186603e+01
      vertex   1.919598e+02 4.463304e+02 1.186603e+01
    endloop
  endfacet
  facet normal -3.725936e-01 4.855734e-01 7.908176e-01
    outer loop
      vertex   1.918134e+02 4.464769e+02 1.170711e+01
      vertex   1.919598e+02 4.463304e+02 1.186603e+01
      vertex   1.919598e+02 4.465893e+02 1.170711e+01
    endloop
  endfacet
  facet normal -3.725936e-01 4.855734e-01 7.908176e-01
    outer loop
      vertex   1.919598e+02 4.465893e+02 1.170711e+01
      vertex   1.919598e+02 4.463304e+02 1.186603e+01
      vertex   1.920634e+02 4.464099e+02 1.186603e+01
    endloop
  endfacet
  facet normal -2.342221e-01 5.654622e-01 7.908176e-01
    outer loop
      vertex   1.919598e+02 4.465893e+02 1.170711e+01
      vertex   1.920634e+02 4.464099e+02 1.186603e+01
      vertex   1.921303e+02 4.466599e+02 1.170711e+01
    endloop
  endfacet
  facet normal -2.342221e-01 5.654622e-01 7.908176e-01
    outer loop
      vertex   1.921303e+02 4.466599e+02 1.170711e+01
      vertex   1.920634e+02 4.464099e+02 1.186603e+01
      vertex   1.921839e+02 4.464599e+02 1.186603e+01
    endloop
  endfacet
  facet normal -7.988880e-02 6.068157e-01 7.908176e-01
    outer loop
      vertex   1.921303e+02 4.466599e+02 1.170711e+01
      vertex   1.921839e+02 4.464599e+02 1.186603e+01
      vertex   1.923134e+02 4.466840e+02 1.170711e+01
    endloop
  endfacet
  facet normal -7.988880e-02 6.068157e-01 7.908176e-01
    outer loop
      vertex   1.923134e+02 4.466840e+02 1.170711e+01
      vertex   1.921839e+02 4.464599e+02 1.186603e+01
      vertex   1.923134e+02 4.464769e+02 1.186603e+01
    endloop
  endfacet
  facet normal 7.988880e-02 6.068157e-01 7.908176e-01
    outer loop
      vertex   1.923134e+02 4.466840e+02 1.170711e+01
      vertex   1.923134e+02 4.464769e+02 1.186603e+01
      vertex   1.924964e+02 4.466599e+02 1.170711e+01
    endloop
  endfacet
  facet normal 7.988880e-02 6.068157e-01 7.908176e-01
    outer loop
      vertex   1.924964e+02 4.466599e+02 1.170711e+01
      vertex   1.923134e+02 4.464769e+02 1.186603e+01
      vertex   1.924428e+02 4.464599e+02 1.186603e+01
    endloop
  endfacet
  facet normal 2.342221e-01 5.654622e-01 7.908176e-01
    outer loop
      vertex   1.924964e+02 4.466599e+02 1.170711e+01
      vertex   1.924428e+02 4.464599e+02 1.186603e+01
      vertex   1.926669e+02 4.465893e+02 1.170711e+01
    endloop
  endfacet
  facet normal 2.342221e-01 5.654622e-01 7.908176e-01
    outer loop
      vertex   1.926669e+02 4.465893e+02 1.170711e+01
      vertex   1.924428e+02 4.464599e+02 1.186603e+01
      vertex   1.925634e+02 4.464099e+02 1.186603e+01
    endloop
  endfacet
  facet normal 3.725936e-01 4.855734e-01 7.908176e-01
    outer loop
      vertex   1.926669e+02 4.465893e+02 1.170711e+01
      vertex   1.925634e+02 4.464099e+02 1.186603e+01
      vertex   1.928134e+02 4.464769e+02 1.170711e+01
    endloop
  endfacet
  facet normal 3.725936e-01 4.855734e-01 7.908176e-01
    outer loop
      vertex   1.928134e+02 4.464769e+02 1.170711e+01
      vertex   1.925634e+02 4.464099e+02 1.186603e+01
      vertex   1.926669e+02 4.463304e+02 1.186603e+01
    endloop
  endfacet
  facet normal 4.855734e-01 3.725936e-01 7.908176e-01
    outer loop
      vertex   1.928134e+02 4.464769e+02 1.170711e+01
      vertex   1.926669e+02 4.463304e+02 1.186603e+01
      vertex   1.929257e+02 4.463304e+02 1.170711e+01
    endloop
  endfacet
  facet normal 4.855734e-01 3.725936e-01 7.908176e-01
    outer loop
      vertex   1.929257e+02 4.463304e+02 1.170711e+01
      vertex   1.926669e+02 4.463304e+02 1.186603e+01
      vertex   1.927464e+02 4.462269e+02 1.186603e+01
    endloop
  endfacet
  facet normal 5.654622e-01 2.342221e-01 7.908176e-01
    outer loop
      vertex   1.929257e+02 4.463304e+02 1.170711e+01
      vertex   1.927464e+02 4.462269e+02 1.186603e+01
      vertex   1.929964e+02 4.461599e+02 1.170711e+01
    endloop
  endfacet
  facet normal 5.654622e-01 2.342221e-01 7.908176e-01
    outer loop
      vertex   1.929964e+02 4.461599e+02 1.170711e+01
      vertex   1.927464e+02 4.462269e+02 1.186603e+01
      vertex   1.927963e+02 4.461063e+02 1.186603e+01
    endloop
  endfacet
  facet normal 6.068157e-01 7.988880e-02 7.908176e-01
    outer loop
      vertex   1.929964e+02 4.461599e+02 1.170711e+01
      vertex   1.927963e+02 4.461063e+02 1.186603e+01
      vertex   1.930205e+02 4.459769e+02 1.170711e+01
    endloop
  endfacet
  facet normal 6.068157e-01 7.988880e-02 7.908176e-01
    outer loop
      vertex   1.930205e+02 4.459769e+02 1.170711e+01
      vertex   1.927963e+02 4.461063e+02 1.186603e+01
      vertex   1.928134e+02 4.459769e+02 1.186603e+01
    endloop
  endfacet
  facet normal 6.068157e-01 -7.988880e-02 7.908176e-01
    outer loop
      vertex   1.930205e+02 4.459769e+02 1.170711e+01
      vertex   1.928134e+02 4.459769e+02 1.186603e+01
      vertex   1.929964e+02 4.457939e+02 1.170711e+01
    endloop
  endfacet
  facet normal 6.068157e-01 -7.988880e-02 7.908176e-01
    outer loop
      vertex   1.929964e+02 4.457939e+02 1.170711e+01
      vertex   1.928134e+02 4.459769e+02 1.186603e+01
      vertex   1.927963e+02 4.458475e+02 1.186603e+01
    endloop
  endfacet
  facet normal 5.654622e-01 -2.342221e-01 7.908176e-01
    outer loop
      vertex   1.929964e+02 4.457939e+02 1.170711e+01
      vertex   1.927963e+02 4.458475e+02 1.186603e+01
      vertex   1.929257e+02 4.456233e+02 1.170711e+01
    endloop
  endfacet
  facet normal 5.654622e-01 -2.342221e-01 7.908176e-01
    outer loop
      vertex   1.929257e+02 4.456233e+02 1.170711e+01
      vertex   1.927963e+02 4.458475e+02 1.186603e+01
      vertex   1.927464e+02 4.457269e+02 1.186603e+01
    endloop
  endfacet
  facet normal 4.855734e-01 -3.725936e-01 7.908176e-01
    outer loop
      vertex   1.929257e+02 4.456233e+02 1.170711e+01
      vertex   1.927464e+02 4.457269e+02 1.186603e+01
      vertex   1.928134e+02 4.454769e+02 1.170711e+01
    endloop
  endfacet
  facet normal 4.855734e-01 -3.725936e-01 7.908176e-01
    outer loop
      vertex   1.928134e+02 4.454769e+02 1.170711e+01
      vertex   1.927464e+02 4.457269e+02 1.186603e+01
      vertex   1.926669e+02 4.456233e+02 1.186603e+01
    endloop
  endfacet
  facet normal 3.725936e-01 -4.855734e-01 7.908176e-01
    outer loop
      vertex   1.928134e+02 4.454769e+02 1.170711e+01
      vertex   1.926669e+02 4.456233e+02 1.186603e+01
      vertex   1.926669e+02 4.453645e+02 1.170711e+01
    endloop
  endfacet
  facet normal 3.725936e-01 -4.855734e-01 7.908176e-01
    outer loop
      vertex   1.926669e+02 4.453645e+02 1.170711e+01
      vertex   1.926669e+02 4.456233e+02 1.186603e+01
      vertex   1.925634e+02 4.455439e+02 1.186603e+01
    endloop
  endfacet
  facet normal 2.342221e-01 -5.654622e-01 7.908176e-01
    outer loop
      vertex   1.926669e+02 4.453645e+02 1.170711e+01
      vertex   1.925634e+02 4.455439e+02 1.186603e+01
      vertex   1.924964e+02 4.452939e+02 1.170711e+01
    endloop
  endfacet
  facet normal 2.342221e-01 -5.654622e-01 7.908176e-01
    outer loop
      vertex   1.924964e+02 4.452939e+02 1.170711e+01
      vertex   1.925634e+02 4.455439e+02 1.186603e+01
      vertex   1.924428e+02 4.454939e+02 1.186603e+01
    endloop
  endfacet
  facet normal 7.988880e-02 -6.068157e-01 7.908176e-01
    outer loop
      vertex   1.924964e+02 4.452939e+02 1.170711e+01
      vertex   1.924428e+02 4.454939e+02 1.186603e+01
      vertex   1.923134e+02 4.452698e+02 1.170711e+01
    endloop
  endfacet
  facet normal 7.988880e-02 -6.068157e-01 7.908176e-01
    outer loop
      vertex   1.923134e+02 4.452698e+02 1.170711e+01
      vertex   1.924428e+02 4.454939e+02 1.186603e+01
      vertex   1.923134e+02 4.454769e+02 1.186603e+01
    endloop
  endfacet
  facet normal -7.988880e-02 -6.068157e-01 7.908176e-01
    outer loop
      vertex   1.923134e+02 4.452698e+02 1.170711e+01
      vertex   1.923134e+02 4.454769e+02 1.186603e+01
      vertex   1.921303e+02 4.452939e+02 1.170711e+01
    endloop
  endfacet
  facet normal -7.988880e-02 -6.068157e-01 7.908176e-01
    outer loop
      vertex   1.921303e+02 4.452939e+02 1.170711e+01
      vertex   1.923134e+02 4.454769e+02 1.186603e+01
      vertex   1.921839e+02 4.454939e+02 1.186603e+01
    endloop
  endfacet
  facet normal -2.342221e-01 -5.654622e-01 7.908176e-01
    outer loop
      vertex   1.921303e+02 4.452939e+02 1.170711e+01
      vertex   1.921839e+02 4.454939e+02 1.186603e+01
      vertex   1.919598e+02 4.453645e+02 1.170711e+01
    endloop
  endfacet
  facet normal -2.342221e-01 -5.654622e-01 7.908176e-01
    outer loop
      vertex   1.919598e+02 4.453645e+02 1.170711e+01
      vertex   1.921839e+02 4.454939e+02 1.186603e+01
      vertex   1.920634e+02 4.455439e+02 1.186603e+01
    endloop
  endfacet
  facet normal -3.725936e-01 -4.855734e-01 7.908176e-01
    outer loop
      vertex   1.919598e+02 4.453645e+02 1.170711e+01
      vertex   1.920634e+02 4.455439e+02 1.186603e+01
      vertex   1.918134e+02 4.454769e+02 1.170711e+01
    endloop
  endfacet
  facet normal -3.725936e-01 -4.855734e-01 7.908176e-01
    outer loop
      vertex   1.918134e+02 4.454769e+02 1.170711e+01
      vertex   1.920634e+02 4.455439e+02 1.186603e+01
      vertex   1.919598e+02 4.456233e+02 1.186603e+01
    endloop
  endfacet
  facet normal -4.855734e-01 -3.725936e-01 7.908176e-01
    outer loop
      vertex   1.918134e+02 4.454769e+02 1.170711e+01
      vertex   1.919598e+02 4.456233e+02 1.186603e+01
      vertex   1.917010e+02 4.456233e+02 1.170711e+01
    endloop
  endfacet
  facet normal -4.855734e-01 -3.725936e-01 7.908176e-01
    outer loop
      vertex   1.917010e+02 4.456233e+02 1.170711e+01
      vertex   1.919598e+02 4.456233e+02 1.186603e+01
      vertex   1.918803e+02 4.457269e+02 1.186603e+01
    endloop
  endfacet
  facet normal -5.654622e-01 -2.342221e-01 7.908176e-01
    outer loop
      vertex   1.917010e+02 4.456233e+02 1.170711e+01
      vertex   1.918803e+02 4.457269e+02 1.186603e+01
      vertex   1.916303e+02 4.457939e+02 1.170711e+01
    endloop
  endfacet
  facet normal -5.654622e-01 -2.342221e-01 7.908176e-01
    outer loop
      vertex   1.916303e+02 4.457939e+02 1.170711e+01
      vertex   1.918803e+02 4.457269e+02 1.186603e+01
      vertex   1.918304e+02 4.458475e+02 1.186603e+01
    endloop
  endfacet
  facet normal -6.068157e-01 -7.988880e-02 7.908176e-01
    outer loop
      vertex   1.916303e+02 4.457939e+02 1.170711e+01
      vertex   1.918304e+02 4.458475e+02 1.186603e+01
      vertex   1.916062e+02 4.459769e+02 1.170711e+01
    endloop
  endfacet
  facet normal -6.068157e-01 -7.988880e-02 7.908176e-01
    outer loop
      vertex   1.916062e+02 4.459769e+02 1.170711e+01
      vertex   1.918304e+02 4.458475e+02 1.186603e+01
      vertex   1.918134e+02 4.459769e+02 1.186603e+01
    endloop
  endfacet
  facet normal -3.821987e-01 5.031741e-02 9.227092e-01
    outer loop
      vertex   1.918134e+02 4.459769e+02 1.186603e+01
      vertex   1.920545e+02 4.459769e+02 1.196593e+01
      vertex   1.918304e+02 4.461063e+02 1.186603e+01
    endloop
  endfacet
  facet normal -3.821987e-01 5.031741e-02 9.227092e-01
    outer loop
      vertex   1.918304e+02 4.461063e+02 1.186603e+01
      vertex   1.920545e+02 4.459769e+02 1.196593e+01
      vertex   1.920634e+02 4.460439e+02 1.196593e+01
    endloop
  endfacet
  facet normal -3.561525e-01 1.475232e-01 9.227092e-01
    outer loop
      vertex   1.918304e+02 4.461063e+02 1.186603e+01
      vertex   1.920634e+02 4.460439e+02 1.196593e+01
      vertex   1.918803e+02 4.462269e+02 1.186603e+01
    endloop
  endfacet
  facet normal -3.561525e-01 1.475232e-01 9.227092e-01
    outer loop
      vertex   1.918803e+02 4.462269e+02 1.186603e+01
      vertex   1.920634e+02 4.460439e+02 1.196593e+01
      vertex   1.920892e+02 4.461063e+02 1.196593e+01
    endloop
  endfacet
  facet normal -3.058351e-01 2.346755e-01 9.227092e-01
    outer loop
      vertex   1.918803e+02 4.462269e+02 1.186603e+01
      vertex   1.920892e+02 4.461063e+02 1.196593e+01
      vertex   1.919598e+02 4.463304e+02 1.186603e+01
    endloop
  endfacet
  facet normal -3.058351e-01 2.346755e-01 9.227092e-01
    outer loop
      vertex   1.919598e+02 4.463304e+02 1.186603e+01
      vertex   1.920892e+02 4.461063e+02 1.196593e+01
      vertex   1.921303e+02 4.461599e+02 1.196593e+01
    endloop
  endfacet
  facet normal -2.346755e-01 3.058351e-01 9.227092e-01
    outer loop
      vertex   1.919598e+02 4.463304e+02 1.186603e+01
      vertex   1.921303e+02 4.461599e+02 1.196593e+01
      vertex   1.920634e+02 4.464099e+02 1.186603e+01
    endloop
  endfacet
  facet normal -2.346755e-01 3.058351e-01 9.227092e-01
    outer loop
      vertex   1.920634e+02 4.464099e+02 1.186603e+01
      vertex   1.921303e+02 4.461599e+02 1.196593e+01
      vertex   1.921839e+02 4.462010e+02 1.196593e+01
    endloop
  endfacet
  facet normal -1.475232e-01 3.561525e-01 9.227092e-01
    outer loop
      vertex   1.920634e+02 4.464099e+02 1.186603e+01
      vertex   1.921839e+02 4.462010e+02 1.196593e+01
      vertex   1.921839e+02 4.464599e+02 1.186603e+01
    endloop
  endfacet
  facet normal -1.475232e-01 3.561525e-01 9.227092e-01
    outer loop
      vertex   1.921839e+02 4.464599e+02 1.186603e+01
      vertex   1.921839e+02 4.462010e+02 1.196593e+01
      vertex   1.922464e+02 4.462269e+02 1.196593e+01
    endloop
  endfacet
  facet normal -5.031741e-02 3.821987e-01 9.227092e-01
    outer loop
      vertex   1.921839e+02 4.464599e+02 1.186603e+01
      vertex   1.922464e+02 4.462269e+02 1.196593e+01
      vertex   1.923134e+02 4.464769e+02 1.186603e+01
    endloop
  endfacet
  facet normal -5.031741e-02 3.821987e-01 9.227092e-01
    outer loop
      vertex   1.923134e+02 4.464769e+02 1.186603e+01
      vertex   1.922464e+02 4.462269e+02 1.196593e+01
      vertex   1.923134e+02 4.462357e+02 1.196593e+01
    endloop
  endfacet
  facet normal 5.031741e-02 3.821987e-01 9.227092e-01
    outer loop
      vertex   1.923134e+02 4.464769e+02 1.186603e+01
      vertex   1.923134e+02 4.462357e+02 1.196593e+01
      vertex   1.924428e+02 4.464599e+02 1.186603e+01
    endloop
  endfacet
  facet normal 5.031741e-02 3.821987e-01 9.227092e-01
    outer loop
      vertex   1.924428e+02 4.464599e+02 1.186603e+01
      vertex   1.923134e+02 4.462357e+02 1.196593e+01
      vertex   1.923803e+02 4.462269e+02 1.196593e+01
    endloop
  endfacet
  facet normal 1.475232e-01 3.561525e-01 9.227092e-01
    outer loop
      vertex   1.924428e+02 4.464599e+02 1.186603e+01
      vertex   1.923803e+02 4.462269e+02 1.196593e+01
      vertex   1.925634e+02 4.464099e+02 1.186603e+01
    endloop
  endfacet
  facet normal 1.475232e-01 3.561525e-01 9.227092e-01
    outer loop
      vertex   1.925634e+02 4.464099e+02 1.186603e+01
      vertex   1.923803e+02 4.462269e+02 1.196593e+01
      vertex   1.924428e+02 4.462010e+02 1.196593e+01
    endloop
  endfacet
  facet normal 2.346755e-01 3.058351e-01 9.227092e-01
    outer loop
      vertex   1.925634e+02 4.464099e+02 1.186603e+01
      vertex   1.924428e+02 4.462010e+02 1.196593e+01
      vertex   1.926669e+02 4.463304e+02 1.186603e+01
    endloop
  endfacet
  facet normal 2.346755e-01 3.058351e-01 9.227092e-01
    outer loop
      vertex   1.926669e+02 4.463304e+02 1.186603e+01
      vertex   1.924428e+02 4.462010e+02 1.196593e+01
      vertex   1.924964e+02 4.461599e+02 1.196593e+01
    endloop
  endfacet
  facet normal 3.058351e-01 2.346755e-01 9.227092e-01
    outer loop
      vertex   1.926669e+02 4.463304e+02 1.186603e+01
      vertex   1.924964e+02 4.461599e+02 1.196593e+01
      vertex   1.927464e+02 4.462269e+02 1.186603e+01
    endloop
  endfacet
  facet normal 3.058351e-01 2.346755e-01 9.227092e-01
    outer loop
      vertex   1.927464e+02 4.462269e+02 1.186603e+01
      vertex   1.924964e+02 4.461599e+02 1.196593e+01
      vertex   1.925375e+02 4.461063e+02 1.196593e+01
    endloop
  endfacet
  facet normal 3.561525e-01 1.475232e-01 9.227092e-01
    outer loop
      vertex   1.927464e+02 4.462269e+02 1.186603e+01
      vertex   1.925375e+02 4.461063e+02 1.196593e+01
      vertex   1.927963e+02 4.461063e+02 1.186603e+01
    endloop
  endfacet
  facet normal 3.561525e-01 1.475232e-01 9.227092e-01
    outer loop
      vertex   1.927963e+02 4.461063e+02 1.186603e+01
      vertex   1.925375e+02 4.461063e+02 1.196593e+01
      vertex   1.925634e+02 4.460439e+02 1.196593e+01
    endloop
  endfacet
  facet normal 3.821987e-01 5.031741e-02 9.227092e-01
    outer loop
      vertex   1.927963e+02 4.461063e+02 1.186603e+01
      vertex   1.925634e+02 4.460439e+02 1.196593e+01
      vertex   1.928134e+02 4.459769e+02 1.186603e+01
    endloop
  endfacet
  facet normal 3.821987e-01 5.031741e-02 9.227092e-01
    outer loop
      vertex   1.928134e+02 4.459769e+02 1.186603e+01
      vertex   1.925634e+02 4.460439e+02 1.196593e+01
      vertex   1.925722e+02 4.459769e+02 1.196593e+01
    endloop
  endfacet
  facet normal 3.821987e-01 -5.031741e-02 9.227092e-01
    outer loop
      vertex   1.928134e+02 4.459769e+02 1.186603e+01
      vertex   1.925722e+02 4.459769e+02 1.196593e+01
      vertex   1.927963e+02 4.458475e+02 1.186603e+01
    endloop
  endfacet
  facet normal 3.821987e-01 -5.031741e-02 9.227092e-01
    outer loop
      vertex   1.927963e+02 4.458475e+02 1.186603e+01
      vertex   1.925722e+02 4.459769e+02 1.196593e+01
      vertex   1.925634e+02 4.459099e+02 1.196593e+01
    endloop
  endfacet
  facet normal 3.561525e-01 -1.475232e-01 9.227092e-01
    outer loop
      vertex   1.927963e+02 4.458475e+02 1.186603e+01
      vertex   1.925634e+02 4.459099e+02 1.196593e+01
      vertex   1.927464e+02 4.457269e+02 1.186603e+01
    endloop
  endfacet
  facet normal 3.561525e-01 -1.475232e-01 9.227092e-01
    outer loop
      vertex   1.927464e+02 4.457269e+02 1.186603e+01
      vertex   1.925634e+02 4.459099e+02 1.196593e+01
      vertex   1.925375e+02 4.458475e+02 1.196593e+01
    endloop
  endfacet
  facet normal 3.058351e-01 -2.346755e-01 9.227092e-01
    outer loop
      vertex   1.927464e+02 4.457269e+02 1.186603e+01
      vertex   1.925375e+02 4.458475e+02 1.196593e+01
      vertex   1.926669e+02 4.456233e+02 1.186603e+01
    endloop
  endfacet
  facet normal 3.058351e-01 -2.346755e-01 9.227092e-01
    outer loop
      vertex   1.926669e+02 4.456233e+02 1.186603e+01
      vertex   1.925375e+02 4.458475e+02 1.196593e+01
      vertex   1.924964e+02 4.457939e+02 1.196593e+01
    endloop
  endfacet
  facet normal 2.346755e-01 -3.058351e-01 9.227092e-01
    outer loop
      vertex   1.926669e+02 4.456233e+02 1.186603e+01
      vertex   1.924964e+02 4.457939e+02 1.196593e+01
      vertex   1.925634e+02 4.455439e+02 1.186603e+01
    endloop
  endfacet
  facet normal 2.346755e-01 -3.058351e-01 9.227092e-01
    outer loop
      vertex   1.925634e+02 4.455439e+02 1.186603e+01
      vertex   1.924964e+02 4.457939e+02 1.196593e+01
      vertex   1.924428e+02 4.457528e+02 1.196593e+01
    endloop
  endfacet
  facet normal 1.475232e-01 -3.561525e-01 9.227092e-01
    outer loop
      vertex   1.925634e+02 4.455439e+02 1.186603e+01
      vertex   1.924428e+02 4.457528e+02 1.196593e+01
      vertex   1.924428e+02 4.454939e+02 1.186603e+01
    endloop
  endfacet
  facet normal 1.475232e-01 -3.561525e-01 9.227092e-01
    outer loop
      vertex   1.924428e+02 4.454939e+02 1.186603e+01
      vertex   1.924428e+02 4.457528e+02 1.196593e+01
      vertex   1.923803e+02 4.457269e+02 1.196593e+01
    endloop
  endfacet
  facet normal 5.031741e-02 -3.821987e-01 9.227092e-01
    outer loop
      vertex   1.924428e+02 4.454939e+02 1.186603e+01
      vertex   1.923803e+02 4.457269e+02 1.196593e+01
      vertex   1.923134e+02 4.454769e+02 1.186603e+01
    endloop
  endfacet
  facet normal 5.031741e-02 -3.821987e-01 9.227092e-01
    outer loop
      vertex   1.923134e+02 4.454769e+02 1.186603e+01
      vertex   1.923803e+02 4.457269e+02 1.196593e+01
      vertex   1.923134e+02 4.457181e+02 1.196593e+01
    endloop
  endfacet
  facet normal -5.031741e-02 -3.821987e-01 9.227092e-01
    outer loop
      vertex   1.923134e+02 4.454769e+02 1.186603e+01
      vertex   1.923134e+02 4.457181e+02 1.196593e+01
      vertex   1.921839e+02 4.454939e+02 1.186603e+01
    endloop
  endfacet
  facet normal -5.031741e-02 -3.821987e-01 9.227092e-01
    outer loop
      vertex   1.921839e+02 4.454939e+02 1.186603e+01
      vertex   1.923134e+02 4.457181e+02 1.196593e+01
      vertex   1.922464e+02 4.457269e+02 1.196593e+01
    endloop
  endfacet
  facet normal -1.475232e-01 -3.561525e-01 9.227092e-01
    outer loop
      vertex   1.921839e+02 4.454939e+02 1.186603e+01
      vertex   1.922464e+02 4.457269e+02 1.196593e+01
      vertex   1.920634e+02 4.455439e+02 1.186603e+01
    endloop
  endfacet
  facet normal -1.475232e-01 -3.561525e-01 9.227092e-01
    outer loop
      vertex   1.920634e+02 4.455439e+02 1.186603e+01
      vertex   1.922464e+02 4.457269e+02 1.196593e+01
      vertex   1.921839e+02 4.457528e+02 1.196593e+01
    endloop
  endfacet
  facet normal -2.346755e-01 -3.058351e-01 9.227092e-01
    outer loop
      vertex   1.920634e+02 4.455439e+02 1.186603e+01
      vertex   1.921839e+02 4.457528e+02 1.196593e+01
      vertex   1.919598e+02 4.456233e+02 1.186603e+01
    endloop
  endfacet
  facet normal -2.346755e-01 -3.058351e-01 9.227092e-01
    outer loop
      vertex   1.919598e+02 4.456233e+02 1.186603e+01
      vertex   1.921839e+02 4.457528e+02 1.196593e+01
      vertex   1.921303e+02 4.457939e+02 1.196593e+01
    endloop
  endfacet
  facet normal -3.058351e-01 -2.346755e-01 9.227092e-01
    outer loop
      vertex   1.919598e+02 4.456233e+02 1.186603e+01
      vertex   1.921303e+02 4.457939e+02 1.196593e+01
      vertex   1.918803e+02 4.457269e+02 1.186603e+01
    endloop
  endfacet
  facet normal -3.058351e-01 -2.346755e-01 9.227092e-01
    outer loop
      vertex   1.918803e+02 4.457269e+02 1.186603e+01
      vertex   1.921303e+02 4.457939e+02 1.196593e+01
      vertex   1.920892e+02 4.458475e+02 1.196593e+01
    endloop
  endfacet
  facet normal -3.561525e-01 -1.475232e-01 9.227092e-01
    outer loop
      vertex   1.918803e+02 4.457269e+02 1.186603e+01
      vertex   1.920892e+02 4.458475e+02 1.196593e+01
      vertex   1.918304e+02 4.458475e+02 1.186603e+01
    endloop
  endfacet
  facet normal -3.561525e-01 -1.475232e-01 9.227092e-01
    outer loop
      vertex   1.918304e+02 4.458475e+02 1.186603e+01
      vertex   1.920892e+02 4.458475e+02 1.196593e+01
      vertex   1.920634e+02 4.459099e+02 1.196593e+01
    endloop
  endfacet
  facet normal -3.821987e-01 -5.031741e-02 9.227092e-01
    outer loop
      vertex   1.918304e+02 4.458475e+02 1.186603e+01
      vertex   1.920634e+02 4.459099e+02 1.196593e+01
      vertex   1.918134e+02 4.459769e+02 1.186603e+01
    endloop
  endfacet
  facet normal -3.821987e-01 -5.031741e-02 9.227092e-01
    outer loop
      vertex   1.918134e+02 4.459769e+02 1.186603e+01
      vertex   1.920634e+02 4.459099e+02 1.196593e+01
      vertex   1.920545e+02 4.459769e+02 1.196593e+01
    endloop
  endfacet
  facet normal 5.037379e-02 -1.216131e-01 9.912985e-01
    outer loop
      vertex   1.924428e+02 4.457528e+02 1.196593e+01
      vertex   1.923134e+02 4.459769e+02 1.200000e+01
      vertex   1.923803e+02 4.457269e+02 1.196593e+01
    endloop
  endfacet
  facet normal 8.013313e-02 1.044315e-01 9.912985e-01
    outer loop
      vertex   1.924428e+02 4.462010e+02 1.196593e+01
      vertex   1.923134e+02 4.459769e+02 1.200000e+01
      vertex   1.924964e+02 4.461599e+02 1.196593e+01
    endloop
  endfacet
  facet normal -9.914449e-01 -1.305262e-01 0.000000e+00
    outer loop
      vertex   1.913474e+02 4.457181e+02 1.000000e+01
      vertex   1.913474e+02 4.457181e+02 1.100000e+01
      vertex   1.913134e+02 4.459769e+02 1.000000e+01
    endloop
  endfacet
  facet normal -9.914449e-01 -1.305262e-01 0.000000e+00
    outer loop
      vertex   1.913134e+02 4.459769e+02 1.000000e+01
      vertex   1.913474e+02 4.457181e+02 1.100000e+01
      vertex   1.913134e+02 4.459769e+02 1.100000e+01
    endloop
  endfacet
  facet normal -9.914449e-01 1.305262e-01 0.000000e+00
    outer loop
      vertex   1.913134e+02 4.459769e+02 1.000000e+01
      vertex   1.913134e+02 4.459769e+02 1.100000e+01
      vertex   1.913474e+02 4.462357e+02 1.000000e+01
    endloop
  endfacet
  facet normal -9.914449e-01 1.305262e-01 0.000000e+00
    outer loop
      vertex   1.913474e+02 4.462357e+02 1.000000e+01
      vertex   1.913134e+02 4.459769e+02 1.100000e+01
      vertex   1.913474e+02 4.462357e+02 1.100000e+01
    endloop
  endfacet
  facet normal -9.238795e-01 3.826834e-01 0.000000e+00
    outer loop
      vertex   1.913474e+02 4.462357e+02 1.000000e+01
      vertex   1.913474e+02 4.462357e+02 1.100000e+01
      vertex   1.914473e+02 4.464769e+02 1.000000e+01
    endloop
  endfacet
  facet normal -9.238795e-01 3.826834e-01 0.000000e+00
    outer loop
      vertex   1.914473e+02 4.464769e+02 1.000000e+01
      vertex   1.913474e+02 4.462357e+02 1.100000e+01
      vertex   1.914473e+02 4.464769e+02 1.100000e+01
    endloop
  endfacet
  facet normal -7.933533e-01 6.087614e-01 0.000000e+00
    outer loop
      vertex   1.914473e+02 4.464769e+02 1.000000e+01
      vertex   1.914473e+02 4.464769e+02 1.100000e+01
      vertex   1.916062e+02 4.466840e+02 1.000000e+01
    endloop
  endfacet
  facet normal -7.933533e-01 6.087614e-01 0.000000e+00
    outer loop
      vertex   1.916062e+02 4.466840e+02 1.000000e+01
      vertex   1.914473e+02 4.464769e+02 1.100000e+01
      vertex   1.916062e+02 4.466840e+02 1.100000e+01
    endloop
  endfacet
  facet normal -6.087614e-01 7.933533e-01 0.000000e+00
    outer loop
      vertex   1.916062e+02 4.466840e+02 1.000000e+01
      vertex   1.916062e+02 4.466840e+02 1.100000e+01
      vertex   1.918134e+02 4.468429e+02 1.000000e+01
    endloop
  endfacet
  facet normal -6.087614e-01 7.933533e-01 0.000000e+00
    outer loop
      vertex   1.918134e+02 4.468429e+02 1.000000e+01
      vertex   1.916062e+02 4.466840e+02 1.100000e+01
      vertex   1.918134e+02 4.468429e+02 1.100000e+01
    endloop
  endfacet
  facet normal -3.826834e-01 9.238795e-01 0.000000e+00
    outer loop
      vertex   1.918134e+02 4.468429e+02 1.000000e+01
      vertex   1.918134e+02 4.468429e+02 1.100000e+01
      vertex   1.920545e+02 4.469428e+02 1.000000e+01
    endloop
  endfacet
  facet normal -3.826834e-01 9.238795e-01 0.000000e+00
    outer loop
      vertex   1.920545e+02 4.469428e+02 1.000000e+01
      vertex   1.918134e+02 4.468429e+02 1.100000e+01
      vertex   1.920545e+02 4.469428e+02 1.100000e+01
    endloop
  endfacet
  facet normal -1.305262e-01 9.914449e-01 0.000000e+00
    outer loop
      vertex   1.920545e+02 4.469428e+02 1.000000e+01
      vertex   1.920545e+02 4.469428e+02 1.100000e+01
      vertex   1.923134e+02 4.469769e+02 1.000000e+01
    endloop
  endfacet
  facet normal -1.305262e-01 9.914449e-01 0.000000e+00
    outer loop
      vertex   1.923134e+02 4.469769e+02 1.000000e+01
      vertex   1.920545e+02 4.469428e+02 1.100000e+01
      vertex   1.923134e+02 4.469769e+02 1.100000e+01
    endloop
  endfacet
  facet normal 1.305262e-01 9.914449e-01 -0.000000e+00
    outer loop
      vertex   1.923134e+02 4.469769e+02 1.000000e+01
      vertex   1.923134e+02 4.469769e+02 1.100000e+01
      vertex   1.925722e+02 4.469428e+02 1.000000e+01
    endloop
  endfacet
  facet normal 1.305262e-01 9.914449e-01 -0.000000e+00
    outer loop
      vertex   1.925722e+02 4.469428e+02 1.000000e+01
      vertex   1.923134e+02 4.469769e+02 1.100000e+01
      vertex   1.925722e+02 4.469428e+02 1.100000e+01
    endloop
  endfacet
  facet normal 3.826834e-01 9.238795e-01 -0.000000e+00
    outer loop
      vertex   1.925722e+02 4.469428e+02 1.000000e+01
      vertex   1.925722e+02 4.469428e+02 1.100000e+01
      vertex   1.928134e+02 4.468429e+02 1.000000e+01
    endloop
  endfacet
  facet normal 3.826834e-01 9.238795e-01 -0.000000e+00
    outer loop
      vertex   1.928134e+02 4.468429e+02 1.000000e+01
      vertex   1.925722e+02 4.469428e+02 1.100000e+01
      vertex   1.928134e+02 4.468429e+02 1.100000e+01
    endloop
  endfacet
  facet normal 6.087614e-01 7.933533e-01 -0.000000e+00
    outer loop
      vertex   1.928134e+02 4.468429e+02 1.000000e+01
      vertex   1.928134e+02 4.468429e+02 1.100000e+01
      vertex   1.930205e+02 4.466840e+02 1.000000e+01
    endloop
  endfacet
  facet normal 6.087614e-01 7.933533e-01 -0.000000e+00
    outer loop
      vertex   1.930205e+02 4.466840e+02 1.000000e+01
      vertex   1.928134e+02 4.468429e+02 1.100000e+01
      vertex   1.930205e+02 4.466840e+02 1.100000e+01
    endloop
  endfacet
  facet normal 7.933533e-01 6.087614e-01 -0.000000e+00
    outer loop
      vertex   1.930205e+02 4.466840e+02 1.000000e+01
      vertex   1.930205e+02 4.466840e+02 1.100000e+01
      vertex   1.931794e+02 4.464769e+02 1.000000e+01
    endloop
  endfacet
  facet normal 7.933533e-01 6.087614e-01 -0.000000e+00
    outer loop
      vertex   1.931794e+02 4.464769e+02 1.000000e+01
      vertex   1.930205e+02 4.466840e+02 1.100000e+01
      vertex   1.931794e+02 4.464769e+02 1.100000e+01
    endloop
  endfacet
  facet normal 9.238795e-01 3.826834e-01 -0.000000e+00
    outer loop
      vertex   1.931794e+02 4.464769e+02 1.000000e+01
      vertex   1.931794e+02 4.464769e+02 1.100000e+01
      vertex   1.932793e+02 4.462357e+02 1.000000e+01
    endloop
  endfacet
  facet normal 9.238795e-01 3.826834e-01 -0.000000e+00
    outer loop
      vertex   1.932793e+02 4.462357e+02 1.000000e+01
      vertex   1.931794e+02 4.464769e+02 1.100000e+01
      vertex   1.932793e+02 4.462357e+02 1.100000e+01
    endloop
  endfacet
  facet normal 9.914449e-01 1.305262e-01 -0.000000e+00
    outer loop
      vertex   1.932793e+02 4.462357e+02 1.000000e+01
      vertex   1.932793e+02 4.462357e+02 1.100000e+01
      vertex   1.933134e+02 4.459769e+02 1.000000e+01
    endloop
  endfacet
  facet normal 9.914449e-01 1.305262e-01 -0.000000e+00
    outer loop
      vertex   1.933134e+02 4.459769e+02 1.000000e+01
      vertex   1.932793e+02 4.462357e+02 1.100000e+01
      vertex   1.933134e+02 4.459769e+02 1.100000e+01
    endloop
  endfacet
  facet normal 9.914449e-01 -1.305262e-01 0.000000e+00
    outer loop
      vertex   1.933134e+02 4.459769e+02 1.000000e+01
      vertex   1.933134e+02 4.459769e+02 1.100000e+01
      vertex   1.932793e+02 4.457181e+02 1.000000e+01
    endloop
  endfacet
  facet normal 9.914449e-01 -1.305262e-01 0.000000e+00
    outer loop
      vertex   1.932793e+02 4.457181e+02 1.000000e+01
      vertex   1.933134e+02 4.459769e+02 1.100000e+01
      vertex   1.932793e+02 4.457181e+02 1.100000e+01
    endloop
  endfacet
  facet normal 9.238795e-01 -3.826834e-01 0.000000e+00
    outer loop
      vertex   1.932793e+02 4.457181e+02 1.000000e+01
      vertex   1.932793e+02 4.457181e+02 1.100000e+01
      vertex   1.931794e+02 4.454769e+02 1.000000e+01
    endloop
  endfacet
  facet normal 9.238795e-01 -3.826834e-01 0.000000e+00
    outer loop
      vertex   1.931794e+02 4.454769e+02 1.000000e+01
      vertex   1.932793e+02 4.457181e+02 1.100000e+01
      vertex   1.931794e+02 4.454769e+02 1.100000e+01
    endloop
  endfacet
  facet normal 7.933533e-01 -6.087614e-01 0.000000e+00
    outer loop
      vertex   1.931794e+02 4.454769e+02 1.000000e+01
      vertex   1.931794e+02 4.454769e+02 1.100000e+01
      vertex   1.930205e+02 4.452698e+02 1.000000e+01
    endloop
  endfacet
  facet normal 7.933533e-01 -6.087614e-01 0.000000e+00
    outer loop
      vertex   1.930205e+02 4.452698e+02 1.000000e+01
      vertex   1.931794e+02 4.454769e+02 1.100000e+01
      vertex   1.930205e+02 4.452698e+02 1.100000e+01
    endloop
  endfacet
  facet normal 6.087614e-01 -7.933533e-01 0.000000e+00
    outer loop
      vertex   1.930205e+02 4.452698e+02 1.000000e+01
      vertex   1.930205e+02 4.452698e+02 1.100000e+01
      vertex   1.928134e+02 4.451109e+02 1.000000e+01
    endloop
  endfacet
  facet normal 6.087614e-01 -7.933533e-01 0.000000e+00
    outer loop
      vertex   1.928134e+02 4.451109e+02 1.000000e+01
      vertex   1.930205e+02 4.452698e+02 1.100000e+01
      vertex   1.928134e+02 4.451109e+02 1.100000e+01
    endloop
  endfacet
  facet normal 3.826834e-01 -9.238795e-01 0.000000e+00
    outer loop
      vertex   1.928134e+02 4.451109e+02 1.000000e+01
      vertex   1.928134e+02 4.451109e+02 1.100000e+01
      vertex   1.925722e+02 4.450110e+02 1.000000e+01
    endloop
  endfacet
  facet normal 3.826834e-01 -9.238795e-01 0.000000e+00
    outer loop
      vertex   1.925722e+02 4.450110e+02 1.000000e+01
      vertex   1.928134e+02 4.451109e+02 1.100000e+01
      vertex   1.925722e+02 4.450110e+02 1.100000e+01
    endloop
  endfacet
  facet normal 1.305262e-01 -9.914449e-01 0.000000e+00
    outer loop
      vertex   1.925722e+02 4.450110e+02 1.000000e+01
      vertex   1.925722e+02 4.450110e+02 1.100000e+01
      vertex   1.923134e+02 4.449769e+02 1.000000e+01
    endloop
  endfacet
  facet normal 1.305262e-01 -9.914449e-01 0.000000e+00
    outer loop
      vertex   1.923134e+02 4.449769e+02 1.000000e+01
      vertex   1.925722e+02 4.450110e+02 1.100000e+01
      vertex   1.923134e+02 4.449769e+02 1.100000e+01
    endloop
  endfacet
  facet normal -1.305262e-01 -9.914449e-01 0.000000e+00
    outer loop
      vertex   1.923134e+02 4.449769e+02 1.000000e+01
      vertex   1.923134e+02 4.449769e+02 1.100000e+01
      vertex   1.920545e+02 4.450110e+02 1.000000e+01
    endloop
  endfacet
  facet normal -1.305262e-01 -9.914449e-01 0.000000e+00
    outer loop
      vertex   1.920545e+02 4.450110e+02 1.000000e+01
      vertex   1.923134e+02 4.449769e+02 1.100000e+01
      vertex   1.920545e+02 4.450110e+02 1.100000e+01
    endloop
  endfacet
  facet normal -3.826834e-01 -9.238795e-01 0.000000e+00
    outer loop
      vertex   1.920545e+02 4.450110e+02 1.000000e+01
      vertex   1.920545e+02 4.450110e+02 1.100000e+01
      vertex   1.918134e+02 4.451109e+02 1.000000e+01
    endloop
  endfacet
  facet normal -3.826834e-01 -9.238795e-01 0.000000e+00
    outer loop
      vertex   1.918134e+02 4.451109e+02 1.000000e+01
      vertex   1.920545e+02 4.450110e+02 1.100000e+01
      vertex   1.918134e+02 4.451109e+02 1.100000e+01
    endloop
  endfacet
  facet normal -6.087614e-01 -7.933533e-01 0.000000e+00
    outer loop
      vertex   1.918134e+02 4.451109e+02 1.000000e+01
      vertex   1.918134e+02 4.451109e+02 1.100000e+01
      vertex   1.916062e+02 4.452698e+02 1.000000e+01
    endloop
  endfacet
  facet normal -6.087614e-01 -7.933533e-01 0.000000e+00
    outer loop
      vertex   1.916062e+02 4.452698e+02 1.000000e+01
      vertex   1.918134e+02 4.451109e+02 1.100000e+01
      vertex   1.916062e+02 4.452698e+02 1.100000e+01
    endloop
  endfacet
  facet normal -7.933533e-01 -6.087614e-01 0.000000e+00
    outer loop
      vertex   1.916062e+02 4.452698e+02 1.000000e+01
      vertex   1.916062e+02 4.452698e+02 1.100000e+01
      vertex   1.914473e+02 4.454769e+02 1.000000e+01
    endloop
  endfacet
  facet normal -7.933533e-01 -6.087614e-01 0.000000e+00
    outer loop
      vertex   1.914473e+02 4.454769e+02 1.000000e+01
      vertex   1.916062e+02 4.452698e+02 1.100000e+01
      vertex   1.914473e+02 4.454769e+02 1.100000e+01
    endloop
  endfacet
  facet normal -9.238795e-01 -3.826834e-01 0.000000e+00
    outer loop
      vertex   1.914473e+02 4.454769e+02 1.000000e+01
      vertex   1.914473e+02 4.454769e+02 1.100000e+01
      vertex   1.913474e+02 4.457181e+02 1.000000e+01
    endloop
  endfacet
  facet normal -9.238795e-01 -3.826834e-01 0.000000e+00
    outer loop
      vertex   1.913474e+02 4.457181e+02 1.000000e+01
      vertex   1.914473e+02 4.454769e+02 1.100000e+01
      vertex   1.913474e+02 4.457181e+02 1.100000e+01
    endloop
  endfacet
  facet normal -9.831056e-01 -1.294283e-01 1.294283e-01
    outer loop
      vertex   1.845882e+02 4.936062e+02 1.100000e+01
      vertex   1.846212e+02 4.936150e+02 1.125882e+01
      vertex   1.845542e+02 4.938650e+02 1.100000e+01
    endloop
  endfacet
  facet normal -9.831056e-01 -1.294283e-01 1.294283e-01
    outer loop
      vertex   1.845542e+02 4.938650e+02 1.100000e+01
      vertex   1.846212e+02 4.936150e+02 1.125882e+01
      vertex   1.845882e+02 4.938650e+02 1.125882e+01
    endloop
  endfacet
  facet normal -9.831056e-01 1.294283e-01 1.294283e-01
    outer loop
      vertex   1.845542e+02 4.938650e+02 1.100000e+01
      vertex   1.845882e+02 4.938650e+02 1.125882e+01
      vertex   1.845882e+02 4.941238e+02 1.100000e+01
    endloop
  endfacet
  facet normal -9.831056e-01 1.294283e-01 1.294283e-01
    outer loop
      vertex   1.845882e+02 4.941238e+02 1.100000e+01
      vertex   1.845882e+02 4.938650e+02 1.125882e+01
      vertex   1.846212e+02 4.941150e+02 1.125882e+01
    endloop
  endfacet
  facet normal -9.161086e-01 3.794646e-01 1.294283e-01
    outer loop
      vertex   1.845882e+02 4.941238e+02 1.100000e+01
      vertex   1.846212e+02 4.941150e+02 1.125882e+01
      vertex   1.846881e+02 4.943650e+02 1.100000e+01
    endloop
  endfacet
  facet normal -9.161086e-01 3.794646e-01 1.294283e-01
    outer loop
      vertex   1.846881e+02 4.943650e+02 1.100000e+01
      vertex   1.846212e+02 4.941150e+02 1.125882e+01
      vertex   1.847177e+02 4.943480e+02 1.125882e+01
    endloop
  endfacet
  facet normal -7.866803e-01 6.036410e-01 1.294283e-01
    outer loop
      vertex   1.846881e+02 4.943650e+02 1.100000e+01
      vertex   1.847177e+02 4.943480e+02 1.125882e+01
      vertex   1.848471e+02 4.945721e+02 1.100000e+01
    endloop
  endfacet
  facet normal -7.866803e-01 6.036410e-01 1.294283e-01
    outer loop
      vertex   1.848471e+02 4.945721e+02 1.100000e+01
      vertex   1.847177e+02 4.943480e+02 1.125882e+01
      vertex   1.848712e+02 4.945480e+02 1.125882e+01
    endloop
  endfacet
  facet normal -6.036410e-01 7.866803e-01 1.294283e-01
    outer loop
      vertex   1.848471e+02 4.945721e+02 1.100000e+01
      vertex   1.848712e+02 4.945480e+02 1.125882e+01
      vertex   1.850542e+02 4.947311e+02 1.100000e+01
    endloop
  endfacet
  facet normal -6.036410e-01 7.866803e-01 1.294283e-01
    outer loop
      vertex   1.850542e+02 4.947311e+02 1.100000e+01
      vertex   1.848712e+02 4.945480e+02 1.125882e+01
      vertex   1.850712e+02 4.947015e+02 1.125882e+01
    endloop
  endfacet
  facet normal -3.794646e-01 9.161086e-01 1.294283e-01
    outer loop
      vertex   1.850542e+02 4.947311e+02 1.100000e+01
      vertex   1.850712e+02 4.947015e+02 1.125882e+01
      vertex   1.852953e+02 4.948310e+02 1.100000e+01
    endloop
  endfacet
  facet normal -3.794646e-01 9.161086e-01 1.294283e-01
    outer loop
      vertex   1.852953e+02 4.948310e+02 1.100000e+01
      vertex   1.850712e+02 4.947015e+02 1.125882e+01
      vertex   1.853042e+02 4.947980e+02 1.125882e+01
    endloop
  endfacet
  facet normal -1.294283e-01 9.831056e-01 1.294283e-01
    outer loop
      vertex   1.852953e+02 4.948310e+02 1.100000e+01
      vertex   1.853042e+02 4.947980e+02 1.125882e+01
      vertex   1.855542e+02 4.948650e+02 1.100000e+01
    endloop
  endfacet
  facet normal -1.294283e-01 9.831056e-01 1.294283e-01
    outer loop
      vertex   1.855542e+02 4.948650e+02 1.100000e+01
      vertex   1.853042e+02 4.947980e+02 1.125882e+01
      vertex   1.855542e+02 4.948310e+02 1.125882e+01
    endloop
  endfacet
  facet normal 1.294283e-01 9.831056e-01 1.294283e-01
    outer loop
      vertex   1.855542e+02 4.948650e+02 1.100000e+01
      vertex   1.855542e+02 4.948310e+02 1.125882e+01
      vertex   1.858130e+02 4.948310e+02 1.100000e+01
    endloop
  endfacet
  facet normal 1.294283e-01 9.831056e-01 1.294283e-01
    outer loop
      vertex   1.858130e+02 4.948310e+02 1.100000e+01
      vertex   1.855542e+02 4.948310e+02 1.125882e+01
      vertex   1.858042e+02 4.947980e+02 1.125882e+01
    endloop
  endfacet
  facet normal 3.794646e-01 9.161086e-01 1.294283e-01
    outer loop
      vertex   1.858130e+02 4.948310e+02 1.100000e+01
      vertex   1.858042e+02 4.947980e+02 1.125882e+01
      vertex   1.860542e+02 4.947311e+02 1.100000e+01
    endloop
  endfacet
  facet normal 3.794646e-01 9.161086e-01 1.294283e-01
    outer loop
      vertex   1.860542e+02 4.947311e+02 1.100000e+01
      vertex   1.858042e+02 4.947980e+02 1.125882e+01
      vertex   1.860371e+02 4.947015e+02 1.125882e+01
    endloop
  endfacet
  facet normal 6.036410e-01 7.866803e-01 1.294283e-01
    outer loop
      vertex   1.860542e+02 4.947311e+02 1.100000e+01
      vertex   1.860371e+02 4.947015e+02 1.125882e+01
      vertex   1.862613e+02 4.945721e+02 1.100000e+01
    endloop
  endfacet
  facet normal 6.036410e-01 7.866803e-01 1.294283e-01
    outer loop
      vertex   1.862613e+02 4.945721e+02 1.100000e+01
      vertex   1.860371e+02 4.947015e+02 1.125882e+01
      vertex   1.862372e+02 4.945480e+02 1.125882e+01
    endloop
  endfacet
  facet normal 7.866803e-01 6.036410e-01 1.294283e-01
    outer loop
      vertex   1.862613e+02 4.945721e+02 1.100000e+01
      vertex   1.862372e+02 4.945480e+02 1.125882e+01
      vertex   1.864202e+02 4.943650e+02 1.100000e+01
    endloop
  endfacet
  facet normal 7.866803e-01 6.036410e-01 1.294283e-01
    outer loop
      vertex   1.864202e+02 4.943650e+02 1.100000e+01
      vertex   1.862372e+02 4.945480e+02 1.125882e+01
      vertex   1.863907e+02 4.943480e+02 1.125882e+01
    endloop
  endfacet
  facet normal 9.161086e-01 3.794646e-01 1.294283e-01
    outer loop
      vertex   1.864202e+02 4.943650e+02 1.100000e+01
      vertex   1.863907e+02 4.943480e+02 1.125882e+01
      vertex   1.865201e+02 4.941238e+02 1.100000e+01
    endloop
  endfacet
  facet normal 9.161086e-01 3.794646e-01 1.294283e-01
    outer loop
      vertex   1.865201e+02 4.941238e+02 1.100000e+01
      vertex   1.863907e+02 4.943480e+02 1.125882e+01
      vertex   1.864872e+02 4.941150e+02 1.125882e+01
    endloop
  endfacet
  facet normal 9.831056e-01 1.294283e-01 1.294283e-01
    outer loop
      vertex   1.865201e+02 4.941238e+02 1.100000e+01
      vertex   1.864872e+02 4.941150e+02 1.125882e+01
      vertex   1.865542e+02 4.938650e+02 1.100000e+01
    endloop
  endfacet
  facet normal 9.831056e-01 1.294283e-01 1.294283e-01
    outer loop
      vertex   1.865542e+02 4.938650e+02 1.100000e+01
      vertex   1.864872e+02 4.941150e+02 1.125882e+01
      vertex   1.865201e+02 4.938650e+02 1.125882e+01
    endloop
  endfacet
  facet normal 9.831056e-01 -1.294283e-01 1.294283e-01
    outer loop
      vertex   1.865542e+02 4.938650e+02 1.100000e+01
      vertex   1.865201e+02 4.938650e+02 1.125882e+01
      vertex   1.865201e+02 4.936062e+02 1.100000e+01
    endloop
  endfacet
  facet normal 9.831056e-01 -1.294283e-01 1.294283e-01
    outer loop
      vertex   1.865201e+02 4.936062e+02 1.100000e+01
      vertex   1.865201e+02 4.938650e+02 1.125882e+01
      vertex   1.864872e+02 4.936150e+02 1.125882e+01
    endloop
  endfacet
  facet normal 9.161086e-01 -3.794646e-01 1.294283e-01
    outer loop
      vertex   1.865201e+02 4.936062e+02 1.100000e+01
      vertex   1.864872e+02 4.936150e+02 1.125882e+01
      vertex   1.864202e+02 4.933650e+02 1.100000e+01
    endloop
  endfacet
  facet normal 9.161086e-01 -3.794646e-01 1.294283e-01
    outer loop
      vertex   1.864202e+02 4.933650e+02 1.100000e+01
      vertex   1.864872e+02 4.936150e+02 1.125882e+01
      vertex   1.863907e+02 4.933821e+02 1.125882e+01
    endloop
  endfacet
  facet normal 7.866803e-01 -6.036410e-01 1.294283e-01
    outer loop
      vertex   1.864202e+02 4.933650e+02 1.100000e+01
      vertex   1.863907e+02 4.933821e+02 1.125882e+01
      vertex   1.862613e+02 4.931579e+02 1.100000e+01
    endloop
  endfacet
  facet normal 7.866803e-01 -6.036410e-01 1.294283e-01
    outer loop
      vertex   1.862613e+02 4.931579e+02 1.100000e+01
      vertex   1.863907e+02 4.933821e+02 1.125882e+01
      vertex   1.862372e+02 4.931820e+02 1.125882e+01
    endloop
  endfacet
  facet normal 6.036410e-01 -7.866803e-01 1.294283e-01
    outer loop
      vertex   1.862613e+02 4.931579e+02 1.100000e+01
      vertex   1.862372e+02 4.931820e+02 1.125882e+01
      vertex   1.860542e+02 4.929990e+02 1.100000e+01
    endloop
  endfacet
  facet normal 6.036410e-01 -7.866803e-01 1.294283e-01
    outer loop
      vertex   1.860542e+02 4.929990e+02 1.100000e+01
      vertex   1.862372e+02 4.931820e+02 1.125882e+01
      vertex   1.860371e+02 4.930285e+02 1.125882e+01
    endloop
  endfacet
  facet normal 3.794646e-01 -9.161086e-01 1.294283e-01
    outer loop
      vertex   1.860542e+02 4.929990e+02 1.100000e+01
      vertex   1.860371e+02 4.930285e+02 1.125882e+01
      vertex   1.858130e+02 4.928991e+02 1.100000e+01
    endloop
  endfacet
  facet normal 3.794646e-01 -9.161086e-01 1.294283e-01
    outer loop
      vertex   1.858130e+02 4.928991e+02 1.100000e+01
      vertex   1.860371e+02 4.930285e+02 1.125882e+01
      vertex   1.858042e+02 4.929320e+02 1.125882e+01
    endloop
  endfacet
  facet normal 1.294283e-01 -9.831056e-01 1.294283e-01
    outer loop
      vertex   1.858130e+02 4.928991e+02 1.100000e+01
      vertex   1.858042e+02 4.929320e+02 1.125882e+01
      vertex   1.855542e+02 4.928650e+02 1.100000e+01
    endloop
  endfacet
  facet normal 1.294283e-01 -9.831056e-01 1.294283e-01
    outer loop
      vertex   1.855542e+02 4.928650e+02 1.100000e+01
      vertex   1.858042e+02 4.929320e+02 1.125882e+01
      vertex   1.855542e+02 4.928991e+02 1.125882e+01
    endloop
  endfacet
  facet normal -1.294283e-01 -9.831056e-01 1.294283e-01
    outer loop
      vertex   1.855542e+02 4.928650e+02 1.100000e+01
      vertex   1.855542e+02 4.928991e+02 1.125882e+01
      vertex   1.852953e+02 4.928991e+02 1.100000e+01
    endloop
  endfacet
  facet normal -1.294283e-01 -9.831056e-01 1.294283e-01
    outer loop
      vertex   1.852953e+02 4.928991e+02 1.100000e+01
      vertex   1.855542e+02 4.928991e+02 1.125882e+01
      vertex   1.853042e+02 4.929320e+02 1.125882e+01
    endloop
  endfacet
  facet normal -3.794646e-01 -9.161086e-01 1.294283e-01
    outer loop
      vertex   1.852953e+02 4.928991e+02 1.100000e+01
      vertex   1.853042e+02 4.929320e+02 1.125882e+01
      vertex   1.850542e+02 4.929990e+02 1.100000e+01
    endloop
  endfacet
  facet normal -3.794646e-01 -9.161086e-01 1.294283e-01
    outer loop
      vertex   1.850542e+02 4.929990e+02 1.100000e+01
      vertex   1.853042e+02 4.929320e+02 1.125882e+01
      vertex   1.850712e+02 4.930285e+02 1.125882e+01
    endloop
  endfacet
  facet normal -6.036410e-01 -7.866803e-01 1.294283e-01
    outer loop
      vertex   1.850542e+02 4.929990e+02 1.100000e+01
      vertex   1.850712e+02 4.930285e+02 1.125882e+01
      vertex   1.848471e+02 4.931579e+02 1.100000e+01
    endloop
  endfacet
  facet normal -6.036410e-01 -7.866803e-01 1.294283e-01
    outer loop
      vertex   1.848471e+02 4.931579e+02 1.100000e+01
      vertex   1.850712e+02 4.930285e+02 1.125882e+01
      vertex   1.848712e+02 4.931820e+02 1.125882e+01
    endloop
  endfacet
  facet normal -7.866803e-01 -6.036410e-01 1.294283e-01
    outer loop
      vertex   1.848471e+02 4.931579e+02 1.100000e+01
      vertex   1.848712e+02 4.931820e+02 1.125882e+01
      vertex   1.846881e+02 4.933650e+02 1.100000e+01
    endloop
  endfacet
  facet normal -7.866803e-01 -6.036410e-01 1.294283e-01
    outer loop
      vertex   1.846881e+02 4.933650e+02 1.100000e+01
      vertex   1.848712e+02 4.931820e+02 1.125882e+01
      vertex   1.847177e+02 4.933821e+02 1.125882e+01
    endloop
  endfacet
  facet normal -9.161086e-01 -3.794646e-01 1.294283e-01
    outer loop
      vertex   1.846881e+02 4.933650e+02 1.100000e+01
      vertex   1.847177e+02 4.933821e+02 1.125882e+01
      vertex   1.845882e+02 4.936062e+02 1.100000e+01
    endloop
  endfacet
  facet normal -9.161086e-01 -3.794646e-01 1.294283e-01
    outer loop
      vertex   1.845882e+02 4.936062e+02 1.100000e+01
      vertex   1.847177e+02 4.933821e+02 1.125882e+01
      vertex   1.846212e+02 4.936150e+02 1.125882e+01
    endloop
  endfacet
  facet normal -1.305069e-01 1.718156e-02 9.912985e-01
    outer loop
      vertex   1.852953e+02 4.938650e+02 1.196593e+01
      vertex   1.855542e+02 4.938650e+02 1.200000e+01
      vertex   1.853042e+02 4.939320e+02 1.196593e+01
    endloop
  endfacet
  facet normal -1.216131e-01 5.037379e-02 9.912985e-01
    outer loop
      vertex   1.853042e+02 4.939320e+02 1.196593e+01
      vertex   1.855542e+02 4.938650e+02 1.200000e+01
      vertex   1.853300e+02 4.939944e+02 1.196593e+01
    endloop
  endfacet
  facet normal -1.044315e-01 8.013313e-02 9.912985e-01
    outer loop
      vertex   1.853300e+02 4.939944e+02 1.196593e+01
      vertex   1.855542e+02 4.938650e+02 1.200000e+01
      vertex   1.853712e+02 4.940480e+02 1.196593e+01
    endloop
  endfacet
  facet normal -8.013313e-02 1.044315e-01 9.912985e-01
    outer loop
      vertex   1.853712e+02 4.940480e+02 1.196593e+01
      vertex   1.855542e+02 4.938650e+02 1.200000e+01
      vertex   1.854248e+02 4.940892e+02 1.196593e+01
    endloop
  endfacet
  facet normal -5.037379e-02 1.216131e-01 9.912985e-01
    outer loop
      vertex   1.854248e+02 4.940892e+02 1.196593e+01
      vertex   1.855542e+02 4.938650e+02 1.200000e+01
      vertex   1.854872e+02 4.941150e+02 1.196593e+01
    endloop
  endfacet
  facet normal -1.718156e-02 1.305069e-01 9.912985e-01
    outer loop
      vertex   1.854872e+02 4.941150e+02 1.196593e+01
      vertex   1.855542e+02 4.938650e+02 1.200000e+01
      vertex   1.855542e+02 4.941238e+02 1.196593e+01
    endloop
  endfacet
  facet normal 1.718156e-02 1.305069e-01 9.912985e-01
    outer loop
      vertex   1.855542e+02 4.941238e+02 1.196593e+01
      vertex   1.855542e+02 4.938650e+02 1.200000e+01
      vertex   1.856212e+02 4.941150e+02 1.196593e+01
    endloop
  endfacet
  facet normal 5.037379e-02 1.216131e-01 9.912985e-01
    outer loop
      vertex   1.856212e+02 4.941150e+02 1.196593e+01
      vertex   1.855542e+02 4.938650e+02 1.200000e+01
      vertex   1.856836e+02 4.940892e+02 1.196593e+01
    endloop
  endfacet
  facet normal 1.044315e-01 8.013313e-02 9.912985e-01
    outer loop
      vertex   1.857372e+02 4.940480e+02 1.196593e+01
      vertex   1.855542e+02 4.938650e+02 1.200000e+01
      vertex   1.857783e+02 4.939944e+02 1.196593e+01
    endloop
  endfacet
  facet normal 1.216131e-01 5.037379e-02 9.912985e-01
    outer loop
      vertex   1.857783e+02 4.939944e+02 1.196593e+01
      vertex   1.855542e+02 4.938650e+02 1.200000e+01
      vertex   1.858042e+02 4.939320e+02 1.196593e+01
    endloop
  endfacet
  facet normal 1.305069e-01 1.718156e-02 9.912985e-01
    outer loop
      vertex   1.858042e+02 4.939320e+02 1.196593e+01
      vertex   1.855542e+02 4.938650e+02 1.200000e+01
      vertex   1.858130e+02 4.938650e+02 1.196593e+01
    endloop
  endfacet
  facet normal 1.305069e-01 -1.718156e-02 9.912985e-01
    outer loop
      vertex   1.858130e+02 4.938650e+02 1.196593e+01
      vertex   1.855542e+02 4.938650e+02 1.200000e+01
      vertex   1.858042e+02 4.937980e+02 1.196593e+01
    endloop
  endfacet
  facet normal 1.216131e-01 -5.037379e-02 9.912985e-01
    outer loop
      vertex   1.858042e+02 4.937980e+02 1.196593e+01
      vertex   1.855542e+02 4.938650e+02 1.200000e+01
      vertex   1.857783e+02 4.937356e+02 1.196593e+01
    endloop
  endfacet
  facet normal 1.044315e-01 -8.013313e-02 9.912985e-01
    outer loop
      vertex   1.857783e+02 4.937356e+02 1.196593e+01
      vertex   1.855542e+02 4.938650e+02 1.200000e+01
      vertex   1.857372e+02 4.936820e+02 1.196593e+01
    endloop
  endfacet
  facet normal 8.013313e-02 -1.044315e-01 9.912985e-01
    outer loop
      vertex   1.857372e+02 4.936820e+02 1.196593e+01
      vertex   1.855542e+02 4.938650e+02 1.200000e+01
      vertex   1.856836e+02 4.936409e+02 1.196593e+01
    endloop
  endfacet
  facet normal 1.718156e-02 -1.305069e-01 9.912985e-01
    outer loop
      vertex   1.856212e+02 4.936150e+02 1.196593e+01
      vertex   1.855542e+02 4.938650e+02 1.200000e+01
      vertex   1.855542e+02 4.936062e+02 1.196593e+01
    endloop
  endfacet
  facet normal -1.718156e-02 -1.305069e-01 9.912985e-01
    outer loop
      vertex   1.855542e+02 4.936062e+02 1.196593e+01
      vertex   1.855542e+02 4.938650e+02 1.200000e+01
      vertex   1.854872e+02 4.936150e+02 1.196593e+01
    endloop
  endfacet
  facet normal -5.037379e-02 -1.216131e-01 9.912985e-01
    outer loop
      vertex   1.854872e+02 4.936150e+02 1.196593e+01
      vertex   1.855542e+02 4.938650e+02 1.200000e+01
      vertex   1.854248e+02 4.936409e+02 1.196593e+01
    endloop
  endfacet
  facet normal -8.013313e-02 -1.044315e-01 9.912985e-01
    outer loop
      vertex   1.854248e+02 4.936409e+02 1.196593e+01
      vertex   1.855542e+02 4.938650e+02 1.200000e+01
      vertex   1.853712e+02 4.936820e+02 1.196593e+01
    endloop
  endfacet
  facet normal -1.044315e-01 -8.013313e-02 9.912985e-01
    outer loop
      vertex   1.853712e+02 4.936820e+02 1.196593e+01
      vertex   1.855542e+02 4.938650e+02 1.200000e+01
      vertex   1.853300e+02 4.937356e+02 1.196593e+01
    endloop
  endfacet
  facet normal -1.216131e-01 -5.037379e-02 9.912985e-01
    outer loop
      vertex   1.853300e+02 4.937356e+02 1.196593e+01
      vertex   1.855542e+02 4.938650e+02 1.200000e+01
      vertex   1.853042e+02 4.937980e+02 1.196593e+01
    endloop
  endfacet
  facet normal -1.305069e-01 -1.718156e-02 9.912985e-01
    outer loop
      vertex   1.853042e+02 4.937980e+02 1.196593e+01
      vertex   1.855542e+02 4.938650e+02 1.200000e+01
      vertex   1.852953e+02 4.938650e+02 1.196593e+01
    endloop
  endfacet
  facet normal -9.171204e-01 1.207412e-01 3.798837e-01
    outer loop
      vertex   1.845882e+02 4.938650e+02 1.125882e+01
      vertex   1.846881e+02 4.938650e+02 1.150000e+01
      vertex   1.846212e+02 4.941150e+02 1.125882e+01
    endloop
  endfacet
  facet normal -9.171204e-01 1.207412e-01 3.798837e-01
    outer loop
      vertex   1.846212e+02 4.941150e+02 1.125882e+01
      vertex   1.846881e+02 4.938650e+02 1.150000e+01
      vertex   1.847177e+02 4.940892e+02 1.150000e+01
    endloop
  endfacet
  facet normal -8.546202e-01 3.539953e-01 3.798837e-01
    outer loop
      vertex   1.846212e+02 4.941150e+02 1.125882e+01
      vertex   1.847177e+02 4.940892e+02 1.150000e+01
      vertex   1.847177e+02 4.943480e+02 1.125882e+01
    endloop
  endfacet
  facet normal -8.546202e-01 3.539953e-01 3.798837e-01
    outer loop
      vertex   1.847177e+02 4.943480e+02 1.125882e+01
      vertex   1.847177e+02 4.940892e+02 1.150000e+01
      vertex   1.848042e+02 4.942980e+02 1.150000e+01
    endloop
  endfacet
  facet normal -7.338790e-01 5.631252e-01 3.798837e-01
    outer loop
      vertex   1.847177e+02 4.943480e+02 1.125882e+01
      vertex   1.848042e+02 4.942980e+02 1.150000e+01
      vertex   1.848712e+02 4.945480e+02 1.125882e+01
    endloop
  endfacet
  facet normal -7.338790e-01 5.631252e-01 3.798837e-01
    outer loop
      vertex   1.848712e+02 4.945480e+02 1.125882e+01
      vertex   1.848042e+02 4.942980e+02 1.150000e+01
      vertex   1.849418e+02 4.944774e+02 1.150000e+01
    endloop
  endfacet
  facet normal -5.631252e-01 7.338790e-01 3.798837e-01
    outer loop
      vertex   1.848712e+02 4.945480e+02 1.125882e+01
      vertex   1.849418e+02 4.944774e+02 1.150000e+01
      vertex   1.850712e+02 4.947015e+02 1.125882e+01
    endloop
  endfacet
  facet normal -5.631252e-01 7.338790e-01 3.798837e-01
    outer loop
      vertex   1.850712e+02 4.947015e+02 1.125882e+01
      vertex   1.849418e+02 4.944774e+02 1.150000e+01
      vertex   1.851212e+02 4.946150e+02 1.150000e+01
    endloop
  endfacet
  facet normal -3.539953e-01 8.546202e-01 3.798837e-01
    outer loop
      vertex   1.850712e+02 4.947015e+02 1.125882e+01
      vertex   1.851212e+02 4.946150e+02 1.150000e+01
      vertex   1.853042e+02 4.947980e+02 1.125882e+01
    endloop
  endfacet
  facet normal -3.539953e-01 8.546202e-01 3.798837e-01
    outer loop
      vertex   1.853042e+02 4.947980e+02 1.125882e+01
      vertex   1.851212e+02 4.946150e+02 1.150000e+01
      vertex   1.853300e+02 4.947015e+02 1.150000e+01
    endloop
  endfacet
  facet normal -1.207412e-01 9.171204e-01 3.798837e-01
    outer loop
      vertex   1.853042e+02 4.947980e+02 1.125882e+01
      vertex   1.853300e+02 4.947015e+02 1.150000e+01
      vertex   1.855542e+02 4.948310e+02 1.125882e+01
    endloop
  endfacet
  facet normal -1.207412e-01 9.171204e-01 3.798837e-01
    outer loop
      vertex   1.855542e+02 4.948310e+02 1.125882e+01
      vertex   1.853300e+02 4.947015e+02 1.150000e+01
      vertex   1.855542e+02 4.947311e+02 1.150000e+01
    endloop
  endfacet
  facet normal 1.207412e-01 9.171204e-01 3.798837e-01
    outer loop
      vertex   1.855542e+02 4.948310e+02 1.125882e+01
      vertex   1.855542e+02 4.947311e+02 1.150000e+01
      vertex   1.858042e+02 4.947980e+02 1.125882e+01
    endloop
  endfacet
  facet normal 1.207412e-01 9.171204e-01 3.798837e-01
    outer loop
      vertex   1.858042e+02 4.947980e+02 1.125882e+01
      vertex   1.855542e+02 4.947311e+02 1.150000e+01
      vertex   1.857783e+02 4.947015e+02 1.150000e+01
    endloop
  endfacet
  facet normal 3.539953e-01 8.546202e-01 3.798837e-01
    outer loop
      vertex   1.858042e+02 4.947980e+02 1.125882e+01
      vertex   1.857783e+02 4.947015e+02 1.150000e+01
      vertex   1.860371e+02 4.947015e+02 1.125882e+01
    endloop
  endfacet
  facet normal 3.539953e-01 8.546202e-01 3.798837e-01
    outer loop
      vertex   1.860371e+02 4.947015e+02 1.125882e+01
      vertex   1.857783e+02 4.947015e+02 1.150000e+01
      vertex   1.859872e+02 4.946150e+02 1.150000e+01
    endloop
  endfacet
  facet normal 5.631252e-01 7.338790e-01 3.798837e-01
    outer loop
      vertex   1.860371e+02 4.947015e+02 1.125882e+01
      vertex   1.859872e+02 4.946150e+02 1.150000e+01
      vertex   1.862372e+02 4.945480e+02 1.125882e+01
    endloop
  endfacet
  facet normal 5.631252e-01 7.338790e-01 3.798837e-01
    outer loop
      vertex   1.862372e+02 4.945480e+02 1.125882e+01
      vertex   1.859872e+02 4.946150e+02 1.150000e+01
      vertex   1.861665e+02 4.944774e+02 1.150000e+01
    endloop
  endfacet
  facet normal 7.338790e-01 5.631252e-01 3.798837e-01
    outer loop
      vertex   1.862372e+02 4.945480e+02 1.125882e+01
      vertex   1.861665e+02 4.944774e+02 1.150000e+01
      vertex   1.863907e+02 4.943480e+02 1.125882e+01
    endloop
  endfacet
  facet normal 7.338790e-01 5.631252e-01 3.798837e-01
    outer loop
      vertex   1.863907e+02 4.943480e+02 1.125882e+01
      vertex   1.861665e+02 4.944774e+02 1.150000e+01
      vertex   1.863042e+02 4.942980e+02 1.150000e+01
    endloop
  endfacet
  facet normal 8.546202e-01 3.539953e-01 3.798837e-01
    outer loop
      vertex   1.863907e+02 4.943480e+02 1.125882e+01
      vertex   1.863042e+02 4.942980e+02 1.150000e+01
      vertex   1.864872e+02 4.941150e+02 1.125882e+01
    endloop
  endfacet
  facet normal 8.546202e-01 3.539953e-01 3.798837e-01
    outer loop
      vertex   1.864872e+02 4.941150e+02 1.125882e+01
      vertex   1.863042e+02 4.942980e+02 1.150000e+01
      vertex   1.863907e+02 4.940892e+02 1.150000e+01
    endloop
  endfacet
  facet normal 9.171204e-01 1.207412e-01 3.798837e-01
    outer loop
      vertex   1.864872e+02 4.941150e+02 1.125882e+01
      vertex   1.863907e+02 4.940892e+02 1.150000e+01
      vertex   1.865201e+02 4.938650e+02 1.125882e+01
    endloop
  endfacet
  facet normal 9.171204e-01 1.207412e-01 3.798837e-01
    outer loop
      vertex   1.865201e+02 4.938650e+02 1.125882e+01
      vertex   1.863907e+02 4.940892e+02 1.150000e+01
      vertex   1.864202e+02 4.938650e+02 1.150000e+01
    endloop
  endfacet
  facet normal 9.171204e-01 -1.207412e-01 3.798837e-01
    outer loop
      vertex   1.865201e+02 4.938650e+02 1.125882e+01
      vertex   1.864202e+02 4.938650e+02 1.150000e+01
      vertex   1.864872e+02 4.936150e+02 1.125882e+01
    endloop
  endfacet
  facet normal 9.171204e-01 -1.207412e-01 3.798837e-01
    outer loop
      vertex   1.864872e+02 4.936150e+02 1.125882e+01
      vertex   1.864202e+02 4.938650e+02 1.150000e+01
      vertex   1.863907e+02 4.936409e+02 1.150000e+01
    endloop
  endfacet
  facet normal 8.546202e-01 -3.539953e-01 3.798837e-01
    outer loop
      vertex   1.864872e+02 4.936150e+02 1.125882e+01
      vertex   1.863907e+02 4.936409e+02 1.150000e+01
      vertex   1.863907e+02 4.933821e+02 1.125882e+01
    endloop
  endfacet
  facet normal 8.546202e-01 -3.539953e-01 3.798837e-01
    outer loop
      vertex   1.863907e+02 4.933821e+02 1.125882e+01
      vertex   1.863907e+02 4.936409e+02 1.150000e+01
      vertex   1.863042e+02 4.934320e+02 1.150000e+01
    endloop
  endfacet
  facet normal 7.338790e-01 -5.631252e-01 3.798837e-01
    outer loop
      vertex   1.863907e+02 4.933821e+02 1.125882e+01
      vertex   1.863042e+02 4.934320e+02 1.150000e+01
      vertex   1.862372e+02 4.931820e+02 1.125882e+01
    endloop
  endfacet
  facet normal 7.338790e-01 -5.631252e-01 3.798837e-01
    outer loop
      vertex   1.862372e+02 4.931820e+02 1.125882e+01
      vertex   1.863042e+02 4.934320e+02 1.150000e+01
      vertex   1.861665e+02 4.932527e+02 1.150000e+01
    endloop
  endfacet
  facet normal 5.631252e-01 -7.338790e-01 3.798837e-01
    outer loop
      vertex   1.862372e+02 4.931820e+02 1.125882e+01
      vertex   1.861665e+02 4.932527e+02 1.150000e+01
      vertex   1.860371e+02 4.930285e+02 1.125882e+01
    endloop
  endfacet
  facet normal 5.631252e-01 -7.338790e-01 3.798837e-01
    outer loop
      vertex   1.860371e+02 4.930285e+02 1.125882e+01
      vertex   1.861665e+02 4.932527e+02 1.150000e+01
      vertex   1.859872e+02 4.931150e+02 1.150000e+01
    endloop
  endfacet
  facet normal 3.539953e-01 -8.546202e-01 3.798837e-01
    outer loop
      vertex   1.860371e+02 4.930285e+02 1.125882e+01
      vertex   1.859872e+02 4.931150e+02 1.150000e+01
      vertex   1.858042e+02 4.929320e+02 1.125882e+01
    endloop
  endfacet
  facet normal 3.539953e-01 -8.546202e-01 3.798837e-01
    outer loop
      vertex   1.858042e+02 4.929320e+02 1.125882e+01
      vertex   1.859872e+02 4.931150e+02 1.150000e+01
      vertex   1.857783e+02 4.930285e+02 1.150000e+01
    endloop
  endfacet
  facet normal 1.207412e-01 -9.171204e-01 3.798837e-01
    outer loop
      vertex   1.858042e+02 4.929320e+02 1.125882e+01
      vertex   1.857783e+02 4.930285e+02 1.150000e+01
      vertex   1.855542e+02 4.928991e+02 1.125882e+01
    endloop
  endfacet
  facet normal 1.207412e-01 -9.171204e-01 3.798837e-01
    outer loop
      vertex   1.855542e+02 4.928991e+02 1.125882e+01
      vertex   1.857783e+02 4.930285e+02 1.150000e+01
      vertex   1.855542e+02 4.929990e+02 1.150000e+01
    endloop
  endfacet
  facet normal -1.207412e-01 -9.171204e-01 3.798837e-01
    outer loop
      vertex   1.855542e+02 4.928991e+02 1.125882e+01
      vertex   1.855542e+02 4.929990e+02 1.150000e+01
      vertex   1.853042e+02 4.929320e+02 1.125882e+01
    endloop
  endfacet
  facet normal -1.207412e-01 -9.171204e-01 3.798837e-01
    outer loop
      vertex   1.853042e+02 4.929320e+02 1.125882e+01
      vertex   1.855542e+02 4.929990e+02 1.150000e+01
      vertex   1.853300e+02 4.930285e+02 1.150000e+01
    endloop
  endfacet
  facet normal -3.539953e-01 -8.546202e-01 3.798837e-01
    outer loop
      vertex   1.853042e+02 4.929320e+02 1.125882e+01
      vertex   1.853300e+02 4.930285e+02 1.150000e+01
      vertex   1.850712e+02 4.930285e+02 1.125882e+01
    endloop
  endfacet
  facet normal -3.539953e-01 -8.546202e-01 3.798837e-01
    outer loop
      vertex   1.850712e+02 4.930285e+02 1.125882e+01
      vertex   1.853300e+02 4.930285e+02 1.150000e+01
      vertex   1.851212e+02 4.931150e+02 1.150000e+01
    endloop
  endfacet
  facet normal -5.631252e-01 -7.338790e-01 3.798837e-01
    outer loop
      vertex   1.850712e+02 4.930285e+02 1.125882e+01
      vertex   1.851212e+02 4.931150e+02 1.150000e+01
      vertex   1.848712e+02 4.931820e+02 1.125882e+01
    endloop
  endfacet
  facet normal -5.631252e-01 -7.338790e-01 3.798837e-01
    outer loop
      vertex   1.848712e+02 4.931820e+02 1.125882e+01
      vertex   1.851212e+02 4.931150e+02 1.150000e+01
      vertex   1.849418e+02 4.932527e+02 1.150000e+01
    endloop
  endfacet
  facet normal -7.338790e-01 -5.631252e-01 3.798837e-01
    outer loop
      vertex   1.848712e+02 4.931820e+02 1.125882e+01
      vertex   1.849418e+02 4.932527e+02 1.150000e+01
      vertex   1.847177e+02 4.933821e+02 1.125882e+01
    endloop
  endfacet
  facet normal -7.338790e-01 -5.631252e-01 3.798837e-01
    outer loop
      vertex   1.847177e+02 4.933821e+02 1.125882e+01
      vertex   1.849418e+02 4.932527e+02 1.150000e+01
      vertex   1.848042e+02 4.934320e+02 1.150000e+01
    endloop
  endfacet
  facet normal -8.546202e-01 -3.539953e-01 3.798837e-01
    outer loop
      vertex   1.847177e+02 4.933821e+02 1.125882e+01
      vertex   1.848042e+02 4.934320e+02 1.150000e+01
      vertex   1.846212e+02 4.936150e+02 1.125882e+01
    endloop
  endfacet
  facet normal -8.546202e-01 -3.539953e-01 3.798837e-01
    outer loop
      vertex   1.846212e+02 4.936150e+02 1.125882e+01
      vertex   1.848042e+02 4.934320e+02 1.150000e+01
      vertex   1.847177e+02 4.936409e+02 1.150000e+01
    endloop
  endfacet
  facet normal -9.171204e-01 -1.207412e-01 3.798837e-01
    outer loop
      vertex   1.846212e+02 4.936150e+02 1.125882e+01
      vertex   1.847177e+02 4.936409e+02 1.150000e+01
      vertex   1.845882e+02 4.938650e+02 1.125882e+01
    endloop
  endfacet
  facet normal -9.171204e-01 -1.207412e-01 3.798837e-01
    outer loop
      vertex   1.845882e+02 4.938650e+02 1.125882e+01
      vertex   1.847177e+02 4.936409e+02 1.150000e+01
      vertex   1.846881e+02 4.938650e+02 1.150000e+01
    endloop
  endfacet
  facet normal -7.890610e-01 1.038819e-01 6.054678e-01
    outer loop
      vertex   1.846881e+02 4.938650e+02 1.150000e+01
      vertex   1.848471e+02 4.938650e+02 1.170711e+01
      vertex   1.847177e+02 4.940892e+02 1.150000e+01
    endloop
  endfacet
  facet normal -7.890610e-01 1.038819e-01 6.054678e-01
    outer loop
      vertex   1.847177e+02 4.940892e+02 1.150000e+01
      vertex   1.848471e+02 4.938650e+02 1.170711e+01
      vertex   1.848712e+02 4.940480e+02 1.170711e+01
    endloop
  endfacet
  facet normal -7.352878e-01 3.045662e-01 6.054678e-01
    outer loop
      vertex   1.847177e+02 4.940892e+02 1.150000e+01
      vertex   1.848712e+02 4.940480e+02 1.170711e+01
      vertex   1.848042e+02 4.942980e+02 1.150000e+01
    endloop
  endfacet
  facet normal -7.352878e-01 3.045662e-01 6.054678e-01
    outer loop
      vertex   1.848042e+02 4.942980e+02 1.150000e+01
      vertex   1.848712e+02 4.940480e+02 1.170711e+01
      vertex   1.849418e+02 4.942186e+02 1.170711e+01
    endloop
  endfacet
  facet normal -6.314060e-01 4.844948e-01 6.054678e-01
    outer loop
      vertex   1.848042e+02 4.942980e+02 1.150000e+01
      vertex   1.849418e+02 4.942186e+02 1.170711e+01
      vertex   1.849418e+02 4.944774e+02 1.150000e+01
    endloop
  endfacet
  facet normal -6.314060e-01 4.844948e-01 6.054678e-01
    outer loop
      vertex   1.849418e+02 4.944774e+02 1.150000e+01
      vertex   1.849418e+02 4.942186e+02 1.170711e+01
      vertex   1.850542e+02 4.943650e+02 1.170711e+01
    endloop
  endfacet
  facet normal -4.844948e-01 6.314060e-01 6.054678e-01
    outer loop
      vertex   1.849418e+02 4.944774e+02 1.150000e+01
      vertex   1.850542e+02 4.943650e+02 1.170711e+01
      vertex   1.851212e+02 4.946150e+02 1.150000e+01
    endloop
  endfacet
  facet normal -4.844948e-01 6.314060e-01 6.054678e-01
    outer loop
      vertex   1.851212e+02 4.946150e+02 1.150000e+01
      vertex   1.850542e+02 4.943650e+02 1.170711e+01
      vertex   1.852006e+02 4.944774e+02 1.170711e+01
    endloop
  endfacet
  facet normal -3.045662e-01 7.352878e-01 6.054678e-01
    outer loop
      vertex   1.851212e+02 4.946150e+02 1.150000e+01
      vertex   1.852006e+02 4.944774e+02 1.170711e+01
      vertex   1.853300e+02 4.947015e+02 1.150000e+01
    endloop
  endfacet
  facet normal -3.045662e-01 7.352878e-01 6.054678e-01
    outer loop
      vertex   1.853300e+02 4.947015e+02 1.150000e+01
      vertex   1.852006e+02 4.944774e+02 1.170711e+01
      vertex   1.853712e+02 4.945480e+02 1.170711e+01
    endloop
  endfacet
  facet normal -1.038819e-01 7.890610e-01 6.054678e-01
    outer loop
      vertex   1.853300e+02 4.947015e+02 1.150000e+01
      vertex   1.853712e+02 4.945480e+02 1.170711e+01
      vertex   1.855542e+02 4.947311e+02 1.150000e+01
    endloop
  endfacet
  facet normal -1.038819e-01 7.890610e-01 6.054678e-01
    outer loop
      vertex   1.855542e+02 4.947311e+02 1.150000e+01
      vertex   1.853712e+02 4.945480e+02 1.170711e+01
      vertex   1.855542e+02 4.945721e+02 1.170711e+01
    endloop
  endfacet
  facet normal 1.038819e-01 7.890610e-01 6.054678e-01
    outer loop
      vertex   1.855542e+02 4.947311e+02 1.150000e+01
      vertex   1.855542e+02 4.945721e+02 1.170711e+01
      vertex   1.857783e+02 4.947015e+02 1.150000e+01
    endloop
  endfacet
  facet normal 1.038819e-01 7.890610e-01 6.054678e-01
    outer loop
      vertex   1.857783e+02 4.947015e+02 1.150000e+01
      vertex   1.855542e+02 4.945721e+02 1.170711e+01
      vertex   1.857372e+02 4.945480e+02 1.170711e+01
    endloop
  endfacet
  facet normal 3.045662e-01 7.352878e-01 6.054678e-01
    outer loop
      vertex   1.857783e+02 4.947015e+02 1.150000e+01
      vertex   1.857372e+02 4.945480e+02 1.170711e+01
      vertex   1.859872e+02 4.946150e+02 1.150000e+01
    endloop
  endfacet
  facet normal 3.045662e-01 7.352878e-01 6.054678e-01
    outer loop
      vertex   1.859872e+02 4.946150e+02 1.150000e+01
      vertex   1.857372e+02 4.945480e+02 1.170711e+01
      vertex   1.859077e+02 4.944774e+02 1.170711e+01
    endloop
  endfacet
  facet normal 4.844948e-01 6.314060e-01 6.054678e-01
    outer loop
      vertex   1.859872e+02 4.946150e+02 1.150000e+01
      vertex   1.859077e+02 4.944774e+02 1.170711e+01
      vertex   1.861665e+02 4.944774e+02 1.150000e+01
    endloop
  endfacet
  facet normal 4.844948e-01 6.314060e-01 6.054678e-01
    outer loop
      vertex   1.861665e+02 4.944774e+02 1.150000e+01
      vertex   1.859077e+02 4.944774e+02 1.170711e+01
      vertex   1.860542e+02 4.943650e+02 1.170711e+01
    endloop
  endfacet
  facet normal 6.314060e-01 4.844948e-01 6.054678e-01
    outer loop
      vertex   1.861665e+02 4.944774e+02 1.150000e+01
      vertex   1.860542e+02 4.943650e+02 1.170711e+01
      vertex   1.863042e+02 4.942980e+02 1.150000e+01
    endloop
  endfacet
  facet normal 6.314060e-01 4.844948e-01 6.054678e-01
    outer loop
      vertex   1.863042e+02 4.942980e+02 1.150000e+01
      vertex   1.860542e+02 4.943650e+02 1.170711e+01
      vertex   1.861665e+02 4.942186e+02 1.170711e+01
    endloop
  endfacet
  facet normal 7.352878e-01 3.045662e-01 6.054678e-01
    outer loop
      vertex   1.863042e+02 4.942980e+02 1.150000e+01
      vertex   1.861665e+02 4.942186e+02 1.170711e+01
      vertex   1.863907e+02 4.940892e+02 1.150000e+01
    endloop
  endfacet
  facet normal 7.352878e-01 3.045662e-01 6.054678e-01
    outer loop
      vertex   1.863907e+02 4.940892e+02 1.150000e+01
      vertex   1.861665e+02 4.942186e+02 1.170711e+01
      vertex   1.862372e+02 4.940480e+02 1.170711e+01
    endloop
  endfacet
  facet normal 7.890610e-01 1.038819e-01 6.054678e-01
    outer loop
      vertex   1.863907e+02 4.940892e+02 1.150000e+01
      vertex   1.862372e+02 4.940480e+02 1.170711e+01
      vertex   1.864202e+02 4.938650e+02 1.150000e+01
    endloop
  endfacet
  facet normal 7.890610e-01 1.038819e-01 6.054678e-01
    outer loop
      vertex   1.864202e+02 4.938650e+02 1.150000e+01
      vertex   1.862372e+02 4.940480e+02 1.170711e+01
      vertex   1.862613e+02 4.938650e+02 1.170711e+01
    endloop
  endfacet
  facet normal 7.890610e-01 -1.038819e-01 6.054678e-01
    outer loop
      vertex   1.864202e+02 4.938650e+02 1.150000e+01
      vertex   1.862613e+02 4.938650e+02 1.170711e+01
      vertex   1.863907e+02 4.936409e+02 1.150000e+01
    endloop
  endfacet
  facet normal 7.890610e-01 -1.038819e-01 6.054678e-01
    outer loop
      vertex   1.863907e+02 4.936409e+02 1.150000e+01
      vertex   1.862613e+02 4.938650e+02 1.170711e+01
      vertex   1.862372e+02 4.936820e+02 1.170711e+01
    endloop
  endfacet
  facet normal 7.352878e-01 -3.045662e-01 6.054678e-01
    outer loop
      vertex   1.863907e+02 4.936409e+02 1.150000e+01
      vertex   1.862372e+02 4.936820e+02 1.170711e+01
      vertex   1.863042e+02 4.934320e+02 1.150000e+01
    endloop
  endfacet
  facet normal 7.352878e-01 -3.045662e-01 6.054678e-01
    outer loop
      vertex   1.863042e+02 4.934320e+02 1.150000e+01
      vertex   1.862372e+02 4.936820e+02 1.170711e+01
      vertex   1.861665e+02 4.935115e+02 1.170711e+01
    endloop
  endfacet
  facet normal 6.314060e-01 -4.844948e-01 6.054678e-01
    outer loop
      vertex   1.863042e+02 4.934320e+02 1.150000e+01
      vertex   1.861665e+02 4.935115e+02 1.170711e+01
      vertex   1.861665e+02 4.932527e+02 1.150000e+01
    endloop
  endfacet
  facet normal 6.314060e-01 -4.844948e-01 6.054678e-01
    outer loop
      vertex   1.861665e+02 4.932527e+02 1.150000e+01
      vertex   1.861665e+02 4.935115e+02 1.170711e+01
      vertex   1.860542e+02 4.933650e+02 1.170711e+01
    endloop
  endfacet
  facet normal 4.844948e-01 -6.314060e-01 6.054678e-01
    outer loop
      vertex   1.861665e+02 4.932527e+02 1.150000e+01
      vertex   1.860542e+02 4.933650e+02 1.170711e+01
      vertex   1.859872e+02 4.931150e+02 1.150000e+01
    endloop
  endfacet
  facet normal 4.844948e-01 -6.314060e-01 6.054678e-01
    outer loop
      vertex   1.859872e+02 4.931150e+02 1.150000e+01
      vertex   1.860542e+02 4.933650e+02 1.170711e+01
      vertex   1.859077e+02 4.932527e+02 1.170711e+01
    endloop
  endfacet
  facet normal 3.045662e-01 -7.352878e-01 6.054678e-01
    outer loop
      vertex   1.859872e+02 4.931150e+02 1.150000e+01
      vertex   1.859077e+02 4.932527e+02 1.170711e+01
      vertex   1.857783e+02 4.930285e+02 1.150000e+01
    endloop
  endfacet
  facet normal 3.045662e-01 -7.352878e-01 6.054678e-01
    outer loop
      vertex   1.857783e+02 4.930285e+02 1.150000e+01
      vertex   1.859077e+02 4.932527e+02 1.170711e+01
      vertex   1.857372e+02 4.931820e+02 1.170711e+01
    endloop
  endfacet
  facet normal 1.038819e-01 -7.890610e-01 6.054678e-01
    outer loop
      vertex   1.857783e+02 4.930285e+02 1.150000e+01
      vertex   1.857372e+02 4.931820e+02 1.170711e+01
      vertex   1.855542e+02 4.929990e+02 1.150000e+01
    endloop
  endfacet
  facet normal 1.038819e-01 -7.890610e-01 6.054678e-01
    outer loop
      vertex   1.855542e+02 4.929990e+02 1.150000e+01
      vertex   1.857372e+02 4.931820e+02 1.170711e+01
      vertex   1.855542e+02 4.931579e+02 1.170711e+01
    endloop
  endfacet
  facet normal -1.038819e-01 -7.890610e-01 6.054678e-01
    outer loop
      vertex   1.855542e+02 4.929990e+02 1.150000e+01
      vertex   1.855542e+02 4.931579e+02 1.170711e+01
      vertex   1.853300e+02 4.930285e+02 1.150000e+01
    endloop
  endfacet
  facet normal -1.038819e-01 -7.890610e-01 6.054678e-01
    outer loop
      vertex   1.853300e+02 4.930285e+02 1.150000e+01
      vertex   1.855542e+02 4.931579e+02 1.170711e+01
      vertex   1.853712e+02 4.931820e+02 1.170711e+01
    endloop
  endfacet
  facet normal -3.045662e-01 -7.352878e-01 6.054678e-01
    outer loop
      vertex   1.853300e+02 4.930285e+02 1.150000e+01
      vertex   1.853712e+02 4.931820e+02 1.170711e+01
      vertex   1.851212e+02 4.931150e+02 1.150000e+01
    endloop
  endfacet
  facet normal -3.045662e-01 -7.352878e-01 6.054678e-01
    outer loop
      vertex   1.851212e+02 4.931150e+02 1.150000e+01
      vertex   1.853712e+02 4.931820e+02 1.170711e+01
      vertex   1.852006e+02 4.932527e+02 1.170711e+01
    endloop
  endfacet
  facet normal -4.844948e-01 -6.314060e-01 6.054678e-01
    outer loop
      vertex   1.851212e+02 4.931150e+02 1.150000e+01
      vertex   1.852006e+02 4.932527e+02 1.170711e+01
      vertex   1.849418e+02 4.932527e+02 1.150000e+01
    endloop
  endfacet
  facet normal -4.844948e-01 -6.314060e-01 6.054678e-01
    outer loop
      vertex   1.849418e+02 4.932527e+02 1.150000e+01
      vertex   1.852006e+02 4.932527e+02 1.170711e+01
      vertex   1.850542e+02 4.933650e+02 1.170711e+01
    endloop
  endfacet
  facet normal -6.314060e-01 -4.844948e-01 6.054678e-01
    outer loop
      vertex   1.849418e+02 4.932527e+02 1.150000e+01
      vertex   1.850542e+02 4.933650e+02 1.170711e+01
      vertex   1.848042e+02 4.934320e+02 1.150000e+01
    endloop
  endfacet
  facet normal -6.314060e-01 -4.844948e-01 6.054678e-01
    outer loop
      vertex   1.848042e+02 4.934320e+02 1.150000e+01
      vertex   1.850542e+02 4.933650e+02 1.170711e+01
      vertex   1.849418e+02 4.935115e+02 1.170711e+01
    endloop
  endfacet
  facet normal -7.352878e-01 -3.045662e-01 6.054678e-01
    outer loop
      vertex   1.848042e+02 4.934320e+02 1.150000e+01
      vertex   1.849418e+02 4.935115e+02 1.170711e+01
      vertex   1.847177e+02 4.936409e+02 1.150000e+01
    endloop
  endfacet
  facet normal -7.352878e-01 -3.045662e-01 6.054678e-01
    outer loop
      vertex   1.847177e+02 4.936409e+02 1.150000e+01
      vertex   1.849418e+02 4.935115e+02 1.170711e+01
      vertex   1.848712e+02 4.936820e+02 1.170711e+01
    endloop
  endfacet
  facet normal -7.890610e-01 -1.038819e-01 6.054678e-01
    outer loop
      vertex   1.847177e+02 4.936409e+02 1.150000e+01
      vertex   1.848712e+02 4.936820e+02 1.170711e+01
      vertex   1.846881e+02 4.938650e+02 1.150000e+01
    endloop
  endfacet
  facet normal -7.890610e-01 -1.038819e-01 6.054678e-01
    outer loop
      vertex   1.846881e+02 4.938650e+02 1.150000e+01
      vertex   1.848712e+02 4.936820e+02 1.170711e+01
      vertex   1.848471e+02 4.938650e+02 1.170711e+01
    endloop
  endfacet
  facet normal -6.068157e-01 7.988880e-02 7.908176e-01
    outer loop
      vertex   1.848471e+02 4.938650e+02 1.170711e+01
      vertex   1.850542e+02 4.938650e+02 1.186603e+01
      vertex   1.848712e+02 4.940480e+02 1.170711e+01
    endloop
  endfacet
  facet normal -6.068157e-01 7.988880e-02 7.908176e-01
    outer loop
      vertex   1.848712e+02 4.940480e+02 1.170711e+01
      vertex   1.850542e+02 4.938650e+02 1.186603e+01
      vertex   1.850712e+02 4.939944e+02 1.186603e+01
    endloop
  endfacet
  facet normal -5.654622e-01 2.342221e-01 7.908176e-01
    outer loop
      vertex   1.848712e+02 4.940480e+02 1.170711e+01
      vertex   1.850712e+02 4.939944e+02 1.186603e+01
      vertex   1.849418e+02 4.942186e+02 1.170711e+01
    endloop
  endfacet
  facet normal -5.654622e-01 2.342221e-01 7.908176e-01
    outer loop
      vertex   1.849418e+02 4.942186e+02 1.170711e+01
      vertex   1.850712e+02 4.939944e+02 1.186603e+01
      vertex   1.851212e+02 4.941150e+02 1.186603e+01
    endloop
  endfacet
  facet normal -4.855734e-01 3.725936e-01 7.908176e-01
    outer loop
      vertex   1.849418e+02 4.942186e+02 1.170711e+01
      vertex   1.851212e+02 4.941150e+02 1.186603e+01
      vertex   1.850542e+02 4.943650e+02 1.170711e+01
    endloop
  endfacet
  facet normal -4.855734e-01 3.725936e-01 7.908176e-01
    outer loop
      vertex   1.850542e+02 4.943650e+02 1.170711e+01
      vertex   1.851212e+02 4.941150e+02 1.186603e+01
      vertex   1.852006e+02 4.942186e+02 1.186603e+01
    endloop
  endfacet
  facet normal -3.725936e-01 4.855734e-01 7.908176e-01
    outer loop
      vertex   1.850542e+02 4.943650e+02 1.170711e+01
      vertex   1.852006e+02 4.942186e+02 1.186603e+01
      vertex   1.852006e+02 4.944774e+02 1.170711e+01
    endloop
  endfacet
  facet normal -3.725936e-01 4.855734e-01 7.908176e-01
    outer loop
      vertex   1.852006e+02 4.944774e+02 1.170711e+01
      vertex   1.852006e+02 4.942186e+02 1.186603e+01
      vertex   1.853042e+02 4.942980e+02 1.186603e+01
    endloop
  endfacet
  facet normal -2.342221e-01 5.654622e-01 7.908176e-01
    outer loop
      vertex   1.852006e+02 4.944774e+02 1.170711e+01
      vertex   1.853042e+02 4.942980e+02 1.186603e+01
      vertex   1.853712e+02 4.945480e+02 1.170711e+01
    endloop
  endfacet
  facet normal -2.342221e-01 5.654622e-01 7.908176e-01
    outer loop
      vertex   1.853712e+02 4.945480e+02 1.170711e+01
      vertex   1.853042e+02 4.942980e+02 1.186603e+01
      vertex   1.854248e+02 4.943480e+02 1.186603e+01
    endloop
  endfacet
  facet normal -7.988880e-02 6.068157e-01 7.908176e-01
    outer loop
      vertex   1.853712e+02 4.945480e+02 1.170711e+01
      vertex   1.854248e+02 4.943480e+02 1.186603e+01
      vertex   1.855542e+02 4.945721e+02 1.170711e+01
    endloop
  endfacet
  facet normal -7.988880e-02 6.068157e-01 7.908176e-01
    outer loop
      vertex   1.855542e+02 4.945721e+02 1.170711e+01
      vertex   1.854248e+02 4.943480e+02 1.186603e+01
      vertex   1.855542e+02 4.943650e+02 1.186603e+01
    endloop
  endfacet
  facet normal 7.988880e-02 6.068157e-01 7.908176e-01
    outer loop
      vertex   1.855542e+02 4.945721e+02 1.170711e+01
      vertex   1.855542e+02 4.943650e+02 1.186603e+01
      vertex   1.857372e+02 4.945480e+02 1.170711e+01
    endloop
  endfacet
  facet normal 7.988880e-02 6.068157e-01 7.908176e-01
    outer loop
      vertex   1.857372e+02 4.945480e+02 1.170711e+01
      vertex   1.855542e+02 4.943650e+02 1.186603e+01
      vertex   1.856836e+02 4.943480e+02 1.186603e+01
    endloop
  endfacet
  facet normal 2.342221e-01 5.654622e-01 7.908176e-01
    outer loop
      vertex   1.857372e+02 4.945480e+02 1.170711e+01
      vertex   1.856836e+02 4.943480e+02 1.186603e+01
      vertex   1.859077e+02 4.944774e+02 1.170711e+01
    endloop
  endfacet
  facet normal 2.342221e-01 5.654622e-01 7.908176e-01
    outer loop
      vertex   1.859077e+02 4.944774e+02 1.170711e+01
      vertex   1.856836e+02 4.943480e+02 1.186603e+01
      vertex   1.858042e+02 4.942980e+02 1.186603e+01
    endloop
  endfacet
  facet normal 3.725936e-01 4.855734e-01 7.908176e-01
    outer loop
      vertex   1.859077e+02 4.944774e+02 1.170711e+01
      vertex   1.858042e+02 4.942980e+02 1.186603e+01
      vertex   1.860542e+02 4.943650e+02 1.170711e+01
    endloop
  endfacet
  facet normal 3.725936e-01 4.855734e-01 7.908176e-01
    outer loop
      vertex   1.860542e+02 4.943650e+02 1.170711e+01
      vertex   1.858042e+02 4.942980e+02 1.186603e+01
      vertex   1.859077e+02 4.942186e+02 1.186603e+01
    endloop
  endfacet
  facet normal 4.855734e-01 3.725936e-01 7.908176e-01
    outer loop
      vertex   1.860542e+02 4.943650e+02 1.170711e+01
      vertex   1.859077e+02 4.942186e+02 1.186603e+01
      vertex   1.861665e+02 4.942186e+02 1.170711e+01
    endloop
  endfacet
  facet normal 4.855734e-01 3.725936e-01 7.908176e-01
    outer loop
      vertex   1.861665e+02 4.942186e+02 1.170711e+01
      vertex   1.859077e+02 4.942186e+02 1.186603e+01
      vertex   1.859872e+02 4.941150e+02 1.186603e+01
    endloop
  endfacet
  facet normal 5.654622e-01 2.342221e-01 7.908176e-01
    outer loop
      vertex   1.861665e+02 4.942186e+02 1.170711e+01
      vertex   1.859872e+02 4.941150e+02 1.186603e+01
      vertex   1.862372e+02 4.940480e+02 1.170711e+01
    endloop
  endfacet
  facet normal 5.654622e-01 2.342221e-01 7.908176e-01
    outer loop
      vertex   1.862372e+02 4.940480e+02 1.170711e+01
      vertex   1.859872e+02 4.941150e+02 1.186603e+01
      vertex   1.860371e+02 4.939944e+02 1.186603e+01
    endloop
  endfacet
  facet normal 6.068157e-01 7.988880e-02 7.908176e-01
    outer loop
      vertex   1.862372e+02 4.940480e+02 1.170711e+01
      vertex   1.860371e+02 4.939944e+02 1.186603e+01
      vertex   1.862613e+02 4.938650e+02 1.170711e+01
    endloop
  endfacet
  facet normal 6.068157e-01 7.988880e-02 7.908176e-01
    outer loop
      vertex   1.862613e+02 4.938650e+02 1.170711e+01
      vertex   1.860371e+02 4.939944e+02 1.186603e+01
      vertex   1.860542e+02 4.938650e+02 1.186603e+01
    endloop
  endfacet
  facet normal 6.068157e-01 -7.988880e-02 7.908176e-01
    outer loop
      vertex   1.862613e+02 4.938650e+02 1.170711e+01
      vertex   1.860542e+02 4.938650e+02 1.186603e+01
      vertex   1.862372e+02 4.936820e+02 1.170711e+01
    endloop
  endfacet
  facet normal 6.068157e-01 -7.988880e-02 7.908176e-01
    outer loop
      vertex   1.862372e+02 4.936820e+02 1.170711e+01
      vertex   1.860542e+02 4.938650e+02 1.186603e+01
      vertex   1.860371e+02 4.937356e+02 1.186603e+01
    endloop
  endfacet
  facet normal 5.654622e-01 -2.342221e-01 7.908176e-01
    outer loop
      vertex   1.862372e+02 4.936820e+02 1.170711e+01
      vertex   1.860371e+02 4.937356e+02 1.186603e+01
      vertex   1.861665e+02 4.935115e+02 1.170711e+01
    endloop
  endfacet
  facet normal 5.654622e-01 -2.342221e-01 7.908176e-01
    outer loop
      vertex   1.861665e+02 4.935115e+02 1.170711e+01
      vertex   1.860371e+02 4.937356e+02 1.186603e+01
      vertex   1.859872e+02 4.936150e+02 1.186603e+01
    endloop
  endfacet
  facet normal 4.855734e-01 -3.725936e-01 7.908176e-01
    outer loop
      vertex   1.861665e+02 4.935115e+02 1.170711e+01
      vertex   1.859872e+02 4.936150e+02 1.186603e+01
      vertex   1.860542e+02 4.933650e+02 1.170711e+01
    endloop
  endfacet
  facet normal 4.855734e-01 -3.725936e-01 7.908176e-01
    outer loop
      vertex   1.860542e+02 4.933650e+02 1.170711e+01
      vertex   1.859872e+02 4.936150e+02 1.186603e+01
      vertex   1.859077e+02 4.935115e+02 1.186603e+01
    endloop
  endfacet
  facet normal 3.725936e-01 -4.855734e-01 7.908176e-01
    outer loop
      vertex   1.860542e+02 4.933650e+02 1.170711e+01
      vertex   1.859077e+02 4.935115e+02 1.186603e+01
      vertex   1.859077e+02 4.932527e+02 1.170711e+01
    endloop
  endfacet
  facet normal 3.725936e-01 -4.855734e-01 7.908176e-01
    outer loop
      vertex   1.859077e+02 4.932527e+02 1.170711e+01
      vertex   1.859077e+02 4.935115e+02 1.186603e+01
      vertex   1.858042e+02 4.934320e+02 1.186603e+01
    endloop
  endfacet
  facet normal 2.342221e-01 -5.654622e-01 7.908176e-01
    outer loop
      vertex   1.859077e+02 4.932527e+02 1.170711e+01
      vertex   1.858042e+02 4.934320e+02 1.186603e+01
      vertex   1.857372e+02 4.931820e+02 1.170711e+01
    endloop
  endfacet
  facet normal 2.342221e-01 -5.654622e-01 7.908176e-01
    outer loop
      vertex   1.857372e+02 4.931820e+02 1.170711e+01
      vertex   1.858042e+02 4.934320e+02 1.186603e+01
      vertex   1.856836e+02 4.933821e+02 1.186603e+01
    endloop
  endfacet
  facet normal 7.988880e-02 -6.068157e-01 7.908176e-01
    outer loop
      vertex   1.857372e+02 4.931820e+02 1.170711e+01
      vertex   1.856836e+02 4.933821e+02 1.186603e+01
      vertex   1.855542e+02 4.931579e+02 1.170711e+01
    endloop
  endfacet
  facet normal 7.988880e-02 -6.068157e-01 7.908176e-01
    outer loop
      vertex   1.855542e+02 4.931579e+02 1.170711e+01
      vertex   1.856836e+02 4.933821e+02 1.186603e+01
      vertex   1.855542e+02 4.933650e+02 1.186603e+01
    endloop
  endfacet
  facet normal -7.988880e-02 -6.068157e-01 7.908176e-01
    outer loop
      vertex   1.855542e+02 4.931579e+02 1.170711e+01
      vertex   1.855542e+02 4.933650e+02 1.186603e+01
      vertex   1.853712e+02 4.931820e+02 1.170711e+01
    endloop
  endfacet
  facet normal -7.988880e-02 -6.068157e-01 7.908176e-01
    outer loop
      vertex   1.853712e+02 4.931820e+02 1.170711e+01
      vertex   1.855542e+02 4.933650e+02 1.186603e+01
      vertex   1.854248e+02 4.933821e+02 1.186603e+01
    endloop
  endfacet
  facet normal -2.342221e-01 -5.654622e-01 7.908176e-01
    outer loop
      vertex   1.853712e+02 4.931820e+02 1.170711e+01
      vertex   1.854248e+02 4.933821e+02 1.186603e+01
      vertex   1.852006e+02 4.932527e+02 1.170711e+01
    endloop
  endfacet
  facet normal -2.342221e-01 -5.654622e-01 7.908176e-01
    outer loop
      vertex   1.852006e+02 4.932527e+02 1.170711e+01
      vertex   1.854248e+02 4.933821e+02 1.186603e+01
      vertex   1.853042e+02 4.934320e+02 1.186603e+01
    endloop
  endfacet
  facet normal -3.725936e-01 -4.855734e-01 7.908176e-01
    outer loop
      vertex   1.852006e+02 4.932527e+02 1.170711e+01
      vertex   1.853042e+02 4.934320e+02 1.186603e+01
      vertex   1.850542e+02 4.933650e+02 1.170711e+01
    endloop
  endfacet
  facet normal -3.725936e-01 -4.855734e-01 7.908176e-01
    outer loop
      vertex   1.850542e+02 4.933650e+02 1.170711e+01
      vertex   1.853042e+02 4.934320e+02 1.186603e+01
      vertex   1.852006e+02 4.935115e+02 1.186603e+01
    endloop
  endfacet
  facet normal -4.855734e-01 -3.725936e-01 7.908176e-01
    outer loop
      vertex   1.850542e+02 4.933650e+02 1.170711e+01
      vertex   1.852006e+02 4.935115e+02 1.186603e+01
      vertex   1.849418e+02 4.935115e+02 1.170711e+01
    endloop
  endfacet
  facet normal -4.855734e-01 -3.725936e-01 7.908176e-01
    outer loop
      vertex   1.849418e+02 4.935115e+02 1.170711e+01
      vertex   1.852006e+02 4.935115e+02 1.186603e+01
      vertex   1.851212e+02 4.936150e+02 1.186603e+01
    endloop
  endfacet
  facet normal -5.654622e-01 -2.342221e-01 7.908176e-01
    outer loop
      vertex   1.849418e+02 4.935115e+02 1.170711e+01
      vertex   1.851212e+02 4.936150e+02 1.186603e+01
      vertex   1.848712e+02 4.936820e+02 1.170711e+01
    endloop
  endfacet
  facet normal -5.654622e-01 -2.342221e-01 7.908176e-01
    outer loop
      vertex   1.848712e+02 4.936820e+02 1.170711e+01
      vertex   1.851212e+02 4.936150e+02 1.186603e+01
      vertex   1.850712e+02 4.937356e+02 1.186603e+01
    endloop
  endfacet
  facet normal -6.068157e-01 -7.988880e-02 7.908176e-01
    outer loop
      vertex   1.848712e+02 4.936820e+02 1.170711e+01
      vertex   1.850712e+02 4.937356e+02 1.186603e+01
      vertex   1.848471e+02 4.938650e+02 1.170711e+01
    endloop
  endfacet
  facet normal -6.068157e-01 -7.988880e-02 7.908176e-01
    outer loop
      vertex   1.848471e+02 4.938650e+02 1.170711e+01
      vertex   1.850712e+02 4.937356e+02 1.186603e+01
      vertex   1.850542e+02 4.938650e+02 1.186603e+01
    endloop
  endfacet
  facet normal -3.821987e-01 5.031741e-02 9.227092e-01
    outer loop
      vertex   1.850542e+02 4.938650e+02 1.186603e+01
      vertex   1.852953e+02 4.938650e+02 1.196593e+01
      vertex   1.850712e+02 4.939944e+02 1.186603e+01
    endloop
  endfacet
  facet normal -3.821987e-01 5.031741e-02 9.227092e-01
    outer loop
      vertex   1.850712e+02 4.939944e+02 1.186603e+01
      vertex   1.852953e+02 4.938650e+02 1.196593e+01
      vertex   1.853042e+02 4.939320e+02 1.196593e+01
    endloop
  endfacet
  facet normal -3.561525e-01 1.475232e-01 9.227092e-01
    outer loop
      vertex   1.850712e+02 4.939944e+02 1.186603e+01
      vertex   1.853042e+02 4.939320e+02 1.196593e+01
      vertex   1.851212e+02 4.941150e+02 1.186603e+01
    endloop
  endfacet
  facet normal -3.561525e-01 1.475232e-01 9.227092e-01
    outer loop
      vertex   1.851212e+02 4.941150e+02 1.186603e+01
      vertex   1.853042e+02 4.939320e+02 1.196593e+01
      vertex   1.853300e+02 4.939944e+02 1.196593e+01
    endloop
  endfacet
  facet normal -3.058351e-01 2.346755e-01 9.227092e-01
    outer loop
      vertex   1.851212e+02 4.941150e+02 1.186603e+01
      vertex   1.853300e+02 4.939944e+02 1.196593e+01
      vertex   1.852006e+02 4.942186e+02 1.186603e+01
    endloop
  endfacet
  facet normal -3.058351e-01 2.346755e-01 9.227092e-01
    outer loop
      vertex   1.852006e+02 4.942186e+02 1.186603e+01
      vertex   1.853300e+02 4.939944e+02 1.196593e+01
      vertex   1.853712e+02 4.940480e+02 1.196593e+01
    endloop
  endfacet
  facet normal -2.346755e-01 3.058351e-01 9.227092e-01
    outer loop
      vertex   1.852006e+02 4.942186e+02 1.186603e+01
      vertex   1.853712e+02 4.940480e+02 1.196593e+01
      vertex   1.853042e+02 4.942980e+02 1.186603e+01
    endloop
  endfacet
  facet normal -2.346755e-01 3.058351e-01 9.227092e-01
    outer loop
      vertex   1.853042e+02 4.942980e+02 1.186603e+01
      vertex   1.853712e+02 4.940480e+02 1.196593e+01
      vertex   1.854248e+02 4.940892e+02 1.196593e+01
    endloop
  endfacet
  facet normal -1.475232e-01 3.561525e-01 9.227092e-01
    outer loop
      vertex   1.853042e+02 4.942980e+02 1.186603e+01
      vertex   1.854248e+02 4.940892e+02 1.196593e+01
      vertex   1.854248e+02 4.943480e+02 1.186603e+01
    endloop
  endfacet
  facet normal -1.475232e-01 3.561525e-01 9.227092e-01
    outer loop
      vertex   1.854248e+02 4.943480e+02 1.186603e+01
      vertex   1.854248e+02 4.940892e+02 1.196593e+01
      vertex   1.854872e+02 4.941150e+02 1.196593e+01
    endloop
  endfacet
  facet normal -5.031741e-02 3.821987e-01 9.227092e-01
    outer loop
      vertex   1.854248e+02 4.943480e+02 1.186603e+01
      vertex   1.854872e+02 4.941150e+02 1.196593e+01
      vertex   1.855542e+02 4.943650e+02 1.186603e+01
    endloop
  endfacet
  facet normal -5.031741e-02 3.821987e-01 9.227092e-01
    outer loop
      vertex   1.855542e+02 4.943650e+02 1.186603e+01
      vertex   1.854872e+02 4.941150e+02 1.196593e+01
      vertex   1.855542e+02 4.941238e+02 1.196593e+01
    endloop
  endfacet
  facet normal 5.031741e-02 3.821987e-01 9.227092e-01
    outer loop
      vertex   1.855542e+02 4.943650e+02 1.186603e+01
      vertex   1.855542e+02 4.941238e+02 1.196593e+01
      vertex   1.856836e+02 4.943480e+02 1.186603e+01
    endloop
  endfacet
  facet normal 5.031741e-02 3.821987e-01 9.227092e-01
    outer loop
      vertex   1.856836e+02 4.943480e+02 1.186603e+01
      vertex   1.855542e+02 4.941238e+02 1.196593e+01
      vertex   1.856212e+02 4.941150e+02 1.196593e+01
    endloop
  endfacet
  facet normal 1.475232e-01 3.561525e-01 9.227092e-01
    outer loop
      vertex   1.856836e+02 4.943480e+02 1.186603e+01
      vertex   1.856212e+02 4.941150e+02 1.196593e+01
      vertex   1.858042e+02 4.942980e+02 1.186603e+01
    endloop
  endfacet
  facet normal 1.475232e-01 3.561525e-01 9.227092e-01
    outer loop
      vertex   1.858042e+02 4.942980e+02 1.186603e+01
      vertex   1.856212e+02 4.941150e+02 1.196593e+01
      vertex   1.856836e+02 4.940892e+02 1.196593e+01
    endloop
  endfacet
  facet normal 2.346755e-01 3.058351e-01 9.227092e-01
    outer loop
      vertex   1.858042e+02 4.942980e+02 1.186603e+01
      vertex   1.856836e+02 4.940892e+02 1.196593e+01
      vertex   1.859077e+02 4.942186e+02 1.186603e+01
    endloop
  endfacet
  facet normal 2.346755e-01 3.058351e-01 9.227092e-01
    outer loop
      vertex   1.859077e+02 4.942186e+02 1.186603e+01
      vertex   1.856836e+02 4.940892e+02 1.196593e+01
      vertex   1.857372e+02 4.940480e+02 1.196593e+01
    endloop
  endfacet
  facet normal 3.058351e-01 2.346755e-01 9.227092e-01
    outer loop
      vertex   1.859077e+02 4.942186e+02 1.186603e+01
      vertex   1.857372e+02 4.940480e+02 1.196593e+01
      vertex   1.859872e+02 4.941150e+02 1.186603e+01
    endloop
  endfacet
  facet normal 3.058351e-01 2.346755e-01 9.227092e-01
    outer loop
      vertex   1.859872e+02 4.941150e+02 1.186603e+01
      vertex   1.857372e+02 4.940480e+02 1.196593e+01
      vertex   1.857783e+02 4.939944e+02 1.196593e+01
    endloop
  endfacet
  facet normal 3.561525e-01 1.475232e-01 9.227092e-01
    outer loop
      vertex   1.859872e+02 4.941150e+02 1.186603e+01
      vertex   1.857783e+02 4.939944e+02 1.196593e+01
      vertex   1.860371e+02 4.939944e+02 1.186603e+01
    endloop
  endfacet
  facet normal 3.561525e-01 1.475232e-01 9.227092e-01
    outer loop
      vertex   1.860371e+02 4.939944e+02 1.186603e+01
      vertex   1.857783e+02 4.939944e+02 1.196593e+01
      vertex   1.858042e+02 4.939320e+02 1.196593e+01
    endloop
  endfacet
  facet normal 3.821987e-01 5.031741e-02 9.227092e-01
    outer loop
      vertex   1.860371e+02 4.939944e+02 1.186603e+01
      vertex   1.858042e+02 4.939320e+02 1.196593e+01
      vertex   1.860542e+02 4.938650e+02 1.186603e+01
    endloop
  endfacet
  facet normal 3.821987e-01 5.031741e-02 9.227092e-01
    outer loop
      vertex   1.860542e+02 4.938650e+02 1.186603e+01
      vertex   1.858042e+02 4.939320e+02 1.196593e+01
      vertex   1.858130e+02 4.938650e+02 1.196593e+01
    endloop
  endfacet
  facet normal 3.821987e-01 -5.031741e-02 9.227092e-01
    outer loop
      vertex   1.860542e+02 4.938650e+02 1.186603e+01
      vertex   1.858130e+02 4.938650e+02 1.196593e+01
      vertex   1.860371e+02 4.937356e+02 1.186603e+01
    endloop
  endfacet
  facet normal 3.821987e-01 -5.031741e-02 9.227092e-01
    outer loop
      vertex   1.860371e+02 4.937356e+02 1.186603e+01
      vertex   1.858130e+02 4.938650e+02 1.196593e+01
      vertex   1.858042e+02 4.937980e+02 1.196593e+01
    endloop
  endfacet
  facet normal 3.561525e-01 -1.475232e-01 9.227092e-01
    outer loop
      vertex   1.860371e+02 4.937356e+02 1.186603e+01
      vertex   1.858042e+02 4.937980e+02 1.196593e+01
      vertex   1.859872e+02 4.936150e+02 1.186603e+01
    endloop
  endfacet
  facet normal 3.561525e-01 -1.475232e-01 9.227092e-01
    outer loop
      vertex   1.859872e+02 4.936150e+02 1.186603e+01
      vertex   1.858042e+02 4.937980e+02 1.196593e+01
      vertex   1.857783e+02 4.937356e+02 1.196593e+01
    endloop
  endfacet
  facet normal 3.058351e-01 -2.346755e-01 9.227092e-01
    outer loop
      vertex   1.859872e+02 4.936150e+02 1.186603e+01
      vertex   1.857783e+02 4.937356e+02 1.196593e+01
      vertex   1.859077e+02 4.935115e+02 1.186603e+01
    endloop
  endfacet
  facet normal 3.058351e-01 -2.346755e-01 9.227092e-01
    outer loop
      vertex   1.859077e+02 4.935115e+02 1.186603e+01
      vertex   1.857783e+02 4.937356e+02 1.196593e+01
      vertex   1.857372e+02 4.936820e+02 1.196593e+01
    endloop
  endfacet
  facet normal 2.346755e-01 -3.058351e-01 9.227092e-01
    outer loop
      vertex   1.859077e+02 4.935115e+02 1.186603e+01
      vertex   1.857372e+02 4.936820e+02 1.196593e+01
      vertex   1.858042e+02 4.934320e+02 1.186603e+01
    endloop
  endfacet
  facet normal 2.346755e-01 -3.058351e-01 9.227092e-01
    outer loop
      vertex   1.858042e+02 4.934320e+02 1.186603e+01
      vertex   1.857372e+02 4.936820e+02 1.196593e+01
      vertex   1.856836e+02 4.936409e+02 1.196593e+01
    endloop
  endfacet
  facet normal 1.475232e-01 -3.561525e-01 9.227092e-01
    outer loop
      vertex   1.858042e+02 4.934320e+02 1.186603e+01
      vertex   1.856836e+02 4.936409e+02 1.196593e+01
      vertex   1.856836e+02 4.933821e+02 1.186603e+01
    endloop
  endfacet
  facet normal 1.475232e-01 -3.561525e-01 9.227092e-01
    outer loop
      vertex   1.856836e+02 4.933821e+02 1.186603e+01
      vertex   1.856836e+02 4.936409e+02 1.196593e+01
      vertex   1.856212e+02 4.936150e+02 1.196593e+01
    endloop
  endfacet
  facet normal 5.031741e-02 -3.821987e-01 9.227092e-01
    outer loop
      vertex   1.856836e+02 4.933821e+02 1.186603e+01
      vertex   1.856212e+02 4.936150e+02 1.196593e+01
      vertex   1.855542e+02 4.933650e+02 1.186603e+01
    endloop
  endfacet
  facet normal 5.031741e-02 -3.821987e-01 9.227092e-01
    outer loop
      vertex   1.855542e+02 4.933650e+02 1.186603e+01
      vertex   1.856212e+02 4.936150e+02 1.196593e+01
      vertex   1.855542e+02 4.936062e+02 1.196593e+01
    endloop
  endfacet
  facet normal -5.031741e-02 -3.821987e-01 9.227092e-01
    outer loop
      vertex   1.855542e+02 4.933650e+02 1.186603e+01
      vertex   1.855542e+02 4.936062e+02 1.196593e+01
      vertex   1.854248e+02 4.933821e+02 1.186603e+01
    endloop
  endfacet
  facet normal -5.031741e-02 -3.821987e-01 9.227092e-01
    outer loop
      vertex   1.854248e+02 4.933821e+02 1.186603e+01
      vertex   1.855542e+02 4.936062e+02 1.196593e+01
      vertex   1.854872e+02 4.936150e+02 1.196593e+01
    endloop
  endfacet
  facet normal -1.475232e-01 -3.561525e-01 9.227092e-01
    outer loop
      vertex   1.854248e+02 4.933821e+02 1.186603e+01
      vertex   1.854872e+02 4.936150e+02 1.196593e+01
      vertex   1.853042e+02 4.934320e+02 1.186603e+01
    endloop
  endfacet
  facet normal -1.475232e-01 -3.561525e-01 9.227092e-01
    outer loop
      vertex   1.853042e+02 4.934320e+02 1.186603e+01
      vertex   1.854872e+02 4.936150e+02 1.196593e+01
      vertex   1.854248e+02 4.936409e+02 1.196593e+01
    endloop
  endfacet
  facet normal -2.346755e-01 -3.058351e-01 9.227092e-01
    outer loop
      vertex   1.853042e+02 4.934320e+02 1.186603e+01
      vertex   1.854248e+02 4.936409e+02 1.196593e+01
      vertex   1.852006e+02 4.935115e+02 1.186603e+01
    endloop
  endfacet
  facet normal -2.346755e-01 -3.058351e-01 9.227092e-01
    outer loop
      vertex   1.852006e+02 4.935115e+02 1.186603e+01
      vertex   1.854248e+02 4.936409e+02 1.196593e+01
      vertex   1.853712e+02 4.936820e+02 1.196593e+01
    endloop
  endfacet
  facet normal -3.058351e-01 -2.346755e-01 9.227092e-01
    outer loop
      vertex   1.852006e+02 4.935115e+02 1.186603e+01
      vertex   1.853712e+02 4.936820e+02 1.196593e+01
      vertex   1.851212e+02 4.936150e+02 1.186603e+01
    endloop
  endfacet
  facet normal -3.058351e-01 -2.346755e-01 9.227092e-01
    outer loop
      vertex   1.851212e+02 4.936150e+02 1.186603e+01
      vertex   1.853712e+02 4.936820e+02 1.196593e+01
      vertex   1.853300e+02 4.937356e+02 1.196593e+01
    endloop
  endfacet
  facet normal -3.561525e-01 -1.475232e-01 9.227092e-01
    outer loop
      vertex   1.851212e+02 4.936150e+02 1.186603e+01
      vertex   1.853300e+02 4.937356e+02 1.196593e+01
      vertex   1.850712e+02 4.937356e+02 1.186603e+01
    endloop
  endfacet
  facet normal -3.561525e-01 -1.475232e-01 9.227092e-01
    outer loop
      vertex   1.850712e+02 4.937356e+02 1.186603e+01
      vertex   1.853300e+02 4.937356e+02 1.196593e+01
      vertex   1.853042e+02 4.937980e+02 1.196593e+01
    endloop
  endfacet
  facet normal -3.821987e-01 -5.031741e-02 9.227092e-01
    outer loop
      vertex   1.850712e+02 4.937356e+02 1.186603e+01
      vertex   1.853042e+02 4.937980e+02 1.196593e+01
      vertex   1.850542e+02 4.938650e+02 1.186603e+01
    endloop
  endfacet
  facet normal -3.821987e-01 -5.031741e-02 9.227092e-01
    outer loop
      vertex   1.850542e+02 4.938650e+02 1.186603e+01
      vertex   1.853042e+02 4.937980e+02 1.196593e+01
      vertex   1.852953e+02 4.938650e+02 1.196593e+01
    endloop
  endfacet
  facet normal 5.037379e-02 -1.216131e-01 9.912985e-01
    outer loop
      vertex   1.856836e+02 4.936409e+02 1.196593e+01
      vertex   1.855542e+02 4.938650e+02 1.200000e+01
      vertex   1.856212e+02 4.936150e+02 1.196593e+01
    endloop
  endfacet
  facet normal 8.013313e-02 1.044315e-01 9.912985e-01
    outer loop
      vertex   1.856836e+02 4.940892e+02 1.196593e+01
      vertex   1.855542e+02 4.938650e+02 1.200000e+01
      vertex   1.857372e+02 4.940480e+02 1.196593e+01
    endloop
  endfacet
  facet normal -9.914449e-01 -1.305262e-01 0.000000e+00
    outer loop
      vertex   1.845882e+02 4.936062e+02 1.000000e+01
      vertex   1.845882e+02 4.936062e+02 1.100000e+01
      vertex   1.845542e+02 4.938650e+02 1.000000e+01
    endloop
  endfacet
  facet normal -9.914449e-01 -1.305262e-01 0.000000e+00
    outer loop
      vertex   1.845542e+02 4.938650e+02 1.000000e+01
      vertex   1.845882e+02 4.936062e+02 1.100000e+01
      vertex   1.845542e+02 4.938650e+02 1.100000e+01
    endloop
  endfacet
  facet normal -9.914449e-01 1.305262e-01 0.000000e+00
    outer loop
      vertex   1.845542e+02 4.938650e+02 1.000000e+01
      vertex   1.845542e+02 4.938650e+02 1.100000e+01
      vertex   1.845882e+02 4.941238e+02 1.000000e+01
    endloop
  endfacet
  facet normal -9.914449e-01 1.305262e-01 0.000000e+00
    outer loop
      vertex   1.845882e+02 4.941238e+02 1.000000e+01
      vertex   1.845542e+02 4.938650e+02 1.100000e+01
      vertex   1.845882e+02 4.941238e+02 1.100000e+01
    endloop
  endfacet
  facet normal -9.238795e-01 3.826834e-01 0.000000e+00
    outer loop
      vertex   1.845882e+02 4.941238e+02 1.000000e+01
      vertex   1.845882e+02 4.941238e+02 1.100000e+01
      vertex   1.846881e+02 4.943650e+02 1.000000e+01
    endloop
  endfacet
  facet normal -9.238795e-01 3.826834e-01 0.000000e+00
    outer loop
      vertex   1.846881e+02 4.943650e+02 1.000000e+01
      vertex   1.845882e+02 4.941238e+02 1.100000e+01
      vertex   1.846881e+02 4.943650e+02 1.100000e+01
    endloop
  endfacet
  facet normal -7.933533e-01 6.087614e-01 0.000000e+00
    outer loop
      vertex   1.846881e+02 4.943650e+02 1.000000e+01
      vertex   1.846881e+02 4.943650e+02 1.100000e+01
      vertex   1.848471e+02 4.945721e+02 1.000000e+01
    endloop
  endfacet
  facet normal -7.933533e-01 6.087614e-01 0.000000e+00
    outer loop
      vertex   1.848471e+02 4.945721e+02 1.000000e+01
      vertex   1.846881e+02 4.943650e+02 1.100000e+01
      vertex   1.848471e+02 4.945721e+02 1.100000e+01
    endloop
  endfacet
  facet normal -6.087614e-01 7.933533e-01 0.000000e+00
    outer loop
      vertex   1.848471e+02 4.945721e+02 1.000000e+01
      vertex   1.848471e+02 4.945721e+02 1.100000e+01
      vertex   1.850542e+02 4.947311e+02 1.000000e+01
    endloop
  endfacet
  facet normal -6.087614e-01 7.933533e-01 0.000000e+00
    outer loop
      vertex   1.850542e+02 4.947311e+02 1.000000e+01
      vertex   1.848471e+02 4.945721e+02 1.100000e+01
      vertex   1.850542e+02 4.947311e+02 1.100000e+01
    endloop
  endfacet
  facet normal -3.826834e-01 9.238795e-01 0.000000e+00
    outer loop
      vertex   1.850542e+02 4.947311e+02 1.000000e+01
      vertex   1.850542e+02 4.947311e+02 1.100000e+01
      vertex   1.852953e+02 4.948310e+02 1.000000e+01
    endloop
  endfacet
  facet normal -3.826834e-01 9.238795e-01 0.000000e+00
    outer loop
      vertex   1.852953e+02 4.948310e+02 1.000000e+01
      vertex   1.850542e+02 4.947311e+02 1.100000e+01
      vertex   1.852953e+02 4.948310e+02 1.100000e+01
    endloop
  endfacet
  facet normal -1.305262e-01 9.914449e-01 0.000000e+00
    outer loop
      vertex   1.852953e+02 4.948310e+02 1.000000e+01
      vertex   1.852953e+02 4.948310e+02 1.100000e+01
      vertex   1.855542e+02 4.948650e+02 1.000000e+01
    endloop
  endfacet
  facet normal -1.305262e-01 9.914449e-01 0.000000e+00
    outer loop
      vertex   1.855542e+02 4.948650e+02 1.000000e+01
      vertex   1.852953e+02 4.948310e+02 1.100000e+01
      vertex   1.855542e+02 4.948650e+02 1.100000e+01
    endloop
  endfacet
  facet normal 1.305262e-01 9.914449e-01 -0.000000e+00
    outer loop
      vertex   1.855542e+02 4.948650e+02 1.000000e+01
      vertex   1.855542e+02 4.948650e+02 1.100000e+01
      vertex   1.858130e+02 4.948310e+02 1.000000e+01
    endloop
  endfacet
  facet normal 1.305262e-01 9.914449e-01 -0.000000e+00
    outer loop
      vertex   1.858130e+02 4.948310e+02 1.000000e+01
      vertex   1.855542e+02 4.948650e+02 1.100000e+01
      vertex   1.858130e+02 4.948310e+02 1.100000e+01
    endloop
  endfacet
  facet normal 3.826834e-01 9.238795e-01 -0.000000e+00
    outer loop
      vertex   1.858130e+02 4.948310e+02 1.000000e+01
      vertex   1.858130e+02 4.948310e+02 1.100000e+01
      vertex   1.860542e+02 4.947311e+02 1.000000e+01
    endloop
  endfacet
  facet normal 3.826834e-01 9.238795e-01 -0.000000e+00
    outer loop
      vertex   1.860542e+02 4.947311e+02 1.000000e+01
      vertex   1.858130e+02 4.948310e+02 1.100000e+01
      vertex   1.860542e+02 4.947311e+02 1.100000e+01
    endloop
  endfacet
  facet normal 6.087614e-01 7.933533e-01 -0.000000e+00
    outer loop
      vertex   1.860542e+02 4.947311e+02 1.000000e+01
      vertex   1.860542e+02 4.947311e+02 1.100000e+01
      vertex   1.862613e+02 4.945721e+02 1.000000e+01
    endloop
  endfacet
  facet normal 6.087614e-01 7.933533e-01 -0.000000e+00
    outer loop
      vertex   1.862613e+02 4.945721e+02 1.000000e+01
      vertex   1.860542e+02 4.947311e+02 1.100000e+01
      vertex   1.862613e+02 4.945721e+02 1.100000e+01
    endloop
  endfacet
  facet normal 7.933533e-01 6.087614e-01 -0.000000e+00
    outer loop
      vertex   1.862613e+02 4.945721e+02 1.000000e+01
      vertex   1.862613e+02 4.945721e+02 1.100000e+01
      vertex   1.864202e+02 4.943650e+02 1.000000e+01
    endloop
  endfacet
  facet normal 7.933533e-01 6.087614e-01 -0.000000e+00
    outer loop
      vertex   1.864202e+02 4.943650e+02 1.000000e+01
      vertex   1.862613e+02 4.945721e+02 1.100000e+01
      vertex   1.864202e+02 4.943650e+02 1.100000e+01
    endloop
  endfacet
  facet normal 9.238795e-01 3.826834e-01 -0.000000e+00
    outer loop
      vertex   1.864202e+02 4.943650e+02 1.000000e+01
      vertex   1.864202e+02 4.943650e+02 1.100000e+01
      vertex   1.865201e+02 4.941238e+02 1.000000e+01
    endloop
  endfacet
  facet normal 9.238795e-01 3.826834e-01 -0.000000e+00
    outer loop
      vertex   1.865201e+02 4.941238e+02 1.000000e+01
      vertex   1.864202e+02 4.943650e+02 1.100000e+01
      vertex   1.865201e+02 4.941238e+02 1.100000e+01
    endloop
  endfacet
  facet normal 9.914449e-01 1.305262e-01 -0.000000e+00
    outer loop
      vertex   1.865201e+02 4.941238e+02 1.000000e+01
      vertex   1.865201e+02 4.941238e+02 1.100000e+01
      vertex   1.865542e+02 4.938650e+02 1.000000e+01
    endloop
  endfacet
  facet normal 9.914449e-01 1.305262e-01 -0.000000e+00
    outer loop
      vertex   1.865542e+02 4.938650e+02 1.000000e+01
      vertex   1.865201e+02 4.941238e+02 1.100000e+01
      vertex   1.865542e+02 4.938650e+02 1.100000e+01
    endloop
  endfacet
  facet normal 9.914449e-01 -1.305262e-01 0.000000e+00
    outer loop
      vertex   1.865542e+02 4.938650e+02 1.000000e+01
      vertex   1.865542e+02 4.938650e+02 1.100000e+01
      vertex   1.865201e+02 4.936062e+02 1.000000e+01
    endloop
  endfacet
  facet normal 9.914449e-01 -1.305262e-01 0.000000e+00
    outer loop
      vertex   1.865201e+02 4.936062e+02 1.000000e+01
      vertex   1.865542e+02 4.938650e+02 1.100000e+01
      vertex   1.865201e+02 4.936062e+02 1.100000e+01
    endloop
  endfacet
  facet normal 9.238795e-01 -3.826834e-01 0.000000e+00
    outer loop
      vertex   1.865201e+02 4.936062e+02 1.000000e+01
      vertex   1.865201e+02 4.936062e+02 1.100000e+01
      vertex   1.864202e+02 4.933650e+02 1.000000e+01
    endloop
  endfacet
  facet normal 9.238795e-01 -3.826834e-01 0.000000e+00
    outer loop
      vertex   1.864202e+02 4.933650e+02 1.000000e+01
      vertex   1.865201e+02 4.936062e+02 1.100000e+01
      vertex   1.864202e+02 4.933650e+02 1.100000e+01
    endloop
  endfacet
  facet normal 7.933533e-01 -6.087614e-01 0.000000e+00
    outer loop
      vertex   1.864202e+02 4.933650e+02 1.000000e+01
      vertex   1.864202e+02 4.933650e+02 1.100000e+01
      vertex   1.862613e+02 4.931579e+02 1.000000e+01
    endloop
  endfacet
  facet normal 7.933533e-01 -6.087614e-01 0.000000e+00
    outer loop
      vertex   1.862613e+02 4.931579e+02 1.000000e+01
      vertex   1.864202e+02 4.933650e+02 1.100000e+01
      vertex   1.862613e+02 4.931579e+02 1.100000e+01
    endloop
  endfacet
  facet normal 6.087614e-01 -7.933533e-01 0.000000e+00
    outer loop
      vertex   1.862613e+02 4.931579e+02 1.000000e+01
      vertex   1.862613e+02 4.931579e+02 1.100000e+01
      vertex   1.860542e+02 4.929990e+02 1.000000e+01
    endloop
  endfacet
  facet normal 6.087614e-01 -7.933533e-01 0.000000e+00
    outer loop
      vertex   1.860542e+02 4.929990e+02 1.000000e+01
      vertex   1.862613e+02 4.931579e+02 1.100000e+01
      vertex   1.860542e+02 4.929990e+02 1.100000e+01
    endloop
  endfacet
  facet normal 3.826834e-01 -9.238795e-01 0.000000e+00
    outer loop
      vertex   1.860542e+02 4.929990e+02 1.000000e+01
      vertex   1.860542e+02 4.929990e+02 1.100000e+01
      vertex   1.858130e+02 4.928991e+02 1.000000e+01
    endloop
  endfacet
  facet normal 3.826834e-01 -9.238795e-01 0.000000e+00
    outer loop
      vertex   1.858130e+02 4.928991e+02 1.000000e+01
      vertex   1.860542e+02 4.929990e+02 1.100000e+01
      vertex   1.858130e+02 4.928991e+02 1.100000e+01
    endloop
  endfacet
  facet normal 1.305262e-01 -9.914449e-01 0.000000e+00
    outer loop
      vertex   1.858130e+02 4.928991e+02 1.000000e+01
      vertex   1.858130e+02 4.928991e+02 1.100000e+01
      vertex   1.855542e+02 4.928650e+02 1.000000e+01
    endloop
  endfacet
  facet normal 1.305262e-01 -9.914449e-01 0.000000e+00
    outer loop
      vertex   1.855542e+02 4.928650e+02 1.000000e+01
      vertex   1.858130e+02 4.928991e+02 1.100000e+01
      vertex   1.855542e+02 4.928650e+02 1.100000e+01
    endloop
  endfacet
  facet normal -1.305262e-01 -9.914449e-01 0.000000e+00
    outer loop
      vertex   1.855542e+02 4.928650e+02 1.000000e+01
      vertex   1.855542e+02 4.928650e+02 1.100000e+01
      vertex   1.852953e+02 4.928991e+02 1.000000e+01
    endloop
  endfacet
  facet normal -1.305262e-01 -9.914449e-01 0.000000e+00
    outer loop
      vertex   1.852953e+02 4.928991e+02 1.000000e+01
      vertex   1.855542e+02 4.928650e+02 1.100000e+01
      vertex   1.852953e+02 4.928991e+02 1.100000e+01
    endloop
  endfacet
  facet normal -3.826834e-01 -9.238795e-01 0.000000e+00
    outer loop
      vertex   1.852953e+02 4.928991e+02 1.000000e+01
      vertex   1.852953e+02 4.928991e+02 1.100000e+01
      vertex   1.850542e+02 4.929990e+02 1.000000e+01
    endloop
  endfacet
  facet normal -3.826834e-01 -9.238795e-01 0.000000e+00
    outer loop
      vertex   1.850542e+02 4.929990e+02 1.000000e+01
      vertex   1.852953e+02 4.928991e+02 1.100000e+01
      vertex   1.850542e+02 4.929990e+02 1.100000e+01
    endloop
  endfacet
  facet normal -6.087614e-01 -7.933533e-01 0.000000e+00
    outer loop
      vertex   1.850542e+02 4.929990e+02 1.000000e+01
      vertex   1.850542e+02 4.929990e+02 1.100000e+01
      vertex   1.848471e+02 4.931579e+02 1.000000e+01
    endloop
  endfacet
  facet normal -6.087614e-01 -7.933533e-01 0.000000e+00
    outer loop
      vertex   1.848471e+02 4.931579e+02 1.000000e+01
      vertex   1.850542e+02 4.929990e+02 1.100000e+01
      vertex   1.848471e+02 4.931579e+02 1.100000e+01
    endloop
  endfacet
  facet normal -7.933533e-01 -6.087614e-01 0.000000e+00
    outer loop
      vertex   1.848471e+02 4.931579e+02 1.000000e+01
      vertex   1.848471e+02 4.931579e+02 1.100000e+01
      vertex   1.846881e+02 4.933650e+02 1.000000e+01
    endloop
  endfacet
  facet normal -7.933533e-01 -6.087614e-01 0.000000e+00
    outer loop
      vertex   1.846881e+02 4.933650e+02 1.000000e+01
      vertex   1.848471e+02 4.931579e+02 1.100000e+01
      vertex   1.846881e+02 4.933650e+02 1.100000e+01
    endloop
  endfacet
  facet normal -9.238795e-01 -3.826834e-01 0.000000e+00
    outer loop
      vertex   1.846881e+02 4.933650e+02 1.000000e+01
      vertex   1.846881e+02 4.933650e+02 1.100000e+01
      vertex   1.845882e+02 4.936062e+02 1.000000e+01
    endloop
  endfacet
  facet normal -9.238795e-01 -3.826834e-01 0.000000e+00
    outer loop
      vertex   1.845882e+02 4.936062e+02 1.000000e+01
      vertex   1.846881e+02 4.933650e+02 1.100000e+01
      vertex   1.845882e+02 4.936062e+02 1.100000e+01
    endloop
  endfacet
  facet normal -9.831056e-01 -1.294283e-01 1.294283e-01
    outer loop
      vertex   1.800018e+02 4.468305e+02 1.100000e+01
      vertex   1.800347e+02 4.468393e+02 1.125882e+01
      vertex   1.799678e+02 4.470893e+02 1.100000e+01
    endloop
  endfacet
  facet normal -9.831056e-01 -1.294283e-01 1.294283e-01
    outer loop
      vertex   1.799678e+02 4.470893e+02 1.100000e+01
      vertex   1.800347e+02 4.468393e+02 1.125882e+01
      vertex   1.800018e+02 4.470893e+02 1.125882e+01
    endloop
  endfacet
  facet normal -9.831056e-01 1.294283e-01 1.294283e-01
    outer loop
      vertex   1.799678e+02 4.470893e+02 1.100000e+01
      vertex   1.800018e+02 4.470893e+02 1.125882e+01
      vertex   1.800018e+02 4.473482e+02 1.100000e+01
    endloop
  endfacet
  facet normal -9.831056e-01 1.294283e-01 1.294283e-01
    outer loop
      vertex   1.800018e+02 4.473482e+02 1.100000e+01
      vertex   1.800018e+02 4.470893e+02 1.125882e+01
      vertex   1.800347e+02 4.473393e+02 1.125882e+01
    endloop
  endfacet
  facet normal -9.161086e-01 3.794646e-01 1.294283e-01
    outer loop
      vertex   1.800018e+02 4.473482e+02 1.100000e+01
      vertex   1.800347e+02 4.473393e+02 1.125882e+01
      vertex   1.801017e+02 4.475893e+02 1.100000e+01
    endloop
  endfacet
  facet normal -9.161086e-01 3.794646e-01 1.294283e-01
    outer loop
      vertex   1.801017e+02 4.475893e+02 1.100000e+01
      vertex   1.800347e+02 4.473393e+02 1.125882e+01
      vertex   1.801312e+02 4.475723e+02 1.125882e+01
    endloop
  endfacet
  facet normal -7.866803e-01 6.036410e-01 1.294283e-01
    outer loop
      vertex   1.801017e+02 4.475893e+02 1.100000e+01
      vertex   1.801312e+02 4.475723e+02 1.125882e+01
      vertex   1.802607e+02 4.477964e+02 1.100000e+01
    endloop
  endfacet
  facet normal -7.866803e-01 6.036410e-01 1.294283e-01
    outer loop
      vertex   1.802607e+02 4.477964e+02 1.100000e+01
      vertex   1.801312e+02 4.475723e+02 1.125882e+01
      vertex   1.802847e+02 4.477724e+02 1.125882e+01
    endloop
  endfacet
  facet normal -6.036410e-01 7.866803e-01 1.294283e-01
    outer loop
      vertex   1.802607e+02 4.477964e+02 1.100000e+01
      vertex   1.802847e+02 4.477724e+02 1.125882e+01
      vertex   1.804678e+02 4.479554e+02 1.100000e+01
    endloop
  endfacet
  facet normal -6.036410e-01 7.866803e-01 1.294283e-01
    outer loop
      vertex   1.804678e+02 4.479554e+02 1.100000e+01
      vertex   1.802847e+02 4.477724e+02 1.125882e+01
      vertex   1.804848e+02 4.479259e+02 1.125882e+01
    endloop
  endfacet
  facet normal -3.794646e-01 9.161086e-01 1.294283e-01
    outer loop
      vertex   1.804678e+02 4.479554e+02 1.100000e+01
      vertex   1.804848e+02 4.479259e+02 1.125882e+01
      vertex   1.807089e+02 4.480553e+02 1.100000e+01
    endloop
  endfacet
  facet normal -3.794646e-01 9.161086e-01 1.294283e-01
    outer loop
      vertex   1.807089e+02 4.480553e+02 1.100000e+01
      vertex   1.804848e+02 4.479259e+02 1.125882e+01
      vertex   1.807178e+02 4.480224e+02 1.125882e+01
    endloop
  endfacet
  facet normal -1.294283e-01 9.831056e-01 1.294283e-01
    outer loop
      vertex   1.807089e+02 4.480553e+02 1.100000e+01
      vertex   1.807178e+02 4.480224e+02 1.125882e+01
      vertex   1.809678e+02 4.480893e+02 1.100000e+01
    endloop
  endfacet
  facet normal -1.294283e-01 9.831056e-01 1.294283e-01
    outer loop
      vertex   1.809678e+02 4.480893e+02 1.100000e+01
      vertex   1.807178e+02 4.480224e+02 1.125882e+01
      vertex   1.809678e+02 4.480553e+02 1.125882e+01
    endloop
  endfacet
  facet normal 1.294283e-01 9.831056e-01 1.294283e-01
    outer loop
      vertex   1.809678e+02 4.480893e+02 1.100000e+01
      vertex   1.809678e+02 4.480553e+02 1.125882e+01
      vertex   1.812266e+02 4.480553e+02 1.100000e+01
    endloop
  endfacet
  facet normal 1.294283e-01 9.831056e-01 1.294283e-01
    outer loop
      vertex   1.812266e+02 4.480553e+02 1.100000e+01
      vertex   1.809678e+02 4.480553e+02 1.125882e+01
      vertex   1.812178e+02 4.480224e+02 1.125882e+01
    endloop
  endfacet
  facet normal 3.794646e-01 9.161086e-01 1.294283e-01
    outer loop
      vertex   1.812266e+02 4.480553e+02 1.100000e+01
      vertex   1.812178e+02 4.480224e+02 1.125882e+01
      vertex   1.814678e+02 4.479554e+02 1.100000e+01
    endloop
  endfacet
  facet normal 3.794646e-01 9.161086e-01 1.294283e-01
    outer loop
      vertex   1.814678e+02 4.479554e+02 1.100000e+01
      vertex   1.812178e+02 4.480224e+02 1.125882e+01
      vertex   1.814507e+02 4.479259e+02 1.125882e+01
    endloop
  endfacet
  facet normal 6.036410e-01 7.866803e-01 1.294283e-01
    outer loop
      vertex   1.814678e+02 4.479554e+02 1.100000e+01
      vertex   1.814507e+02 4.479259e+02 1.125882e+01
      vertex   1.816749e+02 4.477964e+02 1.100000e+01
    endloop
  endfacet
  facet normal 6.036410e-01 7.866803e-01 1.294283e-01
    outer loop
      vertex   1.816749e+02 4.477964e+02 1.100000e+01
      vertex   1.814507e+02 4.479259e+02 1.125882e+01
      vertex   1.816508e+02 4.477724e+02 1.125882e+01
    endloop
  endfacet
  facet normal 7.866803e-01 6.036410e-01 1.294283e-01
    outer loop
      vertex   1.816749e+02 4.477964e+02 1.100000e+01
      vertex   1.816508e+02 4.477724e+02 1.125882e+01
      vertex   1.818338e+02 4.475893e+02 1.100000e+01
    endloop
  endfacet
  facet normal 7.866803e-01 6.036410e-01 1.294283e-01
    outer loop
      vertex   1.818338e+02 4.475893e+02 1.100000e+01
      vertex   1.816508e+02 4.477724e+02 1.125882e+01
      vertex   1.818043e+02 4.475723e+02 1.125882e+01
    endloop
  endfacet
  facet normal 9.161086e-01 3.794646e-01 1.294283e-01
    outer loop
      vertex   1.818338e+02 4.475893e+02 1.100000e+01
      vertex   1.818043e+02 4.475723e+02 1.125882e+01
      vertex   1.819337e+02 4.473482e+02 1.100000e+01
    endloop
  endfacet
  facet normal 9.161086e-01 3.794646e-01 1.294283e-01
    outer loop
      vertex   1.819337e+02 4.473482e+02 1.100000e+01
      vertex   1.818043e+02 4.475723e+02 1.125882e+01
      vertex   1.819008e+02 4.473393e+02 1.125882e+01
    endloop
  endfacet
  facet normal 9.831056e-01 1.294283e-01 1.294283e-01
    outer loop
      vertex   1.819337e+02 4.473482e+02 1.100000e+01
      vertex   1.819008e+02 4.473393e+02 1.125882e+01
      vertex   1.819678e+02 4.470893e+02 1.100000e+01
    endloop
  endfacet
  facet normal 9.831056e-01 1.294283e-01 1.294283e-01
    outer loop
      vertex   1.819678e+02 4.470893e+02 1.100000e+01
      vertex   1.819008e+02 4.473393e+02 1.125882e+01
      vertex   1.819337e+02 4.470893e+02 1.125882e+01
    endloop
  endfacet
  facet normal 9.831056e-01 -1.294283e-01 1.294283e-01
    outer loop
      vertex   1.819678e+02 4.470893e+02 1.100000e+01
      vertex   1.819337e+02 4.470893e+02 1.125882e+01
      vertex   1.819337e+02 4.468305e+02 1.100000e+01
    endloop
  endfacet
  facet normal 9.831056e-01 -1.294283e-01 1.294283e-01
    outer loop
      vertex   1.819337e+02 4.468305e+02 1.100000e+01
      vertex   1.819337e+02 4.470893e+02 1.125882e+01
      vertex   1.819008e+02 4.468393e+02 1.125882e+01
    endloop
  endfacet
  facet normal 9.161086e-01 -3.794646e-01 1.294283e-01
    outer loop
      vertex   1.819337e+02 4.468305e+02 1.100000e+01
      vertex   1.819008e+02 4.468393e+02 1.125882e+01
      vertex   1.818338e+02 4.465893e+02 1.100000e+01
    endloop
  endfacet
  facet normal 9.161086e-01 -3.794646e-01 1.294283e-01
    outer loop
      vertex   1.818338e+02 4.465893e+02 1.100000e+01
      vertex   1.819008e+02 4.468393e+02 1.125882e+01
      vertex   1.818043e+02 4.466064e+02 1.125882e+01
    endloop
  endfacet
  facet normal 7.866803e-01 -6.036410e-01 1.294283e-01
    outer loop
      vertex   1.818338e+02 4.465893e+02 1.100000e+01
      vertex   1.818043e+02 4.466064e+02 1.125882e+01
      vertex   1.816749e+02 4.463822e+02 1.100000e+01
    endloop
  endfacet
  facet normal 7.866803e-01 -6.036410e-01 1.294283e-01
    outer loop
      vertex   1.816749e+02 4.463822e+02 1.100000e+01
      vertex   1.818043e+02 4.466064e+02 1.125882e+01
      vertex   1.816508e+02 4.464063e+02 1.125882e+01
    endloop
  endfacet
  facet normal 6.036410e-01 -7.866803e-01 1.294283e-01
    outer loop
      vertex   1.816749e+02 4.463822e+02 1.100000e+01
      vertex   1.816508e+02 4.464063e+02 1.125882e+01
      vertex   1.814678e+02 4.462233e+02 1.100000e+01
    endloop
  endfacet
  facet normal 6.036410e-01 -7.866803e-01 1.294283e-01
    outer loop
      vertex   1.814678e+02 4.462233e+02 1.100000e+01
      vertex   1.816508e+02 4.464063e+02 1.125882e+01
      vertex   1.814507e+02 4.462528e+02 1.125882e+01
    endloop
  endfacet
  facet normal 3.794646e-01 -9.161086e-01 1.294283e-01
    outer loop
      vertex   1.814678e+02 4.462233e+02 1.100000e+01
      vertex   1.814507e+02 4.462528e+02 1.125882e+01
      vertex   1.812266e+02 4.461234e+02 1.100000e+01
    endloop
  endfacet
  facet normal 3.794646e-01 -9.161086e-01 1.294283e-01
    outer loop
      vertex   1.812266e+02 4.461234e+02 1.100000e+01
      vertex   1.814507e+02 4.462528e+02 1.125882e+01
      vertex   1.812178e+02 4.461563e+02 1.125882e+01
    endloop
  endfacet
  facet normal 1.294283e-01 -9.831056e-01 1.294283e-01
    outer loop
      vertex   1.812266e+02 4.461234e+02 1.100000e+01
      vertex   1.812178e+02 4.461563e+02 1.125882e+01
      vertex   1.809678e+02 4.460893e+02 1.100000e+01
    endloop
  endfacet
  facet normal 1.294283e-01 -9.831056e-01 1.294283e-01
    outer loop
      vertex   1.809678e+02 4.460893e+02 1.100000e+01
      vertex   1.812178e+02 4.461563e+02 1.125882e+01
      vertex   1.809678e+02 4.461234e+02 1.125882e+01
    endloop
  endfacet
  facet normal -1.294283e-01 -9.831056e-01 1.294283e-01
    outer loop
      vertex   1.809678e+02 4.460893e+02 1.100000e+01
      vertex   1.809678e+02 4.461234e+02 1.125882e+01
      vertex   1.807089e+02 4.461234e+02 1.100000e+01
    endloop
  endfacet
  facet normal -1.294283e-01 -9.831056e-01 1.294283e-01
    outer loop
      vertex   1.807089e+02 4.461234e+02 1.100000e+01
      vertex   1.809678e+02 4.461234e+02 1.125882e+01
      vertex   1.807178e+02 4.461563e+02 1.125882e+01
    endloop
  endfacet
  facet normal -3.794646e-01 -9.161086e-01 1.294283e-01
    outer loop
      vertex   1.807089e+02 4.461234e+02 1.100000e+01
      vertex   1.807178e+02 4.461563e+02 1.125882e+01
      vertex   1.804678e+02 4.462233e+02 1.100000e+01
    endloop
  endfacet
  facet normal -3.794646e-01 -9.161086e-01 1.294283e-01
    outer loop
      vertex   1.804678e+02 4.462233e+02 1.100000e+01
      vertex   1.807178e+02 4.461563e+02 1.125882e+01
      vertex   1.804848e+02 4.462528e+02 1.125882e+01
    endloop
  endfacet
  facet normal -6.036410e-01 -7.866803e-01 1.294283e-01
    outer loop
      vertex   1.804678e+02 4.462233e+02 1.100000e+01
      vertex   1.804848e+02 4.462528e+02 1.125882e+01
      vertex   1.802607e+02 4.463822e+02 1.100000e+01
    endloop
  endfacet
  facet normal -6.036410e-01 -7.866803e-01 1.294283e-01
    outer loop
      vertex   1.802607e+02 4.463822e+02 1.100000e+01
      vertex   1.804848e+02 4.462528e+02 1.125882e+01
      vertex   1.802847e+02 4.464063e+02 1.125882e+01
    endloop
  endfacet
  facet normal -7.866803e-01 -6.036410e-01 1.294283e-01
    outer loop
      vertex   1.802607e+02 4.463822e+02 1.100000e+01
      vertex   1.802847e+02 4.464063e+02 1.125882e+01
      vertex   1.801017e+02 4.465893e+02 1.100000e+01
    endloop
  endfacet
  facet normal -7.866803e-01 -6.036410e-01 1.294283e-01
    outer loop
      vertex   1.801017e+02 4.465893e+02 1.100000e+01
      vertex   1.802847e+02 4.464063e+02 1.125882e+01
      vertex   1.801312e+02 4.466064e+02 1.125882e+01
    endloop
  endfacet
  facet normal -9.161086e-01 -3.794646e-01 1.294283e-01
    outer loop
      vertex   1.801017e+02 4.465893e+02 1.100000e+01
      vertex   1.801312e+02 4.466064e+02 1.125882e+01
      vertex   1.800018e+02 4.468305e+02 1.100000e+01
    endloop
  endfacet
  facet normal -9.161086e-01 -3.794646e-01 1.294283e-01
    outer loop
      vertex   1.800018e+02 4.468305e+02 1.100000e+01
      vertex   1.801312e+02 4.466064e+02 1.125882e+01
      vertex   1.800347e+02 4.468393e+02 1.125882e+01
    endloop
  endfacet
  facet normal -1.305069e-01 1.718156e-02 9.912985e-01
    outer loop
      vertex   1.807089e+02 4.470893e+02 1.196593e+01
      vertex   1.809678e+02 4.470893e+02 1.200000e+01
      vertex   1.807178e+02 4.471563e+02 1.196593e+01
    endloop
  endfacet
  facet normal -1.216131e-01 5.037379e-02 9.912985e-01
    outer loop
      vertex   1.807178e+02 4.471563e+02 1.196593e+01
      vertex   1.809678e+02 4.470893e+02 1.200000e+01
      vertex   1.807436e+02 4.472188e+02 1.196593e+01
    endloop
  endfacet
  facet normal -1.044315e-01 8.013313e-02 9.912985e-01
    outer loop
      vertex   1.807436e+02 4.472188e+02 1.196593e+01
      vertex   1.809678e+02 4.470893e+02 1.200000e+01
      vertex   1.807847e+02 4.472724e+02 1.196593e+01
    endloop
  endfacet
  facet normal -8.013313e-02 1.044315e-01 9.912985e-01
    outer loop
      vertex   1.807847e+02 4.472724e+02 1.196593e+01
      vertex   1.809678e+02 4.470893e+02 1.200000e+01
      vertex   1.808383e+02 4.473135e+02 1.196593e+01
    endloop
  endfacet
  facet normal -5.037379e-02 1.216131e-01 9.912985e-01
    outer loop
      vertex   1.808383e+02 4.473135e+02 1.196593e+01
      vertex   1.809678e+02 4.470893e+02 1.200000e+01
      vertex   1.809008e+02 4.473393e+02 1.196593e+01
    endloop
  endfacet
  facet normal -1.718156e-02 1.305069e-01 9.912985e-01
    outer loop
      vertex   1.809008e+02 4.473393e+02 1.196593e+01
      vertex   1.809678e+02 4.470893e+02 1.200000e+01
      vertex   1.809678e+02 4.473482e+02 1.196593e+01
    endloop
  endfacet
  facet normal 1.718156e-02 1.305069e-01 9.912985e-01
    outer loop
      vertex   1.809678e+02 4.473482e+02 1.196593e+01
      vertex   1.809678e+02 4.470893e+02 1.200000e+01
      vertex   1.810347e+02 4.473393e+02 1.196593e+01
    endloop
  endfacet
  facet normal 5.037379e-02 1.216131e-01 9.912985e-01
    outer loop
      vertex   1.810347e+02 4.473393e+02 1.196593e+01
      vertex   1.809678e+02 4.470893e+02 1.200000e+01
      vertex   1.810972e+02 4.473135e+02 1.196593e+01
    endloop
  endfacet
  facet normal 1.044315e-01 8.013313e-02 9.912985e-01
    outer loop
      vertex   1.811508e+02 4.472724e+02 1.196593e+01
      vertex   1.809678e+02 4.470893e+02 1.200000e+01
      vertex   1.811919e+02 4.472188e+02 1.196593e+01
    endloop
  endfacet
  facet normal 1.216131e-01 5.037379e-02 9.912985e-01
    outer loop
      vertex   1.811919e+02 4.472188e+02 1.196593e+01
      vertex   1.809678e+02 4.470893e+02 1.200000e+01
      vertex   1.812178e+02 4.471563e+02 1.196593e+01
    endloop
  endfacet
  facet normal 1.305069e-01 1.718156e-02 9.912985e-01
    outer loop
      vertex   1.812178e+02 4.471563e+02 1.196593e+01
      vertex   1.809678e+02 4.470893e+02 1.200000e+01
      vertex   1.812266e+02 4.470893e+02 1.196593e+01
    endloop
  endfacet
  facet normal 1.305069e-01 -1.718156e-02 9.912985e-01
    outer loop
      vertex   1.812266e+02 4.470893e+02 1.196593e+01
      vertex   1.809678e+02 4.470893e+02 1.200000e+01
      vertex   1.812178e+02 4.470224e+02 1.196593e+01
    endloop
  endfacet
  facet normal 1.216131e-01 -5.037379e-02 9.912985e-01
    outer loop
      vertex   1.812178e+02 4.470224e+02 1.196593e+01
      vertex   1.809678e+02 4.470893e+02 1.200000e+01
      vertex   1.811919e+02 4.469599e+02 1.196593e+01
    endloop
  endfacet
  facet normal 1.044315e-01 -8.013313e-02 9.912985e-01
    outer loop
      vertex   1.811919e+02 4.469599e+02 1.196593e+01
      vertex   1.809678e+02 4.470893e+02 1.200000e+01
      vertex   1.811508e+02 4.469063e+02 1.196593e+01
    endloop
  endfacet
  facet normal 8.013313e-02 -1.044315e-01 9.912985e-01
    outer loop
      vertex   1.811508e+02 4.469063e+02 1.196593e+01
      vertex   1.809678e+02 4.470893e+02 1.200000e+01
      vertex   1.810972e+02 4.468652e+02 1.196593e+01
    endloop
  endfacet
  facet normal 1.718156e-02 -1.305069e-01 9.912985e-01
    outer loop
      vertex   1.810347e+02 4.468393e+02 1.196593e+01
      vertex   1.809678e+02 4.470893e+02 1.200000e+01
      vertex   1.809678e+02 4.468305e+02 1.196593e+01
    endloop
  endfacet
  facet normal -1.718156e-02 -1.305069e-01 9.912985e-01
    outer loop
      vertex   1.809678e+02 4.468305e+02 1.196593e+01
      vertex   1.809678e+02 4.470893e+02 1.200000e+01
      vertex   1.809008e+02 4.468393e+02 1.196593e+01
    endloop
  endfacet
  facet normal -5.037379e-02 -1.216131e-01 9.912985e-01
    outer loop
      vertex   1.809008e+02 4.468393e+02 1.196593e+01
      vertex   1.809678e+02 4.470893e+02 1.200000e+01
      vertex   1.808383e+02 4.468652e+02 1.196593e+01
    endloop
  endfacet
  facet normal -8.013313e-02 -1.044315e-01 9.912985e-01
    outer loop
      vertex   1.808383e+02 4.468652e+02 1.196593e+01
      vertex   1.809678e+02 4.470893e+02 1.200000e+01
      vertex   1.807847e+02 4.469063e+02 1.196593e+01
    endloop
  endfacet
  facet normal -1.044315e-01 -8.013313e-02 9.912985e-01
    outer loop
      vertex   1.807847e+02 4.469063e+02 1.196593e+01
      vertex   1.809678e+02 4.470893e+02 1.200000e+01
      vertex   1.807436e+02 4.469599e+02 1.196593e+01
    endloop
  endfacet
  facet normal -1.216131e-01 -5.037379e-02 9.912985e-01
    outer loop
      vertex   1.807436e+02 4.469599e+02 1.196593e+01
      vertex   1.809678e+02 4.470893e+02 1.200000e+01
      vertex   1.807178e+02 4.470224e+02 1.196593e+01
    endloop
  endfacet
  facet normal -1.305069e-01 -1.718156e-02 9.912985e-01
    outer loop
      vertex   1.807178e+02 4.470224e+02 1.196593e+01
      vertex   1.809678e+02 4.470893e+02 1.200000e+01
      vertex   1.807089e+02 4.470893e+02 1.196593e+01
    endloop
  endfacet
  facet normal -9.171204e-01 1.207412e-01 3.798837e-01
    outer loop
      vertex   1.800018e+02 4.470893e+02 1.125882e+01
      vertex   1.801017e+02 4.470893e+02 1.150000e+01
      vertex   1.800347e+02 4.473393e+02 1.125882e+01
    endloop
  endfacet
  facet normal -9.171204e-01 1.207412e-01 3.798837e-01
    outer loop
      vertex   1.800347e+02 4.473393e+02 1.125882e+01
      vertex   1.801017e+02 4.470893e+02 1.150000e+01
      vertex   1.801312e+02 4.473135e+02 1.150000e+01
    endloop
  endfacet
  facet normal -8.546202e-01 3.539953e-01 3.798837e-01
    outer loop
      vertex   1.800347e+02 4.473393e+02 1.125882e+01
      vertex   1.801312e+02 4.473135e+02 1.150000e+01
      vertex   1.801312e+02 4.475723e+02 1.125882e+01
    endloop
  endfacet
  facet normal -8.546202e-01 3.539953e-01 3.798837e-01
    outer loop
      vertex   1.801312e+02 4.475723e+02 1.125882e+01
      vertex   1.801312e+02 4.473135e+02 1.150000e+01
      vertex   1.802178e+02 4.475224e+02 1.150000e+01
    endloop
  endfacet
  facet normal -7.338790e-01 5.631252e-01 3.798837e-01
    outer loop
      vertex   1.801312e+02 4.475723e+02 1.125882e+01
      vertex   1.802178e+02 4.475224e+02 1.150000e+01
      vertex   1.802847e+02 4.477724e+02 1.125882e+01
    endloop
  endfacet
  facet normal -7.338790e-01 5.631252e-01 3.798837e-01
    outer loop
      vertex   1.802847e+02 4.477724e+02 1.125882e+01
      vertex   1.802178e+02 4.475224e+02 1.150000e+01
      vertex   1.803554e+02 4.477017e+02 1.150000e+01
    endloop
  endfacet
  facet normal -5.631252e-01 7.338790e-01 3.798837e-01
    outer loop
      vertex   1.802847e+02 4.477724e+02 1.125882e+01
      vertex   1.803554e+02 4.477017e+02 1.150000e+01
      vertex   1.804848e+02 4.479259e+02 1.125882e+01
    endloop
  endfacet
  facet normal -5.631252e-01 7.338790e-01 3.798837e-01
    outer loop
      vertex   1.804848e+02 4.479259e+02 1.125882e+01
      vertex   1.803554e+02 4.477017e+02 1.150000e+01
      vertex   1.805347e+02 4.478393e+02 1.150000e+01
    endloop
  endfacet
  facet normal -3.539953e-01 8.546202e-01 3.798837e-01
    outer loop
      vertex   1.804848e+02 4.479259e+02 1.125882e+01
      vertex   1.805347e+02 4.478393e+02 1.150000e+01
      vertex   1.807178e+02 4.480224e+02 1.125882e+01
    endloop
  endfacet
  facet normal -3.539953e-01 8.546202e-01 3.798837e-01
    outer loop
      vertex   1.807178e+02 4.480224e+02 1.125882e+01
      vertex   1.805347e+02 4.478393e+02 1.150000e+01
      vertex   1.807436e+02 4.479259e+02 1.150000e+01
    endloop
  endfacet
  facet normal -1.207412e-01 9.171204e-01 3.798837e-01
    outer loop
      vertex   1.807178e+02 4.480224e+02 1.125882e+01
      vertex   1.807436e+02 4.479259e+02 1.150000e+01
      vertex   1.809678e+02 4.480553e+02 1.125882e+01
    endloop
  endfacet
  facet normal -1.207412e-01 9.171204e-01 3.798837e-01
    outer loop
      vertex   1.809678e+02 4.480553e+02 1.125882e+01
      vertex   1.807436e+02 4.479259e+02 1.150000e+01
      vertex   1.809678e+02 4.479554e+02 1.150000e+01
    endloop
  endfacet
  facet normal 1.207412e-01 9.171204e-01 3.798837e-01
    outer loop
      vertex   1.809678e+02 4.480553e+02 1.125882e+01
      vertex   1.809678e+02 4.479554e+02 1.150000e+01
      vertex   1.812178e+02 4.480224e+02 1.125882e+01
    endloop
  endfacet
  facet normal 1.207412e-01 9.171204e-01 3.798837e-01
    outer loop
      vertex   1.812178e+02 4.480224e+02 1.125882e+01
      vertex   1.809678e+02 4.479554e+02 1.150000e+01
      vertex   1.811919e+02 4.479259e+02 1.150000e+01
    endloop
  endfacet
  facet normal 3.539953e-01 8.546202e-01 3.798837e-01
    outer loop
      vertex   1.812178e+02 4.480224e+02 1.125882e+01
      vertex   1.811919e+02 4.479259e+02 1.150000e+01
      vertex   1.814507e+02 4.479259e+02 1.125882e+01
    endloop
  endfacet
  facet normal 3.539953e-01 8.546202e-01 3.798837e-01
    outer loop
      vertex   1.814507e+02 4.479259e+02 1.125882e+01
      vertex   1.811919e+02 4.479259e+02 1.150000e+01
      vertex   1.814008e+02 4.478393e+02 1.150000e+01
    endloop
  endfacet
  facet normal 5.631252e-01 7.338790e-01 3.798837e-01
    outer loop
      vertex   1.814507e+02 4.479259e+02 1.125882e+01
      vertex   1.814008e+02 4.478393e+02 1.150000e+01
      vertex   1.816508e+02 4.477724e+02 1.125882e+01
    endloop
  endfacet
  facet normal 5.631252e-01 7.338790e-01 3.798837e-01
    outer loop
      vertex   1.816508e+02 4.477724e+02 1.125882e+01
      vertex   1.814008e+02 4.478393e+02 1.150000e+01
      vertex   1.815801e+02 4.477017e+02 1.150000e+01
    endloop
  endfacet
  facet normal 7.338790e-01 5.631252e-01 3.798837e-01
    outer loop
      vertex   1.816508e+02 4.477724e+02 1.125882e+01
      vertex   1.815801e+02 4.477017e+02 1.150000e+01
      vertex   1.818043e+02 4.475723e+02 1.125882e+01
    endloop
  endfacet
  facet normal 7.338790e-01 5.631252e-01 3.798837e-01
    outer loop
      vertex   1.818043e+02 4.475723e+02 1.125882e+01
      vertex   1.815801e+02 4.477017e+02 1.150000e+01
      vertex   1.817178e+02 4.475224e+02 1.150000e+01
    endloop
  endfacet
  facet normal 8.546202e-01 3.539953e-01 3.798837e-01
    outer loop
      vertex   1.818043e+02 4.475723e+02 1.125882e+01
      vertex   1.817178e+02 4.475224e+02 1.150000e+01
      vertex   1.819008e+02 4.473393e+02 1.125882e+01
    endloop
  endfacet
  facet normal 8.546202e-01 3.539953e-01 3.798837e-01
    outer loop
      vertex   1.819008e+02 4.473393e+02 1.125882e+01
      vertex   1.817178e+02 4.475224e+02 1.150000e+01
      vertex   1.818043e+02 4.473135e+02 1.150000e+01
    endloop
  endfacet
  facet normal 9.171204e-01 1.207412e-01 3.798837e-01
    outer loop
      vertex   1.819008e+02 4.473393e+02 1.125882e+01
      vertex   1.818043e+02 4.473135e+02 1.150000e+01
      vertex   1.819337e+02 4.470893e+02 1.125882e+01
    endloop
  endfacet
  facet normal 9.171204e-01 1.207412e-01 3.798837e-01
    outer loop
      vertex   1.819337e+02 4.470893e+02 1.125882e+01
      vertex   1.818043e+02 4.473135e+02 1.150000e+01
      vertex   1.818338e+02 4.470893e+02 1.150000e+01
    endloop
  endfacet
  facet normal 9.171204e-01 -1.207412e-01 3.798837e-01
    outer loop
      vertex   1.819337e+02 4.470893e+02 1.125882e+01
      vertex   1.818338e+02 4.470893e+02 1.150000e+01
      vertex   1.819008e+02 4.468393e+02 1.125882e+01
    endloop
  endfacet
  facet normal 9.171204e-01 -1.207412e-01 3.798837e-01
    outer loop
      vertex   1.819008e+02 4.468393e+02 1.125882e+01
      vertex   1.818338e+02 4.470893e+02 1.150000e+01
      vertex   1.818043e+02 4.468652e+02 1.150000e+01
    endloop
  endfacet
  facet normal 8.546202e-01 -3.539953e-01 3.798837e-01
    outer loop
      vertex   1.819008e+02 4.468393e+02 1.125882e+01
      vertex   1.818043e+02 4.468652e+02 1.150000e+01
      vertex   1.818043e+02 4.466064e+02 1.125882e+01
    endloop
  endfacet
  facet normal 8.546202e-01 -3.539953e-01 3.798837e-01
    outer loop
      vertex   1.818043e+02 4.466064e+02 1.125882e+01
      vertex   1.818043e+02 4.468652e+02 1.150000e+01
      vertex   1.817178e+02 4.466563e+02 1.150000e+01
    endloop
  endfacet
  facet normal 7.338790e-01 -5.631252e-01 3.798837e-01
    outer loop
      vertex   1.818043e+02 4.466064e+02 1.125882e+01
      vertex   1.817178e+02 4.466563e+02 1.150000e+01
      vertex   1.816508e+02 4.464063e+02 1.125882e+01
    endloop
  endfacet
  facet normal 7.338790e-01 -5.631252e-01 3.798837e-01
    outer loop
      vertex   1.816508e+02 4.464063e+02 1.125882e+01
      vertex   1.817178e+02 4.466563e+02 1.150000e+01
      vertex   1.815801e+02 4.464770e+02 1.150000e+01
    endloop
  endfacet
  facet normal 5.631252e-01 -7.338790e-01 3.798837e-01
    outer loop
      vertex   1.816508e+02 4.464063e+02 1.125882e+01
      vertex   1.815801e+02 4.464770e+02 1.150000e+01
      vertex   1.814507e+02 4.462528e+02 1.125882e+01
    endloop
  endfacet
  facet normal 5.631252e-01 -7.338790e-01 3.798837e-01
    outer loop
      vertex   1.814507e+02 4.462528e+02 1.125882e+01
      vertex   1.815801e+02 4.464770e+02 1.150000e+01
      vertex   1.814008e+02 4.463393e+02 1.150000e+01
    endloop
  endfacet
  facet normal 3.539953e-01 -8.546202e-01 3.798837e-01
    outer loop
      vertex   1.814507e+02 4.462528e+02 1.125882e+01
      vertex   1.814008e+02 4.463393e+02 1.150000e+01
      vertex   1.812178e+02 4.461563e+02 1.125882e+01
    endloop
  endfacet
  facet normal 3.539953e-01 -8.546202e-01 3.798837e-01
    outer loop
      vertex   1.812178e+02 4.461563e+02 1.125882e+01
      vertex   1.814008e+02 4.463393e+02 1.150000e+01
      vertex   1.811919e+02 4.462528e+02 1.150000e+01
    endloop
  endfacet
  facet normal 1.207412e-01 -9.171204e-01 3.798837e-01
    outer loop
      vertex   1.812178e+02 4.461563e+02 1.125882e+01
      vertex   1.811919e+02 4.462528e+02 1.150000e+01
      vertex   1.809678e+02 4.461234e+02 1.125882e+01
    endloop
  endfacet
  facet normal 1.207412e-01 -9.171204e-01 3.798837e-01
    outer loop
      vertex   1.809678e+02 4.461234e+02 1.125882e+01
      vertex   1.811919e+02 4.462528e+02 1.150000e+01
      vertex   1.809678e+02 4.462233e+02 1.150000e+01
    endloop
  endfacet
  facet normal -1.207412e-01 -9.171204e-01 3.798837e-01
    outer loop
      vertex   1.809678e+02 4.461234e+02 1.125882e+01
      vertex   1.809678e+02 4.462233e+02 1.150000e+01
      vertex   1.807178e+02 4.461563e+02 1.125882e+01
    endloop
  endfacet
  facet normal -1.207412e-01 -9.171204e-01 3.798837e-01
    outer loop
      vertex   1.807178e+02 4.461563e+02 1.125882e+01
      vertex   1.809678e+02 4.462233e+02 1.150000e+01
      vertex   1.807436e+02 4.462528e+02 1.150000e+01
    endloop
  endfacet
  facet normal -3.539953e-01 -8.546202e-01 3.798837e-01
    outer loop
      vertex   1.807178e+02 4.461563e+02 1.125882e+01
      vertex   1.807436e+02 4.462528e+02 1.150000e+01
      vertex   1.804848e+02 4.462528e+02 1.125882e+01
    endloop
  endfacet
  facet normal -3.539953e-01 -8.546202e-01 3.798837e-01
    outer loop
      vertex   1.804848e+02 4.462528e+02 1.125882e+01
      vertex   1.807436e+02 4.462528e+02 1.150000e+01
      vertex   1.805347e+02 4.463393e+02 1.150000e+01
    endloop
  endfacet
  facet normal -5.631252e-01 -7.338790e-01 3.798837e-01
    outer loop
      vertex   1.804848e+02 4.462528e+02 1.125882e+01
      vertex   1.805347e+02 4.463393e+02 1.150000e+01
      vertex   1.802847e+02 4.464063e+02 1.125882e+01
    endloop
  endfacet
  facet normal -5.631252e-01 -7.338790e-01 3.798837e-01
    outer loop
      vertex   1.802847e+02 4.464063e+02 1.125882e+01
      vertex   1.805347e+02 4.463393e+02 1.150000e+01
      vertex   1.803554e+02 4.464770e+02 1.150000e+01
    endloop
  endfacet
  facet normal -7.338790e-01 -5.631252e-01 3.798837e-01
    outer loop
      vertex   1.802847e+02 4.464063e+02 1.125882e+01
      vertex   1.803554e+02 4.464770e+02 1.150000e+01
      vertex   1.801312e+02 4.466064e+02 1.125882e+01
    endloop
  endfacet
  facet normal -7.338790e-01 -5.631252e-01 3.798837e-01
    outer loop
      vertex   1.801312e+02 4.466064e+02 1.125882e+01
      vertex   1.803554e+02 4.464770e+02 1.150000e+01
      vertex   1.802178e+02 4.466563e+02 1.150000e+01
    endloop
  endfacet
  facet normal -8.546202e-01 -3.539953e-01 3.798837e-01
    outer loop
      vertex   1.801312e+02 4.466064e+02 1.125882e+01
      vertex   1.802178e+02 4.466563e+02 1.150000e+01
      vertex   1.800347e+02 4.468393e+02 1.125882e+01
    endloop
  endfacet
  facet normal -8.546202e-01 -3.539953e-01 3.798837e-01
    outer loop
      vertex   1.800347e+02 4.468393e+02 1.125882e+01
      vertex   1.802178e+02 4.466563e+02 1.150000e+01
      vertex   1.801312e+02 4.468652e+02 1.150000e+01
    endloop
  endfacet
  facet normal -9.171204e-01 -1.207412e-01 3.798837e-01
    outer loop
      vertex   1.800347e+02 4.468393e+02 1.125882e+01
      vertex   1.801312e+02 4.468652e+02 1.150000e+01
      vertex   1.800018e+02 4.470893e+02 1.125882e+01
    endloop
  endfacet
  facet normal -9.171204e-01 -1.207412e-01 3.798837e-01
    outer loop
      vertex   1.800018e+02 4.470893e+02 1.125882e+01
      vertex   1.801312e+02 4.468652e+02 1.150000e+01
      vertex   1.801017e+02 4.470893e+02 1.150000e+01
    endloop
  endfacet
  facet normal -7.890610e-01 1.038819e-01 6.054678e-01
    outer loop
      vertex   1.801017e+02 4.470893e+02 1.150000e+01
      vertex   1.802607e+02 4.470893e+02 1.170711e+01
      vertex   1.801312e+02 4.473135e+02 1.150000e+01
    endloop
  endfacet
  facet normal -7.890610e-01 1.038819e-01 6.054678e-01
    outer loop
      vertex   1.801312e+02 4.473135e+02 1.150000e+01
      vertex   1.802607e+02 4.470893e+02 1.170711e+01
      vertex   1.802847e+02 4.472724e+02 1.170711e+01
    endloop
  endfacet
  facet normal -7.352878e-01 3.045662e-01 6.054678e-01
    outer loop
      vertex   1.801312e+02 4.473135e+02 1.150000e+01
      vertex   1.802847e+02 4.472724e+02 1.170711e+01
      vertex   1.802178e+02 4.475224e+02 1.150000e+01
    endloop
  endfacet
  facet normal -7.352878e-01 3.045662e-01 6.054678e-01
    outer loop
      vertex   1.802178e+02 4.475224e+02 1.150000e+01
      vertex   1.802847e+02 4.472724e+02 1.170711e+01
      vertex   1.803554e+02 4.474429e+02 1.170711e+01
    endloop
  endfacet
  facet normal -6.314060e-01 4.844948e-01 6.054678e-01
    outer loop
      vertex   1.802178e+02 4.475224e+02 1.150000e+01
      vertex   1.803554e+02 4.474429e+02 1.170711e+01
      vertex   1.803554e+02 4.477017e+02 1.150000e+01
    endloop
  endfacet
  facet normal -6.314060e-01 4.844948e-01 6.054678e-01
    outer loop
      vertex   1.803554e+02 4.477017e+02 1.150000e+01
      vertex   1.803554e+02 4.474429e+02 1.170711e+01
      vertex   1.804678e+02 4.475893e+02 1.170711e+01
    endloop
  endfacet
  facet normal -4.844948e-01 6.314060e-01 6.054678e-01
    outer loop
      vertex   1.803554e+02 4.477017e+02 1.150000e+01
      vertex   1.804678e+02 4.475893e+02 1.170711e+01
      vertex   1.805347e+02 4.478393e+02 1.150000e+01
    endloop
  endfacet
  facet normal -4.844948e-01 6.314060e-01 6.054678e-01
    outer loop
      vertex   1.805347e+02 4.478393e+02 1.150000e+01
      vertex   1.804678e+02 4.475893e+02 1.170711e+01
      vertex   1.806142e+02 4.477017e+02 1.170711e+01
    endloop
  endfacet
  facet normal -3.045662e-01 7.352878e-01 6.054678e-01
    outer loop
      vertex   1.805347e+02 4.478393e+02 1.150000e+01
      vertex   1.806142e+02 4.477017e+02 1.170711e+01
      vertex   1.807436e+02 4.479259e+02 1.150000e+01
    endloop
  endfacet
  facet normal -3.045662e-01 7.352878e-01 6.054678e-01
    outer loop
      vertex   1.807436e+02 4.479259e+02 1.150000e+01
      vertex   1.806142e+02 4.477017e+02 1.170711e+01
      vertex   1.807847e+02 4.477724e+02 1.170711e+01
    endloop
  endfacet
  facet normal -1.038819e-01 7.890610e-01 6.054678e-01
    outer loop
      vertex   1.807436e+02 4.479259e+02 1.150000e+01
      vertex   1.807847e+02 4.477724e+02 1.170711e+01
      vertex   1.809678e+02 4.479554e+02 1.150000e+01
    endloop
  endfacet
  facet normal -1.038819e-01 7.890610e-01 6.054678e-01
    outer loop
      vertex   1.809678e+02 4.479554e+02 1.150000e+01
      vertex   1.807847e+02 4.477724e+02 1.170711e+01
      vertex   1.809678e+02 4.477964e+02 1.170711e+01
    endloop
  endfacet
  facet normal 1.038819e-01 7.890610e-01 6.054678e-01
    outer loop
      vertex   1.809678e+02 4.479554e+02 1.150000e+01
      vertex   1.809678e+02 4.477964e+02 1.170711e+01
      vertex   1.811919e+02 4.479259e+02 1.150000e+01
    endloop
  endfacet
  facet normal 1.038819e-01 7.890610e-01 6.054678e-01
    outer loop
      vertex   1.811919e+02 4.479259e+02 1.150000e+01
      vertex   1.809678e+02 4.477964e+02 1.170711e+01
      vertex   1.811508e+02 4.477724e+02 1.170711e+01
    endloop
  endfacet
  facet normal 3.045662e-01 7.352878e-01 6.054678e-01
    outer loop
      vertex   1.811919e+02 4.479259e+02 1.150000e+01
      vertex   1.811508e+02 4.477724e+02 1.170711e+01
      vertex   1.814008e+02 4.478393e+02 1.150000e+01
    endloop
  endfacet
  facet normal 3.045662e-01 7.352878e-01 6.054678e-01
    outer loop
      vertex   1.814008e+02 4.478393e+02 1.150000e+01
      vertex   1.811508e+02 4.477724e+02 1.170711e+01
      vertex   1.813213e+02 4.477017e+02 1.170711e+01
    endloop
  endfacet
  facet normal 4.844948e-01 6.314060e-01 6.054678e-01
    outer loop
      vertex   1.814008e+02 4.478393e+02 1.150000e+01
      vertex   1.813213e+02 4.477017e+02 1.170711e+01
      vertex   1.815801e+02 4.477017e+02 1.150000e+01
    endloop
  endfacet
  facet normal 4.844948e-01 6.314060e-01 6.054678e-01
    outer loop
      vertex   1.815801e+02 4.477017e+02 1.150000e+01
      vertex   1.813213e+02 4.477017e+02 1.170711e+01
      vertex   1.814678e+02 4.475893e+02 1.170711e+01
    endloop
  endfacet
  facet normal 6.314060e-01 4.844948e-01 6.054678e-01
    outer loop
      vertex   1.815801e+02 4.477017e+02 1.150000e+01
      vertex   1.814678e+02 4.475893e+02 1.170711e+01
      vertex   1.817178e+02 4.475224e+02 1.150000e+01
    endloop
  endfacet
  facet normal 6.314060e-01 4.844948e-01 6.054678e-01
    outer loop
      vertex   1.817178e+02 4.475224e+02 1.150000e+01
      vertex   1.814678e+02 4.475893e+02 1.170711e+01
      vertex   1.815801e+02 4.474429e+02 1.170711e+01
    endloop
  endfacet
  facet normal 7.352878e-01 3.045662e-01 6.054678e-01
    outer loop
      vertex   1.817178e+02 4.475224e+02 1.150000e+01
      vertex   1.815801e+02 4.474429e+02 1.170711e+01
      vertex   1.818043e+02 4.473135e+02 1.150000e+01
    endloop
  endfacet
  facet normal 7.352878e-01 3.045662e-01 6.054678e-01
    outer loop
      vertex   1.818043e+02 4.473135e+02 1.150000e+01
      vertex   1.815801e+02 4.474429e+02 1.170711e+01
      vertex   1.816508e+02 4.472724e+02 1.170711e+01
    endloop
  endfacet
  facet normal 7.890610e-01 1.038819e-01 6.054678e-01
    outer loop
      vertex   1.818043e+02 4.473135e+02 1.150000e+01
      vertex   1.816508e+02 4.472724e+02 1.170711e+01
      vertex   1.818338e+02 4.470893e+02 1.150000e+01
    endloop
  endfacet
  facet normal 7.890610e-01 1.038819e-01 6.054678e-01
    outer loop
      vertex   1.818338e+02 4.470893e+02 1.150000e+01
      vertex   1.816508e+02 4.472724e+02 1.170711e+01
      vertex   1.816749e+02 4.470893e+02 1.170711e+01
    endloop
  endfacet
  facet normal 7.890610e-01 -1.038819e-01 6.054678e-01
    outer loop
      vertex   1.818338e+02 4.470893e+02 1.150000e+01
      vertex   1.816749e+02 4.470893e+02 1.170711e+01
      vertex   1.818043e+02 4.468652e+02 1.150000e+01
    endloop
  endfacet
  facet normal 7.890610e-01 -1.038819e-01 6.054678e-01
    outer loop
      vertex   1.818043e+02 4.468652e+02 1.150000e+01
      vertex   1.816749e+02 4.470893e+02 1.170711e+01
      vertex   1.816508e+02 4.469063e+02 1.170711e+01
    endloop
  endfacet
  facet normal 7.352878e-01 -3.045662e-01 6.054678e-01
    outer loop
      vertex   1.818043e+02 4.468652e+02 1.150000e+01
      vertex   1.816508e+02 4.469063e+02 1.170711e+01
      vertex   1.817178e+02 4.466563e+02 1.150000e+01
    endloop
  endfacet
  facet normal 7.352878e-01 -3.045662e-01 6.054678e-01
    outer loop
      vertex   1.817178e+02 4.466563e+02 1.150000e+01
      vertex   1.816508e+02 4.469063e+02 1.170711e+01
      vertex   1.815801e+02 4.467358e+02 1.170711e+01
    endloop
  endfacet
  facet normal 6.314060e-01 -4.844948e-01 6.054678e-01
    outer loop
      vertex   1.817178e+02 4.466563e+02 1.150000e+01
      vertex   1.815801e+02 4.467358e+02 1.170711e+01
      vertex   1.815801e+02 4.464770e+02 1.150000e+01
    endloop
  endfacet
  facet normal 6.314060e-01 -4.844948e-01 6.054678e-01
    outer loop
      vertex   1.815801e+02 4.464770e+02 1.150000e+01
      vertex   1.815801e+02 4.467358e+02 1.170711e+01
      vertex   1.814678e+02 4.465893e+02 1.170711e+01
    endloop
  endfacet
  facet normal 4.844948e-01 -6.314060e-01 6.054678e-01
    outer loop
      vertex   1.815801e+02 4.464770e+02 1.150000e+01
      vertex   1.814678e+02 4.465893e+02 1.170711e+01
      vertex   1.814008e+02 4.463393e+02 1.150000e+01
    endloop
  endfacet
  facet normal 4.844948e-01 -6.314060e-01 6.054678e-01
    outer loop
      vertex   1.814008e+02 4.463393e+02 1.150000e+01
      vertex   1.814678e+02 4.465893e+02 1.170711e+01
      vertex   1.813213e+02 4.464770e+02 1.170711e+01
    endloop
  endfacet
  facet normal 3.045662e-01 -7.352878e-01 6.054678e-01
    outer loop
      vertex   1.814008e+02 4.463393e+02 1.150000e+01
      vertex   1.813213e+02 4.464770e+02 1.170711e+01
      vertex   1.811919e+02 4.462528e+02 1.150000e+01
    endloop
  endfacet
  facet normal 3.045662e-01 -7.352878e-01 6.054678e-01
    outer loop
      vertex   1.811919e+02 4.462528e+02 1.150000e+01
      vertex   1.813213e+02 4.464770e+02 1.170711e+01
      vertex   1.811508e+02 4.464063e+02 1.170711e+01
    endloop
  endfacet
  facet normal 1.038819e-01 -7.890610e-01 6.054678e-01
    outer loop
      vertex   1.811919e+02 4.462528e+02 1.150000e+01
      vertex   1.811508e+02 4.464063e+02 1.170711e+01
      vertex   1.809678e+02 4.462233e+02 1.150000e+01
    endloop
  endfacet
  facet normal 1.038819e-01 -7.890610e-01 6.054678e-01
    outer loop
      vertex   1.809678e+02 4.462233e+02 1.150000e+01
      vertex   1.811508e+02 4.464063e+02 1.170711e+01
      vertex   1.809678e+02 4.463822e+02 1.170711e+01
    endloop
  endfacet
  facet normal -1.038819e-01 -7.890610e-01 6.054678e-01
    outer loop
      vertex   1.809678e+02 4.462233e+02 1.150000e+01
      vertex   1.809678e+02 4.463822e+02 1.170711e+01
      vertex   1.807436e+02 4.462528e+02 1.150000e+01
    endloop
  endfacet
  facet normal -1.038819e-01 -7.890610e-01 6.054678e-01
    outer loop
      vertex   1.807436e+02 4.462528e+02 1.150000e+01
      vertex   1.809678e+02 4.463822e+02 1.170711e+01
      vertex   1.807847e+02 4.464063e+02 1.170711e+01
    endloop
  endfacet
  facet normal -3.045662e-01 -7.352878e-01 6.054678e-01
    outer loop
      vertex   1.807436e+02 4.462528e+02 1.150000e+01
      vertex   1.807847e+02 4.464063e+02 1.170711e+01
      vertex   1.805347e+02 4.463393e+02 1.150000e+01
    endloop
  endfacet
  facet normal -3.045662e-01 -7.352878e-01 6.054678e-01
    outer loop
      vertex   1.805347e+02 4.463393e+02 1.150000e+01
      vertex   1.807847e+02 4.464063e+02 1.170711e+01
      vertex   1.806142e+02 4.464770e+02 1.170711e+01
    endloop
  endfacet
  facet normal -4.844948e-01 -6.314060e-01 6.054678e-01
    outer loop
      vertex   1.805347e+02 4.463393e+02 1.150000e+01
      vertex   1.806142e+02 4.464770e+02 1.170711e+01
      vertex   1.803554e+02 4.464770e+02 1.150000e+01
    endloop
  endfacet
  facet normal -4.844948e-01 -6.314060e-01 6.054678e-01
    outer loop
      vertex   1.803554e+02 4.464770e+02 1.150000e+01
      vertex   1.806142e+02 4.464770e+02 1.170711e+01
      vertex   1.804678e+02 4.465893e+02 1.170711e+01
    endloop
  endfacet
  facet normal -6.314060e-01 -4.844948e-01 6.054678e-01
    outer loop
      vertex   1.803554e+02 4.464770e+02 1.150000e+01
      vertex   1.804678e+02 4.465893e+02 1.170711e+01
      vertex   1.802178e+02 4.466563e+02 1.150000e+01
    endloop
  endfacet
  facet normal -6.314060e-01 -4.844948e-01 6.054678e-01
    outer loop
      vertex   1.802178e+02 4.466563e+02 1.150000e+01
      vertex   1.804678e+02 4.465893e+02 1.170711e+01
      vertex   1.803554e+02 4.467358e+02 1.170711e+01
    endloop
  endfacet
  facet normal -7.352878e-01 -3.045662e-01 6.054678e-01
    outer loop
      vertex   1.802178e+02 4.466563e+02 1.150000e+01
      vertex   1.803554e+02 4.467358e+02 1.170711e+01
      vertex   1.801312e+02 4.468652e+02 1.150000e+01
    endloop
  endfacet
  facet normal -7.352878e-01 -3.045662e-01 6.054678e-01
    outer loop
      vertex   1.801312e+02 4.468652e+02 1.150000e+01
      vertex   1.803554e+02 4.467358e+02 1.170711e+01
      vertex   1.802847e+02 4.469063e+02 1.170711e+01
    endloop
  endfacet
  facet normal -7.890610e-01 -1.038819e-01 6.054678e-01
    outer loop
      vertex   1.801312e+02 4.468652e+02 1.150000e+01
      vertex   1.802847e+02 4.469063e+02 1.170711e+01
      vertex   1.801017e+02 4.470893e+02 1.150000e+01
    endloop
  endfacet
  facet normal -7.890610e-01 -1.038819e-01 6.054678e-01
    outer loop
      vertex   1.801017e+02 4.470893e+02 1.150000e+01
      vertex   1.802847e+02 4.469063e+02 1.170711e+01
      vertex   1.802607e+02 4.470893e+02 1.170711e+01
    endloop
  endfacet
  facet normal -6.068157e-01 7.988880e-02 7.908176e-01
    outer loop
      vertex   1.802607e+02 4.470893e+02 1.170711e+01
      vertex   1.804678e+02 4.470893e+02 1.186603e+01
      vertex   1.802847e+02 4.472724e+02 1.170711e+01
    endloop
  endfacet
  facet normal -6.068157e-01 7.988880e-02 7.908176e-01
    outer loop
      vertex   1.802847e+02 4.472724e+02 1.170711e+01
      vertex   1.804678e+02 4.470893e+02 1.186603e+01
      vertex   1.804848e+02 4.472188e+02 1.186603e+01
    endloop
  endfacet
  facet normal -5.654622e-01 2.342221e-01 7.908176e-01
    outer loop
      vertex   1.802847e+02 4.472724e+02 1.170711e+01
      vertex   1.804848e+02 4.472188e+02 1.186603e+01
      vertex   1.803554e+02 4.474429e+02 1.170711e+01
    endloop
  endfacet
  facet normal -5.654622e-01 2.342221e-01 7.908176e-01
    outer loop
      vertex   1.803554e+02 4.474429e+02 1.170711e+01
      vertex   1.804848e+02 4.472188e+02 1.186603e+01
      vertex   1.805347e+02 4.473393e+02 1.186603e+01
    endloop
  endfacet
  facet normal -4.855734e-01 3.725936e-01 7.908176e-01
    outer loop
      vertex   1.803554e+02 4.474429e+02 1.170711e+01
      vertex   1.805347e+02 4.473393e+02 1.186603e+01
      vertex   1.804678e+02 4.475893e+02 1.170711e+01
    endloop
  endfacet
  facet normal -4.855734e-01 3.725936e-01 7.908176e-01
    outer loop
      vertex   1.804678e+02 4.475893e+02 1.170711e+01
      vertex   1.805347e+02 4.473393e+02 1.186603e+01
      vertex   1.806142e+02 4.474429e+02 1.186603e+01
    endloop
  endfacet
  facet normal -3.725936e-01 4.855734e-01 7.908176e-01
    outer loop
      vertex   1.804678e+02 4.475893e+02 1.170711e+01
      vertex   1.806142e+02 4.474429e+02 1.186603e+01
      vertex   1.806142e+02 4.477017e+02 1.170711e+01
    endloop
  endfacet
  facet normal -3.725936e-01 4.855734e-01 7.908176e-01
    outer loop
      vertex   1.806142e+02 4.477017e+02 1.170711e+01
      vertex   1.806142e+02 4.474429e+02 1.186603e+01
      vertex   1.807178e+02 4.475224e+02 1.186603e+01
    endloop
  endfacet
  facet normal -2.342221e-01 5.654622e-01 7.908176e-01
    outer loop
      vertex   1.806142e+02 4.477017e+02 1.170711e+01
      vertex   1.807178e+02 4.475224e+02 1.186603e+01
      vertex   1.807847e+02 4.477724e+02 1.170711e+01
    endloop
  endfacet
  facet normal -2.342221e-01 5.654622e-01 7.908176e-01
    outer loop
      vertex   1.807847e+02 4.477724e+02 1.170711e+01
      vertex   1.807178e+02 4.475224e+02 1.186603e+01
      vertex   1.808383e+02 4.475723e+02 1.186603e+01
    endloop
  endfacet
  facet normal -7.988880e-02 6.068157e-01 7.908176e-01
    outer loop
      vertex   1.807847e+02 4.477724e+02 1.170711e+01
      vertex   1.808383e+02 4.475723e+02 1.186603e+01
      vertex   1.809678e+02 4.477964e+02 1.170711e+01
    endloop
  endfacet
  facet normal -7.988880e-02 6.068157e-01 7.908176e-01
    outer loop
      vertex   1.809678e+02 4.477964e+02 1.170711e+01
      vertex   1.808383e+02 4.475723e+02 1.186603e+01
      vertex   1.809678e+02 4.475893e+02 1.186603e+01
    endloop
  endfacet
  facet normal 7.988880e-02 6.068157e-01 7.908176e-01
    outer loop
      vertex   1.809678e+02 4.477964e+02 1.170711e+01
      vertex   1.809678e+02 4.475893e+02 1.186603e+01
      vertex   1.811508e+02 4.477724e+02 1.170711e+01
    endloop
  endfacet
  facet normal 7.988880e-02 6.068157e-01 7.908176e-01
    outer loop
      vertex   1.811508e+02 4.477724e+02 1.170711e+01
      vertex   1.809678e+02 4.475893e+02 1.186603e+01
      vertex   1.810972e+02 4.475723e+02 1.186603e+01
    endloop
  endfacet
  facet normal 2.342221e-01 5.654622e-01 7.908176e-01
    outer loop
      vertex   1.811508e+02 4.477724e+02 1.170711e+01
      vertex   1.810972e+02 4.475723e+02 1.186603e+01
      vertex   1.813213e+02 4.477017e+02 1.170711e+01
    endloop
  endfacet
  facet normal 2.342221e-01 5.654622e-01 7.908176e-01
    outer loop
      vertex   1.813213e+02 4.477017e+02 1.170711e+01
      vertex   1.810972e+02 4.475723e+02 1.186603e+01
      vertex   1.812178e+02 4.475224e+02 1.186603e+01
    endloop
  endfacet
  facet normal 3.725936e-01 4.855734e-01 7.908176e-01
    outer loop
      vertex   1.813213e+02 4.477017e+02 1.170711e+01
      vertex   1.812178e+02 4.475224e+02 1.186603e+01
      vertex   1.814678e+02 4.475893e+02 1.170711e+01
    endloop
  endfacet
  facet normal 3.725936e-01 4.855734e-01 7.908176e-01
    outer loop
      vertex   1.814678e+02 4.475893e+02 1.170711e+01
      vertex   1.812178e+02 4.475224e+02 1.186603e+01
      vertex   1.813213e+02 4.474429e+02 1.186603e+01
    endloop
  endfacet
  facet normal 4.855734e-01 3.725936e-01 7.908176e-01
    outer loop
      vertex   1.814678e+02 4.475893e+02 1.170711e+01
      vertex   1.813213e+02 4.474429e+02 1.186603e+01
      vertex   1.815801e+02 4.474429e+02 1.170711e+01
    endloop
  endfacet
  facet normal 4.855734e-01 3.725936e-01 7.908176e-01
    outer loop
      vertex   1.815801e+02 4.474429e+02 1.170711e+01
      vertex   1.813213e+02 4.474429e+02 1.186603e+01
      vertex   1.814008e+02 4.473393e+02 1.186603e+01
    endloop
  endfacet
  facet normal 5.654622e-01 2.342221e-01 7.908176e-01
    outer loop
      vertex   1.815801e+02 4.474429e+02 1.170711e+01
      vertex   1.814008e+02 4.473393e+02 1.186603e+01
      vertex   1.816508e+02 4.472724e+02 1.170711e+01
    endloop
  endfacet
  facet normal 5.654622e-01 2.342221e-01 7.908176e-01
    outer loop
      vertex   1.816508e+02 4.472724e+02 1.170711e+01
      vertex   1.814008e+02 4.473393e+02 1.186603e+01
      vertex   1.814507e+02 4.472188e+02 1.186603e+01
    endloop
  endfacet
  facet normal 6.068157e-01 7.988880e-02 7.908176e-01
    outer loop
      vertex   1.816508e+02 4.472724e+02 1.170711e+01
      vertex   1.814507e+02 4.472188e+02 1.186603e+01
      vertex   1.816749e+02 4.470893e+02 1.170711e+01
    endloop
  endfacet
  facet normal 6.068157e-01 7.988880e-02 7.908176e-01
    outer loop
      vertex   1.816749e+02 4.470893e+02 1.170711e+01
      vertex   1.814507e+02 4.472188e+02 1.186603e+01
      vertex   1.814678e+02 4.470893e+02 1.186603e+01
    endloop
  endfacet
  facet normal 6.068157e-01 -7.988880e-02 7.908176e-01
    outer loop
      vertex   1.816749e+02 4.470893e+02 1.170711e+01
      vertex   1.814678e+02 4.470893e+02 1.186603e+01
      vertex   1.816508e+02 4.469063e+02 1.170711e+01
    endloop
  endfacet
  facet normal 6.068157e-01 -7.988880e-02 7.908176e-01
    outer loop
      vertex   1.816508e+02 4.469063e+02 1.170711e+01
      vertex   1.814678e+02 4.470893e+02 1.186603e+01
      vertex   1.814507e+02 4.469599e+02 1.186603e+01
    endloop
  endfacet
  facet normal 5.654622e-01 -2.342221e-01 7.908176e-01
    outer loop
      vertex   1.816508e+02 4.469063e+02 1.170711e+01
      vertex   1.814507e+02 4.469599e+02 1.186603e+01
      vertex   1.815801e+02 4.467358e+02 1.170711e+01
    endloop
  endfacet
  facet normal 5.654622e-01 -2.342221e-01 7.908176e-01
    outer loop
      vertex   1.815801e+02 4.467358e+02 1.170711e+01
      vertex   1.814507e+02 4.469599e+02 1.186603e+01
      vertex   1.814008e+02 4.468393e+02 1.186603e+01
    endloop
  endfacet
  facet normal 4.855734e-01 -3.725936e-01 7.908176e-01
    outer loop
      vertex   1.815801e+02 4.467358e+02 1.170711e+01
      vertex   1.814008e+02 4.468393e+02 1.186603e+01
      vertex   1.814678e+02 4.465893e+02 1.170711e+01
    endloop
  endfacet
  facet normal 4.855734e-01 -3.725936e-01 7.908176e-01
    outer loop
      vertex   1.814678e+02 4.465893e+02 1.170711e+01
      vertex   1.814008e+02 4.468393e+02 1.186603e+01
      vertex   1.813213e+02 4.467358e+02 1.186603e+01
    endloop
  endfacet
  facet normal 3.725936e-01 -4.855734e-01 7.908176e-01
    outer loop
      vertex   1.814678e+02 4.465893e+02 1.170711e+01
      vertex   1.813213e+02 4.467358e+02 1.186603e+01
      vertex   1.813213e+02 4.464770e+02 1.170711e+01
    endloop
  endfacet
  facet normal 3.725936e-01 -4.855734e-01 7.908176e-01
    outer loop
      vertex   1.813213e+02 4.464770e+02 1.170711e+01
      vertex   1.813213e+02 4.467358e+02 1.186603e+01
      vertex   1.812178e+02 4.466563e+02 1.186603e+01
    endloop
  endfacet
  facet normal 2.342221e-01 -5.654622e-01 7.908176e-01
    outer loop
      vertex   1.813213e+02 4.464770e+02 1.170711e+01
      vertex   1.812178e+02 4.466563e+02 1.186603e+01
      vertex   1.811508e+02 4.464063e+02 1.170711e+01
    endloop
  endfacet
  facet normal 2.342221e-01 -5.654622e-01 7.908176e-01
    outer loop
      vertex   1.811508e+02 4.464063e+02 1.170711e+01
      vertex   1.812178e+02 4.466563e+02 1.186603e+01
      vertex   1.810972e+02 4.466064e+02 1.186603e+01
    endloop
  endfacet
  facet normal 7.988880e-02 -6.068157e-01 7.908176e-01
    outer loop
      vertex   1.811508e+02 4.464063e+02 1.170711e+01
      vertex   1.810972e+02 4.466064e+02 1.186603e+01
      vertex   1.809678e+02 4.463822e+02 1.170711e+01
    endloop
  endfacet
  facet normal 7.988880e-02 -6.068157e-01 7.908176e-01
    outer loop
      vertex   1.809678e+02 4.463822e+02 1.170711e+01
      vertex   1.810972e+02 4.466064e+02 1.186603e+01
      vertex   1.809678e+02 4.465893e+02 1.186603e+01
    endloop
  endfacet
  facet normal -7.988880e-02 -6.068157e-01 7.908176e-01
    outer loop
      vertex   1.809678e+02 4.463822e+02 1.170711e+01
      vertex   1.809678e+02 4.465893e+02 1.186603e+01
      vertex   1.807847e+02 4.464063e+02 1.170711e+01
    endloop
  endfacet
  facet normal -7.988880e-02 -6.068157e-01 7.908176e-01
    outer loop
      vertex   1.807847e+02 4.464063e+02 1.170711e+01
      vertex   1.809678e+02 4.465893e+02 1.186603e+01
      vertex   1.808383e+02 4.466064e+02 1.186603e+01
    endloop
  endfacet
  facet normal -2.342221e-01 -5.654622e-01 7.908176e-01
    outer loop
      vertex   1.807847e+02 4.464063e+02 1.170711e+01
      vertex   1.808383e+02 4.466064e+02 1.186603e+01
      vertex   1.806142e+02 4.464770e+02 1.170711e+01
    endloop
  endfacet
  facet normal -2.342221e-01 -5.654622e-01 7.908176e-01
    outer loop
      vertex   1.806142e+02 4.464770e+02 1.170711e+01
      vertex   1.808383e+02 4.466064e+02 1.186603e+01
      vertex   1.807178e+02 4.466563e+02 1.186603e+01
    endloop
  endfacet
  facet normal -3.725936e-01 -4.855734e-01 7.908176e-01
    outer loop
      vertex   1.806142e+02 4.464770e+02 1.170711e+01
      vertex   1.807178e+02 4.466563e+02 1.186603e+01
      vertex   1.804678e+02 4.465893e+02 1.170711e+01
    endloop
  endfacet
  facet normal -3.725936e-01 -4.855734e-01 7.908176e-01
    outer loop
      vertex   1.804678e+02 4.465893e+02 1.170711e+01
      vertex   1.807178e+02 4.466563e+02 1.186603e+01
      vertex   1.806142e+02 4.467358e+02 1.186603e+01
    endloop
  endfacet
  facet normal -4.855734e-01 -3.725936e-01 7.908176e-01
    outer loop
      vertex   1.804678e+02 4.465893e+02 1.170711e+01
      vertex   1.806142e+02 4.467358e+02 1.186603e+01
      vertex   1.803554e+02 4.467358e+02 1.170711e+01
    endloop
  endfacet
  facet normal -4.855734e-01 -3.725936e-01 7.908176e-01
    outer loop
      vertex   1.803554e+02 4.467358e+02 1.170711e+01
      vertex   1.806142e+02 4.467358e+02 1.186603e+01
      vertex   1.805347e+02 4.468393e+02 1.186603e+01
    endloop
  endfacet
  facet normal -5.654622e-01 -2.342221e-01 7.908176e-01
    outer loop
      vertex   1.803554e+02 4.467358e+02 1.170711e+01
      vertex   1.805347e+02 4.468393e+02 1.186603e+01
      vertex   1.802847e+02 4.469063e+02 1.170711e+01
    endloop
  endfacet
  facet normal -5.654622e-01 -2.342221e-01 7.908176e-01
    outer loop
      vertex   1.802847e+02 4.469063e+02 1.170711e+01
      vertex   1.805347e+02 4.468393e+02 1.186603e+01
      vertex   1.804848e+02 4.469599e+02 1.186603e+01
    endloop
  endfacet
  facet normal -6.068157e-01 -7.988880e-02 7.908176e-01
    outer loop
      vertex   1.802847e+02 4.469063e+02 1.170711e+01
      vertex   1.804848e+02 4.469599e+02 1.186603e+01
      vertex   1.802607e+02 4.470893e+02 1.170711e+01
    endloop
  endfacet
  facet normal -6.068157e-01 -7.988880e-02 7.908176e-01
    outer loop
      vertex   1.802607e+02 4.470893e+02 1.170711e+01
      vertex   1.804848e+02 4.469599e+02 1.186603e+01
      vertex   1.804678e+02 4.470893e+02 1.186603e+01
    endloop
  endfacet
  facet normal -3.821987e-01 5.031741e-02 9.227092e-01
    outer loop
      vertex   1.804678e+02 4.470893e+02 1.186603e+01
      vertex   1.807089e+02 4.470893e+02 1.196593e+01
      vertex   1.804848e+02 4.472188e+02 1.186603e+01
    endloop
  endfacet
  facet normal -3.821987e-01 5.031741e-02 9.227092e-01
    outer loop
      vertex   1.804848e+02 4.472188e+02 1.186603e+01
      vertex   1.807089e+02 4.470893e+02 1.196593e+01
      vertex   1.807178e+02 4.471563e+02 1.196593e+01
    endloop
  endfacet
  facet normal -3.561525e-01 1.475232e-01 9.227092e-01
    outer loop
      vertex   1.804848e+02 4.472188e+02 1.186603e+01
      vertex   1.807178e+02 4.471563e+02 1.196593e+01
      vertex   1.805347e+02 4.473393e+02 1.186603e+01
    endloop
  endfacet
  facet normal -3.561525e-01 1.475232e-01 9.227092e-01
    outer loop
      vertex   1.805347e+02 4.473393e+02 1.186603e+01
      vertex   1.807178e+02 4.471563e+02 1.196593e+01
      vertex   1.807436e+02 4.472188e+02 1.196593e+01
    endloop
  endfacet
  facet normal -3.058351e-01 2.346755e-01 9.227092e-01
    outer loop
      vertex   1.805347e+02 4.473393e+02 1.186603e+01
      vertex   1.807436e+02 4.472188e+02 1.196593e+01
      vertex   1.806142e+02 4.474429e+02 1.186603e+01
    endloop
  endfacet
  facet normal -3.058351e-01 2.346755e-01 9.227092e-01
    outer loop
      vertex   1.806142e+02 4.474429e+02 1.186603e+01
      vertex   1.807436e+02 4.472188e+02 1.196593e+01
      vertex   1.807847e+02 4.472724e+02 1.196593e+01
    endloop
  endfacet
  facet normal -2.346755e-01 3.058351e-01 9.227092e-01
    outer loop
      vertex   1.806142e+02 4.474429e+02 1.186603e+01
      vertex   1.807847e+02 4.472724e+02 1.196593e+01
      vertex   1.807178e+02 4.475224e+02 1.186603e+01
    endloop
  endfacet
  facet normal -2.346755e-01 3.058351e-01 9.227092e-01
    outer loop
      vertex   1.807178e+02 4.475224e+02 1.186603e+01
      vertex   1.807847e+02 4.472724e+02 1.196593e+01
      vertex   1.808383e+02 4.473135e+02 1.196593e+01
    endloop
  endfacet
  facet normal -1.475232e-01 3.561525e-01 9.227092e-01
    outer loop
      vertex   1.807178e+02 4.475224e+02 1.186603e+01
      vertex   1.808383e+02 4.473135e+02 1.196593e+01
      vertex   1.808383e+02 4.475723e+02 1.186603e+01
    endloop
  endfacet
  facet normal -1.475232e-01 3.561525e-01 9.227092e-01
    outer loop
      vertex   1.808383e+02 4.475723e+02 1.186603e+01
      vertex   1.808383e+02 4.473135e+02 1.196593e+01
      vertex   1.809008e+02 4.473393e+02 1.196593e+01
    endloop
  endfacet
  facet normal -5.031741e-02 3.821987e-01 9.227092e-01
    outer loop
      vertex   1.808383e+02 4.475723e+02 1.186603e+01
      vertex   1.809008e+02 4.473393e+02 1.196593e+01
      vertex   1.809678e+02 4.475893e+02 1.186603e+01
    endloop
  endfacet
  facet normal -5.031741e-02 3.821987e-01 9.227092e-01
    outer loop
      vertex   1.809678e+02 4.475893e+02 1.186603e+01
      vertex   1.809008e+02 4.473393e+02 1.196593e+01
      vertex   1.809678e+02 4.473482e+02 1.196593e+01
    endloop
  endfacet
  facet normal 5.031741e-02 3.821987e-01 9.227092e-01
    outer loop
      vertex   1.809678e+02 4.475893e+02 1.186603e+01
      vertex   1.809678e+02 4.473482e+02 1.196593e+01
      vertex   1.810972e+02 4.475723e+02 1.186603e+01
    endloop
  endfacet
  facet normal 5.031741e-02 3.821987e-01 9.227092e-01
    outer loop
      vertex   1.810972e+02 4.475723e+02 1.186603e+01
      vertex   1.809678e+02 4.473482e+02 1.196593e+01
      vertex   1.810347e+02 4.473393e+02 1.196593e+01
    endloop
  endfacet
  facet normal 1.475232e-01 3.561525e-01 9.227092e-01
    outer loop
      vertex   1.810972e+02 4.475723e+02 1.186603e+01
      vertex   1.810347e+02 4.473393e+02 1.196593e+01
      vertex   1.812178e+02 4.475224e+02 1.186603e+01
    endloop
  endfacet
  facet normal 1.475232e-01 3.561525e-01 9.227092e-01
    outer loop
      vertex   1.812178e+02 4.475224e+02 1.186603e+01
      vertex   1.810347e+02 4.473393e+02 1.196593e+01
      vertex   1.810972e+02 4.473135e+02 1.196593e+01
    endloop
  endfacet
  facet normal 2.346755e-01 3.058351e-01 9.227092e-01
    outer loop
      vertex   1.812178e+02 4.475224e+02 1.186603e+01
      vertex   1.810972e+02 4.473135e+02 1.196593e+01
      vertex   1.813213e+02 4.474429e+02 1.186603e+01
    endloop
  endfacet
  facet normal 2.346755e-01 3.058351e-01 9.227092e-01
    outer loop
      vertex   1.813213e+02 4.474429e+02 1.186603e+01
      vertex   1.810972e+02 4.473135e+02 1.196593e+01
      vertex   1.811508e+02 4.472724e+02 1.196593e+01
    endloop
  endfacet
  facet normal 3.058351e-01 2.346755e-01 9.227092e-01
    outer loop
      vertex   1.813213e+02 4.474429e+02 1.186603e+01
      vertex   1.811508e+02 4.472724e+02 1.196593e+01
      vertex   1.814008e+02 4.473393e+02 1.186603e+01
    endloop
  endfacet
  facet normal 3.058351e-01 2.346755e-01 9.227092e-01
    outer loop
      vertex   1.814008e+02 4.473393e+02 1.186603e+01
      vertex   1.811508e+02 4.472724e+02 1.196593e+01
      vertex   1.811919e+02 4.472188e+02 1.196593e+01
    endloop
  endfacet
  facet normal 3.561525e-01 1.475232e-01 9.227092e-01
    outer loop
      vertex   1.814008e+02 4.473393e+02 1.186603e+01
      vertex   1.811919e+02 4.472188e+02 1.196593e+01
      vertex   1.814507e+02 4.472188e+02 1.186603e+01
    endloop
  endfacet
  facet normal 3.561525e-01 1.475232e-01 9.227092e-01
    outer loop
      vertex   1.814507e+02 4.472188e+02 1.186603e+01
      vertex   1.811919e+02 4.472188e+02 1.196593e+01
      vertex   1.812178e+02 4.471563e+02 1.196593e+01
    endloop
  endfacet
  facet normal 3.821987e-01 5.031741e-02 9.227092e-01
    outer loop
      vertex   1.814507e+02 4.472188e+02 1.186603e+01
      vertex   1.812178e+02 4.471563e+02 1.196593e+01
      vertex   1.814678e+02 4.470893e+02 1.186603e+01
    endloop
  endfacet
  facet normal 3.821987e-01 5.031741e-02 9.227092e-01
    outer loop
      vertex   1.814678e+02 4.470893e+02 1.186603e+01
      vertex   1.812178e+02 4.471563e+02 1.196593e+01
      vertex   1.812266e+02 4.470893e+02 1.196593e+01
    endloop
  endfacet
  facet normal 3.821987e-01 -5.031741e-02 9.227092e-01
    outer loop
      vertex   1.814678e+02 4.470893e+02 1.186603e+01
      vertex   1.812266e+02 4.470893e+02 1.196593e+01
      vertex   1.814507e+02 4.469599e+02 1.186603e+01
    endloop
  endfacet
  facet normal 3.821987e-01 -5.031741e-02 9.227092e-01
    outer loop
      vertex   1.814507e+02 4.469599e+02 1.186603e+01
      vertex   1.812266e+02 4.470893e+02 1.196593e+01
      vertex   1.812178e+02 4.470224e+02 1.196593e+01
    endloop
  endfacet
  facet normal 3.561525e-01 -1.475232e-01 9.227092e-01
    outer loop
      vertex   1.814507e+02 4.469599e+02 1.186603e+01
      vertex   1.812178e+02 4.470224e+02 1.196593e+01
      vertex   1.814008e+02 4.468393e+02 1.186603e+01
    endloop
  endfacet
  facet normal 3.561525e-01 -1.475232e-01 9.227092e-01
    outer loop
      vertex   1.814008e+02 4.468393e+02 1.186603e+01
      vertex   1.812178e+02 4.470224e+02 1.196593e+01
      vertex   1.811919e+02 4.469599e+02 1.196593e+01
    endloop
  endfacet
  facet normal 3.058351e-01 -2.346755e-01 9.227092e-01
    outer loop
      vertex   1.814008e+02 4.468393e+02 1.186603e+01
      vertex   1.811919e+02 4.469599e+02 1.196593e+01
      vertex   1.813213e+02 4.467358e+02 1.186603e+01
    endloop
  endfacet
  facet normal 3.058351e-01 -2.346755e-01 9.227092e-01
    outer loop
      vertex   1.813213e+02 4.467358e+02 1.186603e+01
      vertex   1.811919e+02 4.469599e+02 1.196593e+01
      vertex   1.811508e+02 4.469063e+02 1.196593e+01
    endloop
  endfacet
  facet normal 2.346755e-01 -3.058351e-01 9.227092e-01
    outer loop
      vertex   1.813213e+02 4.467358e+02 1.186603e+01
      vertex   1.811508e+02 4.469063e+02 1.196593e+01
      vertex   1.812178e+02 4.466563e+02 1.186603e+01
    endloop
  endfacet
  facet normal 2.346755e-01 -3.058351e-01 9.227092e-01
    outer loop
      vertex   1.812178e+02 4.466563e+02 1.186603e+01
      vertex   1.811508e+02 4.469063e+02 1.196593e+01
      vertex   1.810972e+02 4.468652e+02 1.196593e+01
    endloop
  endfacet
  facet normal 1.475232e-01 -3.561525e-01 9.227092e-01
    outer loop
      vertex   1.812178e+02 4.466563e+02 1.186603e+01
      vertex   1.810972e+02 4.468652e+02 1.196593e+01
      vertex   1.810972e+02 4.466064e+02 1.186603e+01
    endloop
  endfacet
  facet normal 1.475232e-01 -3.561525e-01 9.227092e-01
    outer loop
      vertex   1.810972e+02 4.466064e+02 1.186603e+01
      vertex   1.810972e+02 4.468652e+02 1.196593e+01
      vertex   1.810347e+02 4.468393e+02 1.196593e+01
    endloop
  endfacet
  facet normal 5.031741e-02 -3.821987e-01 9.227092e-01
    outer loop
      vertex   1.810972e+02 4.466064e+02 1.186603e+01
      vertex   1.810347e+02 4.468393e+02 1.196593e+01
      vertex   1.809678e+02 4.465893e+02 1.186603e+01
    endloop
  endfacet
  facet normal 5.031741e-02 -3.821987e-01 9.227092e-01
    outer loop
      vertex   1.809678e+02 4.465893e+02 1.186603e+01
      vertex   1.810347e+02 4.468393e+02 1.196593e+01
      vertex   1.809678e+02 4.468305e+02 1.196593e+01
    endloop
  endfacet
  facet normal -5.031741e-02 -3.821987e-01 9.227092e-01
    outer loop
      vertex   1.809678e+02 4.465893e+02 1.186603e+01
      vertex   1.809678e+02 4.468305e+02 1.196593e+01
      vertex   1.808383e+02 4.466064e+02 1.186603e+01
    endloop
  endfacet
  facet normal -5.031741e-02 -3.821987e-01 9.227092e-01
    outer loop
      vertex   1.808383e+02 4.466064e+02 1.186603e+01
      vertex   1.809678e+02 4.468305e+02 1.196593e+01
      vertex   1.809008e+02 4.468393e+02 1.196593e+01
    endloop
  endfacet
  facet normal -1.475232e-01 -3.561525e-01 9.227092e-01
    outer loop
      vertex   1.808383e+02 4.466064e+02 1.186603e+01
      vertex   1.809008e+02 4.468393e+02 1.196593e+01
      vertex   1.807178e+02 4.466563e+02 1.186603e+01
    endloop
  endfacet
  facet normal -1.475232e-01 -3.561525e-01 9.227092e-01
    outer loop
      vertex   1.807178e+02 4.466563e+02 1.186603e+01
      vertex   1.809008e+02 4.468393e+02 1.196593e+01
      vertex   1.808383e+02 4.468652e+02 1.196593e+01
    endloop
  endfacet
  facet normal -2.346755e-01 -3.058351e-01 9.227092e-01
    outer loop
      vertex   1.807178e+02 4.466563e+02 1.186603e+01
      vertex   1.808383e+02 4.468652e+02 1.196593e+01
      vertex   1.806142e+02 4.467358e+02 1.186603e+01
    endloop
  endfacet
  facet normal -2.346755e-01 -3.058351e-01 9.227092e-01
    outer loop
      vertex   1.806142e+02 4.467358e+02 1.186603e+01
      vertex   1.808383e+02 4.468652e+02 1.196593e+01
      vertex   1.807847e+02 4.469063e+02 1.196593e+01
    endloop
  endfacet
  facet normal -3.058351e-01 -2.346755e-01 9.227092e-01
    outer loop
      vertex   1.806142e+02 4.467358e+02 1.186603e+01
      vertex   1.807847e+02 4.469063e+02 1.196593e+01
      vertex   1.805347e+02 4.468393e+02 1.186603e+01
    endloop
  endfacet
  facet normal -3.058351e-01 -2.346755e-01 9.227092e-01
    outer loop
      vertex   1.805347e+02 4.468393e+02 1.186603e+01
      vertex   1.807847e+02 4.469063e+02 1.196593e+01
      vertex   1.807436e+02 4.469599e+02 1.196593e+01
    endloop
  endfacet
  facet normal -3.561525e-01 -1.475232e-01 9.227092e-01
    outer loop
      vertex   1.805347e+02 4.468393e+02 1.186603e+01
      vertex   1.807436e+02 4.469599e+02 1.196593e+01
      vertex   1.804848e+02 4.469599e+02 1.186603e+01
    endloop
  endfacet
  facet normal -3.561525e-01 -1.475232e-01 9.227092e-01
    outer loop
      vertex   1.804848e+02 4.469599e+02 1.186603e+01
      vertex   1.807436e+02 4.469599e+02 1.196593e+01
      vertex   1.807178e+02 4.470224e+02 1.196593e+01
    endloop
  endfacet
  facet normal -3.821987e-01 -5.031741e-02 9.227092e-01
    outer loop
      vertex   1.804848e+02 4.469599e+02 1.186603e+01
      vertex   1.807178e+02 4.470224e+02 1.196593e+01
      vertex   1.804678e+02 4.470893e+02 1.186603e+01
    endloop
  endfacet
  facet normal -3.821987e-01 -5.031741e-02 9.227092e-01
    outer loop
      vertex   1.804678e+02 4.470893e+02 1.186603e+01
      vertex   1.807178e+02 4.470224e+02 1.196593e+01
      vertex   1.807089e+02 4.470893e+02 1.196593e+01
    endloop
  endfacet
  facet normal 5.037379e-02 -1.216131e-01 9.912985e-01
    outer loop
      vertex   1.810972e+02 4.468652e+02 1.196593e+01
      vertex   1.809678e+02 4.470893e+02 1.200000e+01
      vertex   1.810347e+02 4.468393e+02 1.196593e+01
    endloop
  endfacet
  facet normal 8.013313e-02 1.044315e-01 9.912985e-01
    outer loop
      vertex   1.810972e+02 4.473135e+02 1.196593e+01
      vertex   1.809678e+02 4.470893e+02 1.200000e+01
      vertex   1.811508e+02 4.472724e+02 1.196593e+01
    endloop
  endfacet
  facet normal -9.914449e-01 -1.305262e-01 0.000000e+00
    outer loop
      vertex   1.800018e+02 4.468305e+02 1.000000e+01
      vertex   1.800018e+02 4.468305e+02 1.100000e+01
      vertex   1.799678e+02 4.470893e+02 1.000000e+01
    endloop
  endfacet
  facet normal -9.914449e-01 -1.305262e-01 0.000000e+00
    outer loop
      vertex   1.799678e+02 4.470893e+02 1.000000e+01
      vertex   1.800018e+02 4.468305e+02 1.100000e+01
      vertex   1.799678e+02 4.470893e+02 1.100000e+01
    endloop
  endfacet
  facet normal -9.914449e-01 1.305262e-01 0.000000e+00
    outer loop
      vertex   1.799678e+02 4.470893e+02 1.000000e+01
      vertex   1.799678e+02 4.470893e+02 1.100000e+01
      vertex   1.800018e+02 4.473482e+02 1.000000e+01
    endloop
  endfacet
  facet normal -9.914449e-01 1.305262e-01 0.000000e+00
    outer loop
      vertex   1.800018e+02 4.473482e+02 1.000000e+01
      vertex   1.799678e+02 4.470893e+02 1.100000e+01
      vertex   1.800018e+02 4.473482e+02 1.100000e+01
    endloop
  endfacet
  facet normal -9.238795e-01 3.826834e-01 0.000000e+00
    outer loop
      vertex   1.800018e+02 4.473482e+02 1.000000e+01
      vertex   1.800018e+02 4.473482e+02 1.100000e+01
      vertex   1.801017e+02 4.475893e+02 1.000000e+01
    endloop
  endfacet
  facet normal -9.238795e-01 3.826834e-01 0.000000e+00
    outer loop
      vertex   1.801017e+02 4.475893e+02 1.000000e+01
      vertex   1.800018e+02 4.473482e+02 1.100000e+01
      vertex   1.801017e+02 4.475893e+02 1.100000e+01
    endloop
  endfacet
  facet normal -7.933533e-01 6.087614e-01 0.000000e+00
    outer loop
      vertex   1.801017e+02 4.475893e+02 1.000000e+01
      vertex   1.801017e+02 4.475893e+02 1.100000e+01
      vertex   1.802607e+02 4.477964e+02 1.000000e+01
    endloop
  endfacet
  facet normal -7.933533e-01 6.087614e-01 0.000000e+00
    outer loop
      vertex   1.802607e+02 4.477964e+02 1.000000e+01
      vertex   1.801017e+02 4.475893e+02 1.100000e+01
      vertex   1.802607e+02 4.477964e+02 1.100000e+01
    endloop
  endfacet
  facet normal -6.087614e-01 7.933533e-01 0.000000e+00
    outer loop
      vertex   1.802607e+02 4.477964e+02 1.000000e+01
      vertex   1.802607e+02 4.477964e+02 1.100000e+01
      vertex   1.804678e+02 4.479554e+02 1.000000e+01
    endloop
  endfacet
  facet normal -6.087614e-01 7.933533e-01 0.000000e+00
    outer loop
      vertex   1.804678e+02 4.479554e+02 1.000000e+01
      vertex   1.802607e+02 4.477964e+02 1.100000e+01
      vertex   1.804678e+02 4.479554e+02 1.100000e+01
    endloop
  endfacet
  facet normal -3.826834e-01 9.238795e-01 0.000000e+00
    outer loop
      vertex   1.804678e+02 4.479554e+02 1.000000e+01
      vertex   1.804678e+02 4.479554e+02 1.100000e+01
      vertex   1.807089e+02 4.480553e+02 1.000000e+01
    endloop
  endfacet
  facet normal -3.826834e-01 9.238795e-01 0.000000e+00
    outer loop
      vertex   1.807089e+02 4.480553e+02 1.000000e+01
      vertex   1.804678e+02 4.479554e+02 1.100000e+01
      vertex   1.807089e+02 4.480553e+02 1.100000e+01
    endloop
  endfacet
  facet normal -1.305262e-01 9.914449e-01 0.000000e+00
    outer loop
      vertex   1.807089e+02 4.480553e+02 1.000000e+01
      vertex   1.807089e+02 4.480553e+02 1.100000e+01
      vertex   1.809678e+02 4.480893e+02 1.000000e+01
    endloop
  endfacet
  facet normal -1.305262e-01 9.914449e-01 0.000000e+00
    outer loop
      vertex   1.809678e+02 4.480893e+02 1.000000e+01
      vertex   1.807089e+02 4.480553e+02 1.100000e+01
      vertex   1.809678e+02 4.480893e+02 1.100000e+01
    endloop
  endfacet
  facet normal 1.305262e-01 9.914449e-01 -0.000000e+00
    outer loop
      vertex   1.809678e+02 4.480893e+02 1.000000e+01
      vertex   1.809678e+02 4.480893e+02 1.100000e+01
      vertex   1.812266e+02 4.480553e+02 1.000000e+01
    endloop
  endfacet
  facet normal 1.305262e-01 9.914449e-01 -0.000000e+00
    outer loop
      vertex   1.812266e+02 4.480553e+02 1.000000e+01
      vertex   1.809678e+02 4.480893e+02 1.100000e+01
      vertex   1.812266e+02 4.480553e+02 1.100000e+01
    endloop
  endfacet
  facet normal 3.826834e-01 9.238795e-01 -0.000000e+00
    outer loop
      vertex   1.812266e+02 4.480553e+02 1.000000e+01
      vertex   1.812266e+02 4.480553e+02 1.100000e+01
      vertex   1.814678e+02 4.479554e+02 1.000000e+01
    endloop
  endfacet
  facet normal 3.826834e-01 9.238795e-01 -0.000000e+00
    outer loop
      vertex   1.814678e+02 4.479554e+02 1.000000e+01
      vertex   1.812266e+02 4.480553e+02 1.100000e+01
      vertex   1.814678e+02 4.479554e+02 1.100000e+01
    endloop
  endfacet
  facet normal 6.087614e-01 7.933533e-01 -0.000000e+00
    outer loop
      vertex   1.814678e+02 4.479554e+02 1.000000e+01
      vertex   1.814678e+02 4.479554e+02 1.100000e+01
      vertex   1.816749e+02 4.477964e+02 1.000000e+01
    endloop
  endfacet
  facet normal 6.087614e-01 7.933533e-01 -0.000000e+00
    outer loop
      vertex   1.816749e+02 4.477964e+02 1.000000e+01
      vertex   1.814678e+02 4.479554e+02 1.100000e+01
      vertex   1.816749e+02 4.477964e+02 1.100000e+01
    endloop
  endfacet
  facet normal 7.933533e-01 6.087614e-01 -0.000000e+00
    outer loop
      vertex   1.816749e+02 4.477964e+02 1.000000e+01
      vertex   1.816749e+02 4.477964e+02 1.100000e+01
      vertex   1.818338e+02 4.475893e+02 1.000000e+01
    endloop
  endfacet
  facet normal 7.933533e-01 6.087614e-01 -0.000000e+00
    outer loop
      vertex   1.818338e+02 4.475893e+02 1.000000e+01
      vertex   1.816749e+02 4.477964e+02 1.100000e+01
      vertex   1.818338e+02 4.475893e+02 1.100000e+01
    endloop
  endfacet
  facet normal 9.238795e-01 3.826834e-01 -0.000000e+00
    outer loop
      vertex   1.818338e+02 4.475893e+02 1.000000e+01
      vertex   1.818338e+02 4.475893e+02 1.100000e+01
      vertex   1.819337e+02 4.473482e+02 1.000000e+01
    endloop
  endfacet
  facet normal 9.238795e-01 3.826834e-01 -0.000000e+00
    outer loop
      vertex   1.819337e+02 4.473482e+02 1.000000e+01
      vertex   1.818338e+02 4.475893e+02 1.100000e+01
      vertex   1.819337e+02 4.473482e+02 1.100000e+01
    endloop
  endfacet
  facet normal 9.914449e-01 1.305262e-01 -0.000000e+00
    outer loop
      vertex   1.819337e+02 4.473482e+02 1.000000e+01
      vertex   1.819337e+02 4.473482e+02 1.100000e+01
      vertex   1.819678e+02 4.470893e+02 1.000000e+01
    endloop
  endfacet
  facet normal 9.914449e-01 1.305262e-01 -0.000000e+00
    outer loop
      vertex   1.819678e+02 4.470893e+02 1.000000e+01
      vertex   1.819337e+02 4.473482e+02 1.100000e+01
      vertex   1.819678e+02 4.470893e+02 1.100000e+01
    endloop
  endfacet
  facet normal 9.914449e-01 -1.305262e-01 0.000000e+00
    outer loop
      vertex   1.819678e+02 4.470893e+02 1.000000e+01
      vertex   1.819678e+02 4.470893e+02 1.100000e+01
      vertex   1.819337e+02 4.468305e+02 1.000000e+01
    endloop
  endfacet
  facet normal 9.914449e-01 -1.305262e-01 0.000000e+00
    outer loop
      vertex   1.819337e+02 4.468305e+02 1.000000e+01
      vertex   1.819678e+02 4.470893e+02 1.100000e+01
      vertex   1.819337e+02 4.468305e+02 1.100000e+01
    endloop
  endfacet
  facet normal 9.238795e-01 -3.826834e-01 0.000000e+00
    outer loop
      vertex   1.819337e+02 4.468305e+02 1.000000e+01
      vertex   1.819337e+02 4.468305e+02 1.100000e+01
      vertex   1.818338e+02 4.465893e+02 1.000000e+01
    endloop
  endfacet
  facet normal 9.238795e-01 -3.826834e-01 0.000000e+00
    outer loop
      vertex   1.818338e+02 4.465893e+02 1.000000e+01
      vertex   1.819337e+02 4.468305e+02 1.100000e+01
      vertex   1.818338e+02 4.465893e+02 1.100000e+01
    endloop
  endfacet
  facet normal 7.933533e-01 -6.087614e-01 0.000000e+00
    outer loop
      vertex   1.818338e+02 4.465893e+02 1.000000e+01
      vertex   1.818338e+02 4.465893e+02 1.100000e+01
      vertex   1.816749e+02 4.463822e+02 1.000000e+01
    endloop
  endfacet
  facet normal 7.933533e-01 -6.087614e-01 0.000000e+00
    outer loop
      vertex   1.816749e+02 4.463822e+02 1.000000e+01
      vertex   1.818338e+02 4.465893e+02 1.100000e+01
      vertex   1.816749e+02 4.463822e+02 1.100000e+01
    endloop
  endfacet
  facet normal 6.087614e-01 -7.933533e-01 0.000000e+00
    outer loop
      vertex   1.816749e+02 4.463822e+02 1.000000e+01
      vertex   1.816749e+02 4.463822e+02 1.100000e+01
      vertex   1.814678e+02 4.462233e+02 1.000000e+01
    endloop
  endfacet
  facet normal 6.087614e-01 -7.933533e-01 0.000000e+00
    outer loop
      vertex   1.814678e+02 4.462233e+02 1.000000e+01
      vertex   1.816749e+02 4.463822e+02 1.100000e+01
      vertex   1.814678e+02 4.462233e+02 1.100000e+01
    endloop
  endfacet
  facet normal 3.826834e-01 -9.238795e-01 0.000000e+00
    outer loop
      vertex   1.814678e+02 4.462233e+02 1.000000e+01
      vertex   1.814678e+02 4.462233e+02 1.100000e+01
      vertex   1.812266e+02 4.461234e+02 1.000000e+01
    endloop
  endfacet
  facet normal 3.826834e-01 -9.238795e-01 0.000000e+00
    outer loop
      vertex   1.812266e+02 4.461234e+02 1.000000e+01
      vertex   1.814678e+02 4.462233e+02 1.100000e+01
      vertex   1.812266e+02 4.461234e+02 1.100000e+01
    endloop
  endfacet
  facet normal 1.305262e-01 -9.914449e-01 0.000000e+00
    outer loop
      vertex   1.812266e+02 4.461234e+02 1.000000e+01
      vertex   1.812266e+02 4.461234e+02 1.100000e+01
      vertex   1.809678e+02 4.460893e+02 1.000000e+01
    endloop
  endfacet
  facet normal 1.305262e-01 -9.914449e-01 0.000000e+00
    outer loop
      vertex   1.809678e+02 4.460893e+02 1.000000e+01
      vertex   1.812266e+02 4.461234e+02 1.100000e+01
      vertex   1.809678e+02 4.460893e+02 1.100000e+01
    endloop
  endfacet
  facet normal -1.305262e-01 -9.914449e-01 0.000000e+00
    outer loop
      vertex   1.809678e+02 4.460893e+02 1.000000e+01
      vertex   1.809678e+02 4.460893e+02 1.100000e+01
      vertex   1.807089e+02 4.461234e+02 1.000000e+01
    endloop
  endfacet
  facet normal -1.305262e-01 -9.914449e-01 0.000000e+00
    outer loop
      vertex   1.807089e+02 4.461234e+02 1.000000e+01
      vertex   1.809678e+02 4.460893e+02 1.100000e+01
      vertex   1.807089e+02 4.461234e+02 1.100000e+01
    endloop
  endfacet
  facet normal -3.826834e-01 -9.238795e-01 0.000000e+00
    outer loop
      vertex   1.807089e+02 4.461234e+02 1.000000e+01
      vertex   1.807089e+02 4.461234e+02 1.100000e+01
      vertex   1.804678e+02 4.462233e+02 1.000000e+01
    endloop
  endfacet
  facet normal -3.826834e-01 -9.238795e-01 0.000000e+00
    outer loop
      vertex   1.804678e+02 4.462233e+02 1.000000e+01
      vertex   1.807089e+02 4.461234e+02 1.100000e+01
      vertex   1.804678e+02 4.462233e+02 1.100000e+01
    endloop
  endfacet
  facet normal -6.087614e-01 -7.933533e-01 0.000000e+00
    outer loop
      vertex   1.804678e+02 4.462233e+02 1.000000e+01
      vertex   1.804678e+02 4.462233e+02 1.100000e+01
      vertex   1.802607e+02 4.463822e+02 1.000000e+01
    endloop
  endfacet
  facet normal -6.087614e-01 -7.933533e-01 0.000000e+00
    outer loop
      vertex   1.802607e+02 4.463822e+02 1.000000e+01
      vertex   1.804678e+02 4.462233e+02 1.100000e+01
      vertex   1.802607e+02 4.463822e+02 1.100000e+01
    endloop
  endfacet
  facet normal -7.933533e-01 -6.087614e-01 0.000000e+00
    outer loop
      vertex   1.802607e+02 4.463822e+02 1.000000e+01
      vertex   1.802607e+02 4.463822e+02 1.100000e+01
      vertex   1.801017e+02 4.465893e+02 1.000000e+01
    endloop
  endfacet
  facet normal -7.933533e-01 -6.087614e-01 0.000000e+00
    outer loop
      vertex   1.801017e+02 4.465893e+02 1.000000e+01
      vertex   1.802607e+02 4.463822e+02 1.100000e+01
      vertex   1.801017e+02 4.465893e+02 1.100000e+01
    endloop
  endfacet
  facet normal -9.238795e-01 -3.826834e-01 0.000000e+00
    outer loop
      vertex   1.801017e+02 4.465893e+02 1.000000e+01
      vertex   1.801017e+02 4.465893e+02 1.100000e+01
      vertex   1.800018e+02 4.468305e+02 1.000000e+01
    endloop
  endfacet
  facet normal -9.238795e-01 -3.826834e-01 0.000000e+00
    outer loop
      vertex   1.800018e+02 4.468305e+02 1.000000e+01
      vertex   1.801017e+02 4.465893e+02 1.100000e+01
      vertex   1.800018e+02 4.468305e+02 1.100000e+01
    endloop
  endfacet
  facet normal 0.000000e+00 0.000000e+00 1.000000e+00
    outer loop
      vertex   1.959338e+02 4.924938e+02 1.000000e+01
      vertex   1.958998e+02 4.927526e+02 1.000000e+01
      vertex   1.953998e+02 4.927526e+02 1.000000e+01
    endloop
  endfacet
  facet normal 0.000000e+00 0.000000e+00 1.000000e+00
    outer loop
      vertex   1.953998e+02 4.927526e+02 1.000000e+01
      vertex   1.958998e+02 4.927526e+02 1.000000e+01
      vertex   1.959338e+02 4.930114e+02 1.000000e+01
    endloop
  endfacet
  facet normal 0.000000e+00 0.000000e+00 1.000000e+00
    outer loop
      vertex   1.953998e+02 4.927526e+02 1.000000e+01
      vertex   1.959338e+02 4.930114e+02 1.000000e+01
      vertex   1.954509e+02 4.931408e+02 1.000000e+01
    endloop
  endfacet
  facet normal -0.000000e+00 0.000000e+00 1.000000e+00
    outer loop
      vertex   1.954509e+02 4.931408e+02 1.000000e+01
      vertex   1.959338e+02 4.930114e+02 1.000000e+01
      vertex   1.960337e+02 4.932526e+02 1.000000e+01
    endloop
  endfacet
  facet normal 0.000000e+00 0.000000e+00 1.000000e+00
    outer loop
      vertex   1.954509e+02 4.931408e+02 1.000000e+01
      vertex   1.960337e+02 4.932526e+02 1.000000e+01
      vertex   1.956007e+02 4.935026e+02 1.000000e+01
    endloop
  endfacet
  facet normal 0.000000e+00 0.000000e+00 1.000000e+00
    outer loop
      vertex   1.956007e+02 4.935026e+02 1.000000e+01
      vertex   1.960337e+02 4.932526e+02 1.000000e+01
      vertex   1.961927e+02 4.934597e+02 1.000000e+01
    endloop
  endfacet
  facet normal -0.000000e+00 0.000000e+00 1.000000e+00
    outer loop
      vertex   1.956007e+02 4.935026e+02 1.000000e+01
      vertex   1.961927e+02 4.934597e+02 1.000000e+01
      vertex   1.958391e+02 4.938132e+02 1.000000e+01
    endloop
  endfacet
  facet normal 0.000000e+00 0.000000e+00 1.000000e+00
    outer loop
      vertex   1.958391e+02 4.938132e+02 1.000000e+01
      vertex   1.961927e+02 4.934597e+02 1.000000e+01
      vertex   1.963998e+02 4.936186e+02 1.000000e+01
    endloop
  endfacet
  facet normal -0.000000e+00 0.000000e+00 1.000000e+00
    outer loop
      vertex   1.958391e+02 4.938132e+02 1.000000e+01
      vertex   1.963998e+02 4.936186e+02 1.000000e+01
      vertex   1.961498e+02 4.940516e+02 1.000000e+01
    endloop
  endfacet
  facet normal 0.000000e+00 0.000000e+00 1.000000e+00
    outer loop
      vertex   1.961498e+02 4.940516e+02 1.000000e+01
      vertex   1.963998e+02 4.936186e+02 1.000000e+01
      vertex   1.966409e+02 4.937185e+02 1.000000e+01
    endloop
  endfacet
  facet normal -0.000000e+00 0.000000e+00 1.000000e+00
    outer loop
      vertex   1.961498e+02 4.940516e+02 1.000000e+01
      vertex   1.966409e+02 4.937185e+02 1.000000e+01
      vertex   1.965115e+02 4.942015e+02 1.000000e+01
    endloop
  endfacet
  facet normal 0.000000e+00 0.000000e+00 1.000000e+00
    outer loop
      vertex   1.965115e+02 4.942015e+02 1.000000e+01
      vertex   1.966409e+02 4.937185e+02 1.000000e+01
      vertex   1.968998e+02 4.937526e+02 1.000000e+01
    endloop
  endfacet
  facet normal -0.000000e+00 0.000000e+00 1.000000e+00
    outer loop
      vertex   1.965115e+02 4.942015e+02 1.000000e+01
      vertex   1.968998e+02 4.937526e+02 1.000000e+01
      vertex   1.968998e+02 4.942526e+02 1.000000e+01
    endloop
  endfacet
  facet normal 0.000000e+00 0.000000e+00 1.000000e+00
    outer loop
      vertex   1.968998e+02 4.942526e+02 1.000000e+01
      vertex   1.968998e+02 4.937526e+02 1.000000e+01
      vertex   1.972880e+02 4.942015e+02 1.000000e+01
    endloop
  endfacet
  facet normal 0.000000e+00 0.000000e+00 1.000000e+00
    outer loop
      vertex   1.972880e+02 4.942015e+02 1.000000e+01
      vertex   1.968998e+02 4.937526e+02 1.000000e+01
      vertex   1.971586e+02 4.937185e+02 1.000000e+01
    endloop
  endfacet
  facet normal 0.000000e+00 0.000000e+00 1.000000e+00
    outer loop
      vertex   1.972880e+02 4.942015e+02 1.000000e+01
      vertex   1.971586e+02 4.937185e+02 1.000000e+01
      vertex   1.976498e+02 4.940516e+02 1.000000e+01
    endloop
  endfacet
  facet normal 0.000000e+00 0.000000e+00 1.000000e+00
    outer loop
      vertex   1.976498e+02 4.940516e+02 1.000000e+01
      vertex   1.971586e+02 4.937185e+02 1.000000e+01
      vertex   1.973998e+02 4.936186e+02 1.000000e+01
    endloop
  endfacet
  facet normal 0.000000e+00 0.000000e+00 1.000000e+00
    outer loop
      vertex   1.976498e+02 4.940516e+02 1.000000e+01
      vertex   1.973998e+02 4.936186e+02 1.000000e+01
      vertex   1.979604e+02 4.938132e+02 1.000000e+01
    endloop
  endfacet
  facet normal 0.000000e+00 0.000000e+00 1.000000e+00
    outer loop
      vertex   1.979604e+02 4.938132e+02 1.000000e+01
      vertex   1.973998e+02 4.936186e+02 1.000000e+01
      vertex   1.976069e+02 4.934597e+02 1.000000e+01
    endloop
  endfacet
  facet normal 0.000000e+00 0.000000e+00 1.000000e+00
    outer loop
      vertex   1.979604e+02 4.938132e+02 1.000000e+01
      vertex   1.976069e+02 4.934597e+02 1.000000e+01
      vertex   1.981988e+02 4.935026e+02 1.000000e+01
    endloop
  endfacet
  facet normal 0.000000e+00 0.000000e+00 1.000000e+00
    outer loop
      vertex   1.981988e+02 4.935026e+02 1.000000e+01
      vertex   1.976069e+02 4.934597e+02 1.000000e+01
      vertex   1.977658e+02 4.932526e+02 1.000000e+01
    endloop
  endfacet
  facet normal 0.000000e+00 0.000000e+00 1.000000e+00
    outer loop
      vertex   1.981988e+02 4.935026e+02 1.000000e+01
      vertex   1.977658e+02 4.932526e+02 1.000000e+01
      vertex   1.983486e+02 4.931408e+02 1.000000e+01
    endloop
  endfacet
  facet normal 0.000000e+00 0.000000e+00 1.000000e+00
    outer loop
      vertex   1.983486e+02 4.931408e+02 1.000000e+01
      vertex   1.977658e+02 4.932526e+02 1.000000e+01
      vertex   1.978657e+02 4.930114e+02 1.000000e+01
    endloop
  endfacet
  facet normal 0.000000e+00 0.000000e+00 1.000000e+00
    outer loop
      vertex   1.983486e+02 4.931408e+02 1.000000e+01
      vertex   1.978657e+02 4.930114e+02 1.000000e+01
      vertex   1.983998e+02 4.927526e+02 1.000000e+01
    endloop
  endfacet
  facet normal 0.000000e+00 0.000000e+00 1.000000e+00
    outer loop
      vertex   1.983998e+02 4.927526e+02 1.000000e+01
      vertex   1.978657e+02 4.930114e+02 1.000000e+01
      vertex   1.978998e+02 4.927526e+02 1.000000e+01
    endloop
  endfacet
  facet normal 0.000000e+00 0.000000e+00 1.000000e+00
    outer loop
      vertex   1.983998e+02 4.927526e+02 1.000000e+01
      vertex   1.978998e+02 4.927526e+02 1.000000e+01
      vertex   1.983486e+02 4.923644e+02 1.000000e+01
    endloop
  endfacet
  facet normal 0.000000e+00 0.000000e+00 1.000000e+00
    outer loop
      vertex   1.983486e+02 4.923644e+02 1.000000e+01
      vertex   1.978998e+02 4.927526e+02 1.000000e+01
      vertex   1.978657e+02 4.924938e+02 1.000000e+01
    endloop
  endfacet
  facet normal 0.000000e+00 0.000000e+00 1.000000e+00
    outer loop
      vertex   1.983486e+02 4.923644e+02 1.000000e+01
      vertex   1.978657e+02 4.924938e+02 1.000000e+01
      vertex   1.977658e+02 4.922526e+02 1.000000e+01
    endloop
  endfacet
  facet normal 0.000000e+00 0.000000e+00 1.000000e+00
    outer loop
      vertex   1.983486e+02 4.923644e+02 1.000000e+01
      vertex   1.977658e+02 4.922526e+02 1.000000e+01
      vertex   1.981988e+02 4.920026e+02 1.000000e+01
    endloop
  endfacet
  facet normal 0.000000e+00 0.000000e+00 1.000000e+00
    outer loop
      vertex   1.981988e+02 4.920026e+02 1.000000e+01
      vertex   1.977658e+02 4.922526e+02 1.000000e+01
      vertex   1.976069e+02 4.920455e+02 1.000000e+01
    endloop
  endfacet
  facet normal 0.000000e+00 0.000000e+00 1.000000e+00
    outer loop
      vertex   1.981988e+02 4.920026e+02 1.000000e+01
      vertex   1.976069e+02 4.920455e+02 1.000000e+01
      vertex   1.979604e+02 4.916919e+02 1.000000e+01
    endloop
  endfacet
  facet normal 0.000000e+00 0.000000e+00 1.000000e+00
    outer loop
      vertex   1.979604e+02 4.916919e+02 1.000000e+01
      vertex   1.976069e+02 4.920455e+02 1.000000e+01
      vertex   1.973998e+02 4.918866e+02 1.000000e+01
    endloop
  endfacet
  facet normal 0.000000e+00 0.000000e+00 1.000000e+00
    outer loop
      vertex   1.979604e+02 4.916919e+02 1.000000e+01
      vertex   1.973998e+02 4.918866e+02 1.000000e+01
      vertex   1.976498e+02 4.914535e+02 1.000000e+01
    endloop
  endfacet
  facet normal 0.000000e+00 0.000000e+00 1.000000e+00
    outer loop
      vertex   1.976498e+02 4.914535e+02 1.000000e+01
      vertex   1.973998e+02 4.918866e+02 1.000000e+01
      vertex   1.971586e+02 4.917867e+02 1.000000e+01
    endloop
  endfacet
  facet normal 0.000000e+00 0.000000e+00 1.000000e+00
    outer loop
      vertex   1.976498e+02 4.914535e+02 1.000000e+01
      vertex   1.971586e+02 4.917867e+02 1.000000e+01
      vertex   1.972880e+02 4.913037e+02 1.000000e+01
    endloop
  endfacet
  facet normal 0.000000e+00 0.000000e+00 1.000000e+00
    outer loop
      vertex   1.972880e+02 4.913037e+02 1.000000e+01
      vertex   1.971586e+02 4.917867e+02 1.000000e+01
      vertex   1.968998e+02 4.917526e+02 1.000000e+01
    endloop
  endfacet
  facet normal 0.000000e+00 0.000000e+00 1.000000e+00
    outer loop
      vertex   1.972880e+02 4.913037e+02 1.000000e+01
      vertex   1.968998e+02 4.917526e+02 1.000000e+01
      vertex   1.968998e+02 4.912526e+02 1.000000e+01
    endloop
  endfacet
  facet normal 0.000000e+00 -0.000000e+00 1.000000e+00
    outer loop
      vertex   1.968998e+02 4.912526e+02 1.000000e+01
      vertex   1.968998e+02 4.917526e+02 1.000000e+01
      vertex   1.965115e+02 4.913037e+02 1.000000e+01
    endloop
  endfacet
  facet normal 0.000000e+00 0.000000e+00 1.000000e+00
    outer loop
      vertex   1.965115e+02 4.913037e+02 1.000000e+01
      vertex   1.968998e+02 4.917526e+02 1.000000e+01
      vertex   1.966409e+02 4.917867e+02 1.000000e+01
    endloop
  endfacet
  facet normal 0.000000e+00 -0.000000e+00 1.000000e+00
    outer loop
      vertex   1.965115e+02 4.913037e+02 1.000000e+01
      vertex   1.966409e+02 4.917867e+02 1.000000e+01
      vertex   1.961498e+02 4.914535e+02 1.000000e+01
    endloop
  endfacet
  facet normal 0.000000e+00 0.000000e+00 1.000000e+00
    outer loop
      vertex   1.961498e+02 4.914535e+02 1.000000e+01
      vertex   1.966409e+02 4.917867e+02 1.000000e+01
      vertex   1.963998e+02 4.918866e+02 1.000000e+01
    endloop
  endfacet
  facet normal 0.000000e+00 -0.000000e+00 1.000000e+00
    outer loop
      vertex   1.961498e+02 4.914535e+02 1.000000e+01
      vertex   1.963998e+02 4.918866e+02 1.000000e+01
      vertex   1.958391e+02 4.916919e+02 1.000000e+01
    endloop
  endfacet
  facet normal 0.000000e+00 0.000000e+00 1.000000e+00
    outer loop
      vertex   1.958391e+02 4.916919e+02 1.000000e+01
      vertex   1.963998e+02 4.918866e+02 1.000000e+01
      vertex   1.961927e+02 4.920455e+02 1.000000e+01
    endloop
  endfacet
  facet normal 0.000000e+00 -0.000000e+00 1.000000e+00
    outer loop
      vertex   1.958391e+02 4.916919e+02 1.000000e+01
      vertex   1.961927e+02 4.920455e+02 1.000000e+01
      vertex   1.956007e+02 4.920026e+02 1.000000e+01
    endloop
  endfacet
  facet normal 0.000000e+00 0.000000e+00 1.000000e+00
    outer loop
      vertex   1.956007e+02 4.920026e+02 1.000000e+01
      vertex   1.961927e+02 4.920455e+02 1.000000e+01
      vertex   1.960337e+02 4.922526e+02 1.000000e+01
    endloop
  endfacet
  facet normal 0.000000e+00 -0.000000e+00 1.000000e+00
    outer loop
      vertex   1.956007e+02 4.920026e+02 1.000000e+01
      vertex   1.960337e+02 4.922526e+02 1.000000e+01
      vertex   1.954509e+02 4.923644e+02 1.000000e+01
    endloop
  endfacet
  facet normal -0.000000e+00 0.000000e+00 1.000000e+00
    outer loop
      vertex   1.954509e+02 4.923644e+02 1.000000e+01
      vertex   1.960337e+02 4.922526e+02 1.000000e+01
      vertex   1.959338e+02 4.924938e+02 1.000000e+01
    endloop
  endfacet
  facet normal 0.000000e+00 -0.000000e+00 1.000000e+00
    outer loop
      vertex   1.954509e+02 4.923644e+02 1.000000e+01
      vertex   1.959338e+02 4.924938e+02 1.000000e+01
      vertex   1.953998e+02 4.927526e+02 1.000000e+01
    endloop
  endfacet
  facet normal 0.000000e+00 0.000000e+00 1.000000e+00
    outer loop
      vertex   1.845882e+02 4.936062e+02 1.000000e+01
      vertex   1.845542e+02 4.938650e+02 1.000000e+01
      vertex   1.840542e+02 4.938650e+02 1.000000e+01
    endloop
  endfacet
  facet normal 0.000000e+00 0.000000e+00 1.000000e+00
    outer loop
      vertex   1.840542e+02 4.938650e+02 1.000000e+01
      vertex   1.845542e+02 4.938650e+02 1.000000e+01
      vertex   1.845882e+02 4.941238e+02 1.000000e+01
    endloop
  endfacet
  facet normal 0.000000e+00 0.000000e+00 1.000000e+00
    outer loop
      vertex   1.840542e+02 4.938650e+02 1.000000e+01
      vertex   1.845882e+02 4.941238e+02 1.000000e+01
      vertex   1.841053e+02 4.942533e+02 1.000000e+01
    endloop
  endfacet
  facet normal -0.000000e+00 0.000000e+00 1.000000e+00
    outer loop
      vertex   1.841053e+02 4.942533e+02 1.000000e+01
      vertex   1.845882e+02 4.941238e+02 1.000000e+01
      vertex   1.846881e+02 4.943650e+02 1.000000e+01
    endloop
  endfacet
  facet normal 0.000000e+00 0.000000e+00 1.000000e+00
    outer loop
      vertex   1.841053e+02 4.942533e+02 1.000000e+01
      vertex   1.846881e+02 4.943650e+02 1.000000e+01
      vertex   1.842551e+02 4.946150e+02 1.000000e+01
    endloop
  endfacet
  facet normal 0.000000e+00 0.000000e+00 1.000000e+00
    outer loop
      vertex   1.842551e+02 4.946150e+02 1.000000e+01
      vertex   1.846881e+02 4.943650e+02 1.000000e+01
      vertex   1.848471e+02 4.945721e+02 1.000000e+01
    endloop
  endfacet
  facet normal -0.000000e+00 0.000000e+00 1.000000e+00
    outer loop
      vertex   1.842551e+02 4.946150e+02 1.000000e+01
      vertex   1.848471e+02 4.945721e+02 1.000000e+01
      vertex   1.844935e+02 4.949257e+02 1.000000e+01
    endloop
  endfacet
  facet normal 0.000000e+00 0.000000e+00 1.000000e+00
    outer loop
      vertex   1.844935e+02 4.949257e+02 1.000000e+01
      vertex   1.848471e+02 4.945721e+02 1.000000e+01
      vertex   1.850542e+02 4.947311e+02 1.000000e+01
    endloop
  endfacet
  facet normal -0.000000e+00 0.000000e+00 1.000000e+00
    outer loop
      vertex   1.844935e+02 4.949257e+02 1.000000e+01
      vertex   1.850542e+02 4.947311e+02 1.000000e+01
      vertex   1.848042e+02 4.951641e+02 1.000000e+01
    endloop
  endfacet
  facet normal 0.000000e+00 0.000000e+00 1.000000e+00
    outer loop
      vertex   1.848042e+02 4.951641e+02 1.000000e+01
      vertex   1.850542e+02 4.947311e+02 1.000000e+01
      vertex   1.852953e+02 4.948310e+02 1.000000e+01
    endloop
  endfacet
  facet normal -0.000000e+00 0.000000e+00 1.000000e+00
    outer loop
      vertex   1.848042e+02 4.951641e+02 1.000000e+01
      vertex   1.852953e+02 4.948310e+02 1.000000e+01
      vertex   1.851659e+02 4.953139e+02 1.000000e+01
    endloop
  endfacet
  facet normal 0.000000e+00 0.000000e+00 1.000000e+00
    outer loop
      vertex   1.851659e+02 4.953139e+02 1.000000e+01
      vertex   1.852953e+02 4.948310e+02 1.000000e+01
      vertex   1.855542e+02 4.948650e+02 1.000000e+01
    endloop
  endfacet
  facet normal -0.000000e+00 0.000000e+00 1.000000e+00
    outer loop
      vertex   1.851659e+02 4.953139e+02 1.000000e+01
      vertex   1.855542e+02 4.948650e+02 1.000000e+01
      vertex   1.855542e+02 4.953650e+02 1.000000e+01
    endloop
  endfacet
  facet normal 0.000000e+00 0.000000e+00 1.000000e+00
    outer loop
      vertex   1.855542e+02 4.953650e+02 1.000000e+01
      vertex   1.855542e+02 4.948650e+02 1.000000e+01
      vertex   1.859424e+02 4.953139e+02 1.000000e+01
    endloop
  endfacet
  facet normal 0.000000e+00 0.000000e+00 1.000000e+00
    outer loop
      vertex   1.859424e+02 4.953139e+02 1.000000e+01
      vertex   1.855542e+02 4.948650e+02 1.000000e+01
      vertex   1.858130e+02 4.948310e+02 1.000000e+01
    endloop
  endfacet
  facet normal 0.000000e+00 0.000000e+00 1.000000e+00
    outer loop
      vertex   1.859424e+02 4.953139e+02 1.000000e+01
      vertex   1.858130e+02 4.948310e+02 1.000000e+01
      vertex   1.863042e+02 4.951641e+02 1.000000e+01
    endloop
  endfacet
  facet normal 0.000000e+00 0.000000e+00 1.000000e+00
    outer loop
      vertex   1.863042e+02 4.951641e+02 1.000000e+01
      vertex   1.858130e+02 4.948310e+02 1.000000e+01
      vertex   1.860542e+02 4.947311e+02 1.000000e+01
    endloop
  endfacet
  facet normal 0.000000e+00 0.000000e+00 1.000000e+00
    outer loop
      vertex   1.863042e+02 4.951641e+02 1.000000e+01
      vertex   1.860542e+02 4.947311e+02 1.000000e+01
      vertex   1.866148e+02 4.949257e+02 1.000000e+01
    endloop
  endfacet
  facet normal 0.000000e+00 0.000000e+00 1.000000e+00
    outer loop
      vertex   1.866148e+02 4.949257e+02 1.000000e+01
      vertex   1.860542e+02 4.947311e+02 1.000000e+01
      vertex   1.862613e+02 4.945721e+02 1.000000e+01
    endloop
  endfacet
  facet normal 0.000000e+00 0.000000e+00 1.000000e+00
    outer loop
      vertex   1.866148e+02 4.949257e+02 1.000000e+01
      vertex   1.862613e+02 4.945721e+02 1.000000e+01
      vertex   1.868532e+02 4.946150e+02 1.000000e+01
    endloop
  endfacet
  facet normal 0.000000e+00 0.000000e+00 1.000000e+00
    outer loop
      vertex   1.868532e+02 4.946150e+02 1.000000e+01
      vertex   1.862613e+02 4.945721e+02 1.000000e+01
      vertex   1.864202e+02 4.943650e+02 1.000000e+01
    endloop
  endfacet
  facet normal 0.000000e+00 0.000000e+00 1.000000e+00
    outer loop
      vertex   1.868532e+02 4.946150e+02 1.000000e+01
      vertex   1.864202e+02 4.943650e+02 1.000000e+01
      vertex   1.870031e+02 4.942533e+02 1.000000e+01
    endloop
  endfacet
  facet normal 0.000000e+00 0.000000e+00 1.000000e+00
    outer loop
      vertex   1.870031e+02 4.942533e+02 1.000000e+01
      vertex   1.864202e+02 4.943650e+02 1.000000e+01
      vertex   1.865201e+02 4.941238e+02 1.000000e+01
    endloop
  endfacet
  facet normal 0.000000e+00 0.000000e+00 1.000000e+00
    outer loop
      vertex   1.870031e+02 4.942533e+02 1.000000e+01
      vertex   1.865201e+02 4.941238e+02 1.000000e+01
      vertex   1.870542e+02 4.938650e+02 1.000000e+01
    endloop
  endfacet
  facet normal 0.000000e+00 0.000000e+00 1.000000e+00
    outer loop
      vertex   1.870542e+02 4.938650e+02 1.000000e+01
      vertex   1.865201e+02 4.941238e+02 1.000000e+01
      vertex   1.865542e+02 4.938650e+02 1.000000e+01
    endloop
  endfacet
  facet normal 0.000000e+00 0.000000e+00 1.000000e+00
    outer loop
      vertex   1.870542e+02 4.938650e+02 1.000000e+01
      vertex   1.865542e+02 4.938650e+02 1.000000e+01
      vertex   1.870031e+02 4.934768e+02 1.000000e+01
    endloop
  endfacet
  facet normal 0.000000e+00 0.000000e+00 1.000000e+00
    outer loop
      vertex   1.870031e+02 4.934768e+02 1.000000e+01
      vertex   1.865542e+02 4.938650e+02 1.000000e+01
      vertex   1.865201e+02 4.936062e+02 1.000000e+01
    endloop
  endfacet
  facet normal 0.000000e+00 0.000000e+00 1.000000e+00
    outer loop
      vertex   1.870031e+02 4.934768e+02 1.000000e+01
      vertex   1.865201e+02 4.936062e+02 1.000000e+01
      vertex   1.864202e+02 4.933650e+02 1.000000e+01
    endloop
  endfacet
  facet normal 0.000000e+00 0.000000e+00 1.000000e+00
    outer loop
      vertex   1.870031e+02 4.934768e+02 1.000000e+01
      vertex   1.864202e+02 4.933650e+02 1.000000e+01
      vertex   1.868532e+02 4.931150e+02 1.000000e+01
    endloop
  endfacet
  facet normal 0.000000e+00 0.000000e+00 1.000000e+00
    outer loop
      vertex   1.868532e+02 4.931150e+02 1.000000e+01
      vertex   1.864202e+02 4.933650e+02 1.000000e+01
      vertex   1.862613e+02 4.931579e+02 1.000000e+01
    endloop
  endfacet
  facet normal 0.000000e+00 0.000000e+00 1.000000e+00
    outer loop
      vertex   1.868532e+02 4.931150e+02 1.000000e+01
      vertex   1.862613e+02 4.931579e+02 1.000000e+01
      vertex   1.866148e+02 4.928044e+02 1.000000e+01
    endloop
  endfacet
  facet normal 0.000000e+00 0.000000e+00 1.000000e+00
    outer loop
      vertex   1.866148e+02 4.928044e+02 1.000000e+01
      vertex   1.862613e+02 4.931579e+02 1.000000e+01
      vertex   1.860542e+02 4.929990e+02 1.000000e+01
    endloop
  endfacet
  facet normal 0.000000e+00 0.000000e+00 1.000000e+00
    outer loop
      vertex   1.866148e+02 4.928044e+02 1.000000e+01
      vertex   1.860542e+02 4.929990e+02 1.000000e+01
      vertex   1.863042e+02 4.925660e+02 1.000000e+01
    endloop
  endfacet
  facet normal 0.000000e+00 0.000000e+00 1.000000e+00
    outer loop
      vertex   1.863042e+02 4.925660e+02 1.000000e+01
      vertex   1.860542e+02 4.929990e+02 1.000000e+01
      vertex   1.858130e+02 4.928991e+02 1.000000e+01
    endloop
  endfacet
  facet normal 0.000000e+00 0.000000e+00 1.000000e+00
    outer loop
      vertex   1.863042e+02 4.925660e+02 1.000000e+01
      vertex   1.858130e+02 4.928991e+02 1.000000e+01
      vertex   1.859424e+02 4.924161e+02 1.000000e+01
    endloop
  endfacet
  facet normal 0.000000e+00 0.000000e+00 1.000000e+00
    outer loop
      vertex   1.859424e+02 4.924161e+02 1.000000e+01
      vertex   1.858130e+02 4.928991e+02 1.000000e+01
      vertex   1.855542e+02 4.928650e+02 1.000000e+01
    endloop
  endfacet
  facet normal 0.000000e+00 0.000000e+00 1.000000e+00
    outer loop
      vertex   1.859424e+02 4.924161e+02 1.000000e+01
      vertex   1.855542e+02 4.928650e+02 1.000000e+01
      vertex   1.855542e+02 4.923650e+02 1.000000e+01
    endloop
  endfacet
  facet normal 0.000000e+00 -0.000000e+00 1.000000e+00
    outer loop
      vertex   1.855542e+02 4.923650e+02 1.000000e+01
      vertex   1.855542e+02 4.928650e+02 1.000000e+01
      vertex   1.851659e+02 4.924161e+02 1.000000e+01
    endloop
  endfacet
  facet normal 0.000000e+00 0.000000e+00 1.000000e+00
    outer loop
      vertex   1.851659e+02 4.924161e+02 1.000000e+01
      vertex   1.855542e+02 4.928650e+02 1.000000e+01
      vertex   1.852953e+02 4.928991e+02 1.000000e+01
    endloop
  endfacet
  facet normal 0.000000e+00 -0.000000e+00 1.000000e+00
    outer loop
      vertex   1.851659e+02 4.924161e+02 1.000000e+01
      vertex   1.852953e+02 4.928991e+02 1.000000e+01
      vertex   1.848042e+02 4.925660e+02 1.000000e+01
    endloop
  endfacet
  facet normal 0.000000e+00 0.000000e+00 1.000000e+00
    outer loop
      vertex   1.848042e+02 4.925660e+02 1.000000e+01
      vertex   1.852953e+02 4.928991e+02 1.000000e+01
      vertex   1.850542e+02 4.929990e+02 1.000000e+01
    endloop
  endfacet
  facet normal 0.000000e+00 -0.000000e+00 1.000000e+00
    outer loop
      vertex   1.848042e+02 4.925660e+02 1.000000e+01
      vertex   1.850542e+02 4.929990e+02 1.000000e+01
      vertex   1.844935e+02 4.928044e+02 1.000000e+01
    endloop
  endfacet
  facet normal 0.000000e+00 0.000000e+00 1.000000e+00
    outer loop
      vertex   1.844935e+02 4.928044e+02 1.000000e+01
      vertex   1.850542e+02 4.929990e+02 1.000000e+01
      vertex   1.848471e+02 4.931579e+02 1.000000e+01
    endloop
  endfacet
  facet normal 0.000000e+00 -0.000000e+00 1.000000e+00
    outer loop
      vertex   1.844935e+02 4.928044e+02 1.000000e+01
      vertex   1.848471e+02 4.931579e+02 1.000000e+01
      vertex   1.842551e+02 4.931150e+02 1.000000e+01
    endloop
  endfacet
  facet normal 0.000000e+00 0.000000e+00 1.000000e+00
    outer loop
      vertex   1.842551e+02 4.931150e+02 1.000000e+01
      vertex   1.848471e+02 4.931579e+02 1.000000e+01
      vertex   1.846881e+02 4.933650e+02 1.000000e+01
    endloop
  endfacet
  facet normal 0.000000e+00 -0.000000e+00 1.000000e+00
    outer loop
      vertex   1.842551e+02 4.931150e+02 1.000000e+01
      vertex   1.846881e+02 4.933650e+02 1.000000e+01
      vertex   1.841053e+02 4.934768e+02 1.000000e+01
    endloop
  endfacet
  facet normal -0.000000e+00 0.000000e+00 1.000000e+00
    outer loop
      vertex   1.841053e+02 4.934768e+02 1.000000e+01
      vertex   1.846881e+02 4.933650e+02 1.000000e+01
      vertex   1.845882e+02 4.936062e+02 1.000000e+01
    endloop
  endfacet
  facet normal 0.000000e+00 -0.000000e+00 1.000000e+00
    outer loop
      vertex   1.841053e+02 4.934768e+02 1.000000e+01
      vertex   1.845882e+02 4.936062e+02 1.000000e+01
      vertex   1.840542e+02 4.938650e+02 1.000000e+01
    endloop
  endfacet
  facet normal 0.000000e+00 0.000000e+00 1.000000e+00
    outer loop
      vertex   1.800018e+02 4.468305e+02 1.000000e+01
      vertex   1.799678e+02 4.470893e+02 1.000000e+01
      vertex   1.794678e+02 4.470893e+02 1.000000e+01
    endloop
  endfacet
  facet normal 0.000000e+00 0.000000e+00 1.000000e+00
    outer loop
      vertex   1.794678e+02 4.470893e+02 1.000000e+01
      vertex   1.799678e+02 4.470893e+02 1.000000e+01
      vertex   1.800018e+02 4.473482e+02 1.000000e+01
    endloop
  endfacet
  facet normal 0.000000e+00 0.000000e+00 1.000000e+00
    outer loop
      vertex   1.794678e+02 4.470893e+02 1.000000e+01
      vertex   1.800018e+02 4.473482e+02 1.000000e+01
      vertex   1.795189e+02 4.474776e+02 1.000000e+01
    endloop
  endfacet
  facet normal -0.000000e+00 0.000000e+00 1.000000e+00
    outer loop
      vertex   1.795189e+02 4.474776e+02 1.000000e+01
      vertex   1.800018e+02 4.473482e+02 1.000000e+01
      vertex   1.801017e+02 4.475893e+02 1.000000e+01
    endloop
  endfacet
  facet normal 0.000000e+00 0.000000e+00 1.000000e+00
    outer loop
      vertex   1.795189e+02 4.474776e+02 1.000000e+01
      vertex   1.801017e+02 4.475893e+02 1.000000e+01
      vertex   1.796687e+02 4.478393e+02 1.000000e+01
    endloop
  endfacet
  facet normal 0.000000e+00 0.000000e+00 1.000000e+00
    outer loop
      vertex   1.796687e+02 4.478393e+02 1.000000e+01
      vertex   1.801017e+02 4.475893e+02 1.000000e+01
      vertex   1.802607e+02 4.477964e+02 1.000000e+01
    endloop
  endfacet
  facet normal -0.000000e+00 0.000000e+00 1.000000e+00
    outer loop
      vertex   1.796687e+02 4.478393e+02 1.000000e+01
      vertex   1.802607e+02 4.477964e+02 1.000000e+01
      vertex   1.799071e+02 4.481500e+02 1.000000e+01
    endloop
  endfacet
  facet normal 0.000000e+00 0.000000e+00 1.000000e+00
    outer loop
      vertex   1.799071e+02 4.481500e+02 1.000000e+01
      vertex   1.802607e+02 4.477964e+02 1.000000e+01
      vertex   1.804678e+02 4.479554e+02 1.000000e+01
    endloop
  endfacet
  facet normal -0.000000e+00 0.000000e+00 1.000000e+00
    outer loop
      vertex   1.799071e+02 4.481500e+02 1.000000e+01
      vertex   1.804678e+02 4.479554e+02 1.000000e+01
      vertex   1.802178e+02 4.483884e+02 1.000000e+01
    endloop
  endfacet
  facet normal 0.000000e+00 0.000000e+00 1.000000e+00
    outer loop
      vertex   1.802178e+02 4.483884e+02 1.000000e+01
      vertex   1.804678e+02 4.479554e+02 1.000000e+01
      vertex   1.807089e+02 4.480553e+02 1.000000e+01
    endloop
  endfacet
  facet normal -0.000000e+00 0.000000e+00 1.000000e+00
    outer loop
      vertex   1.802178e+02 4.483884e+02 1.000000e+01
      vertex   1.807089e+02 4.480553e+02 1.000000e+01
      vertex   1.805795e+02 4.485382e+02 1.000000e+01
    endloop
  endfacet
  facet normal 0.000000e+00 0.000000e+00 1.000000e+00
    outer loop
      vertex   1.805795e+02 4.485382e+02 1.000000e+01
      vertex   1.807089e+02 4.480553e+02 1.000000e+01
      vertex   1.809678e+02 4.480893e+02 1.000000e+01
    endloop
  endfacet
  facet normal -0.000000e+00 0.000000e+00 1.000000e+00
    outer loop
      vertex   1.805795e+02 4.485382e+02 1.000000e+01
      vertex   1.809678e+02 4.480893e+02 1.000000e+01
      vertex   1.809678e+02 4.485893e+02 1.000000e+01
    endloop
  endfacet
  facet normal 0.000000e+00 0.000000e+00 1.000000e+00
    outer loop
      vertex   1.809678e+02 4.485893e+02 1.000000e+01
      vertex   1.809678e+02 4.480893e+02 1.000000e+01
      vertex   1.813560e+02 4.485382e+02 1.000000e+01
    endloop
  endfacet
  facet normal 0.000000e+00 0.000000e+00 1.000000e+00
    outer loop
      vertex   1.813560e+02 4.485382e+02 1.000000e+01
      vertex   1.809678e+02 4.480893e+02 1.000000e+01
      vertex   1.812266e+02 4.480553e+02 1.000000e+01
    endloop
  endfacet
  facet normal 0.000000e+00 0.000000e+00 1.000000e+00
    outer loop
      vertex   1.813560e+02 4.485382e+02 1.000000e+01
      vertex   1.812266e+02 4.480553e+02 1.000000e+01
      vertex   1.817178e+02 4.483884e+02 1.000000e+01
    endloop
  endfacet
  facet normal 0.000000e+00 0.000000e+00 1.000000e+00
    outer loop
      vertex   1.817178e+02 4.483884e+02 1.000000e+01
      vertex   1.812266e+02 4.480553e+02 1.000000e+01
      vertex   1.814678e+02 4.479554e+02 1.000000e+01
    endloop
  endfacet
  facet normal 0.000000e+00 0.000000e+00 1.000000e+00
    outer loop
      vertex   1.817178e+02 4.483884e+02 1.000000e+01
      vertex   1.814678e+02 4.479554e+02 1.000000e+01
      vertex   1.820284e+02 4.481500e+02 1.000000e+01
    endloop
  endfacet
  facet normal 0.000000e+00 0.000000e+00 1.000000e+00
    outer loop
      vertex   1.820284e+02 4.481500e+02 1.000000e+01
      vertex   1.814678e+02 4.479554e+02 1.000000e+01
      vertex   1.816749e+02 4.477964e+02 1.000000e+01
    endloop
  endfacet
  facet normal 0.000000e+00 0.000000e+00 1.000000e+00
    outer loop
      vertex   1.820284e+02 4.481500e+02 1.000000e+01
      vertex   1.816749e+02 4.477964e+02 1.000000e+01
      vertex   1.822668e+02 4.478393e+02 1.000000e+01
    endloop
  endfacet
  facet normal 0.000000e+00 0.000000e+00 1.000000e+00
    outer loop
      vertex   1.822668e+02 4.478393e+02 1.000000e+01
      vertex   1.816749e+02 4.477964e+02 1.000000e+01
      vertex   1.818338e+02 4.475893e+02 1.000000e+01
    endloop
  endfacet
  facet normal 0.000000e+00 0.000000e+00 1.000000e+00
    outer loop
      vertex   1.822668e+02 4.478393e+02 1.000000e+01
      vertex   1.818338e+02 4.475893e+02 1.000000e+01
      vertex   1.824166e+02 4.474776e+02 1.000000e+01
    endloop
  endfacet
  facet normal 0.000000e+00 0.000000e+00 1.000000e+00
    outer loop
      vertex   1.824166e+02 4.474776e+02 1.000000e+01
      vertex   1.818338e+02 4.475893e+02 1.000000e+01
      vertex   1.819337e+02 4.473482e+02 1.000000e+01
    endloop
  endfacet
  facet normal 0.000000e+00 0.000000e+00 1.000000e+00
    outer loop
      vertex   1.824166e+02 4.474776e+02 1.000000e+01
      vertex   1.819337e+02 4.473482e+02 1.000000e+01
      vertex   1.824678e+02 4.470893e+02 1.000000e+01
    endloop
  endfacet
  facet normal 0.000000e+00 0.000000e+00 1.000000e+00
    outer loop
      vertex   1.824678e+02 4.470893e+02 1.000000e+01
      vertex   1.819337e+02 4.473482e+02 1.000000e+01
      vertex   1.819678e+02 4.470893e+02 1.000000e+01
    endloop
  endfacet
  facet normal 0.000000e+00 0.000000e+00 1.000000e+00
    outer loop
      vertex   1.824678e+02 4.470893e+02 1.000000e+01
      vertex   1.819678e+02 4.470893e+02 1.000000e+01
      vertex   1.824166e+02 4.467011e+02 1.000000e+01
    endloop
  endfacet
  facet normal 0.000000e+00 0.000000e+00 1.000000e+00
    outer loop
      vertex   1.824166e+02 4.467011e+02 1.000000e+01
      vertex   1.819678e+02 4.470893e+02 1.000000e+01
      vertex   1.819337e+02 4.468305e+02 1.000000e+01
    endloop
  endfacet
  facet normal 0.000000e+00 0.000000e+00 1.000000e+00
    outer loop
      vertex   1.824166e+02 4.467011e+02 1.000000e+01
      vertex   1.819337e+02 4.468305e+02 1.000000e+01
      vertex   1.818338e+02 4.465893e+02 1.000000e+01
    endloop
  endfacet
  facet normal 0.000000e+00 0.000000e+00 1.000000e+00
    outer loop
      vertex   1.824166e+02 4.467011e+02 1.000000e+01
      vertex   1.818338e+02 4.465893e+02 1.000000e+01
      vertex   1.822668e+02 4.463393e+02 1.000000e+01
    endloop
  endfacet
  facet normal 0.000000e+00 0.000000e+00 1.000000e+00
    outer loop
      vertex   1.822668e+02 4.463393e+02 1.000000e+01
      vertex   1.818338e+02 4.465893e+02 1.000000e+01
      vertex   1.816749e+02 4.463822e+02 1.000000e+01
    endloop
  endfacet
  facet normal 0.000000e+00 0.000000e+00 1.000000e+00
    outer loop
      vertex   1.822668e+02 4.463393e+02 1.000000e+01
      vertex   1.816749e+02 4.463822e+02 1.000000e+01
      vertex   1.820284e+02 4.460287e+02 1.000000e+01
    endloop
  endfacet
  facet normal 0.000000e+00 0.000000e+00 1.000000e+00
    outer loop
      vertex   1.820284e+02 4.460287e+02 1.000000e+01
      vertex   1.816749e+02 4.463822e+02 1.000000e+01
      vertex   1.814678e+02 4.462233e+02 1.000000e+01
    endloop
  endfacet
  facet normal 0.000000e+00 0.000000e+00 1.000000e+00
    outer loop
      vertex   1.820284e+02 4.460287e+02 1.000000e+01
      vertex   1.814678e+02 4.462233e+02 1.000000e+01
      vertex   1.817178e+02 4.457903e+02 1.000000e+01
    endloop
  endfacet
  facet normal 0.000000e+00 0.000000e+00 1.000000e+00
    outer loop
      vertex   1.817178e+02 4.457903e+02 1.000000e+01
      vertex   1.814678e+02 4.462233e+02 1.000000e+01
      vertex   1.812266e+02 4.461234e+02 1.000000e+01
    endloop
  endfacet
  facet normal 0.000000e+00 0.000000e+00 1.000000e+00
    outer loop
      vertex   1.817178e+02 4.457903e+02 1.000000e+01
      vertex   1.812266e+02 4.461234e+02 1.000000e+01
      vertex   1.813560e+02 4.456405e+02 1.000000e+01
    endloop
  endfacet
  facet normal 0.000000e+00 0.000000e+00 1.000000e+00
    outer loop
      vertex   1.813560e+02 4.456405e+02 1.000000e+01
      vertex   1.812266e+02 4.461234e+02 1.000000e+01
      vertex   1.809678e+02 4.460893e+02 1.000000e+01
    endloop
  endfacet
  facet normal 0.000000e+00 0.000000e+00 1.000000e+00
    outer loop
      vertex   1.813560e+02 4.456405e+02 1.000000e+01
      vertex   1.809678e+02 4.460893e+02 1.000000e+01
      vertex   1.809678e+02 4.455893e+02 1.000000e+01
    endloop
  endfacet
  facet normal 0.000000e+00 0.000000e+00 1.000000e+00
    outer loop
      vertex   1.809678e+02 4.455893e+02 1.000000e+01
      vertex   1.809678e+02 4.460893e+02 1.000000e+01
      vertex   1.805795e+02 4.456405e+02 1.000000e+01
    endloop
  endfacet
  facet normal 0.000000e+00 0.000000e+00 1.000000e+00
    outer loop
      vertex   1.805795e+02 4.456405e+02 1.000000e+01
      vertex   1.809678e+02 4.460893e+02 1.000000e+01
      vertex   1.807089e+02 4.461234e+02 1.000000e+01
    endloop
  endfacet
  facet normal 0.000000e+00 -0.000000e+00 1.000000e+00
    outer loop
      vertex   1.805795e+02 4.456405e+02 1.000000e+01
      vertex   1.807089e+02 4.461234e+02 1.000000e+01
      vertex   1.802178e+02 4.457903e+02 1.000000e+01
    endloop
  endfacet
  facet normal 0.000000e+00 0.000000e+00 1.000000e+00
    outer loop
      vertex   1.802178e+02 4.457903e+02 1.000000e+01
      vertex   1.807089e+02 4.461234e+02 1.000000e+01
      vertex   1.804678e+02 4.462233e+02 1.000000e+01
    endloop
  endfacet
  facet normal 0.000000e+00 -0.000000e+00 1.000000e+00
    outer loop
      vertex   1.802178e+02 4.457903e+02 1.000000e+01
      vertex   1.804678e+02 4.462233e+02 1.000000e+01
      vertex   1.799071e+02 4.460287e+02 1.000000e+01
    endloop
  endfacet
  facet normal 0.000000e+00 0.000000e+00 1.000000e+00
    outer loop
      vertex   1.799071e+02 4.460287e+02 1.000000e+01
      vertex   1.804678e+02 4.462233e+02 1.000000e+01
      vertex   1.802607e+02 4.463822e+02 1.000000e+01
    endloop
  endfacet
  facet normal 0.000000e+00 -0.000000e+00 1.000000e+00
    outer loop
      vertex   1.799071e+02 4.460287e+02 1.000000e+01
      vertex   1.802607e+02 4.463822e+02 1.000000e+01
      vertex   1.796687e+02 4.463393e+02 1.000000e+01
    endloop
  endfacet
  facet normal 0.000000e+00 0.000000e+00 1.000000e+00
    outer loop
      vertex   1.796687e+02 4.463393e+02 1.000000e+01
      vertex   1.802607e+02 4.463822e+02 1.000000e+01
      vertex   1.801017e+02 4.465893e+02 1.000000e+01
    endloop
  endfacet
  facet normal 0.000000e+00 -0.000000e+00 1.000000e+00
    outer loop
      vertex   1.796687e+02 4.463393e+02 1.000000e+01
      vertex   1.801017e+02 4.465893e+02 1.000000e+01
      vertex   1.795189e+02 4.467011e+02 1.000000e+01
    endloop
  endfacet
  facet normal -0.000000e+00 0.000000e+00 1.000000e+00
    outer loop
      vertex   1.795189e+02 4.467011e+02 1.000000e+01
      vertex   1.801017e+02 4.465893e+02 1.000000e+01
      vertex   1.800018e+02 4.468305e+02 1.000000e+01
    endloop
  endfacet
  facet normal 0.000000e+00 -0.000000e+00 1.000000e+00
    outer loop
      vertex   1.795189e+02 4.467011e+02 1.000000e+01
      vertex   1.800018e+02 4.468305e+02 1.000000e+01
      vertex   1.794678e+02 4.470893e+02 1.000000e+01
    endloop
  endfacet
  facet normal 0.000000e+00 0.000000e+00 1.000000e+00
    outer loop
      vertex   1.913474e+02 4.457181e+02 1.000000e+01
      vertex   1.913134e+02 4.459769e+02 1.000000e+01
      vertex   1.908134e+02 4.459769e+02 1.000000e+01
    endloop
  endfacet
  facet normal 0.000000e+00 0.000000e+00 1.000000e+00
    outer loop
      vertex   1.908134e+02 4.459769e+02 1.000000e+01
      vertex   1.913134e+02 4.459769e+02 1.000000e+01
      vertex   1.913474e+02 4.462357e+02 1.000000e+01
    endloop
  endfacet
  facet normal 0.000000e+00 0.000000e+00 1.000000e+00
    outer loop
      vertex   1.908134e+02 4.459769e+02 1.000000e+01
      vertex   1.913474e+02 4.462357e+02 1.000000e+01
      vertex   1.908645e+02 4.463651e+02 1.000000e+01
    endloop
  endfacet
  facet normal -0.000000e+00 0.000000e+00 1.000000e+00
    outer loop
      vertex   1.908645e+02 4.463651e+02 1.000000e+01
      vertex   1.913474e+02 4.462357e+02 1.000000e+01
      vertex   1.914473e+02 4.464769e+02 1.000000e+01
    endloop
  endfacet
  facet normal 0.000000e+00 0.000000e+00 1.000000e+00
    outer loop
      vertex   1.908645e+02 4.463651e+02 1.000000e+01
      vertex   1.914473e+02 4.464769e+02 1.000000e+01
      vertex   1.910143e+02 4.467269e+02 1.000000e+01
    endloop
  endfacet
  facet normal 0.000000e+00 0.000000e+00 1.000000e+00
    outer loop
      vertex   1.910143e+02 4.467269e+02 1.000000e+01
      vertex   1.914473e+02 4.464769e+02 1.000000e+01
      vertex   1.916062e+02 4.466840e+02 1.000000e+01
    endloop
  endfacet
  facet normal -0.000000e+00 0.000000e+00 1.000000e+00
    outer loop
      vertex   1.910143e+02 4.467269e+02 1.000000e+01
      vertex   1.916062e+02 4.466840e+02 1.000000e+01
      vertex   1.912527e+02 4.470376e+02 1.000000e+01
    endloop
  endfacet
  facet normal 0.000000e+00 0.000000e+00 1.000000e+00
    outer loop
      vertex   1.912527e+02 4.470376e+02 1.000000e+01
      vertex   1.916062e+02 4.466840e+02 1.000000e+01
      vertex   1.918134e+02 4.468429e+02 1.000000e+01
    endloop
  endfacet
  facet normal -0.000000e+00 0.000000e+00 1.000000e+00
    outer loop
      vertex   1.912527e+02 4.470376e+02 1.000000e+01
      vertex   1.918134e+02 4.468429e+02 1.000000e+01
      vertex   1.915634e+02 4.472759e+02 1.000000e+01
    endloop
  endfacet
  facet normal 0.000000e+00 0.000000e+00 1.000000e+00
    outer loop
      vertex   1.915634e+02 4.472759e+02 1.000000e+01
      vertex   1.918134e+02 4.468429e+02 1.000000e+01
      vertex   1.920545e+02 4.469428e+02 1.000000e+01
    endloop
  endfacet
  facet normal -0.000000e+00 0.000000e+00 1.000000e+00
    outer loop
      vertex   1.915634e+02 4.472759e+02 1.000000e+01
      vertex   1.920545e+02 4.469428e+02 1.000000e+01
      vertex   1.919251e+02 4.474258e+02 1.000000e+01
    endloop
  endfacet
  facet normal 0.000000e+00 0.000000e+00 1.000000e+00
    outer loop
      vertex   1.919251e+02 4.474258e+02 1.000000e+01
      vertex   1.920545e+02 4.469428e+02 1.000000e+01
      vertex   1.923134e+02 4.469769e+02 1.000000e+01
    endloop
  endfacet
  facet normal -0.000000e+00 0.000000e+00 1.000000e+00
    outer loop
      vertex   1.919251e+02 4.474258e+02 1.000000e+01
      vertex   1.923134e+02 4.469769e+02 1.000000e+01
      vertex   1.923134e+02 4.474769e+02 1.000000e+01
    endloop
  endfacet
  facet normal 0.000000e+00 0.000000e+00 1.000000e+00
    outer loop
      vertex   1.923134e+02 4.474769e+02 1.000000e+01
      vertex   1.923134e+02 4.469769e+02 1.000000e+01
      vertex   1.927016e+02 4.474258e+02 1.000000e+01
    endloop
  endfacet
  facet normal 0.000000e+00 0.000000e+00 1.000000e+00
    outer loop
      vertex   1.927016e+02 4.474258e+02 1.000000e+01
      vertex   1.923134e+02 4.469769e+02 1.000000e+01
      vertex   1.925722e+02 4.469428e+02 1.000000e+01
    endloop
  endfacet
  facet normal 0.000000e+00 0.000000e+00 1.000000e+00
    outer loop
      vertex   1.927016e+02 4.474258e+02 1.000000e+01
      vertex   1.925722e+02 4.469428e+02 1.000000e+01
      vertex   1.930634e+02 4.472759e+02 1.000000e+01
    endloop
  endfacet
  facet normal 0.000000e+00 0.000000e+00 1.000000e+00
    outer loop
      vertex   1.930634e+02 4.472759e+02 1.000000e+01
      vertex   1.925722e+02 4.469428e+02 1.000000e+01
      vertex   1.928134e+02 4.468429e+02 1.000000e+01
    endloop
  endfacet
  facet normal 0.000000e+00 0.000000e+00 1.000000e+00
    outer loop
      vertex   1.930634e+02 4.472759e+02 1.000000e+01
      vertex   1.928134e+02 4.468429e+02 1.000000e+01
      vertex   1.933740e+02 4.470376e+02 1.000000e+01
    endloop
  endfacet
  facet normal 0.000000e+00 0.000000e+00 1.000000e+00
    outer loop
      vertex   1.933740e+02 4.470376e+02 1.000000e+01
      vertex   1.928134e+02 4.468429e+02 1.000000e+01
      vertex   1.930205e+02 4.466840e+02 1.000000e+01
    endloop
  endfacet
  facet normal 0.000000e+00 0.000000e+00 1.000000e+00
    outer loop
      vertex   1.933740e+02 4.470376e+02 1.000000e+01
      vertex   1.930205e+02 4.466840e+02 1.000000e+01
      vertex   1.936124e+02 4.467269e+02 1.000000e+01
    endloop
  endfacet
  facet normal 0.000000e+00 0.000000e+00 1.000000e+00
    outer loop
      vertex   1.936124e+02 4.467269e+02 1.000000e+01
      vertex   1.930205e+02 4.466840e+02 1.000000e+01
      vertex   1.931794e+02 4.464769e+02 1.000000e+01
    endloop
  endfacet
  facet normal 0.000000e+00 0.000000e+00 1.000000e+00
    outer loop
      vertex   1.936124e+02 4.467269e+02 1.000000e+01
      vertex   1.931794e+02 4.464769e+02 1.000000e+01
      vertex   1.937622e+02 4.463651e+02 1.000000e+01
    endloop
  endfacet
  facet normal 0.000000e+00 0.000000e+00 1.000000e+00
    outer loop
      vertex   1.937622e+02 4.463651e+02 1.000000e+01
      vertex   1.931794e+02 4.464769e+02 1.000000e+01
      vertex   1.932793e+02 4.462357e+02 1.000000e+01
    endloop
  endfacet
  facet normal 0.000000e+00 0.000000e+00 1.000000e+00
    outer loop
      vertex   1.937622e+02 4.463651e+02 1.000000e+01
      vertex   1.932793e+02 4.462357e+02 1.000000e+01
      vertex   1.938134e+02 4.459769e+02 1.000000e+01
    endloop
  endfacet
  facet normal 0.000000e+00 0.000000e+00 1.000000e+00
    outer loop
      vertex   1.938134e+02 4.459769e+02 1.000000e+01
      vertex   1.932793e+02 4.462357e+02 1.000000e+01
      vertex   1.933134e+02 4.459769e+02 1.000000e+01
    endloop
  endfacet
  facet normal 0.000000e+00 0.000000e+00 1.000000e+00
    outer loop
      vertex   1.938134e+02 4.459769e+02 1.000000e+01
      vertex   1.933134e+02 4.459769e+02 1.000000e+01
      vertex   1.937622e+02 4.455887e+02 1.000000e+01
    endloop
  endfacet
  facet normal 0.000000e+00 0.000000e+00 1.000000e+00
    outer loop
      vertex   1.937622e+02 4.455887e+02 1.000000e+01
      vertex   1.933134e+02 4.459769e+02 1.000000e+01
      vertex   1.932793e+02 4.457181e+02 1.000000e+01
    endloop
  endfacet
  facet normal 0.000000e+00 0.000000e+00 1.000000e+00
    outer loop
      vertex   1.937622e+02 4.455887e+02 1.000000e+01
      vertex   1.932793e+02 4.457181e+02 1.000000e+01
      vertex   1.931794e+02 4.454769e+02 1.000000e+01
    endloop
  endfacet
  facet normal 0.000000e+00 0.000000e+00 1.000000e+00
    outer loop
      vertex   1.937622e+02 4.455887e+02 1.000000e+01
      vertex   1.931794e+02 4.454769e+02 1.000000e+01
      vertex   1.936124e+02 4.452269e+02 1.000000e+01
    endloop
  endfacet
  facet normal 0.000000e+00 0.000000e+00 1.000000e+00
    outer loop
      vertex   1.936124e+02 4.452269e+02 1.000000e+01
      vertex   1.931794e+02 4.454769e+02 1.000000e+01
      vertex   1.930205e+02 4.452698e+02 1.000000e+01
    endloop
  endfacet
  facet normal 0.000000e+00 0.000000e+00 1.000000e+00
    outer loop
      vertex   1.936124e+02 4.452269e+02 1.000000e+01
      vertex   1.930205e+02 4.452698e+02 1.000000e+01
      vertex   1.933740e+02 4.449162e+02 1.000000e+01
    endloop
  endfacet
  facet normal 0.000000e+00 0.000000e+00 1.000000e+00
    outer loop
      vertex   1.933740e+02 4.449162e+02 1.000000e+01
      vertex   1.930205e+02 4.452698e+02 1.000000e+01
      vertex   1.928134e+02 4.451109e+02 1.000000e+01
    endloop
  endfacet
  facet normal 0.000000e+00 0.000000e+00 1.000000e+00
    outer loop
      vertex   1.933740e+02 4.449162e+02 1.000000e+01
      vertex   1.928134e+02 4.451109e+02 1.000000e+01
      vertex   1.930634e+02 4.446779e+02 1.000000e+01
    endloop
  endfacet
  facet normal 0.000000e+00 0.000000e+00 1.000000e+00
    outer loop
      vertex   1.930634e+02 4.446779e+02 1.000000e+01
      vertex   1.928134e+02 4.451109e+02 1.000000e+01
      vertex   1.925722e+02 4.450110e+02 1.000000e+01
    endloop
  endfacet
  facet normal 0.000000e+00 0.000000e+00 1.000000e+00
    outer loop
      vertex   1.930634e+02 4.446779e+02 1.000000e+01
      vertex   1.925722e+02 4.450110e+02 1.000000e+01
      vertex   1.927016e+02 4.445280e+02 1.000000e+01
    endloop
  endfacet
  facet normal 0.000000e+00 0.000000e+00 1.000000e+00
    outer loop
      vertex   1.927016e+02 4.445280e+02 1.000000e+01
      vertex   1.925722e+02 4.450110e+02 1.000000e+01
      vertex   1.923134e+02 4.449769e+02 1.000000e+01
    endloop
  endfacet
  facet normal 0.000000e+00 0.000000e+00 1.000000e+00
    outer loop
      vertex   1.927016e+02 4.445280e+02 1.000000e+01
      vertex   1.923134e+02 4.449769e+02 1.000000e+01
      vertex   1.923134e+02 4.444769e+02 1.000000e+01
    endloop
  endfacet
  facet normal 0.000000e+00 -0.000000e+00 1.000000e+00
    outer loop
      vertex   1.923134e+02 4.444769e+02 1.000000e+01
      vertex   1.923134e+02 4.449769e+02 1.000000e+01
      vertex   1.919251e+02 4.445280e+02 1.000000e+01
    endloop
  endfacet
  facet normal 0.000000e+00 0.000000e+00 1.000000e+00
    outer loop
      vertex   1.919251e+02 4.445280e+02 1.000000e+01
      vertex   1.923134e+02 4.449769e+02 1.000000e+01
      vertex   1.920545e+02 4.450110e+02 1.000000e+01
    endloop
  endfacet
  facet normal 0.000000e+00 -0.000000e+00 1.000000e+00
    outer loop
      vertex   1.919251e+02 4.445280e+02 1.000000e+01
      vertex   1.920545e+02 4.450110e+02 1.000000e+01
      vertex   1.915634e+02 4.446779e+02 1.000000e+01
    endloop
  endfacet
  facet normal 0.000000e+00 0.000000e+00 1.000000e+00
    outer loop
      vertex   1.915634e+02 4.446779e+02 1.000000e+01
      vertex   1.920545e+02 4.450110e+02 1.000000e+01
      vertex   1.918134e+02 4.451109e+02 1.000000e+01
    endloop
  endfacet
  facet normal 0.000000e+00 -0.000000e+00 1.000000e+00
    outer loop
      vertex   1.915634e+02 4.446779e+02 1.000000e+01
      vertex   1.918134e+02 4.451109e+02 1.000000e+01
      vertex   1.912527e+02 4.449162e+02 1.000000e+01
    endloop
  endfacet
  facet normal 0.000000e+00 0.000000e+00 1.000000e+00
    outer loop
      vertex   1.912527e+02 4.449162e+02 1.000000e+01
      vertex   1.918134e+02 4.451109e+02 1.000000e+01
      vertex   1.916062e+02 4.452698e+02 1.000000e+01
    endloop
  endfacet
  facet normal 0.000000e+00 -0.000000e+00 1.000000e+00
    outer loop
      vertex   1.912527e+02 4.449162e+02 1.000000e+01
      vertex   1.916062e+02 4.452698e+02 1.000000e+01
      vertex   1.910143e+02 4.452269e+02 1.000000e+01
    endloop
  endfacet
  facet normal 0.000000e+00 0.000000e+00 1.000000e+00
    outer loop
      vertex   1.910143e+02 4.452269e+02 1.000000e+01
      vertex   1.916062e+02 4.452698e+02 1.000000e+01
      vertex   1.914473e+02 4.454769e+02 1.000000e+01
    endloop
  endfacet
  facet normal 0.000000e+00 -0.000000e+00 1.000000e+00
    outer loop
      vertex   1.910143e+02 4.452269e+02 1.000000e+01
      vertex   1.914473e+02 4.454769e+02 1.000000e+01
      vertex   1.908645e+02 4.455887e+02 1.000000e+01
    endloop
  endfacet
  facet normal -0.000000e+00 0.000000e+00 1.000000e+00
    outer loop
      vertex   1.908645e+02 4.455887e+02 1.000000e+01
      vertex   1.914473e+02 4.454769e+02 1.000000e+01
      vertex   1.913474e+02 4.457181e+02 1.000000e+01
    endloop
  endfacet
  facet normal 0.000000e+00 -0.000000e+00 1.000000e+00
    outer loop
      vertex   1.908645e+02 4.455887e+02 1.000000e+01
      vertex   1.913474e+02 4.457181e+02 1.000000e+01
      vertex   1.908134e+02 4.459769e+02 1.000000e+01
    endloop
  endfacet
  facet normal 8.944211e-01 -4.472258e-01 0.000000e+00
    outer loop
      vertex   2.234837e+02 3.664439e+02 0.000000e+00
      vertex   2.457477e+02 4.109704e+02 0.000000e+00
      vertex   2.234837e+02 3.664439e+02 1.500000e+00
    endloop
  endfacet
  facet normal 8.944211e-01 -4.472258e-01 0.000000e+00
    outer loop
      vertex   2.234837e+02 3.664439e+02 1.500000e+00
      vertex   2.457477e+02 4.109704e+02 0.000000e+00
      vertex   2.457477e+02 4.109704e+02 1.500000e+00
    endloop
  endfacet
  facet normal -2.691037e-01 -9.631112e-01 0.000000e+00
    outer loop
      vertex   8.999619e+01 4.037417e+02 0.000000e+00
      vertex   2.234837e+02 3.664439e+02 0.000000e+00
      vertex   8.999619e+01 4.037417e+02 1.500000e+00
    endloop
  endfacet
  facet normal -2.691037e-01 -9.631112e-01 0.000000e+00
    outer loop
      vertex   8.999619e+01 4.037417e+02 1.500000e+00
      vertex   2.234837e+02 3.664439e+02 0.000000e+00
      vertex   2.234837e+02 3.664439e+02 1.500000e+00
    endloop
  endfacet
  facet normal -1.000000e+00 0.000000e+00 0.000000e+00
    outer loop
      vertex   8.999619e+01 4.967252e+02 0.000000e+00
      vertex   8.999619e+01 4.037417e+02 0.000000e+00
      vertex   8.999619e+01 4.967252e+02 1.500000e+00
    endloop
  endfacet
  facet normal -1.000000e+00 -0.000000e+00 0.000000e+00
    outer loop
      vertex   8.999619e+01 4.967252e+02 1.500000e+00
      vertex   8.999619e+01 4.037417e+02 0.000000e+00
      vertex   8.999619e+01 4.037417e+02 1.500000e+00
    endloop
  endfacet
  facet normal -9.962522e-02 9.950250e-01 0.000000e+00
    outer loop
      vertex   1.659399e+02 5.043290e+02 0.000000e+00
      vertex   8.999619e+01 4.967252e+02 0.000000e+00
      vertex   1.659399e+02 5.043290e+02 1.500000e+00
    endloop
  endfacet
  facet normal -9.962522e-02 9.950250e-01 0.000000e+00
    outer loop
      vertex   1.659399e+02 5.043290e+02 1.500000e+00
      vertex   8.999619e+01 4.967252e+02 0.000000e+00
      vertex   8.999619e+01 4.967252e+02 1.500000e+00
    endloop
  endfacet
  facet normal 9.758315e-02 9.952274e-01 -0.000000e+00
    outer loop
      vertex   2.210947e+02 4.989210e+02 0.000000e+00
      vertex   1.659399e+02 5.043290e+02 0.000000e+00
      vertex   2.210947e+02 4.989210e+02 1.500000e+00
    endloop
  endfacet
  facet normal 9.758315e-02 9.952274e-01 0.000000e+00
    outer loop
      vertex   2.210947e+02 4.989210e+02 1.500000e+00
      vertex   1.659399e+02 5.043290e+02 0.000000e+00
      vertex   1.659399e+02 5.043290e+02 1.500000e+00
    endloop
  endfacet
  facet normal 9.173752e-01 3.980235e-01 -0.000000e+00
    outer loop
      vertex   2.457477e+02 4.421001e+02 0.000000e+00
      vertex   2.210947e+02 4.989210e+02 0.000000e+00
      vertex   2.457477e+02 4.421001e+02 1.500000e+00
    endloop
  endfacet
  facet normal 9.173752e-01 3.980235e-01 0.000000e+00
    outer loop
      vertex   2.457477e+02 4.421001e+02 1.500000e+00
      vertex   2.210947e+02 4.989210e+02 0.000000e+00
      vertex   2.210947e+02 4.989210e+02 1.500000e+00
    endloop
  endfacet
  facet normal 1.000000e+00 0.000000e+00 0.000000e+00
    outer loop
      vertex   2.457477e+02 4.109704e+02 0.000000e+00
      vertex   2.457477e+02 4.421001e+02 0.000000e+00
      vertex   2.457477e+02 4.109704e+02 1.500000e+00
    endloop
  endfacet
  facet normal 1.000000e+00 -0.000000e+00 0.000000e+00
    outer loop
      vertex   2.457477e+02 4.109704e+02 1.500000e+00
      vertex   2.457477e+02 4.421001e+02 0.000000e+00
      vertex   2.457477e+02 4.421001e+02 1.500000e+00
    endloop
  endfacet
endsolid
