solid ASCII
  facet normal -7.040626e-01 9.269160e-02 -7.040626e-01
    outer loop
      vertex   3.099746e+02 3.746980e+02 -8.896390e-15
      vertex   3.094916e+02 3.748274e+02 5.000000e-01
      vertex   3.100649e+02 3.753839e+02 -8.812395e-15
    endloop
  endfacet
  facet normal -7.040626e-01 9.269160e-02 -7.040626e-01
    outer loop
      vertex   3.100649e+02 3.753839e+02 -8.812395e-15
      vertex   3.094916e+02 3.748274e+02 5.000000e-01
      vertex   3.095649e+02 3.753839e+02 5.000000e-01
    endloop
  endfacet
  facet normal -7.040626e-01 -9.269160e-02 -7.040626e-01
    outer loop
      vertex   3.100649e+02 3.753839e+02 -8.812395e-15
      vertex   3.095649e+02 3.753839e+02 5.000000e-01
      vertex   3.099746e+02 3.760697e+02 -8.728400e-15
    endloop
  endfacet
  facet normal -7.040626e-01 -9.269160e-02 -7.040626e-01
    outer loop
      vertex   3.099746e+02 3.760697e+02 -8.728400e-15
      vertex   3.095649e+02 3.753839e+02 5.000000e-01
      vertex   3.094916e+02 3.759403e+02 5.000000e-01
    endloop
  endfacet
  facet normal -6.560819e-01 -2.717580e-01 -7.040626e-01
    outer loop
      vertex   3.099746e+02 3.760697e+02 -8.728400e-15
      vertex   3.094916e+02 3.759403e+02 5.000000e-01
      vertex   3.097099e+02 3.767089e+02 -8.650130e-15
    endloop
  endfacet
  facet normal -6.560819e-01 -2.717580e-01 -7.040626e-01
    outer loop
      vertex   3.097099e+02 3.767089e+02 -8.650130e-15
      vertex   3.094916e+02 3.759403e+02 5.000000e-01
      vertex   3.092769e+02 3.764589e+02 5.000000e-01
    endloop
  endfacet
  facet normal -5.633903e-01 -4.323046e-01 -7.040626e-01
    outer loop
      vertex   3.097099e+02 3.767089e+02 -8.650130e-15
      vertex   3.092769e+02 3.764589e+02 5.000000e-01
      vertex   3.092887e+02 3.772577e+02 -8.582917e-15
    endloop
  endfacet
  facet normal -5.633903e-01 -4.323046e-01 -7.040626e-01
    outer loop
      vertex   3.092887e+02 3.772577e+02 -8.582917e-15
      vertex   3.092769e+02 3.764589e+02 5.000000e-01
      vertex   3.089352e+02 3.769041e+02 5.000000e-01
    endloop
  endfacet
  facet normal -4.323046e-01 -5.633903e-01 -7.040626e-01
    outer loop
      vertex   3.092887e+02 3.772577e+02 -8.582917e-15
      vertex   3.089352e+02 3.769041e+02 5.000000e-01
      vertex   3.087399e+02 3.776788e+02 -8.531343e-15
    endloop
  endfacet
  facet normal -4.323046e-01 -5.633903e-01 -7.040626e-01
    outer loop
      vertex   3.087399e+02 3.776788e+02 -8.531343e-15
      vertex   3.089352e+02 3.769041e+02 5.000000e-01
      vertex   3.084899e+02 3.772458e+02 5.000000e-01
    endloop
  endfacet
  facet normal -2.717580e-01 -6.560819e-01 -7.040626e-01
    outer loop
      vertex   3.087399e+02 3.776788e+02 -8.531343e-15
      vertex   3.084899e+02 3.772458e+02 5.000000e-01
      vertex   3.081008e+02 3.779436e+02 -8.498922e-15
    endloop
  endfacet
  facet normal -2.717580e-01 -6.560819e-01 -7.040626e-01
    outer loop
      vertex   3.081008e+02 3.779436e+02 -8.498922e-15
      vertex   3.084899e+02 3.772458e+02 5.000000e-01
      vertex   3.079714e+02 3.774606e+02 5.000000e-01
    endloop
  endfacet
  facet normal -9.269160e-02 -7.040626e-01 -7.040626e-01
    outer loop
      vertex   3.081008e+02 3.779436e+02 -8.498922e-15
      vertex   3.079714e+02 3.774606e+02 5.000000e-01
      vertex   3.074149e+02 3.780339e+02 -8.487864e-15
    endloop
  endfacet
  facet normal -9.269160e-02 -7.040626e-01 -7.040626e-01
    outer loop
      vertex   3.074149e+02 3.780339e+02 -8.487864e-15
      vertex   3.079714e+02 3.774606e+02 5.000000e-01
      vertex   3.074149e+02 3.775339e+02 5.000000e-01
    endloop
  endfacet
  facet normal 9.269160e-02 -7.040626e-01 -7.040626e-01
    outer loop
      vertex   3.074149e+02 3.780339e+02 -8.487864e-15
      vertex   3.074149e+02 3.775339e+02 5.000000e-01
      vertex   3.067290e+02 3.779436e+02 -8.498922e-15
    endloop
  endfacet
  facet normal 9.269160e-02 -7.040626e-01 -7.040626e-01
    outer loop
      vertex   3.067290e+02 3.779436e+02 -8.498922e-15
      vertex   3.074149e+02 3.775339e+02 5.000000e-01
      vertex   3.068584e+02 3.774606e+02 5.000000e-01
    endloop
  endfacet
  facet normal 2.717580e-01 -6.560819e-01 -7.040626e-01
    outer loop
      vertex   3.067290e+02 3.779436e+02 -8.498922e-15
      vertex   3.068584e+02 3.774606e+02 5.000000e-01
      vertex   3.060899e+02 3.776788e+02 -8.531343e-15
    endloop
  endfacet
  facet normal 2.717580e-01 -6.560819e-01 -7.040626e-01
    outer loop
      vertex   3.060899e+02 3.776788e+02 -8.531343e-15
      vertex   3.068584e+02 3.774606e+02 5.000000e-01
      vertex   3.063399e+02 3.772458e+02 5.000000e-01
    endloop
  endfacet
  facet normal 4.323046e-01 -5.633903e-01 -7.040626e-01
    outer loop
      vertex   3.060899e+02 3.776788e+02 -8.531343e-15
      vertex   3.063399e+02 3.772458e+02 5.000000e-01
      vertex   3.055411e+02 3.772577e+02 -8.582917e-15
    endloop
  endfacet
  facet normal 4.323046e-01 -5.633903e-01 -7.040626e-01
    outer loop
      vertex   3.055411e+02 3.772577e+02 -8.582917e-15
      vertex   3.063399e+02 3.772458e+02 5.000000e-01
      vertex   3.058946e+02 3.769041e+02 5.000000e-01
    endloop
  endfacet
  facet normal 5.633903e-01 -4.323046e-01 -7.040626e-01
    outer loop
      vertex   3.055411e+02 3.772577e+02 -8.582917e-15
      vertex   3.058946e+02 3.769041e+02 5.000000e-01
      vertex   3.051199e+02 3.767089e+02 -8.650130e-15
    endloop
  endfacet
  facet normal 5.633903e-01 -4.323046e-01 -7.040626e-01
    outer loop
      vertex   3.051199e+02 3.767089e+02 -8.650130e-15
      vertex   3.058946e+02 3.769041e+02 5.000000e-01
      vertex   3.055529e+02 3.764589e+02 5.000000e-01
    endloop
  endfacet
  facet normal 6.560819e-01 -2.717580e-01 -7.040626e-01
    outer loop
      vertex   3.051199e+02 3.767089e+02 -8.650130e-15
      vertex   3.055529e+02 3.764589e+02 5.000000e-01
      vertex   3.048552e+02 3.760697e+02 -8.728400e-15
    endloop
  endfacet
  facet normal 6.560819e-01 -2.717580e-01 -7.040626e-01
    outer loop
      vertex   3.048552e+02 3.760697e+02 -8.728400e-15
      vertex   3.055529e+02 3.764589e+02 5.000000e-01
      vertex   3.053382e+02 3.759403e+02 5.000000e-01
    endloop
  endfacet
  facet normal 7.040626e-01 -9.269160e-02 -7.040626e-01
    outer loop
      vertex   3.048552e+02 3.760697e+02 -8.728400e-15
      vertex   3.053382e+02 3.759403e+02 5.000000e-01
      vertex   3.047649e+02 3.753839e+02 -8.812395e-15
    endloop
  endfacet
  facet normal 7.040626e-01 -9.269160e-02 -7.040626e-01
    outer loop
      vertex   3.047649e+02 3.753839e+02 -8.812395e-15
      vertex   3.053382e+02 3.759403e+02 5.000000e-01
      vertex   3.052649e+02 3.753839e+02 5.000000e-01
    endloop
  endfacet
  facet normal 7.040626e-01 9.269160e-02 -7.040626e-01
    outer loop
      vertex   3.047649e+02 3.753839e+02 -8.812395e-15
      vertex   3.052649e+02 3.753839e+02 5.000000e-01
      vertex   3.048552e+02 3.746980e+02 -8.896390e-15
    endloop
  endfacet
  facet normal 7.040626e-01 9.269160e-02 -7.040626e-01
    outer loop
      vertex   3.048552e+02 3.746980e+02 -8.896390e-15
      vertex   3.052649e+02 3.753839e+02 5.000000e-01
      vertex   3.053382e+02 3.748274e+02 5.000000e-01
    endloop
  endfacet
  facet normal 6.560819e-01 2.717580e-01 -7.040626e-01
    outer loop
      vertex   3.048552e+02 3.746980e+02 -8.896390e-15
      vertex   3.053382e+02 3.748274e+02 5.000000e-01
      vertex   3.051199e+02 3.740589e+02 -8.974661e-15
    endloop
  endfacet
  facet normal 6.560819e-01 2.717580e-01 -7.040626e-01
    outer loop
      vertex   3.051199e+02 3.740589e+02 -8.974661e-15
      vertex   3.053382e+02 3.748274e+02 5.000000e-01
      vertex   3.055529e+02 3.743089e+02 5.000000e-01
    endloop
  endfacet
  facet normal 5.633903e-01 4.323046e-01 -7.040626e-01
    outer loop
      vertex   3.051199e+02 3.740589e+02 -8.974661e-15
      vertex   3.055529e+02 3.743089e+02 5.000000e-01
      vertex   3.055411e+02 3.735100e+02 -9.041874e-15
    endloop
  endfacet
  facet normal 5.633903e-01 4.323046e-01 -7.040626e-01
    outer loop
      vertex   3.055411e+02 3.735100e+02 -9.041874e-15
      vertex   3.055529e+02 3.743089e+02 5.000000e-01
      vertex   3.058946e+02 3.738636e+02 5.000000e-01
    endloop
  endfacet
  facet normal 4.323046e-01 5.633903e-01 -7.040626e-01
    outer loop
      vertex   3.055411e+02 3.735100e+02 -9.041874e-15
      vertex   3.058946e+02 3.738636e+02 5.000000e-01
      vertex   3.060899e+02 3.730889e+02 -9.093448e-15
    endloop
  endfacet
  facet normal 4.323046e-01 5.633903e-01 -7.040626e-01
    outer loop
      vertex   3.060899e+02 3.730889e+02 -9.093448e-15
      vertex   3.058946e+02 3.738636e+02 5.000000e-01
      vertex   3.063399e+02 3.735219e+02 5.000000e-01
    endloop
  endfacet
  facet normal 2.717580e-01 6.560819e-01 -7.040626e-01
    outer loop
      vertex   3.060899e+02 3.730889e+02 -9.093448e-15
      vertex   3.063399e+02 3.735219e+02 5.000000e-01
      vertex   3.067290e+02 3.728241e+02 -9.125869e-15
    endloop
  endfacet
  facet normal 2.717580e-01 6.560819e-01 -7.040626e-01
    outer loop
      vertex   3.067290e+02 3.728241e+02 -9.125869e-15
      vertex   3.063399e+02 3.735219e+02 5.000000e-01
      vertex   3.068584e+02 3.733071e+02 5.000000e-01
    endloop
  endfacet
  facet normal 9.269160e-02 7.040626e-01 -7.040626e-01
    outer loop
      vertex   3.067290e+02 3.728241e+02 -9.125869e-15
      vertex   3.068584e+02 3.733071e+02 5.000000e-01
      vertex   3.074149e+02 3.727339e+02 -9.136927e-15
    endloop
  endfacet
  facet normal 9.269160e-02 7.040626e-01 -7.040626e-01
    outer loop
      vertex   3.074149e+02 3.727339e+02 -9.136927e-15
      vertex   3.068584e+02 3.733071e+02 5.000000e-01
      vertex   3.074149e+02 3.732339e+02 5.000000e-01
    endloop
  endfacet
  facet normal -9.269160e-02 7.040626e-01 -7.040626e-01
    outer loop
      vertex   3.074149e+02 3.727339e+02 -9.136927e-15
      vertex   3.074149e+02 3.732339e+02 5.000000e-01
      vertex   3.081008e+02 3.728241e+02 -9.125869e-15
    endloop
  endfacet
  facet normal -9.269160e-02 7.040626e-01 -7.040626e-01
    outer loop
      vertex   3.081008e+02 3.728241e+02 -9.125869e-15
      vertex   3.074149e+02 3.732339e+02 5.000000e-01
      vertex   3.079714e+02 3.733071e+02 5.000000e-01
    endloop
  endfacet
  facet normal -2.717580e-01 6.560819e-01 -7.040626e-01
    outer loop
      vertex   3.081008e+02 3.728241e+02 -9.125869e-15
      vertex   3.079714e+02 3.733071e+02 5.000000e-01
      vertex   3.087399e+02 3.730889e+02 -9.093448e-15
    endloop
  endfacet
  facet normal -2.717580e-01 6.560819e-01 -7.040626e-01
    outer loop
      vertex   3.087399e+02 3.730889e+02 -9.093448e-15
      vertex   3.079714e+02 3.733071e+02 5.000000e-01
      vertex   3.084899e+02 3.735219e+02 5.000000e-01
    endloop
  endfacet
  facet normal -4.323046e-01 5.633903e-01 -7.040626e-01
    outer loop
      vertex   3.087399e+02 3.730889e+02 -9.093448e-15
      vertex   3.084899e+02 3.735219e+02 5.000000e-01
      vertex   3.092887e+02 3.735100e+02 -9.041874e-15
    endloop
  endfacet
  facet normal -4.323046e-01 5.633903e-01 -7.040626e-01
    outer loop
      vertex   3.092887e+02 3.735100e+02 -9.041874e-15
      vertex   3.084899e+02 3.735219e+02 5.000000e-01
      vertex   3.089352e+02 3.738636e+02 5.000000e-01
    endloop
  endfacet
  facet normal -5.633903e-01 4.323046e-01 -7.040626e-01
    outer loop
      vertex   3.092887e+02 3.735100e+02 -9.041874e-15
      vertex   3.089352e+02 3.738636e+02 5.000000e-01
      vertex   3.097099e+02 3.740589e+02 -8.974661e-15
    endloop
  endfacet
  facet normal -5.633903e-01 4.323046e-01 -7.040626e-01
    outer loop
      vertex   3.097099e+02 3.740589e+02 -8.974661e-15
      vertex   3.089352e+02 3.738636e+02 5.000000e-01
      vertex   3.092769e+02 3.743089e+02 5.000000e-01
    endloop
  endfacet
  facet normal -6.560819e-01 2.717580e-01 -7.040626e-01
    outer loop
      vertex   3.097099e+02 3.740589e+02 -8.974661e-15
      vertex   3.092769e+02 3.743089e+02 5.000000e-01
      vertex   3.099746e+02 3.746980e+02 -8.896390e-15
    endloop
  endfacet
  facet normal -6.560819e-01 2.717580e-01 -7.040626e-01
    outer loop
      vertex   3.099746e+02 3.746980e+02 -8.896390e-15
      vertex   3.092769e+02 3.743089e+02 5.000000e-01
      vertex   3.094916e+02 3.748274e+02 5.000000e-01
    endloop
  endfacet
  facet normal -1.040097e-18 1.223277e-16 -1.000000e+00
    outer loop
      vertex   2.917058e+02 4.411339e+02 -7.486724e-16
      vertex   3.129913e+02 4.898038e+02 5.182859e-15
      vertex   2.917961e+02 4.404481e+02 -8.326673e-16
    endloop
  endfacet
  facet normal 1.652387e-21 1.218804e-16 -1.000000e+00
    outer loop
      vertex   2.917961e+02 4.404481e+02 -8.326673e-16
      vertex   3.129913e+02 4.898038e+02 5.182859e-15
      vertex   4.272301e+02 4.110343e+02 -4.417404e-15
    endloop
  endfacet
  facet normal 1.249779e-19 1.224482e-16 -1.000000e+00
    outer loop
      vertex   2.917961e+02 4.404481e+02 -8.326673e-16
      vertex   4.272301e+02 4.110343e+02 -4.417404e-15
      vertex   2.917058e+02 4.397622e+02 -9.166622e-16
    endloop
  endfacet
  facet normal 1.180964e-19 1.224158e-16 -1.000000e+00
    outer loop
      vertex   2.917058e+02 4.397622e+02 -9.166622e-16
      vertex   4.272301e+02 4.110343e+02 -4.417404e-15
      vertex   4.269654e+02 4.103952e+02 -4.495675e-15
    endloop
  endfacet
  facet normal 1.802217e-19 1.227019e-16 -1.000000e+00
    outer loop
      vertex   2.917058e+02 4.397622e+02 -9.166622e-16
      vertex   4.269654e+02 4.103952e+02 -4.495675e-15
      vertex   3.092887e+02 3.772577e+02 -8.582917e-15
    endloop
  endfacet
  facet normal 2.565333e-19 1.224309e-16 -1.000000e+00
    outer loop
      vertex   3.092887e+02 3.772577e+02 -8.582917e-15
      vertex   4.269654e+02 4.103952e+02 -4.495675e-15
      vertex   4.268751e+02 4.097093e+02 -4.579670e-15
    endloop
  endfacet
  facet normal 2.040098e-19 1.226212e-16 -1.000000e+00
    outer loop
      vertex   3.092887e+02 3.772577e+02 -8.582917e-15
      vertex   4.268751e+02 4.097093e+02 -4.579670e-15
      vertex   3.097099e+02 3.767089e+02 -8.650130e-15
    endloop
  endfacet
  facet normal 2.392302e-19 1.224962e-16 -1.000000e+00
    outer loop
      vertex   3.097099e+02 3.767089e+02 -8.650130e-15
      vertex   4.268751e+02 4.097093e+02 -4.579670e-15
      vertex   4.269654e+02 4.090234e+02 -4.663665e-15
    endloop
  endfacet
  facet normal 2.225097e-19 1.225568e-16 -1.000000e+00
    outer loop
      vertex   3.097099e+02 3.767089e+02 -8.650130e-15
      vertex   4.269654e+02 4.090234e+02 -4.663665e-15
      vertex   3.099746e+02 3.760697e+02 -8.728400e-15
    endloop
  endfacet
  facet normal 2.225097e-19 1.225568e-16 -1.000000e+00
    outer loop
      vertex   3.099746e+02 3.760697e+02 -8.728400e-15
      vertex   4.269654e+02 4.090234e+02 -4.663665e-15
      vertex   4.272301e+02 4.083843e+02 -4.741936e-15
    endloop
  endfacet
  facet normal 2.392302e-19 1.224962e-16 -1.000000e+00
    outer loop
      vertex   3.099746e+02 3.760697e+02 -8.728400e-15
      vertex   4.272301e+02 4.083843e+02 -4.741936e-15
      vertex   3.100649e+02 3.753839e+02 -8.812395e-15
    endloop
  endfacet
  facet normal 2.040098e-19 1.226212e-16 -1.000000e+00
    outer loop
      vertex   3.100649e+02 3.753839e+02 -8.812395e-15
      vertex   4.272301e+02 4.083843e+02 -4.741936e-15
      vertex   4.276513e+02 4.078355e+02 -4.809148e-15
    endloop
  endfacet
  facet normal 2.565333e-19 1.224309e-16 -1.000000e+00
    outer loop
      vertex   3.100649e+02 3.753839e+02 -8.812395e-15
      vertex   4.276513e+02 4.078355e+02 -4.809148e-15
      vertex   3.099746e+02 3.746980e+02 -8.896390e-15
    endloop
  endfacet
  facet normal 1.807062e-19 1.227002e-16 -1.000000e+00
    outer loop
      vertex   3.099746e+02 3.746980e+02 -8.896390e-15
      vertex   4.276513e+02 4.078355e+02 -4.809148e-15
      vertex   4.282001e+02 4.074143e+02 -4.860722e-15
    endloop
  endfacet
  facet normal 2.777083e-19 1.223496e-16 -1.000000e+00
    outer loop
      vertex   3.099746e+02 3.746980e+02 -8.896390e-15
      vertex   4.282001e+02 4.074143e+02 -4.860722e-15
      vertex   3.097099e+02 3.740589e+02 -8.974661e-15
    endloop
  endfacet
  facet normal 1.460616e-19 1.228173e-16 -1.000000e+00
    outer loop
      vertex   3.097099e+02 3.740589e+02 -8.974661e-15
      vertex   4.282001e+02 4.074143e+02 -4.860722e-15
      vertex   4.288392e+02 4.071496e+02 -4.893143e-15
    endloop
  endfacet
  facet normal 2.420367e-19 1.224718e-16 -1.000000e+00
    outer loop
      vertex   3.097099e+02 3.740589e+02 -8.974661e-15
      vertex   4.288392e+02 4.071496e+02 -4.893143e-15
      vertex   4.369393e+02 4.037417e+02 -5.308553e-15
    endloop
  endfacet
  facet normal -1.088702e-19 1.216377e-16 -1.000000e+00
    outer loop
      vertex   4.369393e+02 4.037417e+02 -5.308553e-15
      vertex   4.288392e+02 4.071496e+02 -4.893143e-15
      vertex   4.295251e+02 4.070593e+02 -4.904201e-15
    endloop
  endfacet
  facet normal 5.937055e-20 1.220137e-16 -1.000000e+00
    outer loop
      vertex   4.369393e+02 4.037417e+02 -5.308553e-15
      vertex   4.295251e+02 4.070593e+02 -4.904201e-15
      vertex   4.302110e+02 4.071496e+02 -4.893143e-15
    endloop
  endfacet
  facet normal 6.834831e-19 1.215739e-16 -1.000000e+00
    outer loop
      vertex   3.129913e+02 4.898038e+02 5.182859e-15
      vertex   2.917058e+02 4.411339e+02 -7.486724e-16
      vertex   3.124425e+02 4.893826e+02 5.131285e-15
    endloop
  endfacet
  facet normal -7.073200e-19 1.221717e-16 -1.000000e+00
    outer loop
      vertex   3.124425e+02 4.893826e+02 5.131285e-15
      vertex   2.917058e+02 4.411339e+02 -7.486724e-16
      vertex   2.914410e+02 4.417731e+02 -6.704016e-16
    endloop
  endfacet
  facet normal 3.066216e-19 1.217244e-16 -1.000000e+00
    outer loop
      vertex   3.124425e+02 4.893826e+02 5.131285e-15
      vertex   2.914410e+02 4.417731e+02 -6.704016e-16
      vertex   3.118034e+02 4.891179e+02 5.098864e-15
    endloop
  endfacet
  facet normal -5.080758e-19 1.220748e-16 -1.000000e+00
    outer loop
      vertex   3.118034e+02 4.891179e+02 5.098864e-15
      vertex   2.914410e+02 4.417731e+02 -6.704016e-16
      vertex   2.910199e+02 4.423219e+02 -6.031889e-16
    endloop
  endfacet
  facet normal 8.606598e-20 1.218109e-16 -1.000000e+00
    outer loop
      vertex   3.118034e+02 4.891179e+02 5.098864e-15
      vertex   2.910199e+02 4.423219e+02 -6.031889e-16
      vertex   3.111175e+02 4.890276e+02 5.087806e-15
    endloop
  endfacet
  facet normal -3.557494e-19 1.220011e-16 -1.000000e+00
    outer loop
      vertex   3.111175e+02 4.890276e+02 5.087806e-15
      vertex   2.910199e+02 4.423219e+02 -6.031889e-16
      vertex   2.904711e+02 4.427430e+02 -5.516148e-16
    endloop
  endfacet
  facet normal -7.738448e-20 1.218769e-16 -1.000000e+00
    outer loop
      vertex   3.111175e+02 4.890276e+02 5.087806e-15
      vertex   2.904711e+02 4.427430e+02 -5.516148e-16
      vertex   3.104316e+02 4.891179e+02 5.098864e-15
    endloop
  endfacet
  facet normal -2.183415e-19 1.219376e-16 -1.000000e+00
    outer loop
      vertex   3.104316e+02 4.891179e+02 5.098864e-15
      vertex   2.904711e+02 4.427430e+02 -5.516148e-16
      vertex   2.898319e+02 4.430078e+02 -5.191940e-16
    endloop
  endfacet
  facet normal -2.183415e-19 1.219376e-16 -1.000000e+00
    outer loop
      vertex   3.104316e+02 4.891179e+02 5.098864e-15
      vertex   2.898319e+02 4.430078e+02 -5.191940e-16
      vertex   3.097925e+02 4.893826e+02 5.131285e-15
    endloop
  endfacet
  facet normal -7.738448e-20 1.218769e-16 -1.000000e+00
    outer loop
      vertex   3.097925e+02 4.893826e+02 5.131285e-15
      vertex   2.898319e+02 4.430078e+02 -5.191940e-16
      vertex   2.891461e+02 4.430981e+02 -5.081359e-16
    endloop
  endfacet
  facet normal -3.557494e-19 1.220011e-16 -1.000000e+00
    outer loop
      vertex   3.097925e+02 4.893826e+02 5.131285e-15
      vertex   2.891461e+02 4.430981e+02 -5.081359e-16
      vertex   3.092437e+02 4.898038e+02 5.182859e-15
    endloop
  endfacet
  facet normal 8.606598e-20 1.218109e-16 -1.000000e+00
    outer loop
      vertex   3.092437e+02 4.898038e+02 5.182859e-15
      vertex   2.891461e+02 4.430981e+02 -5.081359e-16
      vertex   2.884602e+02 4.430078e+02 -5.191940e-16
    endloop
  endfacet
  facet normal -5.080758e-19 1.220748e-16 -1.000000e+00
    outer loop
      vertex   3.092437e+02 4.898038e+02 5.182859e-15
      vertex   2.884602e+02 4.430078e+02 -5.191940e-16
      vertex   3.088225e+02 4.903526e+02 5.250072e-15
    endloop
  endfacet
  facet normal -2.730937e-18 1.230308e-16 -1.000000e+00
    outer loop
      vertex   3.088225e+02 4.903526e+02 5.250072e-15
      vertex   2.884602e+02 4.430078e+02 -5.191940e-16
      vertex   2.811878e+02 4.421001e+02 -6.110048e-16
    endloop
  endfacet
  facet normal -1.011097e-18 1.220459e-16 -1.000000e+00
    outer loop
      vertex   3.088225e+02 4.903526e+02 5.250072e-15
      vertex   2.811878e+02 4.421001e+02 -6.110048e-16
      vertex   3.085578e+02 4.909917e+02 5.328342e-15
    endloop
  endfacet
  facet normal -7.820026e-18 1.258576e-16 -1.000000e+00
    outer loop
      vertex   3.085578e+02 4.909917e+02 5.328342e-15
      vertex   2.811878e+02 4.421001e+02 -6.110048e-16
      vertex   3.058408e+02 4.989210e+02 6.347548e-15
    endloop
  endfacet
  facet normal -2.877936e-17 1.186758e-16 -1.000000e+00
    outer loop
      vertex   3.085578e+02 4.909917e+02 5.328342e-15
      vertex   3.058408e+02 4.989210e+02 6.347548e-15
      vertex   3.084675e+02 4.916776e+02 5.412337e-15
    endloop
  endfacet
  facet normal -1.344861e-17 1.242352e-16 -1.000000e+00
    outer loop
      vertex   3.084675e+02 4.916776e+02 5.412337e-15
      vertex   3.058408e+02 4.989210e+02 6.347548e-15
      vertex   3.085578e+02 4.923635e+02 5.496332e-15
    endloop
  endfacet
  facet normal -8.862185e-18 1.261355e-16 -1.000000e+00
    outer loop
      vertex   3.085578e+02 4.923635e+02 5.496332e-15
      vertex   3.058408e+02 4.989210e+02 6.347548e-15
      vertex   3.088225e+02 4.930026e+02 5.574603e-15
    endloop
  endfacet
  facet normal -6.400319e-18 1.273758e-16 -1.000000e+00
    outer loop
      vertex   3.088225e+02 4.930026e+02 5.574603e-15
      vertex   3.058408e+02 4.989210e+02 6.347548e-15
      vertex   3.092437e+02 4.935514e+02 5.641816e-15
    endloop
  endfacet
  facet normal -4.629539e-18 1.284980e-16 -1.000000e+00
    outer loop
      vertex   3.092437e+02 4.935514e+02 5.641816e-15
      vertex   3.058408e+02 4.989210e+02 6.347548e-15
      vertex   3.097925e+02 4.939726e+02 5.693390e-15
    endloop
  endfacet
  facet normal -3.028635e-18 1.297765e-16 -1.000000e+00
    outer loop
      vertex   3.097925e+02 4.939726e+02 5.693390e-15
      vertex   3.058408e+02 4.989210e+02 6.347548e-15
      vertex   3.104316e+02 4.942373e+02 5.725811e-15
    endloop
  endfacet
  facet normal -1.198745e-18 1.315701e-16 -1.000000e+00
    outer loop
      vertex   3.104316e+02 4.942373e+02 5.725811e-15
      vertex   3.058408e+02 4.989210e+02 6.347548e-15
      vertex   3.111175e+02 4.943276e+02 5.736869e-15
    endloop
  endfacet
  facet normal 1.625941e-18 1.348149e-16 -1.000000e+00
    outer loop
      vertex   3.111175e+02 4.943276e+02 5.736869e-15
      vertex   3.058408e+02 4.989210e+02 6.347548e-15
      vertex   3.118034e+02 4.942373e+02 5.725811e-15
    endloop
  endfacet
  facet normal 9.008622e-18 1.442134e-16 -1.000000e+00
    outer loop
      vertex   3.118034e+02 4.942373e+02 5.725811e-15
      vertex   3.058408e+02 4.989210e+02 6.347548e-15
      vertex   3.124425e+02 4.939726e+02 5.693390e-15
    endloop
  endfacet
  facet normal -8.437076e-19 1.310695e-16 -1.000000e+00
    outer loop
      vertex   3.124425e+02 4.939726e+02 5.693390e-15
      vertex   3.058408e+02 4.989210e+02 6.347548e-15
      vertex   3.609956e+02 5.043290e+02 7.009835e-15
    endloop
  endfacet
  facet normal 7.759895e-19 1.234760e-16 -1.000000e+00
    outer loop
      vertex   3.124425e+02 4.939726e+02 5.693390e-15
      vertex   3.609956e+02 5.043290e+02 7.009835e-15
      vertex   3.129913e+02 4.935514e+02 5.641816e-15
    endloop
  endfacet
  facet normal 8.556329e-19 1.231212e-16 -1.000000e+00
    outer loop
      vertex   3.129913e+02 4.935514e+02 5.641816e-15
      vertex   3.609956e+02 5.043290e+02 7.009835e-15
      vertex   3.134125e+02 4.930026e+02 5.574603e-15
    endloop
  endfacet
  facet normal 9.210968e-19 1.228462e-16 -1.000000e+00
    outer loop
      vertex   3.134125e+02 4.930026e+02 5.574603e-15
      vertex   3.609956e+02 5.043290e+02 7.009835e-15
      vertex   3.136772e+02 4.923635e+02 5.496332e-15
    endloop
  endfacet
  facet normal 9.847904e-19 1.225943e-16 -1.000000e+00
    outer loop
      vertex   3.136772e+02 4.923635e+02 5.496332e-15
      vertex   3.609956e+02 5.043290e+02 7.009835e-15
      vertex   3.137675e+02 4.916776e+02 5.412337e-15
    endloop
  endfacet
  facet normal 1.056791e-18 1.223256e-16 -1.000000e+00
    outer loop
      vertex   3.137675e+02 4.916776e+02 5.412337e-15
      vertex   3.609956e+02 5.043290e+02 7.009835e-15
      vertex   3.136772e+02 4.909917e+02 5.328342e-15
    endloop
  endfacet
  facet normal 1.152082e-18 1.219875e-16 -1.000000e+00
    outer loop
      vertex   3.136772e+02 4.909917e+02 5.328342e-15
      vertex   3.609956e+02 5.043290e+02 7.009835e-15
      vertex   3.134125e+02 4.903526e+02 5.250072e-15
    endloop
  endfacet
  facet normal 1.306342e-18 1.214623e-16 -1.000000e+00
    outer loop
      vertex   3.134125e+02 4.903526e+02 5.250072e-15
      vertex   3.609956e+02 5.043290e+02 7.009835e-15
      vertex   3.129913e+02 4.898038e+02 5.182859e-15
    endloop
  endfacet
  facet normal 8.204986e-19 1.230679e-16 -1.000000e+00
    outer loop
      vertex   3.129913e+02 4.898038e+02 5.182859e-15
      vertex   3.609956e+02 5.043290e+02 7.009835e-15
      vertex   4.272301e+02 4.110343e+02 -4.417404e-15
    endloop
  endfacet
  facet normal -3.807566e-18 1.316570e-16 -1.000000e+00
    outer loop
      vertex   2.884602e+02 4.430078e+02 -5.191940e-16
      vertex   2.878211e+02 4.427430e+02 -5.516148e-16
      vertex   2.811878e+02 4.421001e+02 -6.110048e-16
    endloop
  endfacet
  facet normal -3.338276e-18 1.268152e-16 -1.000000e+00
    outer loop
      vertex   2.811878e+02 4.421001e+02 -6.110048e-16
      vertex   2.878211e+02 4.427430e+02 -5.516148e-16
      vertex   2.872722e+02 4.423219e+02 -6.031889e-16
    endloop
  endfacet
  facet normal -3.271185e-18 1.249747e-16 -1.000000e+00
    outer loop
      vertex   2.811878e+02 4.421001e+02 -6.110048e-16
      vertex   2.872722e+02 4.423219e+02 -6.031889e-16
      vertex   2.868511e+02 4.417731e+02 -6.704016e-16
    endloop
  endfacet
  facet normal -3.336330e-18 1.238466e-16 -1.000000e+00
    outer loop
      vertex   2.868511e+02 4.417731e+02 -6.704016e-16
      vertex   2.865864e+02 4.411339e+02 -7.486724e-16
      vertex   2.811878e+02 4.421001e+02 -6.110048e-16
    endloop
  endfacet
  facet normal -3.501162e-18 1.229256e-16 -1.000000e+00
    outer loop
      vertex   2.811878e+02 4.421001e+02 -6.110048e-16
      vertex   2.865864e+02 4.411339e+02 -7.486724e-16
      vertex   2.864961e+02 4.404481e+02 -8.326673e-16
    endloop
  endfacet
  facet normal -3.800325e-18 1.219644e-16 -1.000000e+00
    outer loop
      vertex   2.811878e+02 4.421001e+02 -6.110048e-16
      vertex   2.864961e+02 4.404481e+02 -8.326673e-16
      vertex   2.865864e+02 4.397622e+02 -9.166622e-16
    endloop
  endfacet
  facet normal -4.367009e-18 1.206558e-16 -1.000000e+00
    outer loop
      vertex   2.865864e+02 4.397622e+02 -9.166622e-16
      vertex   2.868511e+02 4.391231e+02 -9.949330e-16
      vertex   2.811878e+02 4.421001e+02 -6.110048e-16
    endloop
  endfacet
  facet normal -5.725647e-18 1.180712e-16 -1.000000e+00
    outer loop
      vertex   2.811878e+02 4.421001e+02 -6.110048e-16
      vertex   2.868511e+02 4.391231e+02 -9.949330e-16
      vertex   2.872722e+02 4.385742e+02 -1.062146e-15
    endloop
  endfacet
  facet normal -3.179685e-18 1.224647e-16 -1.000000e+00
    outer loop
      vertex   2.811878e+02 4.421001e+02 -6.110048e-16
      vertex   2.872722e+02 4.385742e+02 -1.062146e-15
      vertex   2.811878e+02 4.109704e+02 -4.423294e-15
    endloop
  endfacet
  facet normal -4.599917e-19 1.218652e-16 -1.000000e+00
    outer loop
      vertex   2.811878e+02 4.109704e+02 -4.423294e-15
      vertex   2.872722e+02 4.385742e+02 -1.062146e-15
      vertex   2.878211e+02 4.381531e+02 -1.113720e-15
    endloop
  endfacet
  facet normal -2.677421e-19 1.218183e-16 -1.000000e+00
    outer loop
      vertex   2.811878e+02 4.109704e+02 -4.423294e-15
      vertex   2.878211e+02 4.381531e+02 -1.113720e-15
      vertex   2.884602e+02 4.378884e+02 -1.146141e-15
    endloop
  endfacet
  facet normal -9.137161e-20 1.217706e-16 -1.000000e+00
    outer loop
      vertex   2.884602e+02 4.378884e+02 -1.146141e-15
      vertex   2.891461e+02 4.377981e+02 -1.157199e-15
      vertex   2.811878e+02 4.109704e+02 -4.423294e-15
    endloop
  endfacet
  facet normal 9.879848e-20 1.217142e-16 -1.000000e+00
    outer loop
      vertex   2.811878e+02 4.109704e+02 -4.423294e-15
      vertex   2.891461e+02 4.377981e+02 -1.157199e-15
      vertex   2.898319e+02 4.378884e+02 -1.146141e-15
    endloop
  endfacet
  facet normal 3.433792e-19 1.216357e-16 -1.000000e+00
    outer loop
      vertex   2.811878e+02 4.109704e+02 -4.423294e-15
      vertex   2.898319e+02 4.378884e+02 -1.146141e-15
      vertex   2.904711e+02 4.381531e+02 -1.113720e-15
    endloop
  endfacet
  facet normal 7.400575e-19 1.215002e-16 -1.000000e+00
    outer loop
      vertex   2.904711e+02 4.381531e+02 -1.113720e-15
      vertex   2.910199e+02 4.385742e+02 -1.062146e-15
      vertex   2.811878e+02 4.109704e+02 -4.423294e-15
    endloop
  endfacet
  facet normal -1.400133e-18 1.222625e-16 -1.000000e+00
    outer loop
      vertex   2.811878e+02 4.109704e+02 -4.423294e-15
      vertex   2.910199e+02 4.385742e+02 -1.062146e-15
      vertex   3.081008e+02 3.779436e+02 -8.498922e-15
    endloop
  endfacet
  facet normal 1.384461e-19 1.235163e-16 -1.000000e+00
    outer loop
      vertex   2.811878e+02 4.109704e+02 -4.423294e-15
      vertex   3.081008e+02 3.779436e+02 -8.498922e-15
      vertex   3.074149e+02 3.780339e+02 -8.487864e-15
    endloop
  endfacet
  facet normal 9.017076e-20 1.226824e-16 -1.000000e+00
    outer loop
      vertex   3.081008e+02 3.779436e+02 -8.498922e-15
      vertex   2.910199e+02 4.385742e+02 -1.062146e-15
      vertex   3.087399e+02 3.776788e+02 -8.531343e-15
    endloop
  endfacet
  facet normal -1.809028e-19 1.226035e-16 -1.000000e+00
    outer loop
      vertex   3.087399e+02 3.776788e+02 -8.531343e-15
      vertex   2.910199e+02 4.385742e+02 -1.062146e-15
      vertex   2.914410e+02 4.391231e+02 -9.949330e-16
    endloop
  endfacet
  facet normal 1.857148e-19 1.227067e-16 -1.000000e+00
    outer loop
      vertex   3.087399e+02 3.776788e+02 -8.531343e-15
      vertex   2.914410e+02 4.391231e+02 -9.949330e-16
      vertex   3.092887e+02 3.772577e+02 -8.582917e-15
    endloop
  endfacet
  facet normal -2.681789e-19 1.225758e-16 -1.000000e+00
    outer loop
      vertex   3.092887e+02 3.772577e+02 -8.582917e-15
      vertex   2.914410e+02 4.391231e+02 -9.949330e-16
      vertex   2.917058e+02 4.397622e+02 -9.166622e-16
    endloop
  endfacet
  facet normal 9.366852e-18 1.212315e-16 -1.000000e+00
    outer loop
      vertex   4.320848e+02 4.891942e+02 5.120176e-15
      vertex   4.321751e+02 4.898801e+02 5.204170e-15
      vertex   4.369393e+02 4.967252e+02 6.078645e-15
    endloop
  endfacet
  facet normal 6.386922e-18 1.233055e-16 -1.000000e+00
    outer loop
      vertex   4.369393e+02 4.967252e+02 6.078645e-15
      vertex   4.321751e+02 4.898801e+02 5.204170e-15
      vertex   4.320848e+02 4.905660e+02 5.288165e-15
    endloop
  endfacet
  facet normal 4.885979e-18 1.244885e-16 -1.000000e+00
    outer loop
      vertex   4.369393e+02 4.967252e+02 6.078645e-15
      vertex   4.320848e+02 4.905660e+02 5.288165e-15
      vertex   4.318201e+02 4.912051e+02 5.366436e-15
    endloop
  endfacet
  facet normal 3.867920e-18 1.254326e-16 -1.000000e+00
    outer loop
      vertex   4.318201e+02 4.912051e+02 5.366436e-15
      vertex   4.313989e+02 4.917539e+02 5.433649e-15
      vertex   4.369393e+02 4.967252e+02 6.078645e-15
    endloop
  endfacet
  facet normal 3.010569e-18 1.263881e-16 -1.000000e+00
    outer loop
      vertex   4.369393e+02 4.967252e+02 6.078645e-15
      vertex   4.313989e+02 4.917539e+02 5.433649e-15
      vertex   4.308501e+02 4.921751e+02 5.485223e-15
    endloop
  endfacet
  facet normal 2.119229e-18 1.275810e-16 -1.000000e+00
    outer loop
      vertex   4.369393e+02 4.967252e+02 6.078645e-15
      vertex   4.308501e+02 4.921751e+02 5.485223e-15
      vertex   4.302110e+02 4.924398e+02 5.517644e-15
    endloop
  endfacet
  facet normal 9.212018e-19 1.294619e-16 -1.000000e+00
    outer loop
      vertex   4.302110e+02 4.924398e+02 5.517644e-15
      vertex   4.295251e+02 4.925301e+02 5.528702e-15
      vertex   4.369393e+02 4.967252e+02 6.078645e-15
    endloop
  endfacet
  facet normal -1.479865e-18 1.337054e-16 -1.000000e+00
    outer loop
      vertex   4.369393e+02 4.967252e+02 6.078645e-15
      vertex   4.295251e+02 4.925301e+02 5.528702e-15
      vertex   4.288392e+02 4.924398e+02 5.517644e-15
    endloop
  endfacet
  facet normal -1.611119e-17 1.613605e-16 -1.000000e+00
    outer loop
      vertex   4.369393e+02 4.967252e+02 6.078645e-15
      vertex   4.288392e+02 4.924398e+02 5.517644e-15
      vertex   4.282001e+02 4.921751e+02 5.485223e-15
    endloop
  endfacet
  facet normal 6.677935e-19 1.291344e-16 -1.000000e+00
    outer loop
      vertex   4.369393e+02 4.967252e+02 6.078645e-15
      vertex   4.282001e+02 4.921751e+02 5.485223e-15
      vertex   3.609956e+02 5.043290e+02 7.009835e-15
    endloop
  endfacet
  facet normal -4.357269e-19 1.230325e-16 -1.000000e+00
    outer loop
      vertex   3.609956e+02 5.043290e+02 7.009835e-15
      vertex   4.282001e+02 4.921751e+02 5.485223e-15
      vertex   4.276513e+02 4.917539e+02 5.433649e-15
    endloop
  endfacet
  facet normal -4.742087e-19 1.228286e-16 -1.000000e+00
    outer loop
      vertex   3.609956e+02 5.043290e+02 7.009835e-15
      vertex   4.276513e+02 4.917539e+02 5.433649e-15
      vertex   4.272301e+02 4.912051e+02 5.366436e-15
    endloop
  endfacet
  facet normal -5.048710e-19 1.226738e-16 -1.000000e+00
    outer loop
      vertex   4.272301e+02 4.912051e+02 5.366436e-15
      vertex   4.269654e+02 4.905660e+02 5.288165e-15
      vertex   3.609956e+02 5.043290e+02 7.009835e-15
    endloop
  endfacet
  facet normal -5.338374e-19 1.225350e-16 -1.000000e+00
    outer loop
      vertex   3.609956e+02 5.043290e+02 7.009835e-15
      vertex   4.269654e+02 4.905660e+02 5.288165e-15
      vertex   4.268751e+02 4.898801e+02 5.204170e-15
    endloop
  endfacet
  facet normal -5.655825e-19 1.223902e-16 -1.000000e+00
    outer loop
      vertex   3.609956e+02 5.043290e+02 7.009835e-15
      vertex   4.268751e+02 4.898801e+02 5.204170e-15
      vertex   4.269654e+02 4.891942e+02 5.120176e-15
    endloop
  endfacet
  facet normal -6.060964e-19 1.222136e-16 -1.000000e+00
    outer loop
      vertex   4.269654e+02 4.891942e+02 5.120176e-15
      vertex   4.272301e+02 4.885551e+02 5.041905e-15
      vertex   3.609956e+02 5.043290e+02 7.009835e-15
    endloop
  endfacet
  facet normal -6.684627e-19 1.219518e-16 -1.000000e+00
    outer loop
      vertex   3.609956e+02 5.043290e+02 7.009835e-15
      vertex   4.272301e+02 4.885551e+02 5.041905e-15
      vertex   4.276513e+02 4.880063e+02 4.974692e-15
    endloop
  endfacet
  facet normal -6.525966e-19 1.220165e-16 -1.000000e+00
    outer loop
      vertex   3.609956e+02 5.043290e+02 7.009835e-15
      vertex   4.276513e+02 4.880063e+02 4.974692e-15
      vertex   4.276513e+02 4.115831e+02 -4.350192e-15
    endloop
  endfacet
  facet normal 3.438688e-19 1.220165e-16 -1.000000e+00
    outer loop
      vertex   4.276513e+02 4.115831e+02 -4.350192e-15
      vertex   4.276513e+02 4.880063e+02 4.974692e-15
      vertex   4.282001e+02 4.120043e+02 -4.298618e-15
    endloop
  endfacet
  facet normal -3.477008e-19 1.220115e-16 -1.000000e+00
    outer loop
      vertex   4.282001e+02 4.120043e+02 -4.298618e-15
      vertex   4.276513e+02 4.880063e+02 4.974692e-15
      vertex   4.282001e+02 4.875851e+02 4.923118e-15
    endloop
  endfacet
  facet normal 1.876937e-19 1.220115e-16 -1.000000e+00
    outer loop
      vertex   4.282001e+02 4.120043e+02 -4.298618e-15
      vertex   4.282001e+02 4.875851e+02 4.923118e-15
      vertex   4.288392e+02 4.122690e+02 -4.266197e-15
    endloop
  endfacet
  facet normal -1.890178e-19 1.220084e-16 -1.000000e+00
    outer loop
      vertex   4.288392e+02 4.122690e+02 -4.266197e-15
      vertex   4.282001e+02 4.875851e+02 4.923118e-15
      vertex   4.288392e+02 4.873204e+02 4.890697e-15
    endloop
  endfacet
  facet normal 6.007690e-20 1.220084e-16 -1.000000e+00
    outer loop
      vertex   4.288392e+02 4.122690e+02 -4.266197e-15
      vertex   4.288392e+02 4.873204e+02 4.890697e-15
      vertex   4.295251e+02 4.123593e+02 -4.255139e-15
    endloop
  endfacet
  facet normal -6.022180e-20 1.220072e-16 -1.000000e+00
    outer loop
      vertex   4.295251e+02 4.123593e+02 -4.255139e-15
      vertex   4.288392e+02 4.873204e+02 4.890697e-15
      vertex   4.295251e+02 4.872301e+02 4.879639e-15
    endloop
  endfacet
  facet normal -6.022180e-20 1.220072e-16 -1.000000e+00
    outer loop
      vertex   4.295251e+02 4.123593e+02 -4.255139e-15
      vertex   4.295251e+02 4.872301e+02 4.879639e-15
      vertex   4.302110e+02 4.122690e+02 -4.266197e-15
    endloop
  endfacet
  facet normal 6.007690e-20 1.220084e-16 -1.000000e+00
    outer loop
      vertex   4.302110e+02 4.122690e+02 -4.266197e-15
      vertex   4.295251e+02 4.872301e+02 4.879639e-15
      vertex   4.302110e+02 4.873204e+02 4.890697e-15
    endloop
  endfacet
  facet normal -1.890178e-19 1.220084e-16 -1.000000e+00
    outer loop
      vertex   4.302110e+02 4.122690e+02 -4.266197e-15
      vertex   4.302110e+02 4.873204e+02 4.890697e-15
      vertex   4.308501e+02 4.120043e+02 -4.298618e-15
    endloop
  endfacet
  facet normal 1.876937e-19 1.220115e-16 -1.000000e+00
    outer loop
      vertex   4.308501e+02 4.120043e+02 -4.298618e-15
      vertex   4.302110e+02 4.873204e+02 4.890697e-15
      vertex   4.308501e+02 4.875851e+02 4.923118e-15
    endloop
  endfacet
  facet normal -3.477008e-19 1.220115e-16 -1.000000e+00
    outer loop
      vertex   4.308501e+02 4.120043e+02 -4.298618e-15
      vertex   4.308501e+02 4.875851e+02 4.923118e-15
      vertex   4.313989e+02 4.115831e+02 -4.350192e-15
    endloop
  endfacet
  facet normal 3.438688e-19 1.220165e-16 -1.000000e+00
    outer loop
      vertex   4.313989e+02 4.115831e+02 -4.350192e-15
      vertex   4.308501e+02 4.875851e+02 4.923118e-15
      vertex   4.313989e+02 4.880063e+02 4.974692e-15
    endloop
  endfacet
  facet normal -5.840255e-19 1.220165e-16 -1.000000e+00
    outer loop
      vertex   4.313989e+02 4.115831e+02 -4.350192e-15
      vertex   4.313989e+02 4.880063e+02 4.974692e-15
      vertex   4.318201e+02 4.110343e+02 -4.417404e-15
    endloop
  endfacet
  facet normal 5.757559e-19 1.220229e-16 -1.000000e+00
    outer loop
      vertex   4.318201e+02 4.110343e+02 -4.417404e-15
      vertex   4.313989e+02 4.880063e+02 4.974692e-15
      vertex   4.318201e+02 4.885551e+02 5.041905e-15
    endloop
  endfacet
  facet normal -2.511143e-19 1.220229e-16 -1.000000e+00
    outer loop
      vertex   4.318201e+02 4.110343e+02 -4.417404e-15
      vertex   4.318201e+02 4.885551e+02 5.041905e-15
      vertex   4.369393e+02 4.037417e+02 -5.308553e-15
    endloop
  endfacet
  facet normal 7.068315e-18 1.224647e-16 -1.000000e+00
    outer loop
      vertex   4.369393e+02 4.037417e+02 -5.308553e-15
      vertex   4.318201e+02 4.885551e+02 5.041905e-15
      vertex   4.369393e+02 4.967252e+02 6.078645e-15
    endloop
  endfacet
  facet normal 2.085492e-17 1.138263e-16 -1.000000e+00
    outer loop
      vertex   4.369393e+02 4.967252e+02 6.078645e-15
      vertex   4.318201e+02 4.885551e+02 5.041905e-15
      vertex   4.320848e+02 4.891942e+02 5.120176e-15
    endloop
  endfacet
  facet normal 2.968333e-19 1.222369e-16 -1.000000e+00
    outer loop
      vertex   3.097099e+02 3.740589e+02 -8.974661e-15
      vertex   4.369393e+02 4.037417e+02 -5.308553e-15
      vertex   3.092887e+02 3.735100e+02 -9.041874e-15
    endloop
  endfacet
  facet normal 1.593881e-18 1.167602e-16 -1.000000e+00
    outer loop
      vertex   3.092887e+02 3.735100e+02 -9.041874e-15
      vertex   4.369393e+02 4.037417e+02 -5.308553e-15
      vertex   3.034518e+02 3.664439e+02 -9.876223e-15
    endloop
  endfacet
  facet normal 9.195128e-18 1.104814e-16 -1.000000e+00
    outer loop
      vertex   3.092887e+02 3.735100e+02 -9.041874e-15
      vertex   3.034518e+02 3.664439e+02 -9.876223e-15
      vertex   3.087399e+02 3.730889e+02 -9.093448e-15
    endloop
  endfacet
  facet normal 2.883005e-18 1.155045e-16 -1.000000e+00
    outer loop
      vertex   3.087399e+02 3.730889e+02 -9.093448e-15
      vertex   3.034518e+02 3.664439e+02 -9.876223e-15
      vertex   3.081008e+02 3.728241e+02 -9.125869e-15
    endloop
  endfacet
  facet normal 7.076510e-19 1.170895e-16 -1.000000e+00
    outer loop
      vertex   3.081008e+02 3.728241e+02 -9.125869e-15
      vertex   3.034518e+02 3.664439e+02 -9.876223e-15
      vertex   3.074149e+02 3.727339e+02 -9.136927e-15
    endloop
  endfacet
  facet normal -5.992457e-19 1.179130e-16 -1.000000e+00
    outer loop
      vertex   3.074149e+02 3.727339e+02 -9.136927e-15
      vertex   3.034518e+02 3.664439e+02 -9.876223e-15
      vertex   3.067290e+02 3.728241e+02 -9.125869e-15
    endloop
  endfacet
  facet normal -1.659754e-18 1.184577e-16 -1.000000e+00
    outer loop
      vertex   3.067290e+02 3.728241e+02 -9.125869e-15
      vertex   3.034518e+02 3.664439e+02 -9.876223e-15
      vertex   3.060899e+02 3.730889e+02 -9.093448e-15
    endloop
  endfacet
  facet normal -2.744300e-18 1.188882e-16 -1.000000e+00
    outer loop
      vertex   3.060899e+02 3.730889e+02 -9.093448e-15
      vertex   3.034518e+02 3.664439e+02 -9.876223e-15
      vertex   3.055411e+02 3.735100e+02 -9.041874e-15
    endloop
  endfacet
  facet normal -4.127814e-18 1.192973e-16 -1.000000e+00
    outer loop
      vertex   3.055411e+02 3.735100e+02 -9.041874e-15
      vertex   3.034518e+02 3.664439e+02 -9.876223e-15
      vertex   3.051199e+02 3.740589e+02 -8.974661e-15
    endloop
  endfacet
  facet normal -6.429510e-18 1.198015e-16 -1.000000e+00
    outer loop
      vertex   3.051199e+02 3.740589e+02 -8.974661e-15
      vertex   3.034518e+02 3.664439e+02 -9.876223e-15
      vertex   3.048552e+02 3.746980e+02 -8.896390e-15
    endloop
  endfacet
  facet normal -1.245174e-17 1.208254e-16 -1.000000e+00
    outer loop
      vertex   3.048552e+02 3.746980e+02 -8.896390e-15
      vertex   3.034518e+02 3.664439e+02 -9.876223e-15
      vertex   3.047649e+02 3.753839e+02 -8.812395e-15
    endloop
  endfacet
  facet normal -5.361243e-18 1.197840e-16 -1.000000e+00
    outer loop
      vertex   3.047649e+02 3.753839e+02 -8.812395e-15
      vertex   3.034518e+02 3.664439e+02 -9.876223e-15
      vertex   2.811878e+02 4.109704e+02 -4.423294e-15
    endloop
  endfacet
  facet normal -1.097055e-18 1.226091e-16 -1.000000e+00
    outer loop
      vertex   3.047649e+02 3.753839e+02 -8.812395e-15
      vertex   2.811878e+02 4.109704e+02 -4.423294e-15
      vertex   3.048552e+02 3.760697e+02 -8.728400e-15
    endloop
  endfacet
  facet normal -8.132765e-19 1.228016e-16 -1.000000e+00
    outer loop
      vertex   3.048552e+02 3.760697e+02 -8.728400e-15
      vertex   2.811878e+02 4.109704e+02 -4.423294e-15
      vertex   3.051199e+02 3.767089e+02 -8.650130e-15
    endloop
  endfacet
  facet normal -6.173622e-19 1.229384e-16 -1.000000e+00
    outer loop
      vertex   3.051199e+02 3.767089e+02 -8.650130e-15
      vertex   2.811878e+02 4.109704e+02 -4.423294e-15
      vertex   3.055411e+02 3.772577e+02 -8.582917e-15
    endloop
  endfacet
  facet normal -4.540312e-19 1.230564e-16 -1.000000e+00
    outer loop
      vertex   3.055411e+02 3.772577e+02 -8.582917e-15
      vertex   2.811878e+02 4.109704e+02 -4.423294e-15
      vertex   3.060899e+02 3.776788e+02 -8.531343e-15
    endloop
  endfacet
  facet normal -2.945153e-19 1.231757e-16 -1.000000e+00
    outer loop
      vertex   3.060899e+02 3.776788e+02 -8.531343e-15
      vertex   2.811878e+02 4.109704e+02 -4.423294e-15
      vertex   3.067290e+02 3.779436e+02 -8.498922e-15
    endloop
  endfacet
  facet normal -1.121728e-19 1.233167e-16 -1.000000e+00
    outer loop
      vertex   3.067290e+02 3.779436e+02 -8.498922e-15
      vertex   2.811878e+02 4.109704e+02 -4.423294e-15
      vertex   3.074149e+02 3.780339e+02 -8.487864e-15
    endloop
  endfacet
  facet normal 3.488918e-19 1.224187e-16 -1.000000e+00
    outer loop
      vertex   4.320848e+02 4.090234e+02 -4.663665e-15
      vertex   4.321751e+02 4.097093e+02 -4.579670e-15
      vertex   4.369393e+02 4.037417e+02 -5.308553e-15
    endloop
  endfacet
  facet normal 4.866834e-19 1.225288e-16 -1.000000e+00
    outer loop
      vertex   4.369393e+02 4.037417e+02 -5.308553e-15
      vertex   4.321751e+02 4.097093e+02 -4.579670e-15
      vertex   4.320848e+02 4.103952e+02 -4.495675e-15
    endloop
  endfacet
  facet normal 9.226833e-19 1.228469e-16 -1.000000e+00
    outer loop
      vertex   4.369393e+02 4.037417e+02 -5.308553e-15
      vertex   4.320848e+02 4.103952e+02 -4.495675e-15
      vertex   4.318201e+02 4.110343e+02 -4.417404e-15
    endloop
  endfacet
  facet normal -1.404928e-20 1.224755e-16 -1.000000e+00
    outer loop
      vertex   4.276513e+02 4.115831e+02 -4.350192e-15
      vertex   4.272301e+02 4.110343e+02 -4.417404e-15
      vertex   3.609956e+02 5.043290e+02 7.009835e-15
    endloop
  endfacet
  facet normal 1.294690e-19 1.221521e-16 -1.000000e+00
    outer loop
      vertex   4.302110e+02 4.071496e+02 -4.893143e-15
      vertex   4.308501e+02 4.074143e+02 -4.860722e-15
      vertex   4.369393e+02 4.037417e+02 -5.308553e-15
    endloop
  endfacet
  facet normal 1.780430e-19 1.222326e-16 -1.000000e+00
    outer loop
      vertex   4.369393e+02 4.037417e+02 -5.308553e-15
      vertex   4.308501e+02 4.074143e+02 -4.860722e-15
      vertex   4.313989e+02 4.078355e+02 -4.809148e-15
    endloop
  endfacet
  facet normal 2.230342e-19 1.222935e-16 -1.000000e+00
    outer loop
      vertex   4.369393e+02 4.037417e+02 -5.308553e-15
      vertex   4.313989e+02 4.078355e+02 -4.809148e-15
      vertex   4.318201e+02 4.083843e+02 -4.741936e-15
    endloop
  endfacet
  facet normal 2.749541e-19 1.223508e-16 -1.000000e+00
    outer loop
      vertex   4.318201e+02 4.083843e+02 -4.741936e-15
      vertex   4.320848e+02 4.090234e+02 -4.663665e-15
      vertex   4.369393e+02 4.037417e+02 -5.308553e-15
    endloop
  endfacet
  facet normal -9.914449e-01 -1.305262e-01 -0.000000e+00
    outer loop
      vertex   3.094916e+02 3.759403e+02 1.500000e+00
      vertex   3.094916e+02 3.759403e+02 5.000000e-01
      vertex   3.095649e+02 3.753839e+02 1.500000e+00
    endloop
  endfacet
  facet normal -9.914449e-01 -1.305262e-01 -0.000000e+00
    outer loop
      vertex   3.095649e+02 3.753839e+02 1.500000e+00
      vertex   3.094916e+02 3.759403e+02 5.000000e-01
      vertex   3.095649e+02 3.753839e+02 5.000000e-01
    endloop
  endfacet
  facet normal -9.914449e-01 1.305262e-01 0.000000e+00
    outer loop
      vertex   3.095649e+02 3.753839e+02 1.500000e+00
      vertex   3.095649e+02 3.753839e+02 5.000000e-01
      vertex   3.094916e+02 3.748274e+02 1.500000e+00
    endloop
  endfacet
  facet normal -9.914449e-01 1.305262e-01 0.000000e+00
    outer loop
      vertex   3.094916e+02 3.748274e+02 1.500000e+00
      vertex   3.095649e+02 3.753839e+02 5.000000e-01
      vertex   3.094916e+02 3.748274e+02 5.000000e-01
    endloop
  endfacet
  facet normal -9.238795e-01 3.826834e-01 0.000000e+00
    outer loop
      vertex   3.094916e+02 3.748274e+02 1.500000e+00
      vertex   3.094916e+02 3.748274e+02 5.000000e-01
      vertex   3.092769e+02 3.743089e+02 1.500000e+00
    endloop
  endfacet
  facet normal -9.238795e-01 3.826834e-01 0.000000e+00
    outer loop
      vertex   3.092769e+02 3.743089e+02 1.500000e+00
      vertex   3.094916e+02 3.748274e+02 5.000000e-01
      vertex   3.092769e+02 3.743089e+02 5.000000e-01
    endloop
  endfacet
  facet normal -7.933533e-01 6.087614e-01 0.000000e+00
    outer loop
      vertex   3.092769e+02 3.743089e+02 1.500000e+00
      vertex   3.092769e+02 3.743089e+02 5.000000e-01
      vertex   3.089352e+02 3.738636e+02 1.500000e+00
    endloop
  endfacet
  facet normal -7.933533e-01 6.087614e-01 0.000000e+00
    outer loop
      vertex   3.089352e+02 3.738636e+02 1.500000e+00
      vertex   3.092769e+02 3.743089e+02 5.000000e-01
      vertex   3.089352e+02 3.738636e+02 5.000000e-01
    endloop
  endfacet
  facet normal -6.087614e-01 7.933533e-01 0.000000e+00
    outer loop
      vertex   3.089352e+02 3.738636e+02 1.500000e+00
      vertex   3.089352e+02 3.738636e+02 5.000000e-01
      vertex   3.084899e+02 3.735219e+02 1.500000e+00
    endloop
  endfacet
  facet normal -6.087614e-01 7.933533e-01 3.460408e-14
    outer loop
      vertex   3.084899e+02 3.735219e+02 1.500000e+00
      vertex   3.089352e+02 3.738636e+02 5.000000e-01
      vertex   3.084899e+02 3.735219e+02 5.000000e-01
    endloop
  endfacet
  facet normal -3.826834e-01 9.238795e-01 2.175303e-14
    outer loop
      vertex   3.084899e+02 3.735219e+02 1.500000e+00
      vertex   3.084899e+02 3.735219e+02 5.000000e-01
      vertex   3.079714e+02 3.733071e+02 1.500000e+00
    endloop
  endfacet
  facet normal -3.826834e-01 9.238795e-01 0.000000e+00
    outer loop
      vertex   3.079714e+02 3.733071e+02 1.500000e+00
      vertex   3.084899e+02 3.735219e+02 5.000000e-01
      vertex   3.079714e+02 3.733071e+02 5.000000e-01
    endloop
  endfacet
  facet normal -1.305262e-01 9.914449e-01 0.000000e+00
    outer loop
      vertex   3.079714e+02 3.733071e+02 1.500000e+00
      vertex   3.079714e+02 3.733071e+02 5.000000e-01
      vertex   3.074149e+02 3.732339e+02 1.500000e+00
    endloop
  endfacet
  facet normal -1.305262e-01 9.914449e-01 0.000000e+00
    outer loop
      vertex   3.074149e+02 3.732339e+02 1.500000e+00
      vertex   3.079714e+02 3.733071e+02 5.000000e-01
      vertex   3.074149e+02 3.732339e+02 5.000000e-01
    endloop
  endfacet
  facet normal 1.305262e-01 9.914449e-01 0.000000e+00
    outer loop
      vertex   3.074149e+02 3.732339e+02 1.500000e+00
      vertex   3.074149e+02 3.732339e+02 5.000000e-01
      vertex   3.068584e+02 3.733071e+02 1.500000e+00
    endloop
  endfacet
  facet normal 1.305262e-01 9.914449e-01 0.000000e+00
    outer loop
      vertex   3.068584e+02 3.733071e+02 1.500000e+00
      vertex   3.074149e+02 3.732339e+02 5.000000e-01
      vertex   3.068584e+02 3.733071e+02 5.000000e-01
    endloop
  endfacet
  facet normal 3.826834e-01 9.238795e-01 0.000000e+00
    outer loop
      vertex   3.068584e+02 3.733071e+02 1.500000e+00
      vertex   3.068584e+02 3.733071e+02 5.000000e-01
      vertex   3.063399e+02 3.735219e+02 1.500000e+00
    endloop
  endfacet
  facet normal 3.826834e-01 9.238795e-01 0.000000e+00
    outer loop
      vertex   3.063399e+02 3.735219e+02 1.500000e+00
      vertex   3.068584e+02 3.733071e+02 5.000000e-01
      vertex   3.063399e+02 3.735219e+02 5.000000e-01
    endloop
  endfacet
  facet normal 6.087614e-01 7.933533e-01 0.000000e+00
    outer loop
      vertex   3.063399e+02 3.735219e+02 1.500000e+00
      vertex   3.063399e+02 3.735219e+02 5.000000e-01
      vertex   3.058946e+02 3.738636e+02 1.500000e+00
    endloop
  endfacet
  facet normal 6.087614e-01 7.933533e-01 0.000000e+00
    outer loop
      vertex   3.058946e+02 3.738636e+02 1.500000e+00
      vertex   3.063399e+02 3.735219e+02 5.000000e-01
      vertex   3.058946e+02 3.738636e+02 5.000000e-01
    endloop
  endfacet
  facet normal 7.933533e-01 6.087614e-01 0.000000e+00
    outer loop
      vertex   3.058946e+02 3.738636e+02 1.500000e+00
      vertex   3.058946e+02 3.738636e+02 5.000000e-01
      vertex   3.055529e+02 3.743089e+02 1.500000e+00
    endloop
  endfacet
  facet normal 7.933533e-01 6.087614e-01 0.000000e+00
    outer loop
      vertex   3.055529e+02 3.743089e+02 1.500000e+00
      vertex   3.058946e+02 3.738636e+02 5.000000e-01
      vertex   3.055529e+02 3.743089e+02 5.000000e-01
    endloop
  endfacet
  facet normal 9.238795e-01 3.826834e-01 0.000000e+00
    outer loop
      vertex   3.055529e+02 3.743089e+02 1.500000e+00
      vertex   3.055529e+02 3.743089e+02 5.000000e-01
      vertex   3.053382e+02 3.748274e+02 1.500000e+00
    endloop
  endfacet
  facet normal 9.238795e-01 3.826834e-01 0.000000e+00
    outer loop
      vertex   3.053382e+02 3.748274e+02 1.500000e+00
      vertex   3.055529e+02 3.743089e+02 5.000000e-01
      vertex   3.053382e+02 3.748274e+02 5.000000e-01
    endloop
  endfacet
  facet normal 9.914449e-01 1.305262e-01 0.000000e+00
    outer loop
      vertex   3.053382e+02 3.748274e+02 1.500000e+00
      vertex   3.053382e+02 3.748274e+02 5.000000e-01
      vertex   3.052649e+02 3.753839e+02 1.500000e+00
    endloop
  endfacet
  facet normal 9.914449e-01 1.305262e-01 0.000000e+00
    outer loop
      vertex   3.052649e+02 3.753839e+02 1.500000e+00
      vertex   3.053382e+02 3.748274e+02 5.000000e-01
      vertex   3.052649e+02 3.753839e+02 5.000000e-01
    endloop
  endfacet
  facet normal 9.914449e-01 -1.305262e-01 0.000000e+00
    outer loop
      vertex   3.052649e+02 3.753839e+02 1.500000e+00
      vertex   3.052649e+02 3.753839e+02 5.000000e-01
      vertex   3.053382e+02 3.759403e+02 1.500000e+00
    endloop
  endfacet
  facet normal 9.914449e-01 -1.305262e-01 0.000000e+00
    outer loop
      vertex   3.053382e+02 3.759403e+02 1.500000e+00
      vertex   3.052649e+02 3.753839e+02 5.000000e-01
      vertex   3.053382e+02 3.759403e+02 5.000000e-01
    endloop
  endfacet
  facet normal 9.238795e-01 -3.826834e-01 0.000000e+00
    outer loop
      vertex   3.053382e+02 3.759403e+02 1.500000e+00
      vertex   3.053382e+02 3.759403e+02 5.000000e-01
      vertex   3.055529e+02 3.764589e+02 1.500000e+00
    endloop
  endfacet
  facet normal 9.238795e-01 -3.826834e-01 0.000000e+00
    outer loop
      vertex   3.055529e+02 3.764589e+02 1.500000e+00
      vertex   3.053382e+02 3.759403e+02 5.000000e-01
      vertex   3.055529e+02 3.764589e+02 5.000000e-01
    endloop
  endfacet
  facet normal 7.933533e-01 -6.087614e-01 0.000000e+00
    outer loop
      vertex   3.055529e+02 3.764589e+02 1.500000e+00
      vertex   3.055529e+02 3.764589e+02 5.000000e-01
      vertex   3.058946e+02 3.769041e+02 1.500000e+00
    endloop
  endfacet
  facet normal 7.933533e-01 -6.087614e-01 0.000000e+00
    outer loop
      vertex   3.058946e+02 3.769041e+02 1.500000e+00
      vertex   3.055529e+02 3.764589e+02 5.000000e-01
      vertex   3.058946e+02 3.769041e+02 5.000000e-01
    endloop
  endfacet
  facet normal 6.087614e-01 -7.933533e-01 0.000000e+00
    outer loop
      vertex   3.058946e+02 3.769041e+02 1.500000e+00
      vertex   3.058946e+02 3.769041e+02 5.000000e-01
      vertex   3.063399e+02 3.772458e+02 1.500000e+00
    endloop
  endfacet
  facet normal 6.087614e-01 -7.933533e-01 0.000000e+00
    outer loop
      vertex   3.063399e+02 3.772458e+02 1.500000e+00
      vertex   3.058946e+02 3.769041e+02 5.000000e-01
      vertex   3.063399e+02 3.772458e+02 5.000000e-01
    endloop
  endfacet
  facet normal 3.826834e-01 -9.238795e-01 0.000000e+00
    outer loop
      vertex   3.063399e+02 3.772458e+02 1.500000e+00
      vertex   3.063399e+02 3.772458e+02 5.000000e-01
      vertex   3.068584e+02 3.774606e+02 1.500000e+00
    endloop
  endfacet
  facet normal 3.826834e-01 -9.238795e-01 0.000000e+00
    outer loop
      vertex   3.068584e+02 3.774606e+02 1.500000e+00
      vertex   3.063399e+02 3.772458e+02 5.000000e-01
      vertex   3.068584e+02 3.774606e+02 5.000000e-01
    endloop
  endfacet
  facet normal 1.305262e-01 -9.914449e-01 0.000000e+00
    outer loop
      vertex   3.068584e+02 3.774606e+02 1.500000e+00
      vertex   3.068584e+02 3.774606e+02 5.000000e-01
      vertex   3.074149e+02 3.775339e+02 1.500000e+00
    endloop
  endfacet
  facet normal 1.305262e-01 -9.914449e-01 0.000000e+00
    outer loop
      vertex   3.074149e+02 3.775339e+02 1.500000e+00
      vertex   3.068584e+02 3.774606e+02 5.000000e-01
      vertex   3.074149e+02 3.775339e+02 5.000000e-01
    endloop
  endfacet
  facet normal -1.305262e-01 -9.914449e-01 -0.000000e+00
    outer loop
      vertex   3.074149e+02 3.775339e+02 1.500000e+00
      vertex   3.074149e+02 3.775339e+02 5.000000e-01
      vertex   3.079714e+02 3.774606e+02 1.500000e+00
    endloop
  endfacet
  facet normal -1.305262e-01 -9.914449e-01 -0.000000e+00
    outer loop
      vertex   3.079714e+02 3.774606e+02 1.500000e+00
      vertex   3.074149e+02 3.775339e+02 5.000000e-01
      vertex   3.079714e+02 3.774606e+02 5.000000e-01
    endloop
  endfacet
  facet normal -3.826834e-01 -9.238795e-01 -0.000000e+00
    outer loop
      vertex   3.079714e+02 3.774606e+02 1.500000e+00
      vertex   3.079714e+02 3.774606e+02 5.000000e-01
      vertex   3.084899e+02 3.772458e+02 1.500000e+00
    endloop
  endfacet
  facet normal -3.826834e-01 -9.238795e-01 -2.175303e-14
    outer loop
      vertex   3.084899e+02 3.772458e+02 1.500000e+00
      vertex   3.079714e+02 3.774606e+02 5.000000e-01
      vertex   3.084899e+02 3.772458e+02 5.000000e-01
    endloop
  endfacet
  facet normal -6.087614e-01 -7.933533e-01 -3.460408e-14
    outer loop
      vertex   3.084899e+02 3.772458e+02 1.500000e+00
      vertex   3.084899e+02 3.772458e+02 5.000000e-01
      vertex   3.089352e+02 3.769041e+02 1.500000e+00
    endloop
  endfacet
  facet normal -6.087614e-01 -7.933533e-01 -0.000000e+00
    outer loop
      vertex   3.089352e+02 3.769041e+02 1.500000e+00
      vertex   3.084899e+02 3.772458e+02 5.000000e-01
      vertex   3.089352e+02 3.769041e+02 5.000000e-01
    endloop
  endfacet
  facet normal -7.933533e-01 -6.087614e-01 -0.000000e+00
    outer loop
      vertex   3.089352e+02 3.769041e+02 1.500000e+00
      vertex   3.089352e+02 3.769041e+02 5.000000e-01
      vertex   3.092769e+02 3.764589e+02 1.500000e+00
    endloop
  endfacet
  facet normal -7.933533e-01 -6.087614e-01 -0.000000e+00
    outer loop
      vertex   3.092769e+02 3.764589e+02 1.500000e+00
      vertex   3.089352e+02 3.769041e+02 5.000000e-01
      vertex   3.092769e+02 3.764589e+02 5.000000e-01
    endloop
  endfacet
  facet normal -9.238795e-01 -3.826834e-01 -0.000000e+00
    outer loop
      vertex   3.092769e+02 3.764589e+02 1.500000e+00
      vertex   3.092769e+02 3.764589e+02 5.000000e-01
      vertex   3.094916e+02 3.759403e+02 1.500000e+00
    endloop
  endfacet
  facet normal -9.238795e-01 -3.826834e-01 -0.000000e+00
    outer loop
      vertex   3.094916e+02 3.759403e+02 1.500000e+00
      vertex   3.092769e+02 3.764589e+02 5.000000e-01
      vertex   3.094916e+02 3.759403e+02 5.000000e-01
    endloop
  endfacet
  facet normal -7.040626e-01 9.269160e-02 -7.040626e-01
    outer loop
      vertex   2.917058e+02 4.397622e+02 -9.166622e-16
      vertex   2.912228e+02 4.398916e+02 5.000000e-01
      vertex   2.917961e+02 4.404481e+02 -8.326673e-16
    endloop
  endfacet
  facet normal -7.040626e-01 9.269160e-02 -7.040626e-01
    outer loop
      vertex   2.917961e+02 4.404481e+02 -8.326673e-16
      vertex   2.912228e+02 4.398916e+02 5.000000e-01
      vertex   2.912961e+02 4.404481e+02 5.000000e-01
    endloop
  endfacet
  facet normal -7.040626e-01 -9.269160e-02 -7.040626e-01
    outer loop
      vertex   2.917961e+02 4.404481e+02 -8.326673e-16
      vertex   2.912961e+02 4.404481e+02 5.000000e-01
      vertex   2.917058e+02 4.411339e+02 -7.486724e-16
    endloop
  endfacet
  facet normal -7.040626e-01 -9.269160e-02 -7.040626e-01
    outer loop
      vertex   2.917058e+02 4.411339e+02 -7.486724e-16
      vertex   2.912961e+02 4.404481e+02 5.000000e-01
      vertex   2.912228e+02 4.410045e+02 5.000000e-01
    endloop
  endfacet
  facet normal -6.560819e-01 -2.717580e-01 -7.040626e-01
    outer loop
      vertex   2.917058e+02 4.411339e+02 -7.486724e-16
      vertex   2.912228e+02 4.410045e+02 5.000000e-01
      vertex   2.914410e+02 4.417731e+02 -6.704016e-16
    endloop
  endfacet
  facet normal -6.560819e-01 -2.717580e-01 -7.040626e-01
    outer loop
      vertex   2.914410e+02 4.417731e+02 -6.704016e-16
      vertex   2.912228e+02 4.410045e+02 5.000000e-01
      vertex   2.910080e+02 4.415231e+02 5.000000e-01
    endloop
  endfacet
  facet normal -5.633903e-01 -4.323046e-01 -7.040626e-01
    outer loop
      vertex   2.914410e+02 4.417731e+02 -6.704016e-16
      vertex   2.910080e+02 4.415231e+02 5.000000e-01
      vertex   2.910199e+02 4.423219e+02 -6.031889e-16
    endloop
  endfacet
  facet normal -5.633903e-01 -4.323046e-01 -7.040626e-01
    outer loop
      vertex   2.910199e+02 4.423219e+02 -6.031889e-16
      vertex   2.910080e+02 4.415231e+02 5.000000e-01
      vertex   2.906663e+02 4.419684e+02 5.000000e-01
    endloop
  endfacet
  facet normal -4.323046e-01 -5.633903e-01 -7.040626e-01
    outer loop
      vertex   2.910199e+02 4.423219e+02 -6.031889e-16
      vertex   2.906663e+02 4.419684e+02 5.000000e-01
      vertex   2.904711e+02 4.427430e+02 -5.516148e-16
    endloop
  endfacet
  facet normal -4.323046e-01 -5.633903e-01 -7.040626e-01
    outer loop
      vertex   2.904711e+02 4.427430e+02 -5.516148e-16
      vertex   2.906663e+02 4.419684e+02 5.000000e-01
      vertex   2.902211e+02 4.423100e+02 5.000000e-01
    endloop
  endfacet
  facet normal -2.717580e-01 -6.560819e-01 -7.040626e-01
    outer loop
      vertex   2.904711e+02 4.427430e+02 -5.516148e-16
      vertex   2.902211e+02 4.423100e+02 5.000000e-01
      vertex   2.898319e+02 4.430078e+02 -5.191940e-16
    endloop
  endfacet
  facet normal -2.717580e-01 -6.560819e-01 -7.040626e-01
    outer loop
      vertex   2.898319e+02 4.430078e+02 -5.191940e-16
      vertex   2.902211e+02 4.423100e+02 5.000000e-01
      vertex   2.897025e+02 4.425248e+02 5.000000e-01
    endloop
  endfacet
  facet normal -9.269160e-02 -7.040626e-01 -7.040626e-01
    outer loop
      vertex   2.898319e+02 4.430078e+02 -5.191940e-16
      vertex   2.897025e+02 4.425248e+02 5.000000e-01
      vertex   2.891461e+02 4.430981e+02 -5.081359e-16
    endloop
  endfacet
  facet normal -9.269160e-02 -7.040626e-01 -7.040626e-01
    outer loop
      vertex   2.891461e+02 4.430981e+02 -5.081359e-16
      vertex   2.897025e+02 4.425248e+02 5.000000e-01
      vertex   2.891461e+02 4.425981e+02 5.000000e-01
    endloop
  endfacet
  facet normal 9.269160e-02 -7.040626e-01 -7.040626e-01
    outer loop
      vertex   2.891461e+02 4.430981e+02 -5.081359e-16
      vertex   2.891461e+02 4.425981e+02 5.000000e-01
      vertex   2.884602e+02 4.430078e+02 -5.191940e-16
    endloop
  endfacet
  facet normal 9.269160e-02 -7.040626e-01 -7.040626e-01
    outer loop
      vertex   2.884602e+02 4.430078e+02 -5.191940e-16
      vertex   2.891461e+02 4.425981e+02 5.000000e-01
      vertex   2.885896e+02 4.425248e+02 5.000000e-01
    endloop
  endfacet
  facet normal 2.717580e-01 -6.560819e-01 -7.040626e-01
    outer loop
      vertex   2.884602e+02 4.430078e+02 -5.191940e-16
      vertex   2.885896e+02 4.425248e+02 5.000000e-01
      vertex   2.878211e+02 4.427430e+02 -5.516148e-16
    endloop
  endfacet
  facet normal 2.717580e-01 -6.560819e-01 -7.040626e-01
    outer loop
      vertex   2.878211e+02 4.427430e+02 -5.516148e-16
      vertex   2.885896e+02 4.425248e+02 5.000000e-01
      vertex   2.880711e+02 4.423100e+02 5.000000e-01
    endloop
  endfacet
  facet normal 4.323046e-01 -5.633903e-01 -7.040626e-01
    outer loop
      vertex   2.878211e+02 4.427430e+02 -5.516148e-16
      vertex   2.880711e+02 4.423100e+02 5.000000e-01
      vertex   2.872722e+02 4.423219e+02 -6.031889e-16
    endloop
  endfacet
  facet normal 4.323046e-01 -5.633903e-01 -7.040626e-01
    outer loop
      vertex   2.872722e+02 4.423219e+02 -6.031889e-16
      vertex   2.880711e+02 4.423100e+02 5.000000e-01
      vertex   2.876258e+02 4.419684e+02 5.000000e-01
    endloop
  endfacet
  facet normal 5.633903e-01 -4.323046e-01 -7.040626e-01
    outer loop
      vertex   2.872722e+02 4.423219e+02 -6.031889e-16
      vertex   2.876258e+02 4.419684e+02 5.000000e-01
      vertex   2.868511e+02 4.417731e+02 -6.704016e-16
    endloop
  endfacet
  facet normal 5.633903e-01 -4.323046e-01 -7.040626e-01
    outer loop
      vertex   2.868511e+02 4.417731e+02 -6.704016e-16
      vertex   2.876258e+02 4.419684e+02 5.000000e-01
      vertex   2.872841e+02 4.415231e+02 5.000000e-01
    endloop
  endfacet
  facet normal 6.560819e-01 -2.717580e-01 -7.040626e-01
    outer loop
      vertex   2.868511e+02 4.417731e+02 -6.704016e-16
      vertex   2.872841e+02 4.415231e+02 5.000000e-01
      vertex   2.865864e+02 4.411339e+02 -7.486724e-16
    endloop
  endfacet
  facet normal 6.560819e-01 -2.717580e-01 -7.040626e-01
    outer loop
      vertex   2.865864e+02 4.411339e+02 -7.486724e-16
      vertex   2.872841e+02 4.415231e+02 5.000000e-01
      vertex   2.870693e+02 4.410045e+02 5.000000e-01
    endloop
  endfacet
  facet normal 7.040626e-01 -9.269160e-02 -7.040626e-01
    outer loop
      vertex   2.865864e+02 4.411339e+02 -7.486724e-16
      vertex   2.870693e+02 4.410045e+02 5.000000e-01
      vertex   2.864961e+02 4.404481e+02 -8.326673e-16
    endloop
  endfacet
  facet normal 7.040626e-01 -9.269160e-02 -7.040626e-01
    outer loop
      vertex   2.864961e+02 4.404481e+02 -8.326673e-16
      vertex   2.870693e+02 4.410045e+02 5.000000e-01
      vertex   2.869961e+02 4.404481e+02 5.000000e-01
    endloop
  endfacet
  facet normal 7.040626e-01 9.269160e-02 -7.040626e-01
    outer loop
      vertex   2.864961e+02 4.404481e+02 -8.326673e-16
      vertex   2.869961e+02 4.404481e+02 5.000000e-01
      vertex   2.865864e+02 4.397622e+02 -9.166622e-16
    endloop
  endfacet
  facet normal 7.040626e-01 9.269160e-02 -7.040626e-01
    outer loop
      vertex   2.865864e+02 4.397622e+02 -9.166622e-16
      vertex   2.869961e+02 4.404481e+02 5.000000e-01
      vertex   2.870693e+02 4.398916e+02 5.000000e-01
    endloop
  endfacet
  facet normal 6.560819e-01 2.717580e-01 -7.040626e-01
    outer loop
      vertex   2.865864e+02 4.397622e+02 -9.166622e-16
      vertex   2.870693e+02 4.398916e+02 5.000000e-01
      vertex   2.868511e+02 4.391231e+02 -9.949330e-16
    endloop
  endfacet
  facet normal 6.560819e-01 2.717580e-01 -7.040626e-01
    outer loop
      vertex   2.868511e+02 4.391231e+02 -9.949330e-16
      vertex   2.870693e+02 4.398916e+02 5.000000e-01
      vertex   2.872841e+02 4.393731e+02 5.000000e-01
    endloop
  endfacet
  facet normal 5.633903e-01 4.323046e-01 -7.040626e-01
    outer loop
      vertex   2.868511e+02 4.391231e+02 -9.949330e-16
      vertex   2.872841e+02 4.393731e+02 5.000000e-01
      vertex   2.872722e+02 4.385742e+02 -1.062146e-15
    endloop
  endfacet
  facet normal 5.633903e-01 4.323046e-01 -7.040626e-01
    outer loop
      vertex   2.872722e+02 4.385742e+02 -1.062146e-15
      vertex   2.872841e+02 4.393731e+02 5.000000e-01
      vertex   2.876258e+02 4.389278e+02 5.000000e-01
    endloop
  endfacet
  facet normal 4.323046e-01 5.633903e-01 -7.040626e-01
    outer loop
      vertex   2.872722e+02 4.385742e+02 -1.062146e-15
      vertex   2.876258e+02 4.389278e+02 5.000000e-01
      vertex   2.878211e+02 4.381531e+02 -1.113720e-15
    endloop
  endfacet
  facet normal 4.323046e-01 5.633903e-01 -7.040626e-01
    outer loop
      vertex   2.878211e+02 4.381531e+02 -1.113720e-15
      vertex   2.876258e+02 4.389278e+02 5.000000e-01
      vertex   2.880711e+02 4.385861e+02 5.000000e-01
    endloop
  endfacet
  facet normal 2.717580e-01 6.560819e-01 -7.040626e-01
    outer loop
      vertex   2.878211e+02 4.381531e+02 -1.113720e-15
      vertex   2.880711e+02 4.385861e+02 5.000000e-01
      vertex   2.884602e+02 4.378884e+02 -1.146141e-15
    endloop
  endfacet
  facet normal 2.717580e-01 6.560819e-01 -7.040626e-01
    outer loop
      vertex   2.884602e+02 4.378884e+02 -1.146141e-15
      vertex   2.880711e+02 4.385861e+02 5.000000e-01
      vertex   2.885896e+02 4.383713e+02 5.000000e-01
    endloop
  endfacet
  facet normal 9.269160e-02 7.040626e-01 -7.040626e-01
    outer loop
      vertex   2.884602e+02 4.378884e+02 -1.146141e-15
      vertex   2.885896e+02 4.383713e+02 5.000000e-01
      vertex   2.891461e+02 4.377981e+02 -1.157199e-15
    endloop
  endfacet
  facet normal 9.269160e-02 7.040626e-01 -7.040626e-01
    outer loop
      vertex   2.891461e+02 4.377981e+02 -1.157199e-15
      vertex   2.885896e+02 4.383713e+02 5.000000e-01
      vertex   2.891461e+02 4.382981e+02 5.000000e-01
    endloop
  endfacet
  facet normal -9.269160e-02 7.040626e-01 -7.040626e-01
    outer loop
      vertex   2.891461e+02 4.377981e+02 -1.157199e-15
      vertex   2.891461e+02 4.382981e+02 5.000000e-01
      vertex   2.898319e+02 4.378884e+02 -1.146141e-15
    endloop
  endfacet
  facet normal -9.269160e-02 7.040626e-01 -7.040626e-01
    outer loop
      vertex   2.898319e+02 4.378884e+02 -1.146141e-15
      vertex   2.891461e+02 4.382981e+02 5.000000e-01
      vertex   2.897025e+02 4.383713e+02 5.000000e-01
    endloop
  endfacet
  facet normal -2.717580e-01 6.560819e-01 -7.040626e-01
    outer loop
      vertex   2.898319e+02 4.378884e+02 -1.146141e-15
      vertex   2.897025e+02 4.383713e+02 5.000000e-01
      vertex   2.904711e+02 4.381531e+02 -1.113720e-15
    endloop
  endfacet
  facet normal -2.717580e-01 6.560819e-01 -7.040626e-01
    outer loop
      vertex   2.904711e+02 4.381531e+02 -1.113720e-15
      vertex   2.897025e+02 4.383713e+02 5.000000e-01
      vertex   2.902211e+02 4.385861e+02 5.000000e-01
    endloop
  endfacet
  facet normal -4.323046e-01 5.633903e-01 -7.040626e-01
    outer loop
      vertex   2.904711e+02 4.381531e+02 -1.113720e-15
      vertex   2.902211e+02 4.385861e+02 5.000000e-01
      vertex   2.910199e+02 4.385742e+02 -1.062146e-15
    endloop
  endfacet
  facet normal -4.323046e-01 5.633903e-01 -7.040626e-01
    outer loop
      vertex   2.910199e+02 4.385742e+02 -1.062146e-15
      vertex   2.902211e+02 4.385861e+02 5.000000e-01
      vertex   2.906663e+02 4.389278e+02 5.000000e-01
    endloop
  endfacet
  facet normal -5.633903e-01 4.323046e-01 -7.040626e-01
    outer loop
      vertex   2.910199e+02 4.385742e+02 -1.062146e-15
      vertex   2.906663e+02 4.389278e+02 5.000000e-01
      vertex   2.914410e+02 4.391231e+02 -9.949330e-16
    endloop
  endfacet
  facet normal -5.633903e-01 4.323046e-01 -7.040626e-01
    outer loop
      vertex   2.914410e+02 4.391231e+02 -9.949330e-16
      vertex   2.906663e+02 4.389278e+02 5.000000e-01
      vertex   2.910080e+02 4.393731e+02 5.000000e-01
    endloop
  endfacet
  facet normal -6.560819e-01 2.717580e-01 -7.040626e-01
    outer loop
      vertex   2.914410e+02 4.391231e+02 -9.949330e-16
      vertex   2.910080e+02 4.393731e+02 5.000000e-01
      vertex   2.917058e+02 4.397622e+02 -9.166622e-16
    endloop
  endfacet
  facet normal -6.560819e-01 2.717580e-01 -7.040626e-01
    outer loop
      vertex   2.917058e+02 4.397622e+02 -9.166622e-16
      vertex   2.910080e+02 4.393731e+02 5.000000e-01
      vertex   2.912228e+02 4.398916e+02 5.000000e-01
    endloop
  endfacet
  facet normal -9.914449e-01 -1.305262e-01 -0.000000e+00
    outer loop
      vertex   2.912228e+02 4.410045e+02 1.500000e+00
      vertex   2.912228e+02 4.410045e+02 5.000000e-01
      vertex   2.912961e+02 4.404481e+02 1.500000e+00
    endloop
  endfacet
  facet normal -9.914449e-01 -1.305262e-01 -0.000000e+00
    outer loop
      vertex   2.912961e+02 4.404481e+02 1.500000e+00
      vertex   2.912228e+02 4.410045e+02 5.000000e-01
      vertex   2.912961e+02 4.404481e+02 5.000000e-01
    endloop
  endfacet
  facet normal -9.914449e-01 1.305262e-01 0.000000e+00
    outer loop
      vertex   2.912961e+02 4.404481e+02 1.500000e+00
      vertex   2.912961e+02 4.404481e+02 5.000000e-01
      vertex   2.912228e+02 4.398916e+02 1.500000e+00
    endloop
  endfacet
  facet normal -9.914449e-01 1.305262e-01 0.000000e+00
    outer loop
      vertex   2.912228e+02 4.398916e+02 1.500000e+00
      vertex   2.912961e+02 4.404481e+02 5.000000e-01
      vertex   2.912228e+02 4.398916e+02 5.000000e-01
    endloop
  endfacet
  facet normal -9.238795e-01 3.826834e-01 0.000000e+00
    outer loop
      vertex   2.912228e+02 4.398916e+02 1.500000e+00
      vertex   2.912228e+02 4.398916e+02 5.000000e-01
      vertex   2.910080e+02 4.393731e+02 1.500000e+00
    endloop
  endfacet
  facet normal -9.238795e-01 3.826834e-01 0.000000e+00
    outer loop
      vertex   2.910080e+02 4.393731e+02 1.500000e+00
      vertex   2.912228e+02 4.398916e+02 5.000000e-01
      vertex   2.910080e+02 4.393731e+02 5.000000e-01
    endloop
  endfacet
  facet normal -7.933533e-01 6.087614e-01 0.000000e+00
    outer loop
      vertex   2.910080e+02 4.393731e+02 1.500000e+00
      vertex   2.910080e+02 4.393731e+02 5.000000e-01
      vertex   2.906663e+02 4.389278e+02 1.500000e+00
    endloop
  endfacet
  facet normal -7.933533e-01 6.087614e-01 0.000000e+00
    outer loop
      vertex   2.906663e+02 4.389278e+02 1.500000e+00
      vertex   2.910080e+02 4.393731e+02 5.000000e-01
      vertex   2.906663e+02 4.389278e+02 5.000000e-01
    endloop
  endfacet
  facet normal -6.087614e-01 7.933533e-01 0.000000e+00
    outer loop
      vertex   2.906663e+02 4.389278e+02 1.500000e+00
      vertex   2.906663e+02 4.389278e+02 5.000000e-01
      vertex   2.902211e+02 4.385861e+02 1.500000e+00
    endloop
  endfacet
  facet normal -6.087614e-01 7.933533e-01 0.000000e+00
    outer loop
      vertex   2.902211e+02 4.385861e+02 1.500000e+00
      vertex   2.906663e+02 4.389278e+02 5.000000e-01
      vertex   2.902211e+02 4.385861e+02 5.000000e-01
    endloop
  endfacet
  facet normal -3.826834e-01 9.238795e-01 0.000000e+00
    outer loop
      vertex   2.902211e+02 4.385861e+02 1.500000e+00
      vertex   2.902211e+02 4.385861e+02 5.000000e-01
      vertex   2.897025e+02 4.383713e+02 1.500000e+00
    endloop
  endfacet
  facet normal -3.826834e-01 9.238795e-01 0.000000e+00
    outer loop
      vertex   2.897025e+02 4.383713e+02 1.500000e+00
      vertex   2.902211e+02 4.385861e+02 5.000000e-01
      vertex   2.897025e+02 4.383713e+02 5.000000e-01
    endloop
  endfacet
  facet normal -1.305262e-01 9.914449e-01 0.000000e+00
    outer loop
      vertex   2.897025e+02 4.383713e+02 1.500000e+00
      vertex   2.897025e+02 4.383713e+02 5.000000e-01
      vertex   2.891461e+02 4.382981e+02 1.500000e+00
    endloop
  endfacet
  facet normal -1.305262e-01 9.914449e-01 0.000000e+00
    outer loop
      vertex   2.891461e+02 4.382981e+02 1.500000e+00
      vertex   2.897025e+02 4.383713e+02 5.000000e-01
      vertex   2.891461e+02 4.382981e+02 5.000000e-01
    endloop
  endfacet
  facet normal 1.305262e-01 9.914449e-01 0.000000e+00
    outer loop
      vertex   2.891461e+02 4.382981e+02 1.500000e+00
      vertex   2.891461e+02 4.382981e+02 5.000000e-01
      vertex   2.885896e+02 4.383713e+02 1.500000e+00
    endloop
  endfacet
  facet normal 1.305262e-01 9.914449e-01 0.000000e+00
    outer loop
      vertex   2.885896e+02 4.383713e+02 1.500000e+00
      vertex   2.891461e+02 4.382981e+02 5.000000e-01
      vertex   2.885896e+02 4.383713e+02 5.000000e-01
    endloop
  endfacet
  facet normal 3.826834e-01 9.238795e-01 0.000000e+00
    outer loop
      vertex   2.885896e+02 4.383713e+02 1.500000e+00
      vertex   2.885896e+02 4.383713e+02 5.000000e-01
      vertex   2.880711e+02 4.385861e+02 1.500000e+00
    endloop
  endfacet
  facet normal 3.826834e-01 9.238795e-01 -2.175303e-14
    outer loop
      vertex   2.880711e+02 4.385861e+02 1.500000e+00
      vertex   2.885896e+02 4.383713e+02 5.000000e-01
      vertex   2.880711e+02 4.385861e+02 5.000000e-01
    endloop
  endfacet
  facet normal 6.087614e-01 7.933533e-01 -3.460408e-14
    outer loop
      vertex   2.880711e+02 4.385861e+02 1.500000e+00
      vertex   2.880711e+02 4.385861e+02 5.000000e-01
      vertex   2.876258e+02 4.389278e+02 1.500000e+00
    endloop
  endfacet
  facet normal 6.087614e-01 7.933533e-01 0.000000e+00
    outer loop
      vertex   2.876258e+02 4.389278e+02 1.500000e+00
      vertex   2.880711e+02 4.385861e+02 5.000000e-01
      vertex   2.876258e+02 4.389278e+02 5.000000e-01
    endloop
  endfacet
  facet normal 7.933533e-01 6.087614e-01 0.000000e+00
    outer loop
      vertex   2.876258e+02 4.389278e+02 1.500000e+00
      vertex   2.876258e+02 4.389278e+02 5.000000e-01
      vertex   2.872841e+02 4.393731e+02 1.500000e+00
    endloop
  endfacet
  facet normal 7.933533e-01 6.087614e-01 0.000000e+00
    outer loop
      vertex   2.872841e+02 4.393731e+02 1.500000e+00
      vertex   2.876258e+02 4.389278e+02 5.000000e-01
      vertex   2.872841e+02 4.393731e+02 5.000000e-01
    endloop
  endfacet
  facet normal 9.238795e-01 3.826834e-01 0.000000e+00
    outer loop
      vertex   2.872841e+02 4.393731e+02 1.500000e+00
      vertex   2.872841e+02 4.393731e+02 5.000000e-01
      vertex   2.870693e+02 4.398916e+02 1.500000e+00
    endloop
  endfacet
  facet normal 9.238795e-01 3.826834e-01 0.000000e+00
    outer loop
      vertex   2.870693e+02 4.398916e+02 1.500000e+00
      vertex   2.872841e+02 4.393731e+02 5.000000e-01
      vertex   2.870693e+02 4.398916e+02 5.000000e-01
    endloop
  endfacet
  facet normal 9.914449e-01 1.305262e-01 0.000000e+00
    outer loop
      vertex   2.870693e+02 4.398916e+02 1.500000e+00
      vertex   2.870693e+02 4.398916e+02 5.000000e-01
      vertex   2.869961e+02 4.404481e+02 1.500000e+00
    endloop
  endfacet
  facet normal 9.914449e-01 1.305262e-01 0.000000e+00
    outer loop
      vertex   2.869961e+02 4.404481e+02 1.500000e+00
      vertex   2.870693e+02 4.398916e+02 5.000000e-01
      vertex   2.869961e+02 4.404481e+02 5.000000e-01
    endloop
  endfacet
  facet normal 9.914449e-01 -1.305262e-01 0.000000e+00
    outer loop
      vertex   2.869961e+02 4.404481e+02 1.500000e+00
      vertex   2.869961e+02 4.404481e+02 5.000000e-01
      vertex   2.870693e+02 4.410045e+02 1.500000e+00
    endloop
  endfacet
  facet normal 9.914449e-01 -1.305262e-01 0.000000e+00
    outer loop
      vertex   2.870693e+02 4.410045e+02 1.500000e+00
      vertex   2.869961e+02 4.404481e+02 5.000000e-01
      vertex   2.870693e+02 4.410045e+02 5.000000e-01
    endloop
  endfacet
  facet normal 9.238795e-01 -3.826834e-01 0.000000e+00
    outer loop
      vertex   2.870693e+02 4.410045e+02 1.500000e+00
      vertex   2.870693e+02 4.410045e+02 5.000000e-01
      vertex   2.872841e+02 4.415231e+02 1.500000e+00
    endloop
  endfacet
  facet normal 9.238795e-01 -3.826834e-01 0.000000e+00
    outer loop
      vertex   2.872841e+02 4.415231e+02 1.500000e+00
      vertex   2.870693e+02 4.410045e+02 5.000000e-01
      vertex   2.872841e+02 4.415231e+02 5.000000e-01
    endloop
  endfacet
  facet normal 7.933533e-01 -6.087614e-01 0.000000e+00
    outer loop
      vertex   2.872841e+02 4.415231e+02 1.500000e+00
      vertex   2.872841e+02 4.415231e+02 5.000000e-01
      vertex   2.876258e+02 4.419684e+02 1.500000e+00
    endloop
  endfacet
  facet normal 7.933533e-01 -6.087614e-01 0.000000e+00
    outer loop
      vertex   2.876258e+02 4.419684e+02 1.500000e+00
      vertex   2.872841e+02 4.415231e+02 5.000000e-01
      vertex   2.876258e+02 4.419684e+02 5.000000e-01
    endloop
  endfacet
  facet normal 6.087614e-01 -7.933533e-01 0.000000e+00
    outer loop
      vertex   2.876258e+02 4.419684e+02 1.500000e+00
      vertex   2.876258e+02 4.419684e+02 5.000000e-01
      vertex   2.880711e+02 4.423100e+02 1.500000e+00
    endloop
  endfacet
  facet normal 6.087614e-01 -7.933533e-01 3.460408e-14
    outer loop
      vertex   2.880711e+02 4.423100e+02 1.500000e+00
      vertex   2.876258e+02 4.419684e+02 5.000000e-01
      vertex   2.880711e+02 4.423100e+02 5.000000e-01
    endloop
  endfacet
  facet normal 3.826834e-01 -9.238795e-01 2.175303e-14
    outer loop
      vertex   2.880711e+02 4.423100e+02 1.500000e+00
      vertex   2.880711e+02 4.423100e+02 5.000000e-01
      vertex   2.885896e+02 4.425248e+02 1.500000e+00
    endloop
  endfacet
  facet normal 3.826834e-01 -9.238795e-01 0.000000e+00
    outer loop
      vertex   2.885896e+02 4.425248e+02 1.500000e+00
      vertex   2.880711e+02 4.423100e+02 5.000000e-01
      vertex   2.885896e+02 4.425248e+02 5.000000e-01
    endloop
  endfacet
  facet normal 1.305262e-01 -9.914449e-01 0.000000e+00
    outer loop
      vertex   2.885896e+02 4.425248e+02 1.500000e+00
      vertex   2.885896e+02 4.425248e+02 5.000000e-01
      vertex   2.891461e+02 4.425981e+02 1.500000e+00
    endloop
  endfacet
  facet normal 1.305262e-01 -9.914449e-01 0.000000e+00
    outer loop
      vertex   2.891461e+02 4.425981e+02 1.500000e+00
      vertex   2.885896e+02 4.425248e+02 5.000000e-01
      vertex   2.891461e+02 4.425981e+02 5.000000e-01
    endloop
  endfacet
  facet normal -1.305262e-01 -9.914449e-01 -0.000000e+00
    outer loop
      vertex   2.891461e+02 4.425981e+02 1.500000e+00
      vertex   2.891461e+02 4.425981e+02 5.000000e-01
      vertex   2.897025e+02 4.425248e+02 1.500000e+00
    endloop
  endfacet
  facet normal -1.305262e-01 -9.914449e-01 -0.000000e+00
    outer loop
      vertex   2.897025e+02 4.425248e+02 1.500000e+00
      vertex   2.891461e+02 4.425981e+02 5.000000e-01
      vertex   2.897025e+02 4.425248e+02 5.000000e-01
    endloop
  endfacet
  facet normal -3.826834e-01 -9.238795e-01 -0.000000e+00
    outer loop
      vertex   2.897025e+02 4.425248e+02 1.500000e+00
      vertex   2.897025e+02 4.425248e+02 5.000000e-01
      vertex   2.902211e+02 4.423100e+02 1.500000e+00
    endloop
  endfacet
  facet normal -3.826834e-01 -9.238795e-01 -0.000000e+00
    outer loop
      vertex   2.902211e+02 4.423100e+02 1.500000e+00
      vertex   2.897025e+02 4.425248e+02 5.000000e-01
      vertex   2.902211e+02 4.423100e+02 5.000000e-01
    endloop
  endfacet
  facet normal -6.087614e-01 -7.933533e-01 -0.000000e+00
    outer loop
      vertex   2.902211e+02 4.423100e+02 1.500000e+00
      vertex   2.902211e+02 4.423100e+02 5.000000e-01
      vertex   2.906663e+02 4.419684e+02 1.500000e+00
    endloop
  endfacet
  facet normal -6.087614e-01 -7.933533e-01 -0.000000e+00
    outer loop
      vertex   2.906663e+02 4.419684e+02 1.500000e+00
      vertex   2.902211e+02 4.423100e+02 5.000000e-01
      vertex   2.906663e+02 4.419684e+02 5.000000e-01
    endloop
  endfacet
  facet normal -7.933533e-01 -6.087614e-01 -0.000000e+00
    outer loop
      vertex   2.906663e+02 4.419684e+02 1.500000e+00
      vertex   2.906663e+02 4.419684e+02 5.000000e-01
      vertex   2.910080e+02 4.415231e+02 1.500000e+00
    endloop
  endfacet
  facet normal -7.933533e-01 -6.087614e-01 -0.000000e+00
    outer loop
      vertex   2.910080e+02 4.415231e+02 1.500000e+00
      vertex   2.906663e+02 4.419684e+02 5.000000e-01
      vertex   2.910080e+02 4.415231e+02 5.000000e-01
    endloop
  endfacet
  facet normal -9.238795e-01 -3.826834e-01 -0.000000e+00
    outer loop
      vertex   2.910080e+02 4.415231e+02 1.500000e+00
      vertex   2.910080e+02 4.415231e+02 5.000000e-01
      vertex   2.912228e+02 4.410045e+02 1.500000e+00
    endloop
  endfacet
  facet normal -9.238795e-01 -3.826834e-01 -0.000000e+00
    outer loop
      vertex   2.912228e+02 4.410045e+02 1.500000e+00
      vertex   2.910080e+02 4.415231e+02 5.000000e-01
      vertex   2.912228e+02 4.410045e+02 5.000000e-01
    endloop
  endfacet
  facet normal -7.040626e-01 9.269160e-02 -7.040626e-01
    outer loop
      vertex   3.136772e+02 4.909917e+02 5.328342e-15
      vertex   3.131942e+02 4.911211e+02 5.000000e-01
      vertex   3.137675e+02 4.916776e+02 5.412337e-15
    endloop
  endfacet
  facet normal -7.040626e-01 9.269160e-02 -7.040626e-01
    outer loop
      vertex   3.137675e+02 4.916776e+02 5.412337e-15
      vertex   3.131942e+02 4.911211e+02 5.000000e-01
      vertex   3.132675e+02 4.916776e+02 5.000000e-01
    endloop
  endfacet
  facet normal -7.040626e-01 -9.269160e-02 -7.040626e-01
    outer loop
      vertex   3.137675e+02 4.916776e+02 5.412337e-15
      vertex   3.132675e+02 4.916776e+02 5.000000e-01
      vertex   3.136772e+02 4.923635e+02 5.496332e-15
    endloop
  endfacet
  facet normal -7.040626e-01 -9.269160e-02 -7.040626e-01
    outer loop
      vertex   3.136772e+02 4.923635e+02 5.496332e-15
      vertex   3.132675e+02 4.916776e+02 5.000000e-01
      vertex   3.131942e+02 4.922341e+02 5.000000e-01
    endloop
  endfacet
  facet normal -6.560819e-01 -2.717580e-01 -7.040626e-01
    outer loop
      vertex   3.136772e+02 4.923635e+02 5.496332e-15
      vertex   3.131942e+02 4.922341e+02 5.000000e-01
      vertex   3.134125e+02 4.930026e+02 5.574603e-15
    endloop
  endfacet
  facet normal -6.560819e-01 -2.717580e-01 -7.040626e-01
    outer loop
      vertex   3.134125e+02 4.930026e+02 5.574603e-15
      vertex   3.131942e+02 4.922341e+02 5.000000e-01
      vertex   3.129795e+02 4.927526e+02 5.000000e-01
    endloop
  endfacet
  facet normal -5.633903e-01 -4.323046e-01 -7.040626e-01
    outer loop
      vertex   3.134125e+02 4.930026e+02 5.574603e-15
      vertex   3.129795e+02 4.927526e+02 5.000000e-01
      vertex   3.129913e+02 4.935514e+02 5.641816e-15
    endloop
  endfacet
  facet normal -5.633903e-01 -4.323046e-01 -7.040626e-01
    outer loop
      vertex   3.129913e+02 4.935514e+02 5.641816e-15
      vertex   3.129795e+02 4.927526e+02 5.000000e-01
      vertex   3.126378e+02 4.931979e+02 5.000000e-01
    endloop
  endfacet
  facet normal -4.323046e-01 -5.633903e-01 -7.040626e-01
    outer loop
      vertex   3.129913e+02 4.935514e+02 5.641816e-15
      vertex   3.126378e+02 4.931979e+02 5.000000e-01
      vertex   3.124425e+02 4.939726e+02 5.693390e-15
    endloop
  endfacet
  facet normal -4.323046e-01 -5.633903e-01 -7.040626e-01
    outer loop
      vertex   3.124425e+02 4.939726e+02 5.693390e-15
      vertex   3.126378e+02 4.931979e+02 5.000000e-01
      vertex   3.121925e+02 4.935396e+02 5.000000e-01
    endloop
  endfacet
  facet normal -2.717580e-01 -6.560819e-01 -7.040626e-01
    outer loop
      vertex   3.124425e+02 4.939726e+02 5.693390e-15
      vertex   3.121925e+02 4.935396e+02 5.000000e-01
      vertex   3.118034e+02 4.942373e+02 5.725811e-15
    endloop
  endfacet
  facet normal -2.717580e-01 -6.560819e-01 -7.040626e-01
    outer loop
      vertex   3.118034e+02 4.942373e+02 5.725811e-15
      vertex   3.121925e+02 4.935396e+02 5.000000e-01
      vertex   3.116740e+02 4.937543e+02 5.000000e-01
    endloop
  endfacet
  facet normal -9.269160e-02 -7.040626e-01 -7.040626e-01
    outer loop
      vertex   3.118034e+02 4.942373e+02 5.725811e-15
      vertex   3.116740e+02 4.937543e+02 5.000000e-01
      vertex   3.111175e+02 4.943276e+02 5.736869e-15
    endloop
  endfacet
  facet normal -9.269160e-02 -7.040626e-01 -7.040626e-01
    outer loop
      vertex   3.111175e+02 4.943276e+02 5.736869e-15
      vertex   3.116740e+02 4.937543e+02 5.000000e-01
      vertex   3.111175e+02 4.938276e+02 5.000000e-01
    endloop
  endfacet
  facet normal 9.269160e-02 -7.040626e-01 -7.040626e-01
    outer loop
      vertex   3.111175e+02 4.943276e+02 5.736869e-15
      vertex   3.111175e+02 4.938276e+02 5.000000e-01
      vertex   3.104316e+02 4.942373e+02 5.725811e-15
    endloop
  endfacet
  facet normal 9.269160e-02 -7.040626e-01 -7.040626e-01
    outer loop
      vertex   3.104316e+02 4.942373e+02 5.725811e-15
      vertex   3.111175e+02 4.938276e+02 5.000000e-01
      vertex   3.105610e+02 4.937543e+02 5.000000e-01
    endloop
  endfacet
  facet normal 2.717580e-01 -6.560819e-01 -7.040626e-01
    outer loop
      vertex   3.104316e+02 4.942373e+02 5.725811e-15
      vertex   3.105610e+02 4.937543e+02 5.000000e-01
      vertex   3.097925e+02 4.939726e+02 5.693390e-15
    endloop
  endfacet
  facet normal 2.717580e-01 -6.560819e-01 -7.040626e-01
    outer loop
      vertex   3.097925e+02 4.939726e+02 5.693390e-15
      vertex   3.105610e+02 4.937543e+02 5.000000e-01
      vertex   3.100425e+02 4.935396e+02 5.000000e-01
    endloop
  endfacet
  facet normal 4.323046e-01 -5.633903e-01 -7.040626e-01
    outer loop
      vertex   3.097925e+02 4.939726e+02 5.693390e-15
      vertex   3.100425e+02 4.935396e+02 5.000000e-01
      vertex   3.092437e+02 4.935514e+02 5.641816e-15
    endloop
  endfacet
  facet normal 4.323046e-01 -5.633903e-01 -7.040626e-01
    outer loop
      vertex   3.092437e+02 4.935514e+02 5.641816e-15
      vertex   3.100425e+02 4.935396e+02 5.000000e-01
      vertex   3.095972e+02 4.931979e+02 5.000000e-01
    endloop
  endfacet
  facet normal 5.633903e-01 -4.323046e-01 -7.040626e-01
    outer loop
      vertex   3.092437e+02 4.935514e+02 5.641816e-15
      vertex   3.095972e+02 4.931979e+02 5.000000e-01
      vertex   3.088225e+02 4.930026e+02 5.574603e-15
    endloop
  endfacet
  facet normal 5.633903e-01 -4.323046e-01 -7.040626e-01
    outer loop
      vertex   3.088225e+02 4.930026e+02 5.574603e-15
      vertex   3.095972e+02 4.931979e+02 5.000000e-01
      vertex   3.092555e+02 4.927526e+02 5.000000e-01
    endloop
  endfacet
  facet normal 6.560819e-01 -2.717580e-01 -7.040626e-01
    outer loop
      vertex   3.088225e+02 4.930026e+02 5.574603e-15
      vertex   3.092555e+02 4.927526e+02 5.000000e-01
      vertex   3.085578e+02 4.923635e+02 5.496332e-15
    endloop
  endfacet
  facet normal 6.560819e-01 -2.717580e-01 -7.040626e-01
    outer loop
      vertex   3.085578e+02 4.923635e+02 5.496332e-15
      vertex   3.092555e+02 4.927526e+02 5.000000e-01
      vertex   3.090408e+02 4.922341e+02 5.000000e-01
    endloop
  endfacet
  facet normal 7.040626e-01 -9.269160e-02 -7.040626e-01
    outer loop
      vertex   3.085578e+02 4.923635e+02 5.496332e-15
      vertex   3.090408e+02 4.922341e+02 5.000000e-01
      vertex   3.084675e+02 4.916776e+02 5.412337e-15
    endloop
  endfacet
  facet normal 7.040626e-01 -9.269160e-02 -7.040626e-01
    outer loop
      vertex   3.084675e+02 4.916776e+02 5.412337e-15
      vertex   3.090408e+02 4.922341e+02 5.000000e-01
      vertex   3.089675e+02 4.916776e+02 5.000000e-01
    endloop
  endfacet
  facet normal 7.040626e-01 9.269160e-02 -7.040626e-01
    outer loop
      vertex   3.084675e+02 4.916776e+02 5.412337e-15
      vertex   3.089675e+02 4.916776e+02 5.000000e-01
      vertex   3.085578e+02 4.909917e+02 5.328342e-15
    endloop
  endfacet
  facet normal 7.040626e-01 9.269160e-02 -7.040626e-01
    outer loop
      vertex   3.085578e+02 4.909917e+02 5.328342e-15
      vertex   3.089675e+02 4.916776e+02 5.000000e-01
      vertex   3.090408e+02 4.911211e+02 5.000000e-01
    endloop
  endfacet
  facet normal 6.560819e-01 2.717580e-01 -7.040626e-01
    outer loop
      vertex   3.085578e+02 4.909917e+02 5.328342e-15
      vertex   3.090408e+02 4.911211e+02 5.000000e-01
      vertex   3.088225e+02 4.903526e+02 5.250072e-15
    endloop
  endfacet
  facet normal 6.560819e-01 2.717580e-01 -7.040626e-01
    outer loop
      vertex   3.088225e+02 4.903526e+02 5.250072e-15
      vertex   3.090408e+02 4.911211e+02 5.000000e-01
      vertex   3.092555e+02 4.906026e+02 5.000000e-01
    endloop
  endfacet
  facet normal 5.633903e-01 4.323046e-01 -7.040626e-01
    outer loop
      vertex   3.088225e+02 4.903526e+02 5.250072e-15
      vertex   3.092555e+02 4.906026e+02 5.000000e-01
      vertex   3.092437e+02 4.898038e+02 5.182859e-15
    endloop
  endfacet
  facet normal 5.633903e-01 4.323046e-01 -7.040626e-01
    outer loop
      vertex   3.092437e+02 4.898038e+02 5.182859e-15
      vertex   3.092555e+02 4.906026e+02 5.000000e-01
      vertex   3.095972e+02 4.901573e+02 5.000000e-01
    endloop
  endfacet
  facet normal 4.323046e-01 5.633903e-01 -7.040626e-01
    outer loop
      vertex   3.092437e+02 4.898038e+02 5.182859e-15
      vertex   3.095972e+02 4.901573e+02 5.000000e-01
      vertex   3.097925e+02 4.893826e+02 5.131285e-15
    endloop
  endfacet
  facet normal 4.323046e-01 5.633903e-01 -7.040626e-01
    outer loop
      vertex   3.097925e+02 4.893826e+02 5.131285e-15
      vertex   3.095972e+02 4.901573e+02 5.000000e-01
      vertex   3.100425e+02 4.898157e+02 5.000000e-01
    endloop
  endfacet
  facet normal 2.717580e-01 6.560819e-01 -7.040626e-01
    outer loop
      vertex   3.097925e+02 4.893826e+02 5.131285e-15
      vertex   3.100425e+02 4.898157e+02 5.000000e-01
      vertex   3.104316e+02 4.891179e+02 5.098864e-15
    endloop
  endfacet
  facet normal 2.717580e-01 6.560819e-01 -7.040626e-01
    outer loop
      vertex   3.104316e+02 4.891179e+02 5.098864e-15
      vertex   3.100425e+02 4.898157e+02 5.000000e-01
      vertex   3.105610e+02 4.896009e+02 5.000000e-01
    endloop
  endfacet
  facet normal 9.269160e-02 7.040626e-01 -7.040626e-01
    outer loop
      vertex   3.104316e+02 4.891179e+02 5.098864e-15
      vertex   3.105610e+02 4.896009e+02 5.000000e-01
      vertex   3.111175e+02 4.890276e+02 5.087806e-15
    endloop
  endfacet
  facet normal 9.269160e-02 7.040626e-01 -7.040626e-01
    outer loop
      vertex   3.111175e+02 4.890276e+02 5.087806e-15
      vertex   3.105610e+02 4.896009e+02 5.000000e-01
      vertex   3.111175e+02 4.895276e+02 5.000000e-01
    endloop
  endfacet
  facet normal -9.269160e-02 7.040626e-01 -7.040626e-01
    outer loop
      vertex   3.111175e+02 4.890276e+02 5.087806e-15
      vertex   3.111175e+02 4.895276e+02 5.000000e-01
      vertex   3.118034e+02 4.891179e+02 5.098864e-15
    endloop
  endfacet
  facet normal -9.269160e-02 7.040626e-01 -7.040626e-01
    outer loop
      vertex   3.118034e+02 4.891179e+02 5.098864e-15
      vertex   3.111175e+02 4.895276e+02 5.000000e-01
      vertex   3.116740e+02 4.896009e+02 5.000000e-01
    endloop
  endfacet
  facet normal -2.717580e-01 6.560819e-01 -7.040626e-01
    outer loop
      vertex   3.118034e+02 4.891179e+02 5.098864e-15
      vertex   3.116740e+02 4.896009e+02 5.000000e-01
      vertex   3.124425e+02 4.893826e+02 5.131285e-15
    endloop
  endfacet
  facet normal -2.717580e-01 6.560819e-01 -7.040626e-01
    outer loop
      vertex   3.124425e+02 4.893826e+02 5.131285e-15
      vertex   3.116740e+02 4.896009e+02 5.000000e-01
      vertex   3.121925e+02 4.898157e+02 5.000000e-01
    endloop
  endfacet
  facet normal -4.323046e-01 5.633903e-01 -7.040626e-01
    outer loop
      vertex   3.124425e+02 4.893826e+02 5.131285e-15
      vertex   3.121925e+02 4.898157e+02 5.000000e-01
      vertex   3.129913e+02 4.898038e+02 5.182859e-15
    endloop
  endfacet
  facet normal -4.323046e-01 5.633903e-01 -7.040626e-01
    outer loop
      vertex   3.129913e+02 4.898038e+02 5.182859e-15
      vertex   3.121925e+02 4.898157e+02 5.000000e-01
      vertex   3.126378e+02 4.901573e+02 5.000000e-01
    endloop
  endfacet
  facet normal -5.633903e-01 4.323046e-01 -7.040626e-01
    outer loop
      vertex   3.129913e+02 4.898038e+02 5.182859e-15
      vertex   3.126378e+02 4.901573e+02 5.000000e-01
      vertex   3.134125e+02 4.903526e+02 5.250072e-15
    endloop
  endfacet
  facet normal -5.633903e-01 4.323046e-01 -7.040626e-01
    outer loop
      vertex   3.134125e+02 4.903526e+02 5.250072e-15
      vertex   3.126378e+02 4.901573e+02 5.000000e-01
      vertex   3.129795e+02 4.906026e+02 5.000000e-01
    endloop
  endfacet
  facet normal -6.560819e-01 2.717580e-01 -7.040626e-01
    outer loop
      vertex   3.134125e+02 4.903526e+02 5.250072e-15
      vertex   3.129795e+02 4.906026e+02 5.000000e-01
      vertex   3.136772e+02 4.909917e+02 5.328342e-15
    endloop
  endfacet
  facet normal -6.560819e-01 2.717580e-01 -7.040626e-01
    outer loop
      vertex   3.136772e+02 4.909917e+02 5.328342e-15
      vertex   3.129795e+02 4.906026e+02 5.000000e-01
      vertex   3.131942e+02 4.911211e+02 5.000000e-01
    endloop
  endfacet
  facet normal -9.914449e-01 -1.305262e-01 -0.000000e+00
    outer loop
      vertex   3.131942e+02 4.922341e+02 1.500000e+00
      vertex   3.131942e+02 4.922341e+02 5.000000e-01
      vertex   3.132675e+02 4.916776e+02 1.500000e+00
    endloop
  endfacet
  facet normal -9.914449e-01 -1.305262e-01 -0.000000e+00
    outer loop
      vertex   3.132675e+02 4.916776e+02 1.500000e+00
      vertex   3.131942e+02 4.922341e+02 5.000000e-01
      vertex   3.132675e+02 4.916776e+02 5.000000e-01
    endloop
  endfacet
  facet normal -9.914449e-01 1.305262e-01 0.000000e+00
    outer loop
      vertex   3.132675e+02 4.916776e+02 1.500000e+00
      vertex   3.132675e+02 4.916776e+02 5.000000e-01
      vertex   3.131942e+02 4.911211e+02 1.500000e+00
    endloop
  endfacet
  facet normal -9.914449e-01 1.305262e-01 0.000000e+00
    outer loop
      vertex   3.131942e+02 4.911211e+02 1.500000e+00
      vertex   3.132675e+02 4.916776e+02 5.000000e-01
      vertex   3.131942e+02 4.911211e+02 5.000000e-01
    endloop
  endfacet
  facet normal -9.238795e-01 3.826834e-01 0.000000e+00
    outer loop
      vertex   3.131942e+02 4.911211e+02 1.500000e+00
      vertex   3.131942e+02 4.911211e+02 5.000000e-01
      vertex   3.129795e+02 4.906026e+02 1.500000e+00
    endloop
  endfacet
  facet normal -9.238795e-01 3.826834e-01 0.000000e+00
    outer loop
      vertex   3.129795e+02 4.906026e+02 1.500000e+00
      vertex   3.131942e+02 4.911211e+02 5.000000e-01
      vertex   3.129795e+02 4.906026e+02 5.000000e-01
    endloop
  endfacet
  facet normal -7.933533e-01 6.087614e-01 0.000000e+00
    outer loop
      vertex   3.129795e+02 4.906026e+02 1.500000e+00
      vertex   3.129795e+02 4.906026e+02 5.000000e-01
      vertex   3.126378e+02 4.901573e+02 1.500000e+00
    endloop
  endfacet
  facet normal -7.933533e-01 6.087614e-01 0.000000e+00
    outer loop
      vertex   3.126378e+02 4.901573e+02 1.500000e+00
      vertex   3.129795e+02 4.906026e+02 5.000000e-01
      vertex   3.126378e+02 4.901573e+02 5.000000e-01
    endloop
  endfacet
  facet normal -6.087614e-01 7.933533e-01 0.000000e+00
    outer loop
      vertex   3.126378e+02 4.901573e+02 1.500000e+00
      vertex   3.126378e+02 4.901573e+02 5.000000e-01
      vertex   3.121925e+02 4.898157e+02 1.500000e+00
    endloop
  endfacet
  facet normal -6.087614e-01 7.933533e-01 0.000000e+00
    outer loop
      vertex   3.121925e+02 4.898157e+02 1.500000e+00
      vertex   3.126378e+02 4.901573e+02 5.000000e-01
      vertex   3.121925e+02 4.898157e+02 5.000000e-01
    endloop
  endfacet
  facet normal -3.826834e-01 9.238795e-01 0.000000e+00
    outer loop
      vertex   3.121925e+02 4.898157e+02 1.500000e+00
      vertex   3.121925e+02 4.898157e+02 5.000000e-01
      vertex   3.116740e+02 4.896009e+02 1.500000e+00
    endloop
  endfacet
  facet normal -3.826834e-01 9.238795e-01 0.000000e+00
    outer loop
      vertex   3.116740e+02 4.896009e+02 1.500000e+00
      vertex   3.121925e+02 4.898157e+02 5.000000e-01
      vertex   3.116740e+02 4.896009e+02 5.000000e-01
    endloop
  endfacet
  facet normal -1.305262e-01 9.914449e-01 0.000000e+00
    outer loop
      vertex   3.116740e+02 4.896009e+02 1.500000e+00
      vertex   3.116740e+02 4.896009e+02 5.000000e-01
      vertex   3.111175e+02 4.895276e+02 1.500000e+00
    endloop
  endfacet
  facet normal -1.305262e-01 9.914449e-01 0.000000e+00
    outer loop
      vertex   3.111175e+02 4.895276e+02 1.500000e+00
      vertex   3.116740e+02 4.896009e+02 5.000000e-01
      vertex   3.111175e+02 4.895276e+02 5.000000e-01
    endloop
  endfacet
  facet normal 1.305262e-01 9.914449e-01 0.000000e+00
    outer loop
      vertex   3.111175e+02 4.895276e+02 1.500000e+00
      vertex   3.111175e+02 4.895276e+02 5.000000e-01
      vertex   3.105610e+02 4.896009e+02 1.500000e+00
    endloop
  endfacet
  facet normal 1.305262e-01 9.914449e-01 0.000000e+00
    outer loop
      vertex   3.105610e+02 4.896009e+02 1.500000e+00
      vertex   3.111175e+02 4.895276e+02 5.000000e-01
      vertex   3.105610e+02 4.896009e+02 5.000000e-01
    endloop
  endfacet
  facet normal 3.826834e-01 9.238795e-01 0.000000e+00
    outer loop
      vertex   3.105610e+02 4.896009e+02 1.500000e+00
      vertex   3.105610e+02 4.896009e+02 5.000000e-01
      vertex   3.100425e+02 4.898157e+02 1.500000e+00
    endloop
  endfacet
  facet normal 3.826834e-01 9.238795e-01 0.000000e+00
    outer loop
      vertex   3.100425e+02 4.898157e+02 1.500000e+00
      vertex   3.105610e+02 4.896009e+02 5.000000e-01
      vertex   3.100425e+02 4.898157e+02 5.000000e-01
    endloop
  endfacet
  facet normal 6.087614e-01 7.933533e-01 0.000000e+00
    outer loop
      vertex   3.100425e+02 4.898157e+02 1.500000e+00
      vertex   3.100425e+02 4.898157e+02 5.000000e-01
      vertex   3.095972e+02 4.901573e+02 1.500000e+00
    endloop
  endfacet
  facet normal 6.087614e-01 7.933533e-01 0.000000e+00
    outer loop
      vertex   3.095972e+02 4.901573e+02 1.500000e+00
      vertex   3.100425e+02 4.898157e+02 5.000000e-01
      vertex   3.095972e+02 4.901573e+02 5.000000e-01
    endloop
  endfacet
  facet normal 7.933533e-01 6.087614e-01 0.000000e+00
    outer loop
      vertex   3.095972e+02 4.901573e+02 1.500000e+00
      vertex   3.095972e+02 4.901573e+02 5.000000e-01
      vertex   3.092555e+02 4.906026e+02 1.500000e+00
    endloop
  endfacet
  facet normal 7.933533e-01 6.087614e-01 0.000000e+00
    outer loop
      vertex   3.092555e+02 4.906026e+02 1.500000e+00
      vertex   3.095972e+02 4.901573e+02 5.000000e-01
      vertex   3.092555e+02 4.906026e+02 5.000000e-01
    endloop
  endfacet
  facet normal 9.238795e-01 3.826834e-01 0.000000e+00
    outer loop
      vertex   3.092555e+02 4.906026e+02 1.500000e+00
      vertex   3.092555e+02 4.906026e+02 5.000000e-01
      vertex   3.090408e+02 4.911211e+02 1.500000e+00
    endloop
  endfacet
  facet normal 9.238795e-01 3.826834e-01 0.000000e+00
    outer loop
      vertex   3.090408e+02 4.911211e+02 1.500000e+00
      vertex   3.092555e+02 4.906026e+02 5.000000e-01
      vertex   3.090408e+02 4.911211e+02 5.000000e-01
    endloop
  endfacet
  facet normal 9.914449e-01 1.305262e-01 0.000000e+00
    outer loop
      vertex   3.090408e+02 4.911211e+02 1.500000e+00
      vertex   3.090408e+02 4.911211e+02 5.000000e-01
      vertex   3.089675e+02 4.916776e+02 1.500000e+00
    endloop
  endfacet
  facet normal 9.914449e-01 1.305262e-01 0.000000e+00
    outer loop
      vertex   3.089675e+02 4.916776e+02 1.500000e+00
      vertex   3.090408e+02 4.911211e+02 5.000000e-01
      vertex   3.089675e+02 4.916776e+02 5.000000e-01
    endloop
  endfacet
  facet normal 9.914449e-01 -1.305262e-01 0.000000e+00
    outer loop
      vertex   3.089675e+02 4.916776e+02 1.500000e+00
      vertex   3.089675e+02 4.916776e+02 5.000000e-01
      vertex   3.090408e+02 4.922341e+02 1.500000e+00
    endloop
  endfacet
  facet normal 9.914449e-01 -1.305262e-01 0.000000e+00
    outer loop
      vertex   3.090408e+02 4.922341e+02 1.500000e+00
      vertex   3.089675e+02 4.916776e+02 5.000000e-01
      vertex   3.090408e+02 4.922341e+02 5.000000e-01
    endloop
  endfacet
  facet normal 9.238795e-01 -3.826834e-01 0.000000e+00
    outer loop
      vertex   3.090408e+02 4.922341e+02 1.500000e+00
      vertex   3.090408e+02 4.922341e+02 5.000000e-01
      vertex   3.092555e+02 4.927526e+02 1.500000e+00
    endloop
  endfacet
  facet normal 9.238795e-01 -3.826834e-01 0.000000e+00
    outer loop
      vertex   3.092555e+02 4.927526e+02 1.500000e+00
      vertex   3.090408e+02 4.922341e+02 5.000000e-01
      vertex   3.092555e+02 4.927526e+02 5.000000e-01
    endloop
  endfacet
  facet normal 7.933533e-01 -6.087614e-01 0.000000e+00
    outer loop
      vertex   3.092555e+02 4.927526e+02 1.500000e+00
      vertex   3.092555e+02 4.927526e+02 5.000000e-01
      vertex   3.095972e+02 4.931979e+02 1.500000e+00
    endloop
  endfacet
  facet normal 7.933533e-01 -6.087614e-01 0.000000e+00
    outer loop
      vertex   3.095972e+02 4.931979e+02 1.500000e+00
      vertex   3.092555e+02 4.927526e+02 5.000000e-01
      vertex   3.095972e+02 4.931979e+02 5.000000e-01
    endloop
  endfacet
  facet normal 6.087614e-01 -7.933533e-01 0.000000e+00
    outer loop
      vertex   3.095972e+02 4.931979e+02 1.500000e+00
      vertex   3.095972e+02 4.931979e+02 5.000000e-01
      vertex   3.100425e+02 4.935396e+02 1.500000e+00
    endloop
  endfacet
  facet normal 6.087614e-01 -7.933533e-01 0.000000e+00
    outer loop
      vertex   3.100425e+02 4.935396e+02 1.500000e+00
      vertex   3.095972e+02 4.931979e+02 5.000000e-01
      vertex   3.100425e+02 4.935396e+02 5.000000e-01
    endloop
  endfacet
  facet normal 3.826834e-01 -9.238795e-01 0.000000e+00
    outer loop
      vertex   3.100425e+02 4.935396e+02 1.500000e+00
      vertex   3.100425e+02 4.935396e+02 5.000000e-01
      vertex   3.105610e+02 4.937543e+02 1.500000e+00
    endloop
  endfacet
  facet normal 3.826834e-01 -9.238795e-01 0.000000e+00
    outer loop
      vertex   3.105610e+02 4.937543e+02 1.500000e+00
      vertex   3.100425e+02 4.935396e+02 5.000000e-01
      vertex   3.105610e+02 4.937543e+02 5.000000e-01
    endloop
  endfacet
  facet normal 1.305262e-01 -9.914449e-01 0.000000e+00
    outer loop
      vertex   3.105610e+02 4.937543e+02 1.500000e+00
      vertex   3.105610e+02 4.937543e+02 5.000000e-01
      vertex   3.111175e+02 4.938276e+02 1.500000e+00
    endloop
  endfacet
  facet normal 1.305262e-01 -9.914449e-01 0.000000e+00
    outer loop
      vertex   3.111175e+02 4.938276e+02 1.500000e+00
      vertex   3.105610e+02 4.937543e+02 5.000000e-01
      vertex   3.111175e+02 4.938276e+02 5.000000e-01
    endloop
  endfacet
  facet normal -1.305262e-01 -9.914449e-01 -0.000000e+00
    outer loop
      vertex   3.111175e+02 4.938276e+02 1.500000e+00
      vertex   3.111175e+02 4.938276e+02 5.000000e-01
      vertex   3.116740e+02 4.937543e+02 1.500000e+00
    endloop
  endfacet
  facet normal -1.305262e-01 -9.914449e-01 -0.000000e+00
    outer loop
      vertex   3.116740e+02 4.937543e+02 1.500000e+00
      vertex   3.111175e+02 4.938276e+02 5.000000e-01
      vertex   3.116740e+02 4.937543e+02 5.000000e-01
    endloop
  endfacet
  facet normal -3.826834e-01 -9.238795e-01 -0.000000e+00
    outer loop
      vertex   3.116740e+02 4.937543e+02 1.500000e+00
      vertex   3.116740e+02 4.937543e+02 5.000000e-01
      vertex   3.121925e+02 4.935396e+02 1.500000e+00
    endloop
  endfacet
  facet normal -3.826834e-01 -9.238795e-01 -0.000000e+00
    outer loop
      vertex   3.121925e+02 4.935396e+02 1.500000e+00
      vertex   3.116740e+02 4.937543e+02 5.000000e-01
      vertex   3.121925e+02 4.935396e+02 5.000000e-01
    endloop
  endfacet
  facet normal -6.087614e-01 -7.933533e-01 -0.000000e+00
    outer loop
      vertex   3.121925e+02 4.935396e+02 1.500000e+00
      vertex   3.121925e+02 4.935396e+02 5.000000e-01
      vertex   3.126378e+02 4.931979e+02 1.500000e+00
    endloop
  endfacet
  facet normal -6.087614e-01 -7.933533e-01 -0.000000e+00
    outer loop
      vertex   3.126378e+02 4.931979e+02 1.500000e+00
      vertex   3.121925e+02 4.935396e+02 5.000000e-01
      vertex   3.126378e+02 4.931979e+02 5.000000e-01
    endloop
  endfacet
  facet normal -7.933533e-01 -6.087614e-01 -0.000000e+00
    outer loop
      vertex   3.126378e+02 4.931979e+02 1.500000e+00
      vertex   3.126378e+02 4.931979e+02 5.000000e-01
      vertex   3.129795e+02 4.927526e+02 1.500000e+00
    endloop
  endfacet
  facet normal -7.933533e-01 -6.087614e-01 -0.000000e+00
    outer loop
      vertex   3.129795e+02 4.927526e+02 1.500000e+00
      vertex   3.126378e+02 4.931979e+02 5.000000e-01
      vertex   3.129795e+02 4.927526e+02 5.000000e-01
    endloop
  endfacet
  facet normal -9.238795e-01 -3.826834e-01 -0.000000e+00
    outer loop
      vertex   3.129795e+02 4.927526e+02 1.500000e+00
      vertex   3.129795e+02 4.927526e+02 5.000000e-01
      vertex   3.131942e+02 4.922341e+02 1.500000e+00
    endloop
  endfacet
  facet normal -9.238795e-01 -3.826834e-01 -0.000000e+00
    outer loop
      vertex   3.131942e+02 4.922341e+02 1.500000e+00
      vertex   3.129795e+02 4.927526e+02 5.000000e-01
      vertex   3.131942e+02 4.922341e+02 5.000000e-01
    endloop
  endfacet
  facet normal -7.040626e-01 9.269160e-02 -7.040626e-01
    outer loop
      vertex   4.320848e+02 4.891942e+02 5.120176e-15
      vertex   4.316018e+02 4.893236e+02 5.000000e-01
      vertex   4.321751e+02 4.898801e+02 5.204170e-15
    endloop
  endfacet
  facet normal -7.040626e-01 9.269160e-02 -7.040626e-01
    outer loop
      vertex   4.321751e+02 4.898801e+02 5.204170e-15
      vertex   4.316018e+02 4.893236e+02 5.000000e-01
      vertex   4.316751e+02 4.898801e+02 5.000000e-01
    endloop
  endfacet
  facet normal -7.040626e-01 -9.269160e-02 -7.040626e-01
    outer loop
      vertex   4.321751e+02 4.898801e+02 5.204170e-15
      vertex   4.316751e+02 4.898801e+02 5.000000e-01
      vertex   4.320848e+02 4.905660e+02 5.288165e-15
    endloop
  endfacet
  facet normal -7.040626e-01 -9.269160e-02 -7.040626e-01
    outer loop
      vertex   4.320848e+02 4.905660e+02 5.288165e-15
      vertex   4.316751e+02 4.898801e+02 5.000000e-01
      vertex   4.316018e+02 4.904365e+02 5.000000e-01
    endloop
  endfacet
  facet normal -6.560819e-01 -2.717580e-01 -7.040626e-01
    outer loop
      vertex   4.320848e+02 4.905660e+02 5.288165e-15
      vertex   4.316018e+02 4.904365e+02 5.000000e-01
      vertex   4.318201e+02 4.912051e+02 5.366436e-15
    endloop
  endfacet
  facet normal -6.560819e-01 -2.717580e-01 -7.040626e-01
    outer loop
      vertex   4.318201e+02 4.912051e+02 5.366436e-15
      vertex   4.316018e+02 4.904365e+02 5.000000e-01
      vertex   4.313871e+02 4.909551e+02 5.000000e-01
    endloop
  endfacet
  facet normal -5.633903e-01 -4.323046e-01 -7.040626e-01
    outer loop
      vertex   4.318201e+02 4.912051e+02 5.366436e-15
      vertex   4.313871e+02 4.909551e+02 5.000000e-01
      vertex   4.313989e+02 4.917539e+02 5.433649e-15
    endloop
  endfacet
  facet normal -5.633903e-01 -4.323046e-01 -7.040626e-01
    outer loop
      vertex   4.313989e+02 4.917539e+02 5.433649e-15
      vertex   4.313871e+02 4.909551e+02 5.000000e-01
      vertex   4.310454e+02 4.914004e+02 5.000000e-01
    endloop
  endfacet
  facet normal -4.323046e-01 -5.633903e-01 -7.040626e-01
    outer loop
      vertex   4.313989e+02 4.917539e+02 5.433649e-15
      vertex   4.310454e+02 4.914004e+02 5.000000e-01
      vertex   4.308501e+02 4.921751e+02 5.485223e-15
    endloop
  endfacet
  facet normal -4.323046e-01 -5.633903e-01 -7.040626e-01
    outer loop
      vertex   4.308501e+02 4.921751e+02 5.485223e-15
      vertex   4.310454e+02 4.914004e+02 5.000000e-01
      vertex   4.306001e+02 4.917420e+02 5.000000e-01
    endloop
  endfacet
  facet normal -2.717580e-01 -6.560819e-01 -7.040626e-01
    outer loop
      vertex   4.308501e+02 4.921751e+02 5.485223e-15
      vertex   4.306001e+02 4.917420e+02 5.000000e-01
      vertex   4.302110e+02 4.924398e+02 5.517644e-15
    endloop
  endfacet
  facet normal -2.717580e-01 -6.560819e-01 -7.040626e-01
    outer loop
      vertex   4.302110e+02 4.924398e+02 5.517644e-15
      vertex   4.306001e+02 4.917420e+02 5.000000e-01
      vertex   4.300816e+02 4.919568e+02 5.000000e-01
    endloop
  endfacet
  facet normal -9.269160e-02 -7.040626e-01 -7.040626e-01
    outer loop
      vertex   4.302110e+02 4.924398e+02 5.517644e-15
      vertex   4.300816e+02 4.919568e+02 5.000000e-01
      vertex   4.295251e+02 4.925301e+02 5.528702e-15
    endloop
  endfacet
  facet normal -9.269160e-02 -7.040626e-01 -7.040626e-01
    outer loop
      vertex   4.295251e+02 4.925301e+02 5.528702e-15
      vertex   4.300816e+02 4.919568e+02 5.000000e-01
      vertex   4.295251e+02 4.920301e+02 5.000000e-01
    endloop
  endfacet
  facet normal 9.269160e-02 -7.040626e-01 -7.040626e-01
    outer loop
      vertex   4.295251e+02 4.925301e+02 5.528702e-15
      vertex   4.295251e+02 4.920301e+02 5.000000e-01
      vertex   4.288392e+02 4.924398e+02 5.517644e-15
    endloop
  endfacet
  facet normal 9.269160e-02 -7.040626e-01 -7.040626e-01
    outer loop
      vertex   4.288392e+02 4.924398e+02 5.517644e-15
      vertex   4.295251e+02 4.920301e+02 5.000000e-01
      vertex   4.289686e+02 4.919568e+02 5.000000e-01
    endloop
  endfacet
  facet normal 2.717580e-01 -6.560819e-01 -7.040626e-01
    outer loop
      vertex   4.288392e+02 4.924398e+02 5.517644e-15
      vertex   4.289686e+02 4.919568e+02 5.000000e-01
      vertex   4.282001e+02 4.921751e+02 5.485223e-15
    endloop
  endfacet
  facet normal 2.717580e-01 -6.560819e-01 -7.040626e-01
    outer loop
      vertex   4.282001e+02 4.921751e+02 5.485223e-15
      vertex   4.289686e+02 4.919568e+02 5.000000e-01
      vertex   4.284501e+02 4.917420e+02 5.000000e-01
    endloop
  endfacet
  facet normal 4.323046e-01 -5.633903e-01 -7.040626e-01
    outer loop
      vertex   4.282001e+02 4.921751e+02 5.485223e-15
      vertex   4.284501e+02 4.917420e+02 5.000000e-01
      vertex   4.276513e+02 4.917539e+02 5.433649e-15
    endloop
  endfacet
  facet normal 4.323046e-01 -5.633903e-01 -7.040626e-01
    outer loop
      vertex   4.276513e+02 4.917539e+02 5.433649e-15
      vertex   4.284501e+02 4.917420e+02 5.000000e-01
      vertex   4.280048e+02 4.914004e+02 5.000000e-01
    endloop
  endfacet
  facet normal 5.633903e-01 -4.323046e-01 -7.040626e-01
    outer loop
      vertex   4.276513e+02 4.917539e+02 5.433649e-15
      vertex   4.280048e+02 4.914004e+02 5.000000e-01
      vertex   4.272301e+02 4.912051e+02 5.366436e-15
    endloop
  endfacet
  facet normal 5.633903e-01 -4.323046e-01 -7.040626e-01
    outer loop
      vertex   4.272301e+02 4.912051e+02 5.366436e-15
      vertex   4.280048e+02 4.914004e+02 5.000000e-01
      vertex   4.276632e+02 4.909551e+02 5.000000e-01
    endloop
  endfacet
  facet normal 6.560819e-01 -2.717580e-01 -7.040626e-01
    outer loop
      vertex   4.272301e+02 4.912051e+02 5.366436e-15
      vertex   4.276632e+02 4.909551e+02 5.000000e-01
      vertex   4.269654e+02 4.905660e+02 5.288165e-15
    endloop
  endfacet
  facet normal 6.560819e-01 -2.717580e-01 -7.040626e-01
    outer loop
      vertex   4.269654e+02 4.905660e+02 5.288165e-15
      vertex   4.276632e+02 4.909551e+02 5.000000e-01
      vertex   4.274484e+02 4.904365e+02 5.000000e-01
    endloop
  endfacet
  facet normal 7.040626e-01 -9.269160e-02 -7.040626e-01
    outer loop
      vertex   4.269654e+02 4.905660e+02 5.288165e-15
      vertex   4.274484e+02 4.904365e+02 5.000000e-01
      vertex   4.268751e+02 4.898801e+02 5.204170e-15
    endloop
  endfacet
  facet normal 7.040626e-01 -9.269160e-02 -7.040626e-01
    outer loop
      vertex   4.268751e+02 4.898801e+02 5.204170e-15
      vertex   4.274484e+02 4.904365e+02 5.000000e-01
      vertex   4.273751e+02 4.898801e+02 5.000000e-01
    endloop
  endfacet
  facet normal 7.040626e-01 9.269160e-02 -7.040626e-01
    outer loop
      vertex   4.268751e+02 4.898801e+02 5.204170e-15
      vertex   4.273751e+02 4.898801e+02 5.000000e-01
      vertex   4.269654e+02 4.891942e+02 5.120176e-15
    endloop
  endfacet
  facet normal 7.040626e-01 9.269160e-02 -7.040626e-01
    outer loop
      vertex   4.269654e+02 4.891942e+02 5.120176e-15
      vertex   4.273751e+02 4.898801e+02 5.000000e-01
      vertex   4.274484e+02 4.893236e+02 5.000000e-01
    endloop
  endfacet
  facet normal 6.560819e-01 2.717580e-01 -7.040626e-01
    outer loop
      vertex   4.269654e+02 4.891942e+02 5.120176e-15
      vertex   4.274484e+02 4.893236e+02 5.000000e-01
      vertex   4.272301e+02 4.885551e+02 5.041905e-15
    endloop
  endfacet
  facet normal 6.560819e-01 2.717580e-01 -7.040626e-01
    outer loop
      vertex   4.272301e+02 4.885551e+02 5.041905e-15
      vertex   4.274484e+02 4.893236e+02 5.000000e-01
      vertex   4.276632e+02 4.888051e+02 5.000000e-01
    endloop
  endfacet
  facet normal 5.633903e-01 4.323046e-01 -7.040626e-01
    outer loop
      vertex   4.272301e+02 4.885551e+02 5.041905e-15
      vertex   4.276632e+02 4.888051e+02 5.000000e-01
      vertex   4.276513e+02 4.880063e+02 4.974692e-15
    endloop
  endfacet
  facet normal 5.633903e-01 4.323046e-01 -7.040626e-01
    outer loop
      vertex   4.276513e+02 4.880063e+02 4.974692e-15
      vertex   4.276632e+02 4.888051e+02 5.000000e-01
      vertex   4.280048e+02 4.883598e+02 5.000000e-01
    endloop
  endfacet
  facet normal 4.323046e-01 5.633903e-01 -7.040626e-01
    outer loop
      vertex   4.276513e+02 4.880063e+02 4.974692e-15
      vertex   4.280048e+02 4.883598e+02 5.000000e-01
      vertex   4.282001e+02 4.875851e+02 4.923118e-15
    endloop
  endfacet
  facet normal 4.323046e-01 5.633903e-01 -7.040626e-01
    outer loop
      vertex   4.282001e+02 4.875851e+02 4.923118e-15
      vertex   4.280048e+02 4.883598e+02 5.000000e-01
      vertex   4.284501e+02 4.880181e+02 5.000000e-01
    endloop
  endfacet
  facet normal 2.717580e-01 6.560819e-01 -7.040626e-01
    outer loop
      vertex   4.282001e+02 4.875851e+02 4.923118e-15
      vertex   4.284501e+02 4.880181e+02 5.000000e-01
      vertex   4.288392e+02 4.873204e+02 4.890697e-15
    endloop
  endfacet
  facet normal 2.717580e-01 6.560819e-01 -7.040626e-01
    outer loop
      vertex   4.288392e+02 4.873204e+02 4.890697e-15
      vertex   4.284501e+02 4.880181e+02 5.000000e-01
      vertex   4.289686e+02 4.878033e+02 5.000000e-01
    endloop
  endfacet
  facet normal 9.269160e-02 7.040626e-01 -7.040626e-01
    outer loop
      vertex   4.288392e+02 4.873204e+02 4.890697e-15
      vertex   4.289686e+02 4.878033e+02 5.000000e-01
      vertex   4.295251e+02 4.872301e+02 4.879639e-15
    endloop
  endfacet
  facet normal 9.269160e-02 7.040626e-01 -7.040626e-01
    outer loop
      vertex   4.295251e+02 4.872301e+02 4.879639e-15
      vertex   4.289686e+02 4.878033e+02 5.000000e-01
      vertex   4.295251e+02 4.877301e+02 5.000000e-01
    endloop
  endfacet
  facet normal -9.269160e-02 7.040626e-01 -7.040626e-01
    outer loop
      vertex   4.295251e+02 4.872301e+02 4.879639e-15
      vertex   4.295251e+02 4.877301e+02 5.000000e-01
      vertex   4.302110e+02 4.873204e+02 4.890697e-15
    endloop
  endfacet
  facet normal -9.269160e-02 7.040626e-01 -7.040626e-01
    outer loop
      vertex   4.302110e+02 4.873204e+02 4.890697e-15
      vertex   4.295251e+02 4.877301e+02 5.000000e-01
      vertex   4.300816e+02 4.878033e+02 5.000000e-01
    endloop
  endfacet
  facet normal -2.717580e-01 6.560819e-01 -7.040626e-01
    outer loop
      vertex   4.302110e+02 4.873204e+02 4.890697e-15
      vertex   4.300816e+02 4.878033e+02 5.000000e-01
      vertex   4.308501e+02 4.875851e+02 4.923118e-15
    endloop
  endfacet
  facet normal -2.717580e-01 6.560819e-01 -7.040626e-01
    outer loop
      vertex   4.308501e+02 4.875851e+02 4.923118e-15
      vertex   4.300816e+02 4.878033e+02 5.000000e-01
      vertex   4.306001e+02 4.880181e+02 5.000000e-01
    endloop
  endfacet
  facet normal -4.323046e-01 5.633903e-01 -7.040626e-01
    outer loop
      vertex   4.308501e+02 4.875851e+02 4.923118e-15
      vertex   4.306001e+02 4.880181e+02 5.000000e-01
      vertex   4.313989e+02 4.880063e+02 4.974692e-15
    endloop
  endfacet
  facet normal -4.323046e-01 5.633903e-01 -7.040626e-01
    outer loop
      vertex   4.313989e+02 4.880063e+02 4.974692e-15
      vertex   4.306001e+02 4.880181e+02 5.000000e-01
      vertex   4.310454e+02 4.883598e+02 5.000000e-01
    endloop
  endfacet
  facet normal -5.633903e-01 4.323046e-01 -7.040626e-01
    outer loop
      vertex   4.313989e+02 4.880063e+02 4.974692e-15
      vertex   4.310454e+02 4.883598e+02 5.000000e-01
      vertex   4.318201e+02 4.885551e+02 5.041905e-15
    endloop
  endfacet
  facet normal -5.633903e-01 4.323046e-01 -7.040626e-01
    outer loop
      vertex   4.318201e+02 4.885551e+02 5.041905e-15
      vertex   4.310454e+02 4.883598e+02 5.000000e-01
      vertex   4.313871e+02 4.888051e+02 5.000000e-01
    endloop
  endfacet
  facet normal -6.560819e-01 2.717580e-01 -7.040626e-01
    outer loop
      vertex   4.318201e+02 4.885551e+02 5.041905e-15
      vertex   4.313871e+02 4.888051e+02 5.000000e-01
      vertex   4.320848e+02 4.891942e+02 5.120176e-15
    endloop
  endfacet
  facet normal -6.560819e-01 2.717580e-01 -7.040626e-01
    outer loop
      vertex   4.320848e+02 4.891942e+02 5.120176e-15
      vertex   4.313871e+02 4.888051e+02 5.000000e-01
      vertex   4.316018e+02 4.893236e+02 5.000000e-01
    endloop
  endfacet
  facet normal -9.914449e-01 -1.305262e-01 -0.000000e+00
    outer loop
      vertex   4.316018e+02 4.904365e+02 1.500000e+00
      vertex   4.316018e+02 4.904365e+02 5.000000e-01
      vertex   4.316751e+02 4.898801e+02 1.500000e+00
    endloop
  endfacet
  facet normal -9.914449e-01 -1.305262e-01 -0.000000e+00
    outer loop
      vertex   4.316751e+02 4.898801e+02 1.500000e+00
      vertex   4.316018e+02 4.904365e+02 5.000000e-01
      vertex   4.316751e+02 4.898801e+02 5.000000e-01
    endloop
  endfacet
  facet normal -9.914449e-01 1.305262e-01 0.000000e+00
    outer loop
      vertex   4.316751e+02 4.898801e+02 1.500000e+00
      vertex   4.316751e+02 4.898801e+02 5.000000e-01
      vertex   4.316018e+02 4.893236e+02 1.500000e+00
    endloop
  endfacet
  facet normal -9.914449e-01 1.305262e-01 0.000000e+00
    outer loop
      vertex   4.316018e+02 4.893236e+02 1.500000e+00
      vertex   4.316751e+02 4.898801e+02 5.000000e-01
      vertex   4.316018e+02 4.893236e+02 5.000000e-01
    endloop
  endfacet
  facet normal -9.238795e-01 3.826834e-01 0.000000e+00
    outer loop
      vertex   4.316018e+02 4.893236e+02 1.500000e+00
      vertex   4.316018e+02 4.893236e+02 5.000000e-01
      vertex   4.313871e+02 4.888051e+02 1.500000e+00
    endloop
  endfacet
  facet normal -9.238795e-01 3.826834e-01 0.000000e+00
    outer loop
      vertex   4.313871e+02 4.888051e+02 1.500000e+00
      vertex   4.316018e+02 4.893236e+02 5.000000e-01
      vertex   4.313871e+02 4.888051e+02 5.000000e-01
    endloop
  endfacet
  facet normal -7.933533e-01 6.087614e-01 0.000000e+00
    outer loop
      vertex   4.313871e+02 4.888051e+02 1.500000e+00
      vertex   4.313871e+02 4.888051e+02 5.000000e-01
      vertex   4.310454e+02 4.883598e+02 1.500000e+00
    endloop
  endfacet
  facet normal -7.933533e-01 6.087614e-01 0.000000e+00
    outer loop
      vertex   4.310454e+02 4.883598e+02 1.500000e+00
      vertex   4.313871e+02 4.888051e+02 5.000000e-01
      vertex   4.310454e+02 4.883598e+02 5.000000e-01
    endloop
  endfacet
  facet normal -6.087614e-01 7.933533e-01 0.000000e+00
    outer loop
      vertex   4.310454e+02 4.883598e+02 1.500000e+00
      vertex   4.310454e+02 4.883598e+02 5.000000e-01
      vertex   4.306001e+02 4.880181e+02 1.500000e+00
    endloop
  endfacet
  facet normal -6.087614e-01 7.933533e-01 0.000000e+00
    outer loop
      vertex   4.306001e+02 4.880181e+02 1.500000e+00
      vertex   4.310454e+02 4.883598e+02 5.000000e-01
      vertex   4.306001e+02 4.880181e+02 5.000000e-01
    endloop
  endfacet
  facet normal -3.826834e-01 9.238795e-01 0.000000e+00
    outer loop
      vertex   4.306001e+02 4.880181e+02 1.500000e+00
      vertex   4.306001e+02 4.880181e+02 5.000000e-01
      vertex   4.300816e+02 4.878033e+02 1.500000e+00
    endloop
  endfacet
  facet normal -3.826834e-01 9.238795e-01 0.000000e+00
    outer loop
      vertex   4.300816e+02 4.878033e+02 1.500000e+00
      vertex   4.306001e+02 4.880181e+02 5.000000e-01
      vertex   4.300816e+02 4.878033e+02 5.000000e-01
    endloop
  endfacet
  facet normal -1.305262e-01 9.914449e-01 0.000000e+00
    outer loop
      vertex   4.300816e+02 4.878033e+02 1.500000e+00
      vertex   4.300816e+02 4.878033e+02 5.000000e-01
      vertex   4.295251e+02 4.877301e+02 1.500000e+00
    endloop
  endfacet
  facet normal -1.305262e-01 9.914449e-01 0.000000e+00
    outer loop
      vertex   4.295251e+02 4.877301e+02 1.500000e+00
      vertex   4.300816e+02 4.878033e+02 5.000000e-01
      vertex   4.295251e+02 4.877301e+02 5.000000e-01
    endloop
  endfacet
  facet normal 1.305262e-01 9.914449e-01 0.000000e+00
    outer loop
      vertex   4.295251e+02 4.877301e+02 1.500000e+00
      vertex   4.295251e+02 4.877301e+02 5.000000e-01
      vertex   4.289686e+02 4.878033e+02 1.500000e+00
    endloop
  endfacet
  facet normal 1.305262e-01 9.914449e-01 0.000000e+00
    outer loop
      vertex   4.289686e+02 4.878033e+02 1.500000e+00
      vertex   4.295251e+02 4.877301e+02 5.000000e-01
      vertex   4.289686e+02 4.878033e+02 5.000000e-01
    endloop
  endfacet
  facet normal 3.826834e-01 9.238795e-01 0.000000e+00
    outer loop
      vertex   4.289686e+02 4.878033e+02 1.500000e+00
      vertex   4.289686e+02 4.878033e+02 5.000000e-01
      vertex   4.284501e+02 4.880181e+02 1.500000e+00
    endloop
  endfacet
  facet normal 3.826834e-01 9.238795e-01 0.000000e+00
    outer loop
      vertex   4.284501e+02 4.880181e+02 1.500000e+00
      vertex   4.289686e+02 4.878033e+02 5.000000e-01
      vertex   4.284501e+02 4.880181e+02 5.000000e-01
    endloop
  endfacet
  facet normal 6.087614e-01 7.933533e-01 0.000000e+00
    outer loop
      vertex   4.284501e+02 4.880181e+02 1.500000e+00
      vertex   4.284501e+02 4.880181e+02 5.000000e-01
      vertex   4.280048e+02 4.883598e+02 1.500000e+00
    endloop
  endfacet
  facet normal 6.087614e-01 7.933533e-01 0.000000e+00
    outer loop
      vertex   4.280048e+02 4.883598e+02 1.500000e+00
      vertex   4.284501e+02 4.880181e+02 5.000000e-01
      vertex   4.280048e+02 4.883598e+02 5.000000e-01
    endloop
  endfacet
  facet normal 7.933533e-01 6.087614e-01 0.000000e+00
    outer loop
      vertex   4.280048e+02 4.883598e+02 1.500000e+00
      vertex   4.280048e+02 4.883598e+02 5.000000e-01
      vertex   4.276632e+02 4.888051e+02 1.500000e+00
    endloop
  endfacet
  facet normal 7.933533e-01 6.087614e-01 0.000000e+00
    outer loop
      vertex   4.276632e+02 4.888051e+02 1.500000e+00
      vertex   4.280048e+02 4.883598e+02 5.000000e-01
      vertex   4.276632e+02 4.888051e+02 5.000000e-01
    endloop
  endfacet
  facet normal 9.238795e-01 3.826834e-01 0.000000e+00
    outer loop
      vertex   4.276632e+02 4.888051e+02 1.500000e+00
      vertex   4.276632e+02 4.888051e+02 5.000000e-01
      vertex   4.274484e+02 4.893236e+02 1.500000e+00
    endloop
  endfacet
  facet normal 9.238795e-01 3.826834e-01 0.000000e+00
    outer loop
      vertex   4.274484e+02 4.893236e+02 1.500000e+00
      vertex   4.276632e+02 4.888051e+02 5.000000e-01
      vertex   4.274484e+02 4.893236e+02 5.000000e-01
    endloop
  endfacet
  facet normal 9.914449e-01 1.305262e-01 0.000000e+00
    outer loop
      vertex   4.274484e+02 4.893236e+02 1.500000e+00
      vertex   4.274484e+02 4.893236e+02 5.000000e-01
      vertex   4.273751e+02 4.898801e+02 1.500000e+00
    endloop
  endfacet
  facet normal 9.914449e-01 1.305262e-01 0.000000e+00
    outer loop
      vertex   4.273751e+02 4.898801e+02 1.500000e+00
      vertex   4.274484e+02 4.893236e+02 5.000000e-01
      vertex   4.273751e+02 4.898801e+02 5.000000e-01
    endloop
  endfacet
  facet normal 9.914449e-01 -1.305262e-01 0.000000e+00
    outer loop
      vertex   4.273751e+02 4.898801e+02 1.500000e+00
      vertex   4.273751e+02 4.898801e+02 5.000000e-01
      vertex   4.274484e+02 4.904365e+02 1.500000e+00
    endloop
  endfacet
  facet normal 9.914449e-01 -1.305262e-01 0.000000e+00
    outer loop
      vertex   4.274484e+02 4.904365e+02 1.500000e+00
      vertex   4.273751e+02 4.898801e+02 5.000000e-01
      vertex   4.274484e+02 4.904365e+02 5.000000e-01
    endloop
  endfacet
  facet normal 9.238795e-01 -3.826834e-01 0.000000e+00
    outer loop
      vertex   4.274484e+02 4.904365e+02 1.500000e+00
      vertex   4.274484e+02 4.904365e+02 5.000000e-01
      vertex   4.276632e+02 4.909551e+02 1.500000e+00
    endloop
  endfacet
  facet normal 9.238795e-01 -3.826834e-01 0.000000e+00
    outer loop
      vertex   4.276632e+02 4.909551e+02 1.500000e+00
      vertex   4.274484e+02 4.904365e+02 5.000000e-01
      vertex   4.276632e+02 4.909551e+02 5.000000e-01
    endloop
  endfacet
  facet normal 7.933533e-01 -6.087614e-01 0.000000e+00
    outer loop
      vertex   4.276632e+02 4.909551e+02 1.500000e+00
      vertex   4.276632e+02 4.909551e+02 5.000000e-01
      vertex   4.280048e+02 4.914004e+02 1.500000e+00
    endloop
  endfacet
  facet normal 7.933533e-01 -6.087614e-01 0.000000e+00
    outer loop
      vertex   4.280048e+02 4.914004e+02 1.500000e+00
      vertex   4.276632e+02 4.909551e+02 5.000000e-01
      vertex   4.280048e+02 4.914004e+02 5.000000e-01
    endloop
  endfacet
  facet normal 6.087614e-01 -7.933533e-01 0.000000e+00
    outer loop
      vertex   4.280048e+02 4.914004e+02 1.500000e+00
      vertex   4.280048e+02 4.914004e+02 5.000000e-01
      vertex   4.284501e+02 4.917420e+02 1.500000e+00
    endloop
  endfacet
  facet normal 6.087614e-01 -7.933533e-01 0.000000e+00
    outer loop
      vertex   4.284501e+02 4.917420e+02 1.500000e+00
      vertex   4.280048e+02 4.914004e+02 5.000000e-01
      vertex   4.284501e+02 4.917420e+02 5.000000e-01
    endloop
  endfacet
  facet normal 3.826834e-01 -9.238795e-01 0.000000e+00
    outer loop
      vertex   4.284501e+02 4.917420e+02 1.500000e+00
      vertex   4.284501e+02 4.917420e+02 5.000000e-01
      vertex   4.289686e+02 4.919568e+02 1.500000e+00
    endloop
  endfacet
  facet normal 3.826834e-01 -9.238795e-01 0.000000e+00
    outer loop
      vertex   4.289686e+02 4.919568e+02 1.500000e+00
      vertex   4.284501e+02 4.917420e+02 5.000000e-01
      vertex   4.289686e+02 4.919568e+02 5.000000e-01
    endloop
  endfacet
  facet normal 1.305262e-01 -9.914449e-01 0.000000e+00
    outer loop
      vertex   4.289686e+02 4.919568e+02 1.500000e+00
      vertex   4.289686e+02 4.919568e+02 5.000000e-01
      vertex   4.295251e+02 4.920301e+02 1.500000e+00
    endloop
  endfacet
  facet normal 1.305262e-01 -9.914449e-01 0.000000e+00
    outer loop
      vertex   4.295251e+02 4.920301e+02 1.500000e+00
      vertex   4.289686e+02 4.919568e+02 5.000000e-01
      vertex   4.295251e+02 4.920301e+02 5.000000e-01
    endloop
  endfacet
  facet normal -1.305262e-01 -9.914449e-01 -0.000000e+00
    outer loop
      vertex   4.295251e+02 4.920301e+02 1.500000e+00
      vertex   4.295251e+02 4.920301e+02 5.000000e-01
      vertex   4.300816e+02 4.919568e+02 1.500000e+00
    endloop
  endfacet
  facet normal -1.305262e-01 -9.914449e-01 -0.000000e+00
    outer loop
      vertex   4.300816e+02 4.919568e+02 1.500000e+00
      vertex   4.295251e+02 4.920301e+02 5.000000e-01
      vertex   4.300816e+02 4.919568e+02 5.000000e-01
    endloop
  endfacet
  facet normal -3.826834e-01 -9.238795e-01 -0.000000e+00
    outer loop
      vertex   4.300816e+02 4.919568e+02 1.500000e+00
      vertex   4.300816e+02 4.919568e+02 5.000000e-01
      vertex   4.306001e+02 4.917420e+02 1.500000e+00
    endloop
  endfacet
  facet normal -3.826834e-01 -9.238795e-01 -0.000000e+00
    outer loop
      vertex   4.306001e+02 4.917420e+02 1.500000e+00
      vertex   4.300816e+02 4.919568e+02 5.000000e-01
      vertex   4.306001e+02 4.917420e+02 5.000000e-01
    endloop
  endfacet
  facet normal -6.087614e-01 -7.933533e-01 -0.000000e+00
    outer loop
      vertex   4.306001e+02 4.917420e+02 1.500000e+00
      vertex   4.306001e+02 4.917420e+02 5.000000e-01
      vertex   4.310454e+02 4.914004e+02 1.500000e+00
    endloop
  endfacet
  facet normal -6.087614e-01 -7.933533e-01 -0.000000e+00
    outer loop
      vertex   4.310454e+02 4.914004e+02 1.500000e+00
      vertex   4.306001e+02 4.917420e+02 5.000000e-01
      vertex   4.310454e+02 4.914004e+02 5.000000e-01
    endloop
  endfacet
  facet normal -7.933533e-01 -6.087614e-01 -0.000000e+00
    outer loop
      vertex   4.310454e+02 4.914004e+02 1.500000e+00
      vertex   4.310454e+02 4.914004e+02 5.000000e-01
      vertex   4.313871e+02 4.909551e+02 1.500000e+00
    endloop
  endfacet
  facet normal -7.933533e-01 -6.087614e-01 -0.000000e+00
    outer loop
      vertex   4.313871e+02 4.909551e+02 1.500000e+00
      vertex   4.310454e+02 4.914004e+02 5.000000e-01
      vertex   4.313871e+02 4.909551e+02 5.000000e-01
    endloop
  endfacet
  facet normal -9.238795e-01 -3.826834e-01 -0.000000e+00
    outer loop
      vertex   4.313871e+02 4.909551e+02 1.500000e+00
      vertex   4.313871e+02 4.909551e+02 5.000000e-01
      vertex   4.316018e+02 4.904365e+02 1.500000e+00
    endloop
  endfacet
  facet normal -9.238795e-01 -3.826834e-01 -0.000000e+00
    outer loop
      vertex   4.316018e+02 4.904365e+02 1.500000e+00
      vertex   4.313871e+02 4.909551e+02 5.000000e-01
      vertex   4.316018e+02 4.904365e+02 5.000000e-01
    endloop
  endfacet
  facet normal -7.040626e-01 9.269160e-02 -7.040626e-01
    outer loop
      vertex   4.320848e+02 4.090234e+02 -4.663665e-15
      vertex   4.316018e+02 4.091528e+02 5.000000e-01
      vertex   4.321751e+02 4.097093e+02 -4.579670e-15
    endloop
  endfacet
  facet normal -7.040626e-01 9.269160e-02 -7.040626e-01
    outer loop
      vertex   4.321751e+02 4.097093e+02 -4.579670e-15
      vertex   4.316018e+02 4.091528e+02 5.000000e-01
      vertex   4.316751e+02 4.097093e+02 5.000000e-01
    endloop
  endfacet
  facet normal -7.040626e-01 -9.269160e-02 -7.040626e-01
    outer loop
      vertex   4.321751e+02 4.097093e+02 -4.579670e-15
      vertex   4.316751e+02 4.097093e+02 5.000000e-01
      vertex   4.320848e+02 4.103952e+02 -4.495675e-15
    endloop
  endfacet
  facet normal -7.040626e-01 -9.269160e-02 -7.040626e-01
    outer loop
      vertex   4.320848e+02 4.103952e+02 -4.495675e-15
      vertex   4.316751e+02 4.097093e+02 5.000000e-01
      vertex   4.316018e+02 4.102658e+02 5.000000e-01
    endloop
  endfacet
  facet normal -6.560819e-01 -2.717580e-01 -7.040626e-01
    outer loop
      vertex   4.320848e+02 4.103952e+02 -4.495675e-15
      vertex   4.316018e+02 4.102658e+02 5.000000e-01
      vertex   4.318201e+02 4.110343e+02 -4.417404e-15
    endloop
  endfacet
  facet normal -6.560819e-01 -2.717580e-01 -7.040626e-01
    outer loop
      vertex   4.318201e+02 4.110343e+02 -4.417404e-15
      vertex   4.316018e+02 4.102658e+02 5.000000e-01
      vertex   4.313871e+02 4.107843e+02 5.000000e-01
    endloop
  endfacet
  facet normal -5.633903e-01 -4.323046e-01 -7.040626e-01
    outer loop
      vertex   4.318201e+02 4.110343e+02 -4.417404e-15
      vertex   4.313871e+02 4.107843e+02 5.000000e-01
      vertex   4.313989e+02 4.115831e+02 -4.350192e-15
    endloop
  endfacet
  facet normal -5.633903e-01 -4.323046e-01 -7.040626e-01
    outer loop
      vertex   4.313989e+02 4.115831e+02 -4.350192e-15
      vertex   4.313871e+02 4.107843e+02 5.000000e-01
      vertex   4.310454e+02 4.112296e+02 5.000000e-01
    endloop
  endfacet
  facet normal -4.323046e-01 -5.633903e-01 -7.040626e-01
    outer loop
      vertex   4.313989e+02 4.115831e+02 -4.350192e-15
      vertex   4.310454e+02 4.112296e+02 5.000000e-01
      vertex   4.308501e+02 4.120043e+02 -4.298618e-15
    endloop
  endfacet
  facet normal -4.323046e-01 -5.633903e-01 -7.040626e-01
    outer loop
      vertex   4.308501e+02 4.120043e+02 -4.298618e-15
      vertex   4.310454e+02 4.112296e+02 5.000000e-01
      vertex   4.306001e+02 4.115713e+02 5.000000e-01
    endloop
  endfacet
  facet normal -2.717580e-01 -6.560819e-01 -7.040626e-01
    outer loop
      vertex   4.308501e+02 4.120043e+02 -4.298618e-15
      vertex   4.306001e+02 4.115713e+02 5.000000e-01
      vertex   4.302110e+02 4.122690e+02 -4.266197e-15
    endloop
  endfacet
  facet normal -2.717580e-01 -6.560819e-01 -7.040626e-01
    outer loop
      vertex   4.302110e+02 4.122690e+02 -4.266197e-15
      vertex   4.306001e+02 4.115713e+02 5.000000e-01
      vertex   4.300816e+02 4.117861e+02 5.000000e-01
    endloop
  endfacet
  facet normal -9.269160e-02 -7.040626e-01 -7.040626e-01
    outer loop
      vertex   4.302110e+02 4.122690e+02 -4.266197e-15
      vertex   4.300816e+02 4.117861e+02 5.000000e-01
      vertex   4.295251e+02 4.123593e+02 -4.255139e-15
    endloop
  endfacet
  facet normal -9.269160e-02 -7.040626e-01 -7.040626e-01
    outer loop
      vertex   4.295251e+02 4.123593e+02 -4.255139e-15
      vertex   4.300816e+02 4.117861e+02 5.000000e-01
      vertex   4.295251e+02 4.118593e+02 5.000000e-01
    endloop
  endfacet
  facet normal 9.269160e-02 -7.040626e-01 -7.040626e-01
    outer loop
      vertex   4.295251e+02 4.123593e+02 -4.255139e-15
      vertex   4.295251e+02 4.118593e+02 5.000000e-01
      vertex   4.288392e+02 4.122690e+02 -4.266197e-15
    endloop
  endfacet
  facet normal 9.269160e-02 -7.040626e-01 -7.040626e-01
    outer loop
      vertex   4.288392e+02 4.122690e+02 -4.266197e-15
      vertex   4.295251e+02 4.118593e+02 5.000000e-01
      vertex   4.289686e+02 4.117861e+02 5.000000e-01
    endloop
  endfacet
  facet normal 2.717580e-01 -6.560819e-01 -7.040626e-01
    outer loop
      vertex   4.288392e+02 4.122690e+02 -4.266197e-15
      vertex   4.289686e+02 4.117861e+02 5.000000e-01
      vertex   4.282001e+02 4.120043e+02 -4.298618e-15
    endloop
  endfacet
  facet normal 2.717580e-01 -6.560819e-01 -7.040626e-01
    outer loop
      vertex   4.282001e+02 4.120043e+02 -4.298618e-15
      vertex   4.289686e+02 4.117861e+02 5.000000e-01
      vertex   4.284501e+02 4.115713e+02 5.000000e-01
    endloop
  endfacet
  facet normal 4.323046e-01 -5.633903e-01 -7.040626e-01
    outer loop
      vertex   4.282001e+02 4.120043e+02 -4.298618e-15
      vertex   4.284501e+02 4.115713e+02 5.000000e-01
      vertex   4.276513e+02 4.115831e+02 -4.350192e-15
    endloop
  endfacet
  facet normal 4.323046e-01 -5.633903e-01 -7.040626e-01
    outer loop
      vertex   4.276513e+02 4.115831e+02 -4.350192e-15
      vertex   4.284501e+02 4.115713e+02 5.000000e-01
      vertex   4.280048e+02 4.112296e+02 5.000000e-01
    endloop
  endfacet
  facet normal 5.633903e-01 -4.323046e-01 -7.040626e-01
    outer loop
      vertex   4.276513e+02 4.115831e+02 -4.350192e-15
      vertex   4.280048e+02 4.112296e+02 5.000000e-01
      vertex   4.272301e+02 4.110343e+02 -4.417404e-15
    endloop
  endfacet
  facet normal 5.633903e-01 -4.323046e-01 -7.040626e-01
    outer loop
      vertex   4.272301e+02 4.110343e+02 -4.417404e-15
      vertex   4.280048e+02 4.112296e+02 5.000000e-01
      vertex   4.276632e+02 4.107843e+02 5.000000e-01
    endloop
  endfacet
  facet normal 6.560819e-01 -2.717580e-01 -7.040626e-01
    outer loop
      vertex   4.272301e+02 4.110343e+02 -4.417404e-15
      vertex   4.276632e+02 4.107843e+02 5.000000e-01
      vertex   4.269654e+02 4.103952e+02 -4.495675e-15
    endloop
  endfacet
  facet normal 6.560819e-01 -2.717580e-01 -7.040626e-01
    outer loop
      vertex   4.269654e+02 4.103952e+02 -4.495675e-15
      vertex   4.276632e+02 4.107843e+02 5.000000e-01
      vertex   4.274484e+02 4.102658e+02 5.000000e-01
    endloop
  endfacet
  facet normal 7.040626e-01 -9.269160e-02 -7.040626e-01
    outer loop
      vertex   4.269654e+02 4.103952e+02 -4.495675e-15
      vertex   4.274484e+02 4.102658e+02 5.000000e-01
      vertex   4.268751e+02 4.097093e+02 -4.579670e-15
    endloop
  endfacet
  facet normal 7.040626e-01 -9.269160e-02 -7.040626e-01
    outer loop
      vertex   4.268751e+02 4.097093e+02 -4.579670e-15
      vertex   4.274484e+02 4.102658e+02 5.000000e-01
      vertex   4.273751e+02 4.097093e+02 5.000000e-01
    endloop
  endfacet
  facet normal 7.040626e-01 9.269160e-02 -7.040626e-01
    outer loop
      vertex   4.268751e+02 4.097093e+02 -4.579670e-15
      vertex   4.273751e+02 4.097093e+02 5.000000e-01
      vertex   4.269654e+02 4.090234e+02 -4.663665e-15
    endloop
  endfacet
  facet normal 7.040626e-01 9.269160e-02 -7.040626e-01
    outer loop
      vertex   4.269654e+02 4.090234e+02 -4.663665e-15
      vertex   4.273751e+02 4.097093e+02 5.000000e-01
      vertex   4.274484e+02 4.091528e+02 5.000000e-01
    endloop
  endfacet
  facet normal 6.560819e-01 2.717580e-01 -7.040626e-01
    outer loop
      vertex   4.269654e+02 4.090234e+02 -4.663665e-15
      vertex   4.274484e+02 4.091528e+02 5.000000e-01
      vertex   4.272301e+02 4.083843e+02 -4.741936e-15
    endloop
  endfacet
  facet normal 6.560819e-01 2.717580e-01 -7.040626e-01
    outer loop
      vertex   4.272301e+02 4.083843e+02 -4.741936e-15
      vertex   4.274484e+02 4.091528e+02 5.000000e-01
      vertex   4.276632e+02 4.086343e+02 5.000000e-01
    endloop
  endfacet
  facet normal 5.633903e-01 4.323046e-01 -7.040626e-01
    outer loop
      vertex   4.272301e+02 4.083843e+02 -4.741936e-15
      vertex   4.276632e+02 4.086343e+02 5.000000e-01
      vertex   4.276513e+02 4.078355e+02 -4.809148e-15
    endloop
  endfacet
  facet normal 5.633903e-01 4.323046e-01 -7.040626e-01
    outer loop
      vertex   4.276513e+02 4.078355e+02 -4.809148e-15
      vertex   4.276632e+02 4.086343e+02 5.000000e-01
      vertex   4.280048e+02 4.081890e+02 5.000000e-01
    endloop
  endfacet
  facet normal 4.323046e-01 5.633903e-01 -7.040626e-01
    outer loop
      vertex   4.276513e+02 4.078355e+02 -4.809148e-15
      vertex   4.280048e+02 4.081890e+02 5.000000e-01
      vertex   4.282001e+02 4.074143e+02 -4.860722e-15
    endloop
  endfacet
  facet normal 4.323046e-01 5.633903e-01 -7.040626e-01
    outer loop
      vertex   4.282001e+02 4.074143e+02 -4.860722e-15
      vertex   4.280048e+02 4.081890e+02 5.000000e-01
      vertex   4.284501e+02 4.078474e+02 5.000000e-01
    endloop
  endfacet
  facet normal 2.717580e-01 6.560819e-01 -7.040626e-01
    outer loop
      vertex   4.282001e+02 4.074143e+02 -4.860722e-15
      vertex   4.284501e+02 4.078474e+02 5.000000e-01
      vertex   4.288392e+02 4.071496e+02 -4.893143e-15
    endloop
  endfacet
  facet normal 2.717580e-01 6.560819e-01 -7.040626e-01
    outer loop
      vertex   4.288392e+02 4.071496e+02 -4.893143e-15
      vertex   4.284501e+02 4.078474e+02 5.000000e-01
      vertex   4.289686e+02 4.076326e+02 5.000000e-01
    endloop
  endfacet
  facet normal 9.269160e-02 7.040626e-01 -7.040626e-01
    outer loop
      vertex   4.288392e+02 4.071496e+02 -4.893143e-15
      vertex   4.289686e+02 4.076326e+02 5.000000e-01
      vertex   4.295251e+02 4.070593e+02 -4.904201e-15
    endloop
  endfacet
  facet normal 9.269160e-02 7.040626e-01 -7.040626e-01
    outer loop
      vertex   4.295251e+02 4.070593e+02 -4.904201e-15
      vertex   4.289686e+02 4.076326e+02 5.000000e-01
      vertex   4.295251e+02 4.075593e+02 5.000000e-01
    endloop
  endfacet
  facet normal -9.269160e-02 7.040626e-01 -7.040626e-01
    outer loop
      vertex   4.295251e+02 4.070593e+02 -4.904201e-15
      vertex   4.295251e+02 4.075593e+02 5.000000e-01
      vertex   4.302110e+02 4.071496e+02 -4.893143e-15
    endloop
  endfacet
  facet normal -9.269160e-02 7.040626e-01 -7.040626e-01
    outer loop
      vertex   4.302110e+02 4.071496e+02 -4.893143e-15
      vertex   4.295251e+02 4.075593e+02 5.000000e-01
      vertex   4.300816e+02 4.076326e+02 5.000000e-01
    endloop
  endfacet
  facet normal -2.717580e-01 6.560819e-01 -7.040626e-01
    outer loop
      vertex   4.302110e+02 4.071496e+02 -4.893143e-15
      vertex   4.300816e+02 4.076326e+02 5.000000e-01
      vertex   4.308501e+02 4.074143e+02 -4.860722e-15
    endloop
  endfacet
  facet normal -2.717580e-01 6.560819e-01 -7.040626e-01
    outer loop
      vertex   4.308501e+02 4.074143e+02 -4.860722e-15
      vertex   4.300816e+02 4.076326e+02 5.000000e-01
      vertex   4.306001e+02 4.078474e+02 5.000000e-01
    endloop
  endfacet
  facet normal -4.323046e-01 5.633903e-01 -7.040626e-01
    outer loop
      vertex   4.308501e+02 4.074143e+02 -4.860722e-15
      vertex   4.306001e+02 4.078474e+02 5.000000e-01
      vertex   4.313989e+02 4.078355e+02 -4.809148e-15
    endloop
  endfacet
  facet normal -4.323046e-01 5.633903e-01 -7.040626e-01
    outer loop
      vertex   4.313989e+02 4.078355e+02 -4.809148e-15
      vertex   4.306001e+02 4.078474e+02 5.000000e-01
      vertex   4.310454e+02 4.081890e+02 5.000000e-01
    endloop
  endfacet
  facet normal -5.633903e-01 4.323046e-01 -7.040626e-01
    outer loop
      vertex   4.313989e+02 4.078355e+02 -4.809148e-15
      vertex   4.310454e+02 4.081890e+02 5.000000e-01
      vertex   4.318201e+02 4.083843e+02 -4.741936e-15
    endloop
  endfacet
  facet normal -5.633903e-01 4.323046e-01 -7.040626e-01
    outer loop
      vertex   4.318201e+02 4.083843e+02 -4.741936e-15
      vertex   4.310454e+02 4.081890e+02 5.000000e-01
      vertex   4.313871e+02 4.086343e+02 5.000000e-01
    endloop
  endfacet
  facet normal -6.560819e-01 2.717580e-01 -7.040626e-01
    outer loop
      vertex   4.318201e+02 4.083843e+02 -4.741936e-15
      vertex   4.313871e+02 4.086343e+02 5.000000e-01
      vertex   4.320848e+02 4.090234e+02 -4.663665e-15
    endloop
  endfacet
  facet normal -6.560819e-01 2.717580e-01 -7.040626e-01
    outer loop
      vertex   4.320848e+02 4.090234e+02 -4.663665e-15
      vertex   4.313871e+02 4.086343e+02 5.000000e-01
      vertex   4.316018e+02 4.091528e+02 5.000000e-01
    endloop
  endfacet
  facet normal -9.914449e-01 -1.305262e-01 -0.000000e+00
    outer loop
      vertex   4.316018e+02 4.102658e+02 1.500000e+00
      vertex   4.316018e+02 4.102658e+02 5.000000e-01
      vertex   4.316751e+02 4.097093e+02 1.500000e+00
    endloop
  endfacet
  facet normal -9.914449e-01 -1.305262e-01 -0.000000e+00
    outer loop
      vertex   4.316751e+02 4.097093e+02 1.500000e+00
      vertex   4.316018e+02 4.102658e+02 5.000000e-01
      vertex   4.316751e+02 4.097093e+02 5.000000e-01
    endloop
  endfacet
  facet normal -9.914449e-01 1.305262e-01 0.000000e+00
    outer loop
      vertex   4.316751e+02 4.097093e+02 1.500000e+00
      vertex   4.316751e+02 4.097093e+02 5.000000e-01
      vertex   4.316018e+02 4.091528e+02 1.500000e+00
    endloop
  endfacet
  facet normal -9.914449e-01 1.305262e-01 0.000000e+00
    outer loop
      vertex   4.316018e+02 4.091528e+02 1.500000e+00
      vertex   4.316751e+02 4.097093e+02 5.000000e-01
      vertex   4.316018e+02 4.091528e+02 5.000000e-01
    endloop
  endfacet
  facet normal -9.238795e-01 3.826834e-01 0.000000e+00
    outer loop
      vertex   4.316018e+02 4.091528e+02 1.500000e+00
      vertex   4.316018e+02 4.091528e+02 5.000000e-01
      vertex   4.313871e+02 4.086343e+02 1.500000e+00
    endloop
  endfacet
  facet normal -9.238795e-01 3.826834e-01 0.000000e+00
    outer loop
      vertex   4.313871e+02 4.086343e+02 1.500000e+00
      vertex   4.316018e+02 4.091528e+02 5.000000e-01
      vertex   4.313871e+02 4.086343e+02 5.000000e-01
    endloop
  endfacet
  facet normal -7.933533e-01 6.087614e-01 0.000000e+00
    outer loop
      vertex   4.313871e+02 4.086343e+02 1.500000e+00
      vertex   4.313871e+02 4.086343e+02 5.000000e-01
      vertex   4.310454e+02 4.081890e+02 1.500000e+00
    endloop
  endfacet
  facet normal -7.933533e-01 6.087614e-01 0.000000e+00
    outer loop
      vertex   4.310454e+02 4.081890e+02 1.500000e+00
      vertex   4.313871e+02 4.086343e+02 5.000000e-01
      vertex   4.310454e+02 4.081890e+02 5.000000e-01
    endloop
  endfacet
  facet normal -6.087614e-01 7.933533e-01 0.000000e+00
    outer loop
      vertex   4.310454e+02 4.081890e+02 1.500000e+00
      vertex   4.310454e+02 4.081890e+02 5.000000e-01
      vertex   4.306001e+02 4.078474e+02 1.500000e+00
    endloop
  endfacet
  facet normal -6.087614e-01 7.933533e-01 0.000000e+00
    outer loop
      vertex   4.306001e+02 4.078474e+02 1.500000e+00
      vertex   4.310454e+02 4.081890e+02 5.000000e-01
      vertex   4.306001e+02 4.078474e+02 5.000000e-01
    endloop
  endfacet
  facet normal -3.826834e-01 9.238795e-01 0.000000e+00
    outer loop
      vertex   4.306001e+02 4.078474e+02 1.500000e+00
      vertex   4.306001e+02 4.078474e+02 5.000000e-01
      vertex   4.300816e+02 4.076326e+02 1.500000e+00
    endloop
  endfacet
  facet normal -3.826834e-01 9.238795e-01 0.000000e+00
    outer loop
      vertex   4.300816e+02 4.076326e+02 1.500000e+00
      vertex   4.306001e+02 4.078474e+02 5.000000e-01
      vertex   4.300816e+02 4.076326e+02 5.000000e-01
    endloop
  endfacet
  facet normal -1.305262e-01 9.914449e-01 0.000000e+00
    outer loop
      vertex   4.300816e+02 4.076326e+02 1.500000e+00
      vertex   4.300816e+02 4.076326e+02 5.000000e-01
      vertex   4.295251e+02 4.075593e+02 1.500000e+00
    endloop
  endfacet
  facet normal -1.305262e-01 9.914449e-01 0.000000e+00
    outer loop
      vertex   4.295251e+02 4.075593e+02 1.500000e+00
      vertex   4.300816e+02 4.076326e+02 5.000000e-01
      vertex   4.295251e+02 4.075593e+02 5.000000e-01
    endloop
  endfacet
  facet normal 1.305262e-01 9.914449e-01 0.000000e+00
    outer loop
      vertex   4.295251e+02 4.075593e+02 1.500000e+00
      vertex   4.295251e+02 4.075593e+02 5.000000e-01
      vertex   4.289686e+02 4.076326e+02 1.500000e+00
    endloop
  endfacet
  facet normal 1.305262e-01 9.914449e-01 0.000000e+00
    outer loop
      vertex   4.289686e+02 4.076326e+02 1.500000e+00
      vertex   4.295251e+02 4.075593e+02 5.000000e-01
      vertex   4.289686e+02 4.076326e+02 5.000000e-01
    endloop
  endfacet
  facet normal 3.826834e-01 9.238795e-01 0.000000e+00
    outer loop
      vertex   4.289686e+02 4.076326e+02 1.500000e+00
      vertex   4.289686e+02 4.076326e+02 5.000000e-01
      vertex   4.284501e+02 4.078474e+02 1.500000e+00
    endloop
  endfacet
  facet normal 3.826834e-01 9.238795e-01 0.000000e+00
    outer loop
      vertex   4.284501e+02 4.078474e+02 1.500000e+00
      vertex   4.289686e+02 4.076326e+02 5.000000e-01
      vertex   4.284501e+02 4.078474e+02 5.000000e-01
    endloop
  endfacet
  facet normal 6.087614e-01 7.933533e-01 0.000000e+00
    outer loop
      vertex   4.284501e+02 4.078474e+02 1.500000e+00
      vertex   4.284501e+02 4.078474e+02 5.000000e-01
      vertex   4.280048e+02 4.081890e+02 1.500000e+00
    endloop
  endfacet
  facet normal 6.087614e-01 7.933533e-01 0.000000e+00
    outer loop
      vertex   4.280048e+02 4.081890e+02 1.500000e+00
      vertex   4.284501e+02 4.078474e+02 5.000000e-01
      vertex   4.280048e+02 4.081890e+02 5.000000e-01
    endloop
  endfacet
  facet normal 7.933533e-01 6.087614e-01 0.000000e+00
    outer loop
      vertex   4.280048e+02 4.081890e+02 1.500000e+00
      vertex   4.280048e+02 4.081890e+02 5.000000e-01
      vertex   4.276632e+02 4.086343e+02 1.500000e+00
    endloop
  endfacet
  facet normal 7.933533e-01 6.087614e-01 0.000000e+00
    outer loop
      vertex   4.276632e+02 4.086343e+02 1.500000e+00
      vertex   4.280048e+02 4.081890e+02 5.000000e-01
      vertex   4.276632e+02 4.086343e+02 5.000000e-01
    endloop
  endfacet
  facet normal 9.238795e-01 3.826834e-01 0.000000e+00
    outer loop
      vertex   4.276632e+02 4.086343e+02 1.500000e+00
      vertex   4.276632e+02 4.086343e+02 5.000000e-01
      vertex   4.274484e+02 4.091528e+02 1.500000e+00
    endloop
  endfacet
  facet normal 9.238795e-01 3.826834e-01 0.000000e+00
    outer loop
      vertex   4.274484e+02 4.091528e+02 1.500000e+00
      vertex   4.276632e+02 4.086343e+02 5.000000e-01
      vertex   4.274484e+02 4.091528e+02 5.000000e-01
    endloop
  endfacet
  facet normal 9.914449e-01 1.305262e-01 0.000000e+00
    outer loop
      vertex   4.274484e+02 4.091528e+02 1.500000e+00
      vertex   4.274484e+02 4.091528e+02 5.000000e-01
      vertex   4.273751e+02 4.097093e+02 1.500000e+00
    endloop
  endfacet
  facet normal 9.914449e-01 1.305262e-01 0.000000e+00
    outer loop
      vertex   4.273751e+02 4.097093e+02 1.500000e+00
      vertex   4.274484e+02 4.091528e+02 5.000000e-01
      vertex   4.273751e+02 4.097093e+02 5.000000e-01
    endloop
  endfacet
  facet normal 9.914449e-01 -1.305262e-01 0.000000e+00
    outer loop
      vertex   4.273751e+02 4.097093e+02 1.500000e+00
      vertex   4.273751e+02 4.097093e+02 5.000000e-01
      vertex   4.274484e+02 4.102658e+02 1.500000e+00
    endloop
  endfacet
  facet normal 9.914449e-01 -1.305262e-01 0.000000e+00
    outer loop
      vertex   4.274484e+02 4.102658e+02 1.500000e+00
      vertex   4.273751e+02 4.097093e+02 5.000000e-01
      vertex   4.274484e+02 4.102658e+02 5.000000e-01
    endloop
  endfacet
  facet normal 9.238795e-01 -3.826834e-01 0.000000e+00
    outer loop
      vertex   4.274484e+02 4.102658e+02 1.500000e+00
      vertex   4.274484e+02 4.102658e+02 5.000000e-01
      vertex   4.276632e+02 4.107843e+02 1.500000e+00
    endloop
  endfacet
  facet normal 9.238795e-01 -3.826834e-01 0.000000e+00
    outer loop
      vertex   4.276632e+02 4.107843e+02 1.500000e+00
      vertex   4.274484e+02 4.102658e+02 5.000000e-01
      vertex   4.276632e+02 4.107843e+02 5.000000e-01
    endloop
  endfacet
  facet normal 7.933533e-01 -6.087614e-01 0.000000e+00
    outer loop
      vertex   4.276632e+02 4.107843e+02 1.500000e+00
      vertex   4.276632e+02 4.107843e+02 5.000000e-01
      vertex   4.280048e+02 4.112296e+02 1.500000e+00
    endloop
  endfacet
  facet normal 7.933533e-01 -6.087614e-01 0.000000e+00
    outer loop
      vertex   4.280048e+02 4.112296e+02 1.500000e+00
      vertex   4.276632e+02 4.107843e+02 5.000000e-01
      vertex   4.280048e+02 4.112296e+02 5.000000e-01
    endloop
  endfacet
  facet normal 6.087614e-01 -7.933533e-01 0.000000e+00
    outer loop
      vertex   4.280048e+02 4.112296e+02 1.500000e+00
      vertex   4.280048e+02 4.112296e+02 5.000000e-01
      vertex   4.284501e+02 4.115713e+02 1.500000e+00
    endloop
  endfacet
  facet normal 6.087614e-01 -7.933533e-01 0.000000e+00
    outer loop
      vertex   4.284501e+02 4.115713e+02 1.500000e+00
      vertex   4.280048e+02 4.112296e+02 5.000000e-01
      vertex   4.284501e+02 4.115713e+02 5.000000e-01
    endloop
  endfacet
  facet normal 3.826834e-01 -9.238795e-01 0.000000e+00
    outer loop
      vertex   4.284501e+02 4.115713e+02 1.500000e+00
      vertex   4.284501e+02 4.115713e+02 5.000000e-01
      vertex   4.289686e+02 4.117861e+02 1.500000e+00
    endloop
  endfacet
  facet normal 3.826834e-01 -9.238795e-01 0.000000e+00
    outer loop
      vertex   4.289686e+02 4.117861e+02 1.500000e+00
      vertex   4.284501e+02 4.115713e+02 5.000000e-01
      vertex   4.289686e+02 4.117861e+02 5.000000e-01
    endloop
  endfacet
  facet normal 1.305262e-01 -9.914449e-01 0.000000e+00
    outer loop
      vertex   4.289686e+02 4.117861e+02 1.500000e+00
      vertex   4.289686e+02 4.117861e+02 5.000000e-01
      vertex   4.295251e+02 4.118593e+02 1.500000e+00
    endloop
  endfacet
  facet normal 1.305262e-01 -9.914449e-01 0.000000e+00
    outer loop
      vertex   4.295251e+02 4.118593e+02 1.500000e+00
      vertex   4.289686e+02 4.117861e+02 5.000000e-01
      vertex   4.295251e+02 4.118593e+02 5.000000e-01
    endloop
  endfacet
  facet normal -1.305262e-01 -9.914449e-01 -0.000000e+00
    outer loop
      vertex   4.295251e+02 4.118593e+02 1.500000e+00
      vertex   4.295251e+02 4.118593e+02 5.000000e-01
      vertex   4.300816e+02 4.117861e+02 1.500000e+00
    endloop
  endfacet
  facet normal -1.305262e-01 -9.914449e-01 -0.000000e+00
    outer loop
      vertex   4.300816e+02 4.117861e+02 1.500000e+00
      vertex   4.295251e+02 4.118593e+02 5.000000e-01
      vertex   4.300816e+02 4.117861e+02 5.000000e-01
    endloop
  endfacet
  facet normal -3.826834e-01 -9.238795e-01 -0.000000e+00
    outer loop
      vertex   4.300816e+02 4.117861e+02 1.500000e+00
      vertex   4.300816e+02 4.117861e+02 5.000000e-01
      vertex   4.306001e+02 4.115713e+02 1.500000e+00
    endloop
  endfacet
  facet normal -3.826834e-01 -9.238795e-01 -0.000000e+00
    outer loop
      vertex   4.306001e+02 4.115713e+02 1.500000e+00
      vertex   4.300816e+02 4.117861e+02 5.000000e-01
      vertex   4.306001e+02 4.115713e+02 5.000000e-01
    endloop
  endfacet
  facet normal -6.087614e-01 -7.933533e-01 -0.000000e+00
    outer loop
      vertex   4.306001e+02 4.115713e+02 1.500000e+00
      vertex   4.306001e+02 4.115713e+02 5.000000e-01
      vertex   4.310454e+02 4.112296e+02 1.500000e+00
    endloop
  endfacet
  facet normal -6.087614e-01 -7.933533e-01 -0.000000e+00
    outer loop
      vertex   4.310454e+02 4.112296e+02 1.500000e+00
      vertex   4.306001e+02 4.115713e+02 5.000000e-01
      vertex   4.310454e+02 4.112296e+02 5.000000e-01
    endloop
  endfacet
  facet normal -7.933533e-01 -6.087614e-01 -0.000000e+00
    outer loop
      vertex   4.310454e+02 4.112296e+02 1.500000e+00
      vertex   4.310454e+02 4.112296e+02 5.000000e-01
      vertex   4.313871e+02 4.107843e+02 1.500000e+00
    endloop
  endfacet
  facet normal -7.933533e-01 -6.087614e-01 -0.000000e+00
    outer loop
      vertex   4.313871e+02 4.107843e+02 1.500000e+00
      vertex   4.310454e+02 4.112296e+02 5.000000e-01
      vertex   4.313871e+02 4.107843e+02 5.000000e-01
    endloop
  endfacet
  facet normal -9.238795e-01 -3.826834e-01 -0.000000e+00
    outer loop
      vertex   4.313871e+02 4.107843e+02 1.500000e+00
      vertex   4.313871e+02 4.107843e+02 5.000000e-01
      vertex   4.316018e+02 4.102658e+02 1.500000e+00
    endloop
  endfacet
  facet normal -9.238795e-01 -3.826834e-01 -0.000000e+00
    outer loop
      vertex   4.316018e+02 4.102658e+02 1.500000e+00
      vertex   4.313871e+02 4.107843e+02 5.000000e-01
      vertex   4.316018e+02 4.102658e+02 5.000000e-01
    endloop
  endfacet
  facet normal 9.962522e-02 9.950250e-01 -0.000000e+00
    outer loop
      vertex   4.369393e+02 4.967252e+02 6.078645e-15
      vertex   3.609956e+02 5.043290e+02 7.009835e-15
      vertex   4.369393e+02 4.967252e+02 1.500000e+00
    endloop
  endfacet
  facet normal 9.962522e-02 9.950250e-01 0.000000e+00
    outer loop
      vertex   4.369393e+02 4.967252e+02 1.500000e+00
      vertex   3.609956e+02 5.043290e+02 7.009835e-15
      vertex   3.609956e+02 5.043290e+02 1.500000e+00
    endloop
  endfacet
  facet normal 1.000000e+00 -1.222656e-15 0.000000e+00
    outer loop
      vertex   4.369393e+02 4.037417e+02 -5.308553e-15
      vertex   4.369393e+02 4.967252e+02 6.078645e-15
      vertex   4.369393e+02 4.037417e+02 1.500000e+00
    endloop
  endfacet
  facet normal 1.000000e+00 -1.222656e-15 0.000000e+00
    outer loop
      vertex   4.369393e+02 4.037417e+02 1.500000e+00
      vertex   4.369393e+02 4.967252e+02 6.078645e-15
      vertex   4.369393e+02 4.967252e+02 1.500000e+00
    endloop
  endfacet
  facet normal 2.691037e-01 -9.631112e-01 0.000000e+00
    outer loop
      vertex   3.034518e+02 3.664439e+02 -9.876223e-15
      vertex   4.369393e+02 4.037417e+02 -5.308553e-15
      vertex   3.034518e+02 3.664439e+02 1.500000e+00
    endloop
  endfacet
  facet normal 2.691037e-01 -9.631112e-01 0.000000e+00
    outer loop
      vertex   3.034518e+02 3.664439e+02 1.500000e+00
      vertex   4.369393e+02 4.037417e+02 -5.308553e-15
      vertex   4.369393e+02 4.037417e+02 1.500000e+00
    endloop
  endfacet
  facet normal -8.944211e-01 -4.472258e-01 0.000000e+00
    outer loop
      vertex   2.811878e+02 4.109704e+02 -4.423294e-15
      vertex   3.034518e+02 3.664439e+02 -9.876223e-15
      vertex   2.811878e+02 4.109704e+02 1.500000e+00
    endloop
  endfacet
  facet normal -8.944211e-01 -4.472258e-01 0.000000e+00
    outer loop
      vertex   2.811878e+02 4.109704e+02 1.500000e+00
      vertex   3.034518e+02 3.664439e+02 -9.876223e-15
      vertex   3.034518e+02 3.664439e+02 1.500000e+00
    endloop
  endfacet
  facet normal -1.000000e+00 -0.000000e+00 0.000000e+00
    outer loop
      vertex   2.811878e+02 4.421001e+02 -6.110048e-16
      vertex   2.811878e+02 4.109704e+02 -4.423294e-15
      vertex   2.811878e+02 4.421001e+02 1.500000e+00
    endloop
  endfacet
  facet normal -1.000000e+00 0.000000e+00 0.000000e+00
    outer loop
      vertex   2.811878e+02 4.421001e+02 1.500000e+00
      vertex   2.811878e+02 4.109704e+02 -4.423294e-15
      vertex   2.811878e+02 4.109704e+02 1.500000e+00
    endloop
  endfacet
  facet normal -9.173752e-01 3.980235e-01 0.000000e+00
    outer loop
      vertex   3.058408e+02 4.989210e+02 6.347548e-15
      vertex   2.811878e+02 4.421001e+02 -6.110048e-16
      vertex   3.058408e+02 4.989210e+02 1.500000e+00
    endloop
  endfacet
  facet normal -9.173752e-01 3.980235e-01 0.000000e+00
    outer loop
      vertex   3.058408e+02 4.989210e+02 1.500000e+00
      vertex   2.811878e+02 4.421001e+02 -6.110048e-16
      vertex   2.811878e+02 4.421001e+02 1.500000e+00
    endloop
  endfacet
  facet normal -9.758315e-02 9.952274e-01 0.000000e+00
    outer loop
      vertex   3.609956e+02 5.043290e+02 7.009835e-15
      vertex   3.058408e+02 4.989210e+02 6.347548e-15
      vertex   3.609956e+02 5.043290e+02 1.500000e+00
    endloop
  endfacet
  facet normal -9.758315e-02 9.952274e-01 0.000000e+00
    outer loop
      vertex   3.609956e+02 5.043290e+02 1.500000e+00
      vertex   3.058408e+02 4.989210e+02 6.347548e-15
      vertex   3.058408e+02 4.989210e+02 1.500000e+00
    endloop
  endfacet
  facet normal -3.696818e-17 4.866953e-18 1.000000e+00
    outer loop
      vertex   3.094916e+02 3.748274e+02 1.500000e+00
      vertex   4.280048e+02 4.081890e+02 1.500000e+00
      vertex   3.095649e+02 3.753839e+02 1.500000e+00
    endloop
  endfacet
  facet normal 8.453245e-17 -4.337993e-16 1.000000e+00
    outer loop
      vertex   3.095649e+02 3.753839e+02 1.500000e+00
      vertex   4.280048e+02 4.081890e+02 1.500000e+00
      vertex   4.276632e+02 4.086343e+02 1.500000e+00
    endloop
  endfacet
  facet normal -3.625935e-17 -4.773635e-18 1.000000e+00
    outer loop
      vertex   3.095649e+02 3.753839e+02 1.500000e+00
      vertex   4.276632e+02 4.086343e+02 1.500000e+00
      vertex   3.094916e+02 3.759403e+02 1.500000e+00
    endloop
  endfacet
  facet normal -3.371622e-17 -1.396572e-17 1.000000e+00
    outer loop
      vertex   3.094916e+02 3.759403e+02 1.500000e+00
      vertex   4.276632e+02 4.086343e+02 1.500000e+00
      vertex   4.274484e+02 4.091528e+02 1.500000e+00
    endloop
  endfacet
  facet normal -3.371622e-17 -1.396572e-17 1.000000e+00
    outer loop
      vertex   3.094916e+02 3.759403e+02 1.500000e+00
      vertex   4.274484e+02 4.091528e+02 1.500000e+00
      vertex   3.092769e+02 3.764589e+02 1.500000e+00
    endloop
  endfacet
  facet normal -3.625935e-17 -4.773635e-18 1.000000e+00
    outer loop
      vertex   3.092769e+02 3.764589e+02 1.500000e+00
      vertex   4.274484e+02 4.091528e+02 1.500000e+00
      vertex   4.273751e+02 4.097093e+02 1.500000e+00
    endloop
  endfacet
  facet normal 8.453245e-17 -4.337993e-16 1.000000e+00
    outer loop
      vertex   3.092769e+02 3.764589e+02 1.500000e+00
      vertex   4.273751e+02 4.097093e+02 1.500000e+00
      vertex   3.089352e+02 3.769041e+02 1.500000e+00
    endloop
  endfacet
  facet normal -3.696818e-17 4.866953e-18 1.000000e+00
    outer loop
      vertex   3.089352e+02 3.769041e+02 1.500000e+00
      vertex   4.273751e+02 4.097093e+02 1.500000e+00
      vertex   4.274484e+02 4.102658e+02 1.500000e+00
    endloop
  endfacet
  facet normal -8.022273e-19 -1.236082e-16 1.000000e+00
    outer loop
      vertex   3.089352e+02 3.769041e+02 1.500000e+00
      vertex   4.274484e+02 4.102658e+02 1.500000e+00
      vertex   2.912228e+02 4.398916e+02 1.500000e+00
    endloop
  endfacet
  facet normal 2.392448e-17 -9.909846e-18 1.000000e+00
    outer loop
      vertex   2.912228e+02 4.398916e+02 1.500000e+00
      vertex   4.274484e+02 4.102658e+02 1.500000e+00
      vertex   4.276632e+02 4.107843e+02 1.500000e+00
    endloop
  endfacet
  facet normal 2.532725e-17 -3.334395e-18 1.000000e+00
    outer loop
      vertex   2.912228e+02 4.398916e+02 1.500000e+00
      vertex   4.276632e+02 4.107843e+02 1.500000e+00
      vertex   2.912961e+02 4.404481e+02 1.500000e+00
    endloop
  endfacet
  facet normal -1.055654e-18 -1.246190e-16 1.000000e+00
    outer loop
      vertex   2.912961e+02 4.404481e+02 1.500000e+00
      vertex   4.276632e+02 4.107843e+02 1.500000e+00
      vertex   3.126378e+02 4.901573e+02 1.500000e+00
    endloop
  endfacet
  facet normal -2.229519e-16 -2.935217e-17 1.000000e+00
    outer loop
      vertex   2.912961e+02 4.404481e+02 1.500000e+00
      vertex   3.126378e+02 4.901573e+02 1.500000e+00
      vertex   2.912228e+02 4.410045e+02 1.500000e+00
    endloop
  endfacet
  facet normal 1.458004e-16 -1.900108e-16 1.000000e+00
    outer loop
      vertex   2.912228e+02 4.410045e+02 1.500000e+00
      vertex   3.126378e+02 4.901573e+02 1.500000e+00
      vertex   3.121925e+02 4.898157e+02 1.500000e+00
    endloop
  endfacet
  facet normal -1.509484e-16 -6.252487e-17 1.000000e+00
    outer loop
      vertex   2.912228e+02 4.410045e+02 1.500000e+00
      vertex   3.121925e+02 4.898157e+02 1.500000e+00
      vertex   2.910080e+02 4.415231e+02 1.500000e+00
    endloop
  endfacet
  facet normal 6.516751e-17 -1.573283e-16 1.000000e+00
    outer loop
      vertex   2.910080e+02 4.415231e+02 1.500000e+00
      vertex   3.121925e+02 4.898157e+02 1.500000e+00
      vertex   3.116740e+02 4.896009e+02 1.500000e+00
    endloop
  endfacet
  facet normal 3.085165e-16 -2.619303e-16 1.000000e+00
    outer loop
      vertex   2.910080e+02 4.415231e+02 1.500000e+00
      vertex   3.116740e+02 4.896009e+02 1.500000e+00
      vertex   2.906663e+02 4.419684e+02 1.500000e+00
    endloop
  endfacet
  facet normal 1.759171e-17 -1.336223e-16 1.000000e+00
    outer loop
      vertex   2.906663e+02 4.419684e+02 1.500000e+00
      vertex   3.116740e+02 4.896009e+02 1.500000e+00
      vertex   3.111175e+02 4.895276e+02 1.500000e+00
    endloop
  endfacet
  facet normal -7.272947e-17 -9.478289e-17 1.000000e+00
    outer loop
      vertex   2.906663e+02 4.419684e+02 1.500000e+00
      vertex   3.111175e+02 4.895276e+02 1.500000e+00
      vertex   2.902211e+02 4.423100e+02 1.500000e+00
    endloop
  endfacet
  facet normal -1.579558e-17 -1.199793e-16 1.000000e+00
    outer loop
      vertex   2.902211e+02 4.423100e+02 1.500000e+00
      vertex   3.111175e+02 4.895276e+02 1.500000e+00
      vertex   3.105610e+02 4.896009e+02 1.500000e+00
    endloop
  endfacet
  facet normal -4.457065e-17 -1.076031e-16 1.000000e+00
    outer loop
      vertex   2.902211e+02 4.423100e+02 1.500000e+00
      vertex   3.105610e+02 4.896009e+02 1.500000e+00
      vertex   2.897025e+02 4.425248e+02 1.500000e+00
    endloop
  endfacet
  facet normal -4.457065e-17 -1.076031e-16 1.000000e+00
    outer loop
      vertex   2.897025e+02 4.425248e+02 1.500000e+00
      vertex   3.105610e+02 4.896009e+02 1.500000e+00
      vertex   3.100425e+02 4.898157e+02 1.500000e+00
    endloop
  endfacet
  facet normal -1.579558e-17 -1.199793e-16 1.000000e+00
    outer loop
      vertex   2.897025e+02 4.425248e+02 1.500000e+00
      vertex   3.100425e+02 4.898157e+02 1.500000e+00
      vertex   2.891461e+02 4.425981e+02 1.500000e+00
    endloop
  endfacet
  facet normal -7.272947e-17 -9.478289e-17 1.000000e+00
    outer loop
      vertex   2.891461e+02 4.425981e+02 1.500000e+00
      vertex   3.100425e+02 4.898157e+02 1.500000e+00
      vertex   3.095972e+02 4.901573e+02 1.500000e+00
    endloop
  endfacet
  facet normal 1.759171e-17 -1.336223e-16 1.000000e+00
    outer loop
      vertex   2.891461e+02 4.425981e+02 1.500000e+00
      vertex   3.095972e+02 4.901573e+02 1.500000e+00
      vertex   2.885896e+02 4.425248e+02 1.500000e+00
    endloop
  endfacet
  facet normal -2.336822e-17 -1.155575e-16 1.000000e+00
    outer loop
      vertex   2.885896e+02 4.425248e+02 1.500000e+00
      vertex   3.095972e+02 4.901573e+02 1.500000e+00
      vertex   2.811878e+02 4.421001e+02 1.500000e+00
    endloop
  endfacet
  facet normal -3.482255e-17 8.406906e-17 1.000000e+00
    outer loop
      vertex   2.885896e+02 4.425248e+02 1.500000e+00
      vertex   2.811878e+02 4.421001e+02 1.500000e+00
      vertex   2.880711e+02 4.423100e+02 1.500000e+00
    endloop
  endfacet
  facet normal -3.359385e-17 4.378036e-17 1.000000e+00
    outer loop
      vertex   2.880711e+02 4.423100e+02 1.500000e+00
      vertex   2.811878e+02 4.421001e+02 1.500000e+00
      vertex   2.876258e+02 4.419684e+02 1.500000e+00
    endloop
  endfacet
  facet normal -4.400413e-17 -4.648978e-16 1.000000e+00
    outer loop
      vertex   2.876258e+02 4.419684e+02 1.500000e+00
      vertex   2.811878e+02 4.421001e+02 1.500000e+00
      vertex   2.872841e+02 4.415231e+02 1.500000e+00
    endloop
  endfacet
  facet normal 0.000000e+00 0.000000e+00 1.000000e+00
    outer loop
      vertex   2.872841e+02 4.415231e+02 1.500000e+00
      vertex   2.811878e+02 4.421001e+02 1.500000e+00
      vertex   2.870693e+02 4.410045e+02 1.500000e+00
    endloop
  endfacet
  facet normal 0.000000e+00 0.000000e+00 1.000000e+00
    outer loop
      vertex   2.870693e+02 4.410045e+02 1.500000e+00
      vertex   2.811878e+02 4.421001e+02 1.500000e+00
      vertex   2.869961e+02 4.404481e+02 1.500000e+00
    endloop
  endfacet
  facet normal 0.000000e+00 0.000000e+00 1.000000e+00
    outer loop
      vertex   2.869961e+02 4.404481e+02 1.500000e+00
      vertex   2.811878e+02 4.421001e+02 1.500000e+00
      vertex   2.870693e+02 4.398916e+02 1.500000e+00
    endloop
  endfacet
  facet normal 0.000000e+00 0.000000e+00 1.000000e+00
    outer loop
      vertex   2.870693e+02 4.398916e+02 1.500000e+00
      vertex   2.811878e+02 4.421001e+02 1.500000e+00
      vertex   2.872841e+02 4.393731e+02 1.500000e+00
    endloop
  endfacet
  facet normal -3.396480e-16 -7.592844e-16 1.000000e+00
    outer loop
      vertex   2.872841e+02 4.393731e+02 1.500000e+00
      vertex   2.811878e+02 4.421001e+02 1.500000e+00
      vertex   2.876258e+02 4.389278e+02 1.500000e+00
    endloop
  endfacet
  facet normal -2.174590e-17 -1.141262e-16 1.000000e+00
    outer loop
      vertex   2.876258e+02 4.389278e+02 1.500000e+00
      vertex   2.811878e+02 4.421001e+02 1.500000e+00
      vertex   2.811878e+02 4.109704e+02 1.500000e+00
    endloop
  endfacet
  facet normal -7.768732e-17 -1.012441e-16 1.000000e+00
    outer loop
      vertex   2.876258e+02 4.389278e+02 1.500000e+00
      vertex   2.811878e+02 4.109704e+02 1.500000e+00
      vertex   2.880711e+02 4.385861e+02 1.500000e+00
    endloop
  endfacet
  facet normal -4.528228e-17 -1.093211e-16 1.000000e+00
    outer loop
      vertex   2.880711e+02 4.385861e+02 1.500000e+00
      vertex   2.811878e+02 4.109704e+02 1.500000e+00
      vertex   2.885896e+02 4.383713e+02 1.500000e+00
    endloop
  endfacet
  facet normal -1.545321e-17 -1.173788e-16 1.000000e+00
    outer loop
      vertex   2.885896e+02 4.383713e+02 1.500000e+00
      vertex   2.811878e+02 4.109704e+02 1.500000e+00
      vertex   2.891461e+02 4.382981e+02 1.500000e+00
    endloop
  endfacet
  facet normal 1.668538e-17 -1.267381e-16 1.000000e+00
    outer loop
      vertex   2.891461e+02 4.382981e+02 1.500000e+00
      vertex   2.811878e+02 4.109704e+02 1.500000e+00
      vertex   2.897025e+02 4.383713e+02 1.500000e+00
    endloop
  endfacet
  facet normal 5.778702e-17 -1.395102e-16 1.000000e+00
    outer loop
      vertex   2.897025e+02 4.383713e+02 1.500000e+00
      vertex   2.811878e+02 4.109704e+02 1.500000e+00
      vertex   2.902211e+02 4.385861e+02 1.500000e+00
    endloop
  endfacet
  facet normal 1.235583e-16 -1.610244e-16 1.000000e+00
    outer loop
      vertex   2.902211e+02 4.385861e+02 1.500000e+00
      vertex   2.811878e+02 4.109704e+02 1.500000e+00
      vertex   2.906663e+02 4.389278e+02 1.500000e+00
    endloop
  endfacet
  facet normal 5.943100e-18 -1.211487e-16 1.000000e+00
    outer loop
      vertex   2.906663e+02 4.389278e+02 1.500000e+00
      vertex   2.811878e+02 4.109704e+02 1.500000e+00
      vertex   3.079714e+02 3.774606e+02 1.500000e+00
    endloop
  endfacet
  facet normal -5.759035e-17 -1.390354e-16 1.000000e+00
    outer loop
      vertex   2.906663e+02 4.389278e+02 1.500000e+00
      vertex   3.079714e+02 3.774606e+02 1.500000e+00
      vertex   3.084899e+02 3.772458e+02 1.500000e+00
    endloop
  endfacet
  facet normal -2.604373e-17 -3.394085e-17 1.000000e+00
    outer loop
      vertex   4.280048e+02 4.081890e+02 1.500000e+00
      vertex   3.094916e+02 3.748274e+02 1.500000e+00
      vertex   4.284501e+02 4.078474e+02 1.500000e+00
    endloop
  endfacet
  facet normal -4.007220e-17 1.659845e-17 1.000000e+00
    outer loop
      vertex   4.284501e+02 4.078474e+02 1.500000e+00
      vertex   3.094916e+02 3.748274e+02 1.500000e+00
      vertex   3.092769e+02 3.743089e+02 1.500000e+00
    endloop
  endfacet
  facet normal 6.485892e-18 -1.488377e-16 1.000000e+00
    outer loop
      vertex   4.284501e+02 4.078474e+02 1.500000e+00
      vertex   3.092769e+02 3.743089e+02 1.500000e+00
      vertex   4.369393e+02 4.037417e+02 1.500000e+00
    endloop
  endfacet
  facet normal 1.058680e-16 -5.798987e-16 1.000000e+00
    outer loop
      vertex   4.369393e+02 4.037417e+02 1.500000e+00
      vertex   3.092769e+02 3.743089e+02 1.500000e+00
      vertex   3.089352e+02 3.738636e+02 1.500000e+00
    endloop
  endfacet
  facet normal -1.871025e-18 -1.183226e-16 1.000000e+00
    outer loop
      vertex   4.369393e+02 4.037417e+02 1.500000e+00
      vertex   3.089352e+02 3.738636e+02 1.500000e+00
      vertex   3.034518e+02 3.664439e+02 1.500000e+00
    endloop
  endfacet
  facet normal 2.121671e-16 -2.765016e-16 1.000000e+00
    outer loop
      vertex   3.034518e+02 3.664439e+02 1.500000e+00
      vertex   3.089352e+02 3.738636e+02 1.500000e+00
      vertex   3.084899e+02 3.735219e+02 1.500000e+00
    endloop
  endfacet
  facet normal 7.370878e-17 -1.779487e-16 1.000000e+00
    outer loop
      vertex   3.034518e+02 3.664439e+02 1.500000e+00
      vertex   3.084899e+02 3.735219e+02 1.500000e+00
      vertex   3.079714e+02 3.733071e+02 1.500000e+00
    endloop
  endfacet
  facet normal 1.865450e-17 -1.416950e-16 1.000000e+00
    outer loop
      vertex   3.079714e+02 3.733071e+02 1.500000e+00
      vertex   3.074149e+02 3.732339e+02 1.500000e+00
      vertex   3.034518e+02 3.664439e+02 1.500000e+00
    endloop
  endfacet
  facet normal -1.599223e-17 -1.214730e-16 1.000000e+00
    outer loop
      vertex   3.034518e+02 3.664439e+02 1.500000e+00
      vertex   3.074149e+02 3.732339e+02 1.500000e+00
      vertex   3.068584e+02 3.733071e+02 1.500000e+00
    endloop
  endfacet
  facet normal -4.446242e-17 -1.073418e-16 1.000000e+00
    outer loop
      vertex   3.034518e+02 3.664439e+02 1.500000e+00
      vertex   3.068584e+02 3.733071e+02 1.500000e+00
      vertex   3.063399e+02 3.735219e+02 1.500000e+00
    endloop
  endfacet
  facet normal -7.332850e-17 -9.556356e-17 1.000000e+00
    outer loop
      vertex   3.063399e+02 3.735219e+02 1.500000e+00
      vertex   3.058946e+02 3.738636e+02 1.500000e+00
      vertex   3.034518e+02 3.664439e+02 1.500000e+00
    endloop
  endfacet
  facet normal 3.455898e-16 -2.334830e-16 1.000000e+00
    outer loop
      vertex   3.034518e+02 3.664439e+02 1.500000e+00
      vertex   3.058946e+02 3.738636e+02 1.500000e+00
      vertex   3.055529e+02 3.743089e+02 1.500000e+00
    endloop
  endfacet
  facet normal -2.071744e-16 -8.581446e-17 1.000000e+00
    outer loop
      vertex   3.034518e+02 3.664439e+02 1.500000e+00
      vertex   3.055529e+02 3.743089e+02 1.500000e+00
      vertex   3.053382e+02 3.748274e+02 1.500000e+00
    endloop
  endfacet
  facet normal -3.713092e-16 -4.888379e-17 1.000000e+00
    outer loop
      vertex   3.053382e+02 3.748274e+02 1.500000e+00
      vertex   3.052649e+02 3.753839e+02 1.500000e+00
      vertex   3.034518e+02 3.664439e+02 1.500000e+00
    endloop
  endfacet
  facet normal 6.880837e-19 -1.243257e-16 1.000000e+00
    outer loop
      vertex   3.034518e+02 3.664439e+02 1.500000e+00
      vertex   3.052649e+02 3.753839e+02 1.500000e+00
      vertex   2.811878e+02 4.109704e+02 1.500000e+00
    endloop
  endfacet
  facet normal 1.544006e-16 -2.032723e-17 1.000000e+00
    outer loop
      vertex   2.811878e+02 4.109704e+02 1.500000e+00
      vertex   3.052649e+02 3.753839e+02 1.500000e+00
      vertex   3.053382e+02 3.759403e+02 1.500000e+00
    endloop
  endfacet
  facet normal 1.148696e-16 -4.758056e-17 1.000000e+00
    outer loop
      vertex   2.811878e+02 4.109704e+02 1.500000e+00
      vertex   3.053382e+02 3.759403e+02 1.500000e+00
      vertex   3.055529e+02 3.764589e+02 1.500000e+00
    endloop
  endfacet
  facet normal -2.511222e-16 -3.059705e-16 1.000000e+00
    outer loop
      vertex   3.055529e+02 3.764589e+02 1.500000e+00
      vertex   3.058946e+02 3.769041e+02 1.500000e+00
      vertex   2.811878e+02 4.109704e+02 1.500000e+00
    endloop
  endfacet
  facet normal 6.105173e-17 -7.956416e-17 1.000000e+00
    outer loop
      vertex   2.811878e+02 4.109704e+02 1.500000e+00
      vertex   3.058946e+02 3.769041e+02 1.500000e+00
      vertex   3.063399e+02 3.772458e+02 1.500000e+00
    endloop
  endfacet
  facet normal 3.958740e-17 -9.557243e-17 1.000000e+00
    outer loop
      vertex   2.811878e+02 4.109704e+02 1.500000e+00
      vertex   3.063399e+02 3.772458e+02 1.500000e+00
      vertex   3.068584e+02 3.774606e+02 1.500000e+00
    endloop
  endfacet
  facet normal 1.505640e-17 -1.143647e-16 1.000000e+00
    outer loop
      vertex   3.068584e+02 3.774606e+02 1.500000e+00
      vertex   3.074149e+02 3.775339e+02 1.500000e+00
      vertex   2.811878e+02 4.109704e+02 1.500000e+00
    endloop
  endfacet
  facet normal -1.852413e-17 -1.407047e-16 1.000000e+00
    outer loop
      vertex   2.811878e+02 4.109704e+02 1.500000e+00
      vertex   3.074149e+02 3.775339e+02 1.500000e+00
      vertex   3.079714e+02 3.774606e+02 1.500000e+00
    endloop
  endfacet
  facet normal -3.562191e-16 -2.253268e-16 1.000000e+00
    outer loop
      vertex   2.906663e+02 4.389278e+02 1.500000e+00
      vertex   3.084899e+02 3.772458e+02 1.500000e+00
      vertex   2.910080e+02 4.393731e+02 1.500000e+00
    endloop
  endfacet
  facet normal -1.224177e-16 -1.595379e-16 1.000000e+00
    outer loop
      vertex   2.910080e+02 4.393731e+02 1.500000e+00
      vertex   3.084899e+02 3.772458e+02 1.500000e+00
      vertex   3.089352e+02 3.769041e+02 1.500000e+00
    endloop
  endfacet
  facet normal 1.774222e-16 -7.349069e-17 1.000000e+00
    outer loop
      vertex   2.910080e+02 4.393731e+02 1.500000e+00
      vertex   3.089352e+02 3.769041e+02 1.500000e+00
      vertex   2.912228e+02 4.398916e+02 1.500000e+00
    endloop
  endfacet
  facet normal -3.829609e-16 -4.494477e-16 1.000000e+00
    outer loop
      vertex   4.316018e+02 4.102658e+02 1.500000e+00
      vertex   4.316751e+02 4.097093e+02 1.500000e+00
      vertex   4.369393e+02 4.037417e+02 1.500000e+00
    endloop
  endfacet
  facet normal 5.037111e-16 3.327152e-16 1.000000e+00
    outer loop
      vertex   4.369393e+02 4.037417e+02 1.500000e+00
      vertex   4.316751e+02 4.097093e+02 1.500000e+00
      vertex   4.316018e+02 4.091528e+02 1.500000e+00
    endloop
  endfacet
  facet normal 1.171919e-16 -4.854248e-17 1.000000e+00
    outer loop
      vertex   4.369393e+02 4.037417e+02 1.500000e+00
      vertex   4.316018e+02 4.091528e+02 1.500000e+00
      vertex   4.313871e+02 4.086343e+02 1.500000e+00
    endloop
  endfacet
  facet normal -1.667203e-16 -3.707344e-16 1.000000e+00
    outer loop
      vertex   4.313871e+02 4.086343e+02 1.500000e+00
      vertex   4.310454e+02 4.081890e+02 1.500000e+00
      vertex   4.369393e+02 4.037417e+02 1.500000e+00
    endloop
  endfacet
  facet normal 5.698426e-17 -7.426333e-17 1.000000e+00
    outer loop
      vertex   4.369393e+02 4.037417e+02 1.500000e+00
      vertex   4.310454e+02 4.081890e+02 1.500000e+00
      vertex   4.306001e+02 4.078474e+02 1.500000e+00
    endloop
  endfacet
  facet normal 4.099007e-17 -9.895878e-17 1.000000e+00
    outer loop
      vertex   4.369393e+02 4.037417e+02 1.500000e+00
      vertex   4.306001e+02 4.078474e+02 1.500000e+00
      vertex   4.300816e+02 4.076326e+02 1.500000e+00
    endloop
  endfacet
  facet normal 1.829449e-17 -1.389605e-16 1.000000e+00
    outer loop
      vertex   4.300816e+02 4.076326e+02 1.500000e+00
      vertex   4.295251e+02 4.075593e+02 1.500000e+00
      vertex   4.369393e+02 4.037417e+02 1.500000e+00
    endloop
  endfacet
  facet normal -3.086341e-17 -2.344308e-16 1.000000e+00
    outer loop
      vertex   4.369393e+02 4.037417e+02 1.500000e+00
      vertex   4.295251e+02 4.075593e+02 1.500000e+00
      vertex   4.289686e+02 4.076326e+02 1.500000e+00
    endloop
  endfacet
  facet normal -4.682259e-16 -1.130397e-15 1.000000e+00
    outer loop
      vertex   4.369393e+02 4.037417e+02 1.500000e+00
      vertex   4.289686e+02 4.076326e+02 1.500000e+00
      vertex   4.284501e+02 4.078474e+02 1.500000e+00
    endloop
  endfacet
  facet normal 2.758786e-18 -1.190913e-16 1.000000e+00
    outer loop
      vertex   3.126378e+02 4.901573e+02 1.500000e+00
      vertex   4.276632e+02 4.107843e+02 1.500000e+00
      vertex   3.609956e+02 5.043290e+02 1.500000e+00
    endloop
  endfacet
  facet normal -2.551376e-16 -3.028893e-16 1.000000e+00
    outer loop
      vertex   3.609956e+02 5.043290e+02 1.500000e+00
      vertex   4.276632e+02 4.107843e+02 1.500000e+00
      vertex   4.280048e+02 4.112296e+02 1.500000e+00
    endloop
  endfacet
  facet normal -2.305484e-18 -1.209108e-16 1.000000e+00
    outer loop
      vertex   3.609956e+02 5.043290e+02 1.500000e+00
      vertex   4.280048e+02 4.112296e+02 1.500000e+00
      vertex   4.280048e+02 4.883598e+02 1.500000e+00
    endloop
  endfacet
  facet normal 9.277809e-17 -1.209108e-16 1.000000e+00
    outer loop
      vertex   4.280048e+02 4.883598e+02 1.500000e+00
      vertex   4.280048e+02 4.112296e+02 1.500000e+00
      vertex   4.284501e+02 4.115713e+02 1.500000e+00
    endloop
  endfacet
  facet normal -9.360742e-17 -1.219916e-16 1.000000e+00
    outer loop
      vertex   4.280048e+02 4.883598e+02 1.500000e+00
      vertex   4.284501e+02 4.115713e+02 1.500000e+00
      vertex   4.284501e+02 4.880181e+02 1.500000e+00
    endloop
  endfacet
  facet normal 5.053056e-17 -1.219916e-16 1.000000e+00
    outer loop
      vertex   4.284501e+02 4.880181e+02 1.500000e+00
      vertex   4.284501e+02 4.115713e+02 1.500000e+00
      vertex   4.289686e+02 4.117861e+02 1.500000e+00
    endloop
  endfacet
  facet normal -5.081611e-17 -1.226809e-16 1.000000e+00
    outer loop
      vertex   4.284501e+02 4.880181e+02 1.500000e+00
      vertex   4.289686e+02 4.117861e+02 1.500000e+00
      vertex   4.289686e+02 4.878033e+02 1.500000e+00
    endloop
  endfacet
  facet normal 1.615125e-17 -1.226809e-16 1.000000e+00
    outer loop
      vertex   4.289686e+02 4.878033e+02 1.500000e+00
      vertex   4.289686e+02 4.117861e+02 1.500000e+00
      vertex   4.295251e+02 4.118593e+02 1.500000e+00
    endloop
  endfacet
  facet normal -1.618244e-17 -1.229179e-16 1.000000e+00
    outer loop
      vertex   4.289686e+02 4.878033e+02 1.500000e+00
      vertex   4.295251e+02 4.118593e+02 1.500000e+00
      vertex   4.295251e+02 4.877301e+02 1.500000e+00
    endloop
  endfacet
  facet normal -1.618244e-17 -1.229179e-16 1.000000e+00
    outer loop
      vertex   4.295251e+02 4.877301e+02 1.500000e+00
      vertex   4.295251e+02 4.118593e+02 1.500000e+00
      vertex   4.300816e+02 4.117861e+02 1.500000e+00
    endloop
  endfacet
  facet normal 1.615125e-17 -1.226809e-16 1.000000e+00
    outer loop
      vertex   4.295251e+02 4.877301e+02 1.500000e+00
      vertex   4.300816e+02 4.117861e+02 1.500000e+00
      vertex   4.300816e+02 4.878033e+02 1.500000e+00
    endloop
  endfacet
  facet normal -5.081611e-17 -1.226809e-16 1.000000e+00
    outer loop
      vertex   4.300816e+02 4.878033e+02 1.500000e+00
      vertex   4.300816e+02 4.117861e+02 1.500000e+00
      vertex   4.306001e+02 4.115713e+02 1.500000e+00
    endloop
  endfacet
  facet normal 5.053056e-17 -1.219916e-16 1.000000e+00
    outer loop
      vertex   4.300816e+02 4.878033e+02 1.500000e+00
      vertex   4.306001e+02 4.115713e+02 1.500000e+00
      vertex   4.306001e+02 4.880181e+02 1.500000e+00
    endloop
  endfacet
  facet normal -9.360742e-17 -1.219916e-16 1.000000e+00
    outer loop
      vertex   4.306001e+02 4.880181e+02 1.500000e+00
      vertex   4.306001e+02 4.115713e+02 1.500000e+00
      vertex   4.310454e+02 4.112296e+02 1.500000e+00
    endloop
  endfacet
  facet normal 9.277809e-17 -1.209108e-16 1.000000e+00
    outer loop
      vertex   4.306001e+02 4.880181e+02 1.500000e+00
      vertex   4.310454e+02 4.112296e+02 1.500000e+00
      vertex   4.310454e+02 4.883598e+02 1.500000e+00
    endloop
  endfacet
  facet normal -4.922968e-16 -1.209108e-16 1.000000e+00
    outer loop
      vertex   4.310454e+02 4.883598e+02 1.500000e+00
      vertex   4.310454e+02 4.112296e+02 1.500000e+00
      vertex   4.313871e+02 4.888051e+02 1.500000e+00
    endloop
  endfacet
  facet normal 4.866775e-16 -1.252226e-16 1.000000e+00
    outer loop
      vertex   4.313871e+02 4.888051e+02 1.500000e+00
      vertex   4.310454e+02 4.112296e+02 1.500000e+00
      vertex   4.313871e+02 4.107843e+02 1.500000e+00
    endloop
  endfacet
  facet normal 1.132277e-18 -1.252226e-16 1.000000e+00
    outer loop
      vertex   4.313871e+02 4.888051e+02 1.500000e+00
      vertex   4.313871e+02 4.107843e+02 1.500000e+00
      vertex   4.369393e+02 4.037417e+02 1.500000e+00
    endloop
  endfacet
  facet normal 3.370541e-16 1.396124e-16 1.000000e+00
    outer loop
      vertex   4.369393e+02 4.037417e+02 1.500000e+00
      vertex   4.313871e+02 4.107843e+02 1.500000e+00
      vertex   4.316018e+02 4.102658e+02 1.500000e+00
    endloop
  endfacet
  facet normal 7.073719e-17 -3.897173e-16 1.000000e+00
    outer loop
      vertex   3.131942e+02 4.922341e+02 1.500000e+00
      vertex   3.132675e+02 4.916776e+02 1.500000e+00
      vertex   3.609956e+02 5.043290e+02 1.500000e+00
    endloop
  endfacet
  facet normal -1.433399e-16 4.179010e-16 1.000000e+00
    outer loop
      vertex   3.609956e+02 5.043290e+02 1.500000e+00
      vertex   3.132675e+02 4.916776e+02 1.500000e+00
      vertex   3.131942e+02 4.911211e+02 1.500000e+00
    endloop
  endfacet
  facet normal -3.147302e-17 1.303655e-17 1.000000e+00
    outer loop
      vertex   3.609956e+02 5.043290e+02 1.500000e+00
      vertex   3.131942e+02 4.911211e+02 1.500000e+00
      vertex   3.129795e+02 4.906026e+02 1.500000e+00
    endloop
  endfacet
  facet normal 1.470668e-16 -6.115116e-16 1.000000e+00
    outer loop
      vertex   3.129795e+02 4.906026e+02 1.500000e+00
      vertex   3.126378e+02 4.901573e+02 1.500000e+00
      vertex   3.609956e+02 5.043290e+02 1.500000e+00
    endloop
  endfacet
  facet normal 2.718407e-16 -2.900726e-16 1.000000e+00
    outer loop
      vertex   3.095972e+02 4.901573e+02 1.500000e+00
      vertex   3.092555e+02 4.906026e+02 1.500000e+00
      vertex   2.811878e+02 4.421001e+02 1.500000e+00
    endloop
  endfacet
  facet normal -1.337115e-16 -5.538511e-17 1.000000e+00
    outer loop
      vertex   2.811878e+02 4.421001e+02 1.500000e+00
      vertex   3.092555e+02 4.906026e+02 1.500000e+00
      vertex   3.090408e+02 4.911211e+02 1.500000e+00
    endloop
  endfacet
  facet normal -1.787198e-17 -1.212032e-16 1.000000e+00
    outer loop
      vertex   2.811878e+02 4.421001e+02 1.500000e+00
      vertex   3.090408e+02 4.911211e+02 1.500000e+00
      vertex   3.058408e+02 4.989210e+02 1.500000e+00
    endloop
  endfacet
  facet normal 4.087198e-16 5.380898e-17 1.000000e+00
    outer loop
      vertex   3.058408e+02 4.989210e+02 1.500000e+00
      vertex   3.090408e+02 4.911211e+02 1.500000e+00
      vertex   3.089675e+02 4.916776e+02 1.500000e+00
    endloop
  endfacet
  facet normal 2.176750e-16 -2.865745e-17 1.000000e+00
    outer loop
      vertex   3.058408e+02 4.989210e+02 1.500000e+00
      vertex   3.089675e+02 4.916776e+02 1.500000e+00
      vertex   3.090408e+02 4.922341e+02 1.500000e+00
    endloop
  endfacet
  facet normal 1.487795e-16 -6.162647e-17 1.000000e+00
    outer loop
      vertex   3.090408e+02 4.922341e+02 1.500000e+00
      vertex   3.092555e+02 4.927526e+02 1.500000e+00
      vertex   3.058408e+02 4.989210e+02 1.500000e+00
    endloop
  endfacet
  facet normal -2.685076e-16 -2.926302e-16 1.000000e+00
    outer loop
      vertex   3.058408e+02 4.989210e+02 1.500000e+00
      vertex   3.092555e+02 4.927526e+02 1.500000e+00
      vertex   3.095972e+02 4.931979e+02 1.500000e+00
    endloop
  endfacet
  facet normal 5.939712e-17 -7.740783e-17 1.000000e+00
    outer loop
      vertex   3.058408e+02 4.989210e+02 1.500000e+00
      vertex   3.095972e+02 4.931979e+02 1.500000e+00
      vertex   3.100425e+02 4.935396e+02 1.500000e+00
    endloop
  endfacet
  facet normal 3.874304e-17 -9.353398e-17 1.000000e+00
    outer loop
      vertex   3.100425e+02 4.935396e+02 1.500000e+00
      vertex   3.105610e+02 4.937543e+02 1.500000e+00
      vertex   3.058408e+02 4.989210e+02 1.500000e+00
    endloop
  endfacet
  facet normal 1.515150e-17 -1.150871e-16 1.000000e+00
    outer loop
      vertex   3.058408e+02 4.989210e+02 1.500000e+00
      vertex   3.105610e+02 4.937543e+02 1.500000e+00
      vertex   3.111175e+02 4.938276e+02 1.500000e+00
    endloop
  endfacet
  facet normal -1.993726e-17 -1.514385e-16 1.000000e+00
    outer loop
      vertex   3.058408e+02 4.989210e+02 1.500000e+00
      vertex   3.111175e+02 4.938276e+02 1.500000e+00
      vertex   3.116740e+02 4.937543e+02 1.500000e+00
    endloop
  endfacet
  facet normal -1.003173e-16 -2.421875e-16 1.000000e+00
    outer loop
      vertex   3.116740e+02 4.937543e+02 1.500000e+00
      vertex   3.121925e+02 4.935396e+02 1.500000e+00
      vertex   3.058408e+02 4.989210e+02 1.500000e+00
    endloop
  endfacet
  facet normal 3.661657e-18 -1.194617e-16 1.000000e+00
    outer loop
      vertex   3.058408e+02 4.989210e+02 1.500000e+00
      vertex   3.121925e+02 4.935396e+02 1.500000e+00
      vertex   3.609956e+02 5.043290e+02 1.500000e+00
    endloop
  endfacet
  facet normal -1.766068e-17 -2.301584e-17 1.000000e+00
    outer loop
      vertex   3.609956e+02 5.043290e+02 1.500000e+00
      vertex   3.121925e+02 4.935396e+02 1.500000e+00
      vertex   3.126378e+02 4.931979e+02 1.500000e+00
    endloop
  endfacet
  facet normal 7.804093e-17 -4.387804e-16 1.000000e+00
    outer loop
      vertex   3.609956e+02 5.043290e+02 1.500000e+00
      vertex   3.126378e+02 4.931979e+02 1.500000e+00
      vertex   3.129795e+02 4.927526e+02 1.500000e+00
    endloop
  endfacet
  facet normal -2.522698e-17 -1.044936e-17 1.000000e+00
    outer loop
      vertex   3.129795e+02 4.927526e+02 1.500000e+00
      vertex   3.131942e+02 4.922341e+02 1.500000e+00
      vertex   3.609956e+02 5.043290e+02 1.500000e+00
    endloop
  endfacet
  facet normal -1.080440e-16 -1.422426e-17 1.000000e+00
    outer loop
      vertex   4.316018e+02 4.904365e+02 1.500000e+00
      vertex   4.316751e+02 4.898801e+02 1.500000e+00
      vertex   4.369393e+02 4.967252e+02 1.500000e+00
    endloop
  endfacet
  facet normal -1.526768e-16 2.010029e-17 1.000000e+00
    outer loop
      vertex   4.369393e+02 4.967252e+02 1.500000e+00
      vertex   4.316751e+02 4.898801e+02 1.500000e+00
      vertex   4.316018e+02 4.893236e+02 1.500000e+00
    endloop
  endfacet
  facet normal -2.932415e-16 1.214646e-16 1.000000e+00
    outer loop
      vertex   4.369393e+02 4.967252e+02 1.500000e+00
      vertex   4.316018e+02 4.893236e+02 1.500000e+00
      vertex   4.313871e+02 4.888051e+02 1.500000e+00
    endloop
  endfacet
  facet normal -1.129908e-16 -5.853642e-16 1.000000e+00
    outer loop
      vertex   4.280048e+02 4.883598e+02 1.500000e+00
      vertex   4.276632e+02 4.888051e+02 1.500000e+00
      vertex   3.609956e+02 5.043290e+02 1.500000e+00
    endloop
  endfacet
  facet normal 2.580312e-17 1.068800e-17 1.000000e+00
    outer loop
      vertex   3.609956e+02 5.043290e+02 1.500000e+00
      vertex   4.276632e+02 4.888051e+02 1.500000e+00
      vertex   4.274484e+02 4.893236e+02 1.500000e+00
    endloop
  endfacet
  facet normal 2.410635e-17 3.173661e-18 1.000000e+00
    outer loop
      vertex   3.609956e+02 5.043290e+02 1.500000e+00
      vertex   4.274484e+02 4.893236e+02 1.500000e+00
      vertex   4.273751e+02 4.898801e+02 1.500000e+00
    endloop
  endfacet
  facet normal 2.276321e-17 -2.996833e-18 1.000000e+00
    outer loop
      vertex   4.273751e+02 4.898801e+02 1.500000e+00
      vertex   4.274484e+02 4.904365e+02 1.500000e+00
      vertex   3.609956e+02 5.043290e+02 1.500000e+00
    endloop
  endfacet
  facet normal 2.152571e-17 -8.916242e-18 1.000000e+00
    outer loop
      vertex   3.609956e+02 5.043290e+02 1.500000e+00
      vertex   4.274484e+02 4.904365e+02 1.500000e+00
      vertex   4.276632e+02 4.909551e+02 1.500000e+00
    endloop
  endfacet
  facet normal -6.648614e-17 -4.476467e-16 1.000000e+00
    outer loop
      vertex   3.609956e+02 5.043290e+02 1.500000e+00
      vertex   4.276632e+02 4.909551e+02 1.500000e+00
      vertex   4.280048e+02 4.914004e+02 1.500000e+00
    endloop
  endfacet
  facet normal 1.588715e-17 -2.070454e-17 1.000000e+00
    outer loop
      vertex   4.280048e+02 4.914004e+02 1.500000e+00
      vertex   4.284501e+02 4.917420e+02 1.500000e+00
      vertex   3.609956e+02 5.043290e+02 1.500000e+00
    endloop
  endfacet
  facet normal 2.368513e-18 -9.315212e-17 1.000000e+00
    outer loop
      vertex   3.609956e+02 5.043290e+02 1.500000e+00
      vertex   4.284501e+02 4.917420e+02 1.500000e+00
      vertex   4.369393e+02 4.967252e+02 1.500000e+00
    endloop
  endfacet
  facet normal 1.254027e-16 -3.027489e-16 1.000000e+00
    outer loop
      vertex   4.369393e+02 4.967252e+02 1.500000e+00
      vertex   4.284501e+02 4.917420e+02 1.500000e+00
      vertex   4.289686e+02 4.919568e+02 1.500000e+00
    endloop
  endfacet
  facet normal 1.572050e-17 -1.194090e-16 1.000000e+00
    outer loop
      vertex   4.369393e+02 4.967252e+02 1.500000e+00
      vertex   4.289686e+02 4.919568e+02 1.500000e+00
      vertex   4.295251e+02 4.920301e+02 1.500000e+00
    endloop
  endfacet
  facet normal -1.030908e-17 -7.830524e-17 1.000000e+00
    outer loop
      vertex   4.295251e+02 4.920301e+02 1.500000e+00
      vertex   4.300816e+02 4.919568e+02 1.500000e+00
      vertex   4.369393e+02 4.967252e+02 1.500000e+00
    endloop
  endfacet
  facet normal -2.417505e-17 -5.836374e-17 1.000000e+00
    outer loop
      vertex   4.369393e+02 4.967252e+02 1.500000e+00
      vertex   4.300816e+02 4.919568e+02 1.500000e+00
      vertex   4.306001e+02 4.917420e+02 1.500000e+00
    endloop
  endfacet
  facet normal -3.460404e-17 -4.509686e-17 1.000000e+00
    outer loop
      vertex   4.369393e+02 4.967252e+02 1.500000e+00
      vertex   4.306001e+02 4.917420e+02 1.500000e+00
      vertex   4.310454e+02 4.914004e+02 1.500000e+00
    endloop
  endfacet
  facet normal 2.215696e-16 -3.286470e-16 1.000000e+00
    outer loop
      vertex   4.310454e+02 4.914004e+02 1.500000e+00
      vertex   4.313871e+02 4.909551e+02 1.500000e+00
      vertex   4.369393e+02 4.967252e+02 1.500000e+00
    endloop
  endfacet
  facet normal -8.387126e-17 -3.474061e-17 1.000000e+00
    outer loop
      vertex   4.369393e+02 4.967252e+02 1.500000e+00
      vertex   4.313871e+02 4.909551e+02 1.500000e+00
      vertex   4.316018e+02 4.904365e+02 1.500000e+00
    endloop
  endfacet
  facet normal 5.375221e-17 -1.217880e-16 1.000000e+00
    outer loop
      vertex   4.369393e+02 4.037417e+02 1.500000e+00
      vertex   4.369393e+02 4.967252e+02 1.500000e+00
      vertex   4.313871e+02 4.888051e+02 1.500000e+00
    endloop
  endfacet
endsolid
