solid ASCII
  facet normal 6.800301e-01 7.331842e-01 -1.191951e-13
    outer loop
      vertex   1.475411e+03 1.030712e+03 0.000000e+00
      vertex   1.475411e+03 1.030712e+03 1.500000e+00
      vertex   1.475784e+03 1.030366e+03 0.000000e+00
    endloop
  endfacet
  facet normal 6.800301e-01 7.331842e-01 8.696619e-14
    outer loop
      vertex   1.475784e+03 1.030366e+03 0.000000e+00
      vertex   1.475411e+03 1.030712e+03 1.500000e+00
      vertex   1.475784e+03 1.030366e+03 1.500000e+00
    endloop
  endfacet
  facet normal 4.730605e-01 8.810299e-01 -5.197434e-14
    outer loop
      vertex   1.475784e+03 1.030366e+03 0.000000e+00
      vertex   1.475784e+03 1.030366e+03 1.500000e+00
      vertex   1.476232e+03 1.030125e+03 0.000000e+00
    endloop
  endfacet
  facet normal 4.730605e-01 8.810299e-01 8.157434e-14
    outer loop
      vertex   1.476232e+03 1.030125e+03 0.000000e+00
      vertex   1.475784e+03 1.030366e+03 1.500000e+00
      vertex   1.476232e+03 1.030125e+03 1.500000e+00
    endloop
  endfacet
  facet normal 2.354863e-01 9.718777e-01 -4.023281e-14
    outer loop
      vertex   1.476232e+03 1.030125e+03 0.000000e+00
      vertex   1.476232e+03 1.030125e+03 1.500000e+00
      vertex   1.476727e+03 1.030005e+03 0.000000e+00
    endloop
  endfacet
  facet normal 2.354863e-01 9.718777e-01 -4.023281e-14
    outer loop
      vertex   1.476727e+03 1.030005e+03 0.000000e+00
      vertex   1.476232e+03 1.030125e+03 1.500000e+00
      vertex   1.476727e+03 1.030005e+03 1.500000e+00
    endloop
  endfacet
  facet normal -1.732257e-02 9.998500e-01 -1.594371e-13
    outer loop
      vertex   1.476727e+03 1.030005e+03 0.000000e+00
      vertex   1.476727e+03 1.030005e+03 1.500000e+00
      vertex   1.477235e+03 1.030014e+03 0.000000e+00
    endloop
  endfacet
  facet normal -1.732257e-02 9.998500e-01 -5.251595e-15
    outer loop
      vertex   1.477235e+03 1.030014e+03 0.000000e+00
      vertex   1.476727e+03 1.030005e+03 1.500000e+00
      vertex   1.477235e+03 1.030014e+03 1.500000e+00
    endloop
  endfacet
  facet normal -2.690108e-01 9.631372e-01 -8.155463e-14
    outer loop
      vertex   1.477235e+03 1.030014e+03 0.000000e+00
      vertex   1.477235e+03 1.030014e+03 1.500000e+00
      vertex   1.477725e+03 1.030151e+03 0.000000e+00
    endloop
  endfacet
  facet normal -2.690108e-01 9.631372e-01 1.052174e-13
    outer loop
      vertex   1.477725e+03 1.030151e+03 0.000000e+00
      vertex   1.477235e+03 1.030014e+03 1.500000e+00
      vertex   1.477725e+03 1.030151e+03 1.500000e+00
    endloop
  endfacet
  facet normal -5.032954e-01 8.641144e-01 5.469383e-14
    outer loop
      vertex   1.477725e+03 1.030151e+03 0.000000e+00
      vertex   1.477725e+03 1.030151e+03 1.500000e+00
      vertex   1.478165e+03 1.030407e+03 0.000000e+00
    endloop
  endfacet
  facet normal -5.032954e-01 8.641144e-01 0.000000e+00
    outer loop
      vertex   1.478165e+03 1.030407e+03 0.000000e+00
      vertex   1.477725e+03 1.030151e+03 1.500000e+00
      vertex   1.478165e+03 1.030407e+03 1.500000e+00
    endloop
  endfacet
  facet normal -7.050195e-01 7.091880e-01 0.000000e+00
    outer loop
      vertex   1.478165e+03 1.030407e+03 0.000000e+00
      vertex   1.478165e+03 1.030407e+03 1.500000e+00
      vertex   1.478525e+03 1.030766e+03 0.000000e+00
    endloop
  endfacet
  facet normal -7.050195e-01 7.091880e-01 1.075004e-13
    outer loop
      vertex   1.478525e+03 1.030766e+03 0.000000e+00
      vertex   1.478165e+03 1.030407e+03 1.500000e+00
      vertex   1.478525e+03 1.030766e+03 1.500000e+00
    endloop
  endfacet
  facet normal -8.611324e-01 5.083807e-01 7.706160e-14
    outer loop
      vertex   1.478525e+03 1.030766e+03 0.000000e+00
      vertex   1.478525e+03 1.030766e+03 1.500000e+00
      vertex   1.478784e+03 1.031204e+03 0.000000e+00
    endloop
  endfacet
  facet normal -8.611324e-01 5.083807e-01 7.706160e-14
    outer loop
      vertex   1.478784e+03 1.031204e+03 0.000000e+00
      vertex   1.478525e+03 1.030766e+03 1.500000e+00
      vertex   1.478784e+03 1.031204e+03 1.500000e+00
    endloop
  endfacet
  facet normal -9.615346e-01 2.746839e-01 4.163726e-14
    outer loop
      vertex   1.478784e+03 1.031204e+03 0.000000e+00
      vertex   1.478784e+03 1.031204e+03 1.500000e+00
      vertex   1.478924e+03 1.031693e+03 0.000000e+00
    endloop
  endfacet
  facet normal -9.615346e-01 2.746839e-01 4.163726e-14
    outer loop
      vertex   1.478924e+03 1.031693e+03 0.000000e+00
      vertex   1.478784e+03 1.031204e+03 1.500000e+00
      vertex   1.478924e+03 1.031693e+03 1.500000e+00
    endloop
  endfacet
  facet normal -9.997305e-01 2.321649e-02 3.519213e-15
    outer loop
      vertex   1.478924e+03 1.031693e+03 0.000000e+00
      vertex   1.478924e+03 1.031693e+03 1.500000e+00
      vertex   1.478936e+03 1.032201e+03 0.000000e+00
    endloop
  endfacet
  facet normal -9.997305e-01 2.321649e-02 0.000000e+00
    outer loop
      vertex   1.478936e+03 1.032201e+03 0.000000e+00
      vertex   1.478924e+03 1.031693e+03 1.500000e+00
      vertex   1.478936e+03 1.032201e+03 1.500000e+00
    endloop
  endfacet
  facet normal -9.732490e-01 -2.297529e-01 0.000000e+00
    outer loop
      vertex   1.478936e+03 1.032201e+03 0.000000e+00
      vertex   1.478936e+03 1.032201e+03 1.500000e+00
      vertex   1.478819e+03 1.032697e+03 0.000000e+00
    endloop
  endfacet
  facet normal -9.732490e-01 -2.297529e-01 0.000000e+00
    outer loop
      vertex   1.478819e+03 1.032697e+03 0.000000e+00
      vertex   1.478936e+03 1.032201e+03 1.500000e+00
      vertex   1.478819e+03 1.032697e+03 1.500000e+00
    endloop
  endfacet
  facet normal -8.838034e-01 -4.678585e-01 0.000000e+00
    outer loop
      vertex   1.478819e+03 1.032697e+03 0.000000e+00
      vertex   1.478819e+03 1.032697e+03 1.500000e+00
      vertex   1.478581e+03 1.033146e+03 0.000000e+00
    endloop
  endfacet
  facet normal -8.838034e-01 -4.678585e-01 0.000000e+00
    outer loop
      vertex   1.478581e+03 1.033146e+03 0.000000e+00
      vertex   1.478819e+03 1.032697e+03 1.500000e+00
      vertex   1.478581e+03 1.033146e+03 1.500000e+00
    endloop
  endfacet
  facet normal -7.371803e-01 -6.756961e-01 0.000000e+00
    outer loop
      vertex   1.478581e+03 1.033146e+03 0.000000e+00
      vertex   1.478581e+03 1.033146e+03 1.500000e+00
      vertex   1.478237e+03 1.033521e+03 0.000000e+00
    endloop
  endfacet
  facet normal -7.371803e-01 -6.756961e-01 -2.234872e-13
    outer loop
      vertex   1.478237e+03 1.033521e+03 0.000000e+00
      vertex   1.478581e+03 1.033146e+03 1.500000e+00
      vertex   1.478237e+03 1.033521e+03 1.500000e+00
    endloop
  endfacet
  facet normal -5.428655e-01 -8.398197e-01 -1.645778e-13
    outer loop
      vertex   1.478237e+03 1.033521e+03 0.000000e+00
      vertex   1.478237e+03 1.033521e+03 1.500000e+00
      vertex   1.477810e+03 1.033797e+03 0.000000e+00
    endloop
  endfacet
  facet normal -5.428655e-01 -8.398197e-01 -8.228888e-14
    outer loop
      vertex   1.477810e+03 1.033797e+03 0.000000e+00
      vertex   1.478237e+03 1.033521e+03 1.500000e+00
      vertex   1.477810e+03 1.033797e+03 1.500000e+00
    endloop
  endfacet
  facet normal -3.134301e-01 -9.496113e-01 -4.751050e-14
    outer loop
      vertex   1.477810e+03 1.033797e+03 0.000000e+00
      vertex   1.477810e+03 1.033797e+03 1.500000e+00
      vertex   1.477327e+03 1.033957e+03 0.000000e+00
    endloop
  endfacet
  facet normal -3.134301e-01 -9.496113e-01 -4.751050e-14
    outer loop
      vertex   1.477327e+03 1.033957e+03 0.000000e+00
      vertex   1.477810e+03 1.033797e+03 1.500000e+00
      vertex   1.477327e+03 1.033957e+03 1.500000e+00
    endloop
  endfacet
  facet normal -6.371740e-02 -9.979680e-01 -9.658440e-15
    outer loop
      vertex   1.477327e+03 1.033957e+03 0.000000e+00
      vertex   1.477327e+03 1.033957e+03 1.500000e+00
      vertex   1.476819e+03 1.033989e+03 0.000000e+00
    endloop
  endfacet
  facet normal -6.371740e-02 -9.979680e-01 -9.658440e-15
    outer loop
      vertex   1.476819e+03 1.033989e+03 0.000000e+00
      vertex   1.477327e+03 1.033957e+03 1.500000e+00
      vertex   1.476819e+03 1.033989e+03 1.500000e+00
    endloop
  endfacet
  facet normal 1.901175e-01 -9.817614e-01 2.881847e-14
    outer loop
      vertex   1.476819e+03 1.033989e+03 0.000000e+00
      vertex   1.476819e+03 1.033989e+03 1.500000e+00
      vertex   1.476320e+03 1.033892e+03 0.000000e+00
    endloop
  endfacet
  facet normal 1.901175e-01 -9.817614e-01 2.881847e-14
    outer loop
      vertex   1.476320e+03 1.033892e+03 0.000000e+00
      vertex   1.476819e+03 1.033989e+03 1.500000e+00
      vertex   1.476320e+03 1.033892e+03 1.500000e+00
    endloop
  endfacet
  facet normal 4.316527e-01 -9.020399e-01 6.543098e-14
    outer loop
      vertex   1.476320e+03 1.033892e+03 0.000000e+00
      vertex   1.476320e+03 1.033892e+03 1.500000e+00
      vertex   1.475861e+03 1.033673e+03 0.000000e+00
    endloop
  endfacet
  facet normal 4.316527e-01 -9.020399e-01 -7.130244e-14
    outer loop
      vertex   1.475861e+03 1.033673e+03 0.000000e+00
      vertex   1.476320e+03 1.033892e+03 1.500000e+00
      vertex   1.475861e+03 1.033673e+03 1.500000e+00
    endloop
  endfacet
  facet normal 6.452623e-01 -7.639611e-01 -1.799266e-14
    outer loop
      vertex   1.475861e+03 1.033673e+03 0.000000e+00
      vertex   1.475861e+03 1.033673e+03 1.500000e+00
      vertex   1.475472e+03 1.033345e+03 0.000000e+00
    endloop
  endfacet
  facet normal 6.452623e-01 -7.639611e-01 -1.337958e-13
    outer loop
      vertex   1.475472e+03 1.033345e+03 0.000000e+00
      vertex   1.475861e+03 1.033673e+03 1.500000e+00
      vertex   1.475472e+03 1.033345e+03 1.500000e+00
    endloop
  endfacet
  facet normal 8.171267e-01 -5.764580e-01 -5.089977e-14
    outer loop
      vertex   1.475472e+03 1.033345e+03 0.000000e+00
      vertex   1.475472e+03 1.033345e+03 1.500000e+00
      vertex   1.475179e+03 1.032929e+03 0.000000e+00
    endloop
  endfacet
  facet normal 8.171267e-01 -5.764580e-01 -1.382807e-13
    outer loop
      vertex   1.475179e+03 1.032929e+03 0.000000e+00
      vertex   1.475472e+03 1.033345e+03 1.500000e+00
      vertex   1.475179e+03 1.032929e+03 1.500000e+00
    endloop
  endfacet
  facet normal 9.361274e-01 -3.516611e-01 -1.801649e-14
    outer loop
      vertex   1.475179e+03 1.032929e+03 0.000000e+00
      vertex   1.475179e+03 1.032929e+03 1.500000e+00
      vertex   1.475000e+03 1.032453e+03 0.000000e+00
    endloop
  endfacet
  facet normal 9.361274e-01 -3.516611e-01 -1.066113e-13
    outer loop
      vertex   1.475000e+03 1.032453e+03 0.000000e+00
      vertex   1.475179e+03 1.032929e+03 1.500000e+00
      vertex   1.475000e+03 1.032453e+03 1.500000e+00
    endloop
  endfacet
  facet normal -8.944272e-01 -4.472136e-01 8.626847e-28
    outer loop
      vertex   1.475411e+03 1.030712e+03 0.000000e+00
      vertex   1.493278e+03 9.949777e+02 0.000000e+00
      vertex   1.475411e+03 1.030712e+03 1.500000e+00
    endloop
  endfacet
  facet normal -8.944272e-01 -4.472136e-01 -6.639723e-14
    outer loop
      vertex   1.475411e+03 1.030712e+03 1.500000e+00
      vertex   1.493278e+03 9.949777e+02 0.000000e+00
      vertex   1.493278e+03 9.949777e+02 1.500000e+00
    endloop
  endfacet
  facet normal 0.000000e+00 0.000000e+00 -1.000000e+00
    outer loop
      vertex   1.546252e+03 1.032940e+03 0.000000e+00
      vertex   1.551252e+03 1.032940e+03 0.000000e+00
      vertex   1.546252e+03 1.018940e+03 0.000000e+00
    endloop
  endfacet
  facet normal 0.000000e+00 0.000000e+00 -1.000000e+00
    outer loop
      vertex   1.546252e+03 1.018940e+03 0.000000e+00
      vertex   1.551252e+03 1.032940e+03 0.000000e+00
      vertex   1.551252e+03 1.018940e+03 0.000000e+00
    endloop
  endfacet
  facet normal 0.000000e+00 -0.000000e+00 -1.000000e+00
    outer loop
      vertex   1.546252e+03 1.018940e+03 0.000000e+00
      vertex   1.551252e+03 1.018940e+03 0.000000e+00
      vertex   1.496868e+03 9.933859e+02 0.000000e+00
    endloop
  endfacet
  facet normal 0.000000e+00 0.000000e+00 -1.000000e+00
    outer loop
      vertex   1.496868e+03 9.933859e+02 0.000000e+00
      vertex   1.551252e+03 1.018940e+03 0.000000e+00
      vertex   1.565252e+03 1.018940e+03 0.000000e+00
    endloop
  endfacet
  facet normal 0.000000e+00 0.000000e+00 -1.000000e+00
    outer loop
      vertex   1.496868e+03 9.933859e+02 0.000000e+00
      vertex   1.565252e+03 1.018940e+03 0.000000e+00
      vertex   1.616861e+03 1.026912e+03 0.000000e+00
    endloop
  endfacet
  facet normal -0.000000e+00 0.000000e+00 -1.000000e+00
    outer loop
      vertex   1.616861e+03 1.026912e+03 0.000000e+00
      vertex   1.565252e+03 1.018940e+03 0.000000e+00
      vertex   1.616403e+03 1.027087e+03 0.000000e+00
    endloop
  endfacet
  facet normal -0.000000e+00 0.000000e+00 -1.000000e+00
    outer loop
      vertex   1.616403e+03 1.027087e+03 0.000000e+00
      vertex   1.565252e+03 1.018940e+03 0.000000e+00
      vertex   1.593752e+03 1.033440e+03 0.000000e+00
    endloop
  endfacet
  facet normal 0.000000e+00 0.000000e+00 -1.000000e+00
    outer loop
      vertex   1.616403e+03 1.027087e+03 0.000000e+00
      vertex   1.593752e+03 1.033440e+03 0.000000e+00
      vertex   1.616001e+03 1.027367e+03 0.000000e+00
    endloop
  endfacet
  facet normal 0.000000e+00 0.000000e+00 -1.000000e+00
    outer loop
      vertex   1.616001e+03 1.027367e+03 0.000000e+00
      vertex   1.593752e+03 1.033440e+03 0.000000e+00
      vertex   1.598752e+03 1.033440e+03 0.000000e+00
    endloop
  endfacet
  facet normal 0.000000e+00 0.000000e+00 -1.000000e+00
    outer loop
      vertex   1.616001e+03 1.027367e+03 0.000000e+00
      vertex   1.598752e+03 1.033440e+03 0.000000e+00
      vertex   1.615679e+03 1.027737e+03 0.000000e+00
    endloop
  endfacet
  facet normal 0.000000e+00 0.000000e+00 -1.000000e+00
    outer loop
      vertex   1.615679e+03 1.027737e+03 0.000000e+00
      vertex   1.598752e+03 1.033440e+03 0.000000e+00
      vertex   1.615457e+03 1.028174e+03 0.000000e+00
    endloop
  endfacet
  facet normal 0.000000e+00 0.000000e+00 -1.000000e+00
    outer loop
      vertex   1.615457e+03 1.028174e+03 0.000000e+00
      vertex   1.598752e+03 1.033440e+03 0.000000e+00
      vertex   1.615348e+03 1.028652e+03 0.000000e+00
    endloop
  endfacet
  facet normal 0.000000e+00 0.000000e+00 -1.000000e+00
    outer loop
      vertex   1.615348e+03 1.028652e+03 0.000000e+00
      vertex   1.598752e+03 1.033440e+03 0.000000e+00
      vertex   1.612752e+03 1.033440e+03 0.000000e+00
    endloop
  endfacet
  facet normal 0.000000e+00 0.000000e+00 -1.000000e+00
    outer loop
      vertex   1.615348e+03 1.028652e+03 0.000000e+00
      vertex   1.612752e+03 1.033440e+03 0.000000e+00
      vertex   1.615358e+03 1.029142e+03 0.000000e+00
    endloop
  endfacet
  facet normal 0.000000e+00 0.000000e+00 -1.000000e+00
    outer loop
      vertex   1.615358e+03 1.029142e+03 0.000000e+00
      vertex   1.612752e+03 1.033440e+03 0.000000e+00
      vertex   1.615488e+03 1.029615e+03 0.000000e+00
    endloop
  endfacet
  facet normal 0.000000e+00 0.000000e+00 -1.000000e+00
    outer loop
      vertex   1.615488e+03 1.029615e+03 0.000000e+00
      vertex   1.612752e+03 1.033440e+03 0.000000e+00
      vertex   1.615728e+03 1.030042e+03 0.000000e+00
    endloop
  endfacet
  facet normal 0.000000e+00 0.000000e+00 -1.000000e+00
    outer loop
      vertex   1.615728e+03 1.030042e+03 0.000000e+00
      vertex   1.612752e+03 1.033440e+03 0.000000e+00
      vertex   1.616065e+03 1.030398e+03 0.000000e+00
    endloop
  endfacet
  facet normal 0.000000e+00 0.000000e+00 -1.000000e+00
    outer loop
      vertex   1.616065e+03 1.030398e+03 0.000000e+00
      vertex   1.612752e+03 1.033440e+03 0.000000e+00
      vertex   1.616479e+03 1.030661e+03 0.000000e+00
    endloop
  endfacet
  facet normal 0.000000e+00 0.000000e+00 -1.000000e+00
    outer loop
      vertex   1.616479e+03 1.030661e+03 0.000000e+00
      vertex   1.612752e+03 1.033440e+03 0.000000e+00
      vertex   1.616945e+03 1.030816e+03 0.000000e+00
    endloop
  endfacet
  facet normal 0.000000e+00 0.000000e+00 -1.000000e+00
    outer loop
      vertex   1.616945e+03 1.030816e+03 0.000000e+00
      vertex   1.612752e+03 1.033440e+03 0.000000e+00
      vertex   1.617433e+03 1.030852e+03 0.000000e+00
    endloop
  endfacet
  facet normal 0.000000e+00 0.000000e+00 -1.000000e+00
    outer loop
      vertex   1.617433e+03 1.030852e+03 0.000000e+00
      vertex   1.612752e+03 1.033440e+03 0.000000e+00
      vertex   1.617917e+03 1.030769e+03 0.000000e+00
    endloop
  endfacet
  facet normal 0.000000e+00 0.000000e+00 -1.000000e+00
    outer loop
      vertex   1.617917e+03 1.030769e+03 0.000000e+00
      vertex   1.612752e+03 1.033440e+03 0.000000e+00
      vertex   1.612752e+03 1.047440e+03 0.000000e+00
    endloop
  endfacet
  facet normal 0.000000e+00 0.000000e+00 -1.000000e+00
    outer loop
      vertex   1.617917e+03 1.030769e+03 0.000000e+00
      vertex   1.612752e+03 1.047440e+03 0.000000e+00
      vertex   1.618365e+03 1.030571e+03 0.000000e+00
    endloop
  endfacet
  facet normal 0.000000e+00 0.000000e+00 -1.000000e+00
    outer loop
      vertex   1.618365e+03 1.030571e+03 0.000000e+00
      vertex   1.612752e+03 1.047440e+03 0.000000e+00
      vertex   1.618752e+03 1.030269e+03 0.000000e+00
    endloop
  endfacet
  facet normal 0.000000e+00 0.000000e+00 -1.000000e+00
    outer loop
      vertex   1.618752e+03 1.030269e+03 0.000000e+00
      vertex   1.612752e+03 1.047440e+03 0.000000e+00
      vertex   1.612752e+03 1.052440e+03 0.000000e+00
    endloop
  endfacet
  facet normal 0.000000e+00 0.000000e+00 -1.000000e+00
    outer loop
      vertex   1.618752e+03 1.030269e+03 0.000000e+00
      vertex   1.612752e+03 1.052440e+03 0.000000e+00
      vertex   1.612752e+03 1.066440e+03 0.000000e+00
    endloop
  endfacet
  facet normal 0.000000e+00 0.000000e+00 -1.000000e+00
    outer loop
      vertex   1.532252e+03 1.032940e+03 0.000000e+00
      vertex   1.536752e+03 1.037940e+03 0.000000e+00
      vertex   1.546252e+03 1.032940e+03 0.000000e+00
    endloop
  endfacet
  facet normal 0.000000e+00 0.000000e+00 -1.000000e+00
    outer loop
      vertex   1.546252e+03 1.032940e+03 0.000000e+00
      vertex   1.536752e+03 1.037940e+03 0.000000e+00
      vertex   1.541752e+03 1.040440e+03 0.000000e+00
    endloop
  endfacet
  facet normal 0.000000e+00 0.000000e+00 -1.000000e+00
    outer loop
      vertex   1.546252e+03 1.032940e+03 0.000000e+00
      vertex   1.541752e+03 1.040440e+03 0.000000e+00
      vertex   1.555752e+03 1.040440e+03 0.000000e+00
    endloop
  endfacet
  facet normal 0.000000e+00 0.000000e+00 -1.000000e+00
    outer loop
      vertex   1.532252e+03 1.018940e+03 0.000000e+00
      vertex   1.527252e+03 1.030440e+03 0.000000e+00
      vertex   1.532252e+03 1.032940e+03 0.000000e+00
    endloop
  endfacet
  facet normal -0.000000e+00 0.000000e+00 -1.000000e+00
    outer loop
      vertex   1.532252e+03 1.032940e+03 0.000000e+00
      vertex   1.527252e+03 1.030440e+03 0.000000e+00
      vertex   1.522752e+03 1.037940e+03 0.000000e+00
    endloop
  endfacet
  facet normal 0.000000e+00 0.000000e+00 -1.000000e+00
    outer loop
      vertex   1.532252e+03 1.032940e+03 0.000000e+00
      vertex   1.522752e+03 1.037940e+03 0.000000e+00
      vertex   1.536752e+03 1.037940e+03 0.000000e+00
    endloop
  endfacet
  facet normal 0.000000e+00 0.000000e+00 -1.000000e+00
    outer loop
      vertex   1.527252e+03 1.030440e+03 0.000000e+00
      vertex   1.532252e+03 1.018940e+03 0.000000e+00
      vertex   1.527252e+03 1.016440e+03 0.000000e+00
    endloop
  endfacet
  facet normal 0.000000e+00 0.000000e+00 -1.000000e+00
    outer loop
      vertex   1.527252e+03 1.016440e+03 0.000000e+00
      vertex   1.532252e+03 1.018940e+03 0.000000e+00
      vertex   1.546252e+03 1.018940e+03 0.000000e+00
    endloop
  endfacet
  facet normal 0.000000e+00 -0.000000e+00 -1.000000e+00
    outer loop
      vertex   1.527252e+03 1.016440e+03 0.000000e+00
      vertex   1.546252e+03 1.018940e+03 0.000000e+00
      vertex   1.496868e+03 9.933859e+02 0.000000e+00
    endloop
  endfacet
  facet normal 0.000000e+00 0.000000e+00 -1.000000e+00
    outer loop
      vertex   1.503752e+03 1.049440e+03 0.000000e+00
      vertex   1.517752e+03 1.054440e+03 0.000000e+00
      vertex   1.517752e+03 1.049440e+03 0.000000e+00
    endloop
  endfacet
  facet normal 0.000000e+00 0.000000e+00 -1.000000e+00
    outer loop
      vertex   1.517752e+03 1.049440e+03 0.000000e+00
      vertex   1.517752e+03 1.054440e+03 0.000000e+00
      vertex   1.522752e+03 1.051940e+03 0.000000e+00
    endloop
  endfacet
  facet normal 0.000000e+00 0.000000e+00 -1.000000e+00
    outer loop
      vertex   1.517752e+03 1.049440e+03 0.000000e+00
      vertex   1.522752e+03 1.051940e+03 0.000000e+00
      vertex   1.522752e+03 1.037940e+03 0.000000e+00
    endloop
  endfacet
  facet normal 0.000000e+00 0.000000e+00 -1.000000e+00
    outer loop
      vertex   1.503752e+03 1.035440e+03 0.000000e+00
      vertex   1.497000e+03 1.044000e+03 0.000000e+00
      vertex   1.503752e+03 1.049440e+03 0.000000e+00
    endloop
  endfacet
  facet normal -0.000000e+00 0.000000e+00 -1.000000e+00
    outer loop
      vertex   1.503752e+03 1.049440e+03 0.000000e+00
      vertex   1.497000e+03 1.044000e+03 0.000000e+00
      vertex   1.497000e+03 1.058000e+03 0.000000e+00
    endloop
  endfacet
  facet normal 0.000000e+00 0.000000e+00 -1.000000e+00
    outer loop
      vertex   1.503752e+03 1.049440e+03 0.000000e+00
      vertex   1.497000e+03 1.058000e+03 0.000000e+00
      vertex   1.503752e+03 1.054440e+03 0.000000e+00
    endloop
  endfacet
  facet normal 0.000000e+00 0.000000e+00 -1.000000e+00
    outer loop
      vertex   1.503752e+03 1.054440e+03 0.000000e+00
      vertex   1.497000e+03 1.058000e+03 0.000000e+00
      vertex   1.503685e+03 1.068440e+03 0.000000e+00
    endloop
  endfacet
  facet normal 0.000000e+00 0.000000e+00 -1.000000e+00
    outer loop
      vertex   1.503685e+03 1.068440e+03 0.000000e+00
      vertex   1.497000e+03 1.058000e+03 0.000000e+00
      vertex   1.483000e+03 1.058000e+03 0.000000e+00
    endloop
  endfacet
  facet normal 0.000000e+00 0.000000e+00 -1.000000e+00
    outer loop
      vertex   1.503685e+03 1.068440e+03 0.000000e+00
      vertex   1.483000e+03 1.058000e+03 0.000000e+00
      vertex   1.478480e+03 1.060891e+03 0.000000e+00
    endloop
  endfacet
  facet normal 0.000000e+00 0.000000e+00 -1.000000e+00
    outer loop
      vertex   1.478480e+03 1.060891e+03 0.000000e+00
      vertex   1.483000e+03 1.058000e+03 0.000000e+00
      vertex   1.478763e+03 1.060456e+03 0.000000e+00
    endloop
  endfacet
  facet normal 0.000000e+00 0.000000e+00 -1.000000e+00
    outer loop
      vertex   1.478763e+03 1.060456e+03 0.000000e+00
      vertex   1.483000e+03 1.058000e+03 0.000000e+00
      vertex   1.478924e+03 1.059963e+03 0.000000e+00
    endloop
  endfacet
  facet normal 0.000000e+00 0.000000e+00 -1.000000e+00
    outer loop
      vertex   1.478924e+03 1.059963e+03 0.000000e+00
      vertex   1.483000e+03 1.058000e+03 0.000000e+00
      vertex   1.478953e+03 1.059444e+03 0.000000e+00
    endloop
  endfacet
  facet normal 0.000000e+00 -0.000000e+00 -1.000000e+00
    outer loop
      vertex   1.478953e+03 1.059444e+03 0.000000e+00
      vertex   1.483000e+03 1.058000e+03 0.000000e+00
      vertex   1.478847e+03 1.058936e+03 0.000000e+00
    endloop
  endfacet
  facet normal 0.000000e+00 -0.000000e+00 -1.000000e+00
    outer loop
      vertex   1.478847e+03 1.058936e+03 0.000000e+00
      vertex   1.483000e+03 1.058000e+03 0.000000e+00
      vertex   1.478615e+03 1.058472e+03 0.000000e+00
    endloop
  endfacet
  facet normal 0.000000e+00 -0.000000e+00 -1.000000e+00
    outer loop
      vertex   1.478615e+03 1.058472e+03 0.000000e+00
      vertex   1.483000e+03 1.058000e+03 0.000000e+00
      vertex   1.478270e+03 1.058084e+03 0.000000e+00
    endloop
  endfacet
  facet normal 0.000000e+00 -0.000000e+00 -1.000000e+00
    outer loop
      vertex   1.478270e+03 1.058084e+03 0.000000e+00
      vertex   1.483000e+03 1.058000e+03 0.000000e+00
      vertex   1.477838e+03 1.057797e+03 0.000000e+00
    endloop
  endfacet
  facet normal 0.000000e+00 0.000000e+00 -1.000000e+00
    outer loop
      vertex   1.477838e+03 1.057797e+03 0.000000e+00
      vertex   1.483000e+03 1.058000e+03 0.000000e+00
      vertex   1.483000e+03 1.044000e+03 0.000000e+00
    endloop
  endfacet
  facet normal 0.000000e+00 -0.000000e+00 -1.000000e+00
    outer loop
      vertex   1.477838e+03 1.057797e+03 0.000000e+00
      vertex   1.483000e+03 1.044000e+03 0.000000e+00
      vertex   1.477346e+03 1.057631e+03 0.000000e+00
    endloop
  endfacet
  facet normal 0.000000e+00 -0.000000e+00 -1.000000e+00
    outer loop
      vertex   1.477346e+03 1.057631e+03 0.000000e+00
      vertex   1.483000e+03 1.044000e+03 0.000000e+00
      vertex   1.476828e+03 1.057598e+03 0.000000e+00
    endloop
  endfacet
  facet normal -0.000000e+00 -0.000000e+00 -1.000000e+00
    outer loop
      vertex   1.476828e+03 1.057598e+03 0.000000e+00
      vertex   1.483000e+03 1.044000e+03 0.000000e+00
      vertex   1.476319e+03 1.057698e+03 0.000000e+00
    endloop
  endfacet
  facet normal -0.000000e+00 -0.000000e+00 -1.000000e+00
    outer loop
      vertex   1.476319e+03 1.057698e+03 0.000000e+00
      vertex   1.483000e+03 1.044000e+03 0.000000e+00
      vertex   1.475853e+03 1.057927e+03 0.000000e+00
    endloop
  endfacet
  facet normal 0.000000e+00 0.000000e+00 -1.000000e+00
    outer loop
      vertex   1.475853e+03 1.057927e+03 0.000000e+00
      vertex   1.483000e+03 1.044000e+03 0.000000e+00
      vertex   1.475861e+03 1.033673e+03 0.000000e+00
    endloop
  endfacet
  facet normal 0.000000e+00 -0.000000e+00 -1.000000e+00
    outer loop
      vertex   1.475853e+03 1.057927e+03 0.000000e+00
      vertex   1.475861e+03 1.033673e+03 0.000000e+00
      vertex   1.475472e+03 1.033345e+03 0.000000e+00
    endloop
  endfacet
  facet normal -0.000000e+00 0.000000e+00 -1.000000e+00
    outer loop
      vertex   1.517752e+03 1.035440e+03 0.000000e+00
      vertex   1.513252e+03 1.030440e+03 0.000000e+00
      vertex   1.503752e+03 1.035440e+03 0.000000e+00
    endloop
  endfacet
  facet normal 0.000000e+00 -0.000000e+00 -1.000000e+00
    outer loop
      vertex   1.503752e+03 1.035440e+03 0.000000e+00
      vertex   1.513252e+03 1.030440e+03 0.000000e+00
      vertex   1.500230e+03 1.030267e+03 0.000000e+00
    endloop
  endfacet
  facet normal -0.000000e+00 0.000000e+00 -1.000000e+00
    outer loop
      vertex   1.503752e+03 1.035440e+03 0.000000e+00
      vertex   1.500230e+03 1.030267e+03 0.000000e+00
      vertex   1.497000e+03 1.044000e+03 0.000000e+00
    endloop
  endfacet
  facet normal -0.000000e+00 -0.000000e+00 -1.000000e+00
    outer loop
      vertex   1.497000e+03 1.044000e+03 0.000000e+00
      vertex   1.500230e+03 1.030267e+03 0.000000e+00
      vertex   1.483000e+03 1.044000e+03 0.000000e+00
    endloop
  endfacet
  facet normal 0.000000e+00 -0.000000e+00 -1.000000e+00
    outer loop
      vertex   1.483000e+03 1.044000e+03 0.000000e+00
      vertex   1.500230e+03 1.030267e+03 0.000000e+00
      vertex   1.478819e+03 1.032697e+03 0.000000e+00
    endloop
  endfacet
  facet normal 0.000000e+00 0.000000e+00 -1.000000e+00
    outer loop
      vertex   1.483000e+03 1.044000e+03 0.000000e+00
      vertex   1.478819e+03 1.032697e+03 0.000000e+00
      vertex   1.478581e+03 1.033146e+03 0.000000e+00
    endloop
  endfacet
  facet normal 0.000000e+00 0.000000e+00 -1.000000e+00
    outer loop
      vertex   1.517752e+03 1.049440e+03 0.000000e+00
      vertex   1.522752e+03 1.037940e+03 0.000000e+00
      vertex   1.517752e+03 1.035440e+03 0.000000e+00
    endloop
  endfacet
  facet normal 0.000000e+00 0.000000e+00 -1.000000e+00
    outer loop
      vertex   1.517752e+03 1.035440e+03 0.000000e+00
      vertex   1.522752e+03 1.037940e+03 0.000000e+00
      vertex   1.527252e+03 1.030440e+03 0.000000e+00
    endloop
  endfacet
  facet normal 0.000000e+00 -0.000000e+00 -1.000000e+00
    outer loop
      vertex   1.517752e+03 1.035440e+03 0.000000e+00
      vertex   1.527252e+03 1.030440e+03 0.000000e+00
      vertex   1.513252e+03 1.030440e+03 0.000000e+00
    endloop
  endfacet
  facet normal 0.000000e+00 0.000000e+00 -1.000000e+00
    outer loop
      vertex   1.517752e+03 1.087440e+03 0.000000e+00
      vertex   1.522752e+03 1.075940e+03 0.000000e+00
      vertex   1.517752e+03 1.073440e+03 0.000000e+00
    endloop
  endfacet
  facet normal 0.000000e+00 0.000000e+00 -1.000000e+00
    outer loop
      vertex   1.517752e+03 1.073440e+03 0.000000e+00
      vertex   1.522752e+03 1.075940e+03 0.000000e+00
      vertex   1.522685e+03 1.070940e+03 0.000000e+00
    endloop
  endfacet
  facet normal 0.000000e+00 0.000000e+00 -1.000000e+00
    outer loop
      vertex   1.517752e+03 1.073440e+03 0.000000e+00
      vertex   1.522685e+03 1.070940e+03 0.000000e+00
      vertex   1.517752e+03 1.068440e+03 0.000000e+00
    endloop
  endfacet
  facet normal 0.000000e+00 0.000000e+00 -1.000000e+00
    outer loop
      vertex   1.517752e+03 1.068440e+03 0.000000e+00
      vertex   1.522685e+03 1.070940e+03 0.000000e+00
      vertex   1.522752e+03 1.056940e+03 0.000000e+00
    endloop
  endfacet
  facet normal 0.000000e+00 0.000000e+00 -1.000000e+00
    outer loop
      vertex   1.517752e+03 1.068440e+03 0.000000e+00
      vertex   1.522752e+03 1.056940e+03 0.000000e+00
      vertex   1.517752e+03 1.054440e+03 0.000000e+00
    endloop
  endfacet
  facet normal 0.000000e+00 0.000000e+00 -1.000000e+00
    outer loop
      vertex   1.517752e+03 1.054440e+03 0.000000e+00
      vertex   1.522752e+03 1.056940e+03 0.000000e+00
      vertex   1.522752e+03 1.051940e+03 0.000000e+00
    endloop
  endfacet
  facet normal 0.000000e+00 0.000000e+00 -1.000000e+00
    outer loop
      vertex   1.503752e+03 1.087440e+03 0.000000e+00
      vertex   1.517752e+03 1.092440e+03 0.000000e+00
      vertex   1.517752e+03 1.087440e+03 0.000000e+00
    endloop
  endfacet
  facet normal 0.000000e+00 0.000000e+00 -1.000000e+00
    outer loop
      vertex   1.517752e+03 1.087440e+03 0.000000e+00
      vertex   1.517752e+03 1.092440e+03 0.000000e+00
      vertex   1.522752e+03 1.089940e+03 0.000000e+00
    endloop
  endfacet
  facet normal 0.000000e+00 0.000000e+00 -1.000000e+00
    outer loop
      vertex   1.517752e+03 1.087440e+03 0.000000e+00
      vertex   1.522752e+03 1.089940e+03 0.000000e+00
      vertex   1.522752e+03 1.075940e+03 0.000000e+00
    endloop
  endfacet
  facet normal -0.000000e+00 0.000000e+00 -1.000000e+00
    outer loop
      vertex   1.503752e+03 1.073440e+03 0.000000e+00
      vertex   1.477126e+03 1.061586e+03 0.000000e+00
      vertex   1.503752e+03 1.087440e+03 0.000000e+00
    endloop
  endfacet
  facet normal 0.000000e+00 0.000000e+00 -1.000000e+00
    outer loop
      vertex   1.503752e+03 1.087440e+03 0.000000e+00
      vertex   1.477126e+03 1.061586e+03 0.000000e+00
      vertex   1.476608e+03 1.061563e+03 0.000000e+00
    endloop
  endfacet
  facet normal -0.000000e+00 0.000000e+00 -1.000000e+00
    outer loop
      vertex   1.503752e+03 1.087440e+03 0.000000e+00
      vertex   1.476608e+03 1.061563e+03 0.000000e+00
      vertex   1.503752e+03 1.092440e+03 0.000000e+00
    endloop
  endfacet
  facet normal -0.000000e+00 0.000000e+00 -1.000000e+00
    outer loop
      vertex   1.503752e+03 1.092440e+03 0.000000e+00
      vertex   1.476608e+03 1.061563e+03 0.000000e+00
      vertex   1.497328e+03 1.109625e+03 0.000000e+00
    endloop
  endfacet
  facet normal 0.000000e+00 0.000000e+00 -1.000000e+00
    outer loop
      vertex   1.503752e+03 1.092440e+03 0.000000e+00
      vertex   1.497328e+03 1.109625e+03 0.000000e+00
      vertex   1.497689e+03 1.109254e+03 0.000000e+00
    endloop
  endfacet
  facet normal -0.000000e+00 -0.000000e+00 -1.000000e+00
    outer loop
      vertex   1.517752e+03 1.073440e+03 0.000000e+00
      vertex   1.517752e+03 1.068440e+03 0.000000e+00
      vertex   1.503752e+03 1.073440e+03 0.000000e+00
    endloop
  endfacet
  facet normal 0.000000e+00 -0.000000e+00 -1.000000e+00
    outer loop
      vertex   1.503752e+03 1.073440e+03 0.000000e+00
      vertex   1.517752e+03 1.068440e+03 0.000000e+00
      vertex   1.503685e+03 1.068440e+03 0.000000e+00
    endloop
  endfacet
  facet normal 0.000000e+00 0.000000e+00 -1.000000e+00
    outer loop
      vertex   1.503752e+03 1.073440e+03 0.000000e+00
      vertex   1.503685e+03 1.068440e+03 0.000000e+00
      vertex   1.478095e+03 1.061239e+03 0.000000e+00
    endloop
  endfacet
  facet normal 0.000000e+00 0.000000e+00 -1.000000e+00
    outer loop
      vertex   1.478095e+03 1.061239e+03 0.000000e+00
      vertex   1.503685e+03 1.068440e+03 0.000000e+00
      vertex   1.478480e+03 1.060891e+03 0.000000e+00
    endloop
  endfacet
  facet normal 0.000000e+00 0.000000e+00 -1.000000e+00
    outer loop
      vertex   1.503752e+03 1.092440e+03 0.000000e+00
      vertex   1.498632e+03 1.108845e+03 0.000000e+00
      vertex   1.503752e+03 1.106440e+03 0.000000e+00
    endloop
  endfacet
  facet normal 0.000000e+00 0.000000e+00 -1.000000e+00
    outer loop
      vertex   1.503752e+03 1.106440e+03 0.000000e+00
      vertex   1.498632e+03 1.108845e+03 0.000000e+00
      vertex   1.499149e+03 1.108835e+03 0.000000e+00
    endloop
  endfacet
  facet normal 0.000000e+00 0.000000e+00 -1.000000e+00
    outer loop
      vertex   1.503752e+03 1.106440e+03 0.000000e+00
      vertex   1.499149e+03 1.108835e+03 0.000000e+00
      vertex   1.499653e+03 1.108958e+03 0.000000e+00
    endloop
  endfacet
  facet normal 0.000000e+00 0.000000e+00 -1.000000e+00
    outer loop
      vertex   1.503752e+03 1.092440e+03 0.000000e+00
      vertex   1.517752e+03 1.092440e+03 0.000000e+00
      vertex   1.503752e+03 1.087440e+03 0.000000e+00
    endloop
  endfacet
  facet normal 0.000000e+00 0.000000e+00 -1.000000e+00
    outer loop
      vertex   1.522752e+03 1.089940e+03 0.000000e+00
      vertex   1.517752e+03 1.092440e+03 0.000000e+00
      vertex   1.522752e+03 1.094940e+03 0.000000e+00
    endloop
  endfacet
  facet normal -0.000000e+00 0.000000e+00 -1.000000e+00
    outer loop
      vertex   1.522752e+03 1.094940e+03 0.000000e+00
      vertex   1.517752e+03 1.092440e+03 0.000000e+00
      vertex   1.517752e+03 1.106440e+03 0.000000e+00
    endloop
  endfacet
  facet normal 0.000000e+00 0.000000e+00 -1.000000e+00
    outer loop
      vertex   1.522752e+03 1.094940e+03 0.000000e+00
      vertex   1.517752e+03 1.106440e+03 0.000000e+00
      vertex   1.522752e+03 1.108940e+03 0.000000e+00
    endloop
  endfacet
  facet normal -0.000000e+00 0.000000e+00 -1.000000e+00
    outer loop
      vertex   1.522752e+03 1.108940e+03 0.000000e+00
      vertex   1.517752e+03 1.106440e+03 0.000000e+00
      vertex   1.500561e+03 1.111981e+03 0.000000e+00
    endloop
  endfacet
  facet normal 0.000000e+00 0.000000e+00 -1.000000e+00
    outer loop
      vertex   1.522752e+03 1.108940e+03 0.000000e+00
      vertex   1.500561e+03 1.111981e+03 0.000000e+00
      vertex   1.500209e+03 1.112361e+03 0.000000e+00
    endloop
  endfacet
  facet normal 0.000000e+00 0.000000e+00 -1.000000e+00
    outer loop
      vertex   1.503752e+03 1.106440e+03 0.000000e+00
      vertex   1.500920e+03 1.111018e+03 0.000000e+00
      vertex   1.517752e+03 1.106440e+03 0.000000e+00
    endloop
  endfacet
  facet normal 0.000000e+00 0.000000e+00 -1.000000e+00
    outer loop
      vertex   1.517752e+03 1.106440e+03 0.000000e+00
      vertex   1.500920e+03 1.111018e+03 0.000000e+00
      vertex   1.500803e+03 1.111523e+03 0.000000e+00
    endloop
  endfacet
  facet normal 0.000000e+00 0.000000e+00 -1.000000e+00
    outer loop
      vertex   1.517752e+03 1.106440e+03 0.000000e+00
      vertex   1.500803e+03 1.111523e+03 0.000000e+00
      vertex   1.500561e+03 1.111981e+03 0.000000e+00
    endloop
  endfacet
  facet normal 0.000000e+00 0.000000e+00 -1.000000e+00
    outer loop
      vertex   1.579817e+03 1.085440e+03 0.000000e+00
      vertex   1.593817e+03 1.090440e+03 0.000000e+00
      vertex   1.593817e+03 1.085440e+03 0.000000e+00
    endloop
  endfacet
  facet normal 0.000000e+00 0.000000e+00 -1.000000e+00
    outer loop
      vertex   1.593817e+03 1.085440e+03 0.000000e+00
      vertex   1.593817e+03 1.090440e+03 0.000000e+00
      vertex   1.598752e+03 1.090440e+03 0.000000e+00
    endloop
  endfacet
  facet normal 0.000000e+00 0.000000e+00 -1.000000e+00
    outer loop
      vertex   1.593817e+03 1.085440e+03 0.000000e+00
      vertex   1.598752e+03 1.090440e+03 0.000000e+00
      vertex   1.598752e+03 1.085440e+03 0.000000e+00
    endloop
  endfacet
  facet normal 0.000000e+00 0.000000e+00 -1.000000e+00
    outer loop
      vertex   1.598752e+03 1.085440e+03 0.000000e+00
      vertex   1.598752e+03 1.090440e+03 0.000000e+00
      vertex   1.612752e+03 1.090440e+03 0.000000e+00
    endloop
  endfacet
  facet normal 0.000000e+00 0.000000e+00 -1.000000e+00
    outer loop
      vertex   1.598752e+03 1.085440e+03 0.000000e+00
      vertex   1.612752e+03 1.090440e+03 0.000000e+00
      vertex   1.612752e+03 1.085440e+03 0.000000e+00
    endloop
  endfacet
  facet normal 0.000000e+00 0.000000e+00 -1.000000e+00
    outer loop
      vertex   1.612752e+03 1.085440e+03 0.000000e+00
      vertex   1.612752e+03 1.090440e+03 0.000000e+00
      vertex   1.618752e+03 1.107611e+03 0.000000e+00
    endloop
  endfacet
  facet normal 0.000000e+00 0.000000e+00 -1.000000e+00
    outer loop
      vertex   1.612752e+03 1.085440e+03 0.000000e+00
      vertex   1.618752e+03 1.107611e+03 0.000000e+00
      vertex   1.612752e+03 1.071440e+03 0.000000e+00
    endloop
  endfacet
  facet normal 0.000000e+00 0.000000e+00 -1.000000e+00
    outer loop
      vertex   1.612752e+03 1.071440e+03 0.000000e+00
      vertex   1.618752e+03 1.107611e+03 0.000000e+00
      vertex   1.618752e+03 1.030269e+03 0.000000e+00
    endloop
  endfacet
  facet normal 0.000000e+00 0.000000e+00 -1.000000e+00
    outer loop
      vertex   1.612752e+03 1.071440e+03 0.000000e+00
      vertex   1.618752e+03 1.030269e+03 0.000000e+00
      vertex   1.612752e+03 1.066440e+03 0.000000e+00
    endloop
  endfacet
  facet normal 0.000000e+00 0.000000e+00 -1.000000e+00
    outer loop
      vertex   1.579817e+03 1.071440e+03 0.000000e+00
      vertex   1.574752e+03 1.075940e+03 0.000000e+00
      vertex   1.579817e+03 1.085440e+03 0.000000e+00
    endloop
  endfacet
  facet normal -0.000000e+00 0.000000e+00 -1.000000e+00
    outer loop
      vertex   1.579817e+03 1.085440e+03 0.000000e+00
      vertex   1.574752e+03 1.075940e+03 0.000000e+00
      vertex   1.574752e+03 1.089940e+03 0.000000e+00
    endloop
  endfacet
  facet normal 0.000000e+00 0.000000e+00 -1.000000e+00
    outer loop
      vertex   1.579817e+03 1.085440e+03 0.000000e+00
      vertex   1.574752e+03 1.089940e+03 0.000000e+00
      vertex   1.579817e+03 1.090440e+03 0.000000e+00
    endloop
  endfacet
  facet normal -0.000000e+00 0.000000e+00 -1.000000e+00
    outer loop
      vertex   1.579817e+03 1.090440e+03 0.000000e+00
      vertex   1.574752e+03 1.089940e+03 0.000000e+00
      vertex   1.574752e+03 1.094940e+03 0.000000e+00
    endloop
  endfacet
  facet normal 0.000000e+00 0.000000e+00 -1.000000e+00
    outer loop
      vertex   1.579817e+03 1.090440e+03 0.000000e+00
      vertex   1.574752e+03 1.094940e+03 0.000000e+00
      vertex   1.579817e+03 1.104440e+03 0.000000e+00
    endloop
  endfacet
  facet normal -0.000000e+00 0.000000e+00 -1.000000e+00
    outer loop
      vertex   1.579817e+03 1.104440e+03 0.000000e+00
      vertex   1.574752e+03 1.094940e+03 0.000000e+00
      vertex   1.574752e+03 1.108940e+03 0.000000e+00
    endloop
  endfacet
  facet normal 0.000000e+00 0.000000e+00 -1.000000e+00
    outer loop
      vertex   1.579817e+03 1.104440e+03 0.000000e+00
      vertex   1.574752e+03 1.108940e+03 0.000000e+00
      vertex   1.593817e+03 1.104440e+03 0.000000e+00
    endloop
  endfacet
  facet normal 0.000000e+00 0.000000e+00 -1.000000e+00
    outer loop
      vertex   1.593817e+03 1.104440e+03 0.000000e+00
      vertex   1.574752e+03 1.108940e+03 0.000000e+00
      vertex   1.616231e+03 1.110692e+03 0.000000e+00
    endloop
  endfacet
  facet normal 0.000000e+00 0.000000e+00 -1.000000e+00
    outer loop
      vertex   1.593817e+03 1.104440e+03 0.000000e+00
      vertex   1.616231e+03 1.110692e+03 0.000000e+00
      vertex   1.598752e+03 1.104440e+03 0.000000e+00
    endloop
  endfacet
  facet normal 0.000000e+00 0.000000e+00 -1.000000e+00
    outer loop
      vertex   1.598752e+03 1.104440e+03 0.000000e+00
      vertex   1.616231e+03 1.110692e+03 0.000000e+00
      vertex   1.615844e+03 1.110356e+03 0.000000e+00
    endloop
  endfacet
  facet normal 0.000000e+00 0.000000e+00 -1.000000e+00
    outer loop
      vertex   1.598752e+03 1.104440e+03 0.000000e+00
      vertex   1.615844e+03 1.110356e+03 0.000000e+00
      vertex   1.615555e+03 1.109933e+03 0.000000e+00
    endloop
  endfacet
  facet normal -0.000000e+00 0.000000e+00 -1.000000e+00
    outer loop
      vertex   1.593817e+03 1.071440e+03 0.000000e+00
      vertex   1.593752e+03 1.066440e+03 0.000000e+00
      vertex   1.579817e+03 1.071440e+03 0.000000e+00
    endloop
  endfacet
  facet normal 0.000000e+00 -0.000000e+00 -1.000000e+00
    outer loop
      vertex   1.579817e+03 1.071440e+03 0.000000e+00
      vertex   1.593752e+03 1.066440e+03 0.000000e+00
      vertex   1.579685e+03 1.066440e+03 0.000000e+00
    endloop
  endfacet
  facet normal 0.000000e+00 0.000000e+00 -1.000000e+00
    outer loop
      vertex   1.579817e+03 1.071440e+03 0.000000e+00
      vertex   1.579685e+03 1.066440e+03 0.000000e+00
      vertex   1.574752e+03 1.070940e+03 0.000000e+00
    endloop
  endfacet
  facet normal 0.000000e+00 0.000000e+00 -1.000000e+00
    outer loop
      vertex   1.574752e+03 1.070940e+03 0.000000e+00
      vertex   1.579685e+03 1.066440e+03 0.000000e+00
      vertex   1.574752e+03 1.056940e+03 0.000000e+00
    endloop
  endfacet
  facet normal 0.000000e+00 0.000000e+00 -1.000000e+00
    outer loop
      vertex   1.574752e+03 1.056940e+03 0.000000e+00
      vertex   1.579685e+03 1.066440e+03 0.000000e+00
      vertex   1.579752e+03 1.052440e+03 0.000000e+00
    endloop
  endfacet
  facet normal 0.000000e+00 0.000000e+00 -1.000000e+00
    outer loop
      vertex   1.574752e+03 1.056940e+03 0.000000e+00
      vertex   1.579752e+03 1.052440e+03 0.000000e+00
      vertex   1.574752e+03 1.051940e+03 0.000000e+00
    endloop
  endfacet
  facet normal 0.000000e+00 0.000000e+00 -1.000000e+00
    outer loop
      vertex   1.574752e+03 1.051940e+03 0.000000e+00
      vertex   1.579752e+03 1.052440e+03 0.000000e+00
      vertex   1.579752e+03 1.047440e+03 0.000000e+00
    endloop
  endfacet
  facet normal 0.000000e+00 0.000000e+00 -1.000000e+00
    outer loop
      vertex   1.574752e+03 1.051940e+03 0.000000e+00
      vertex   1.579752e+03 1.047440e+03 0.000000e+00
      vertex   1.574752e+03 1.037940e+03 0.000000e+00
    endloop
  endfacet
  facet normal 0.000000e+00 0.000000e+00 -1.000000e+00
    outer loop
      vertex   1.574752e+03 1.037940e+03 0.000000e+00
      vertex   1.579752e+03 1.047440e+03 0.000000e+00
      vertex   1.579752e+03 1.033440e+03 0.000000e+00
    endloop
  endfacet
  facet normal 0.000000e+00 -0.000000e+00 -1.000000e+00
    outer loop
      vertex   1.574752e+03 1.037940e+03 0.000000e+00
      vertex   1.579752e+03 1.033440e+03 0.000000e+00
      vertex   1.565252e+03 1.032940e+03 0.000000e+00
    endloop
  endfacet
  facet normal 0.000000e+00 0.000000e+00 -1.000000e+00
    outer loop
      vertex   1.565252e+03 1.032940e+03 0.000000e+00
      vertex   1.579752e+03 1.033440e+03 0.000000e+00
      vertex   1.565252e+03 1.018940e+03 0.000000e+00
    endloop
  endfacet
  facet normal 0.000000e+00 0.000000e+00 -1.000000e+00
    outer loop
      vertex   1.565252e+03 1.018940e+03 0.000000e+00
      vertex   1.579752e+03 1.033440e+03 0.000000e+00
      vertex   1.593752e+03 1.033440e+03 0.000000e+00
    endloop
  endfacet
  facet normal 0.000000e+00 0.000000e+00 -1.000000e+00
    outer loop
      vertex   1.593817e+03 1.085440e+03 0.000000e+00
      vertex   1.598752e+03 1.085440e+03 0.000000e+00
      vertex   1.593817e+03 1.071440e+03 0.000000e+00
    endloop
  endfacet
  facet normal 0.000000e+00 0.000000e+00 -1.000000e+00
    outer loop
      vertex   1.593817e+03 1.071440e+03 0.000000e+00
      vertex   1.598752e+03 1.085440e+03 0.000000e+00
      vertex   1.598752e+03 1.071440e+03 0.000000e+00
    endloop
  endfacet
  facet normal 0.000000e+00 0.000000e+00 -1.000000e+00
    outer loop
      vertex   1.593817e+03 1.071440e+03 0.000000e+00
      vertex   1.598752e+03 1.071440e+03 0.000000e+00
      vertex   1.598752e+03 1.066440e+03 0.000000e+00
    endloop
  endfacet
  facet normal 0.000000e+00 0.000000e+00 -1.000000e+00
    outer loop
      vertex   1.598752e+03 1.066440e+03 0.000000e+00
      vertex   1.598752e+03 1.071440e+03 0.000000e+00
      vertex   1.612752e+03 1.071440e+03 0.000000e+00
    endloop
  endfacet
  facet normal 0.000000e+00 0.000000e+00 -1.000000e+00
    outer loop
      vertex   1.598752e+03 1.066440e+03 0.000000e+00
      vertex   1.612752e+03 1.071440e+03 0.000000e+00
      vertex   1.612752e+03 1.066440e+03 0.000000e+00
    endloop
  endfacet
  facet normal 0.000000e+00 0.000000e+00 -1.000000e+00
    outer loop
      vertex   1.598752e+03 1.090440e+03 0.000000e+00
      vertex   1.593817e+03 1.090440e+03 0.000000e+00
      vertex   1.598752e+03 1.104440e+03 0.000000e+00
    endloop
  endfacet
  facet normal -0.000000e+00 0.000000e+00 -1.000000e+00
    outer loop
      vertex   1.598752e+03 1.104440e+03 0.000000e+00
      vertex   1.593817e+03 1.090440e+03 0.000000e+00
      vertex   1.593817e+03 1.104440e+03 0.000000e+00
    endloop
  endfacet
  facet normal 0.000000e+00 0.000000e+00 -1.000000e+00
    outer loop
      vertex   1.579817e+03 1.090440e+03 0.000000e+00
      vertex   1.593817e+03 1.090440e+03 0.000000e+00
      vertex   1.579817e+03 1.085440e+03 0.000000e+00
    endloop
  endfacet
  facet normal 0.000000e+00 0.000000e+00 -1.000000e+00
    outer loop
      vertex   1.522685e+03 1.070940e+03 0.000000e+00
      vertex   1.522752e+03 1.075940e+03 0.000000e+00
      vertex   1.536752e+03 1.070940e+03 0.000000e+00
    endloop
  endfacet
  facet normal 0.000000e+00 0.000000e+00 -1.000000e+00
    outer loop
      vertex   1.536752e+03 1.070940e+03 0.000000e+00
      vertex   1.522752e+03 1.075940e+03 0.000000e+00
      vertex   1.536752e+03 1.075940e+03 0.000000e+00
    endloop
  endfacet
  facet normal 0.000000e+00 0.000000e+00 -1.000000e+00
    outer loop
      vertex   1.536752e+03 1.070940e+03 0.000000e+00
      vertex   1.536752e+03 1.075940e+03 0.000000e+00
      vertex   1.541685e+03 1.073440e+03 0.000000e+00
    endloop
  endfacet
  facet normal 0.000000e+00 0.000000e+00 -1.000000e+00
    outer loop
      vertex   1.541685e+03 1.073440e+03 0.000000e+00
      vertex   1.536752e+03 1.075940e+03 0.000000e+00
      vertex   1.541752e+03 1.078440e+03 0.000000e+00
    endloop
  endfacet
  facet normal 0.000000e+00 0.000000e+00 -1.000000e+00
    outer loop
      vertex   1.541685e+03 1.073440e+03 0.000000e+00
      vertex   1.541752e+03 1.078440e+03 0.000000e+00
      vertex   1.555752e+03 1.073440e+03 0.000000e+00
    endloop
  endfacet
  facet normal 0.000000e+00 0.000000e+00 -1.000000e+00
    outer loop
      vertex   1.555752e+03 1.073440e+03 0.000000e+00
      vertex   1.541752e+03 1.078440e+03 0.000000e+00
      vertex   1.555752e+03 1.078440e+03 0.000000e+00
    endloop
  endfacet
  facet normal 0.000000e+00 0.000000e+00 -1.000000e+00
    outer loop
      vertex   1.555752e+03 1.073440e+03 0.000000e+00
      vertex   1.555752e+03 1.078440e+03 0.000000e+00
      vertex   1.560752e+03 1.075940e+03 0.000000e+00
    endloop
  endfacet
  facet normal 0.000000e+00 0.000000e+00 -1.000000e+00
    outer loop
      vertex   1.560752e+03 1.075940e+03 0.000000e+00
      vertex   1.555752e+03 1.078440e+03 0.000000e+00
      vertex   1.560752e+03 1.089940e+03 0.000000e+00
    endloop
  endfacet
  facet normal -0.000000e+00 0.000000e+00 -1.000000e+00
    outer loop
      vertex   1.560752e+03 1.089940e+03 0.000000e+00
      vertex   1.555752e+03 1.078440e+03 0.000000e+00
      vertex   1.555752e+03 1.092440e+03 0.000000e+00
    endloop
  endfacet
  facet normal 0.000000e+00 0.000000e+00 -1.000000e+00
    outer loop
      vertex   1.560752e+03 1.089940e+03 0.000000e+00
      vertex   1.555752e+03 1.092440e+03 0.000000e+00
      vertex   1.560752e+03 1.094940e+03 0.000000e+00
    endloop
  endfacet
  facet normal -0.000000e+00 0.000000e+00 -1.000000e+00
    outer loop
      vertex   1.560752e+03 1.094940e+03 0.000000e+00
      vertex   1.555752e+03 1.092440e+03 0.000000e+00
      vertex   1.555752e+03 1.097440e+03 0.000000e+00
    endloop
  endfacet
  facet normal 0.000000e+00 0.000000e+00 -1.000000e+00
    outer loop
      vertex   1.560752e+03 1.094940e+03 0.000000e+00
      vertex   1.555752e+03 1.097440e+03 0.000000e+00
      vertex   1.560752e+03 1.108940e+03 0.000000e+00
    endloop
  endfacet
  facet normal -0.000000e+00 0.000000e+00 -1.000000e+00
    outer loop
      vertex   1.560752e+03 1.108940e+03 0.000000e+00
      vertex   1.555752e+03 1.097440e+03 0.000000e+00
      vertex   1.555752e+03 1.111440e+03 0.000000e+00
    endloop
  endfacet
  facet normal 0.000000e+00 0.000000e+00 -1.000000e+00
    outer loop
      vertex   1.560752e+03 1.108940e+03 0.000000e+00
      vertex   1.555752e+03 1.111440e+03 0.000000e+00
      vertex   1.574752e+03 1.108940e+03 0.000000e+00
    endloop
  endfacet
  facet normal 0.000000e+00 0.000000e+00 -1.000000e+00
    outer loop
      vertex   1.574752e+03 1.108940e+03 0.000000e+00
      vertex   1.555752e+03 1.111440e+03 0.000000e+00
      vertex   1.548752e+03 1.117440e+03 0.000000e+00
    endloop
  endfacet
  facet normal 0.000000e+00 0.000000e+00 -1.000000e+00
    outer loop
      vertex   1.574752e+03 1.108940e+03 0.000000e+00
      vertex   1.548752e+03 1.117440e+03 0.000000e+00
      vertex   1.616231e+03 1.110692e+03 0.000000e+00
    endloop
  endfacet
  facet normal 0.000000e+00 0.000000e+00 -1.000000e+00
    outer loop
      vertex   1.536752e+03 1.075940e+03 0.000000e+00
      vertex   1.536752e+03 1.089940e+03 0.000000e+00
      vertex   1.541752e+03 1.078440e+03 0.000000e+00
    endloop
  endfacet
  facet normal 0.000000e+00 0.000000e+00 -1.000000e+00
    outer loop
      vertex   1.541752e+03 1.078440e+03 0.000000e+00
      vertex   1.536752e+03 1.089940e+03 0.000000e+00
      vertex   1.541752e+03 1.092440e+03 0.000000e+00
    endloop
  endfacet
  facet normal -0.000000e+00 0.000000e+00 -1.000000e+00
    outer loop
      vertex   1.541752e+03 1.092440e+03 0.000000e+00
      vertex   1.536752e+03 1.089940e+03 0.000000e+00
      vertex   1.536752e+03 1.094940e+03 0.000000e+00
    endloop
  endfacet
  facet normal 0.000000e+00 0.000000e+00 -1.000000e+00
    outer loop
      vertex   1.541752e+03 1.092440e+03 0.000000e+00
      vertex   1.536752e+03 1.094940e+03 0.000000e+00
      vertex   1.541752e+03 1.097440e+03 0.000000e+00
    endloop
  endfacet
  facet normal -0.000000e+00 0.000000e+00 -1.000000e+00
    outer loop
      vertex   1.541752e+03 1.097440e+03 0.000000e+00
      vertex   1.536752e+03 1.094940e+03 0.000000e+00
      vertex   1.536752e+03 1.108940e+03 0.000000e+00
    endloop
  endfacet
  facet normal 0.000000e+00 0.000000e+00 -1.000000e+00
    outer loop
      vertex   1.541752e+03 1.097440e+03 0.000000e+00
      vertex   1.536752e+03 1.108940e+03 0.000000e+00
      vertex   1.541752e+03 1.111440e+03 0.000000e+00
    endloop
  endfacet
  facet normal 0.000000e+00 0.000000e+00 -1.000000e+00
    outer loop
      vertex   1.541752e+03 1.111440e+03 0.000000e+00
      vertex   1.536752e+03 1.108940e+03 0.000000e+00
      vertex   1.522752e+03 1.108940e+03 0.000000e+00
    endloop
  endfacet
  facet normal -0.000000e+00 0.000000e+00 -1.000000e+00
    outer loop
      vertex   1.541752e+03 1.111440e+03 0.000000e+00
      vertex   1.522752e+03 1.108940e+03 0.000000e+00
      vertex   1.548752e+03 1.117440e+03 0.000000e+00
    endloop
  endfacet
  facet normal 0.000000e+00 0.000000e+00 -1.000000e+00
    outer loop
      vertex   1.548752e+03 1.117440e+03 0.000000e+00
      vertex   1.522752e+03 1.108940e+03 0.000000e+00
      vertex   1.499771e+03 1.112638e+03 0.000000e+00
    endloop
  endfacet
  facet normal 0.000000e+00 0.000000e+00 -1.000000e+00
    outer loop
      vertex   1.499771e+03 1.112638e+03 0.000000e+00
      vertex   1.522752e+03 1.108940e+03 0.000000e+00
      vertex   1.500209e+03 1.112361e+03 0.000000e+00
    endloop
  endfacet
  facet normal 0.000000e+00 0.000000e+00 -1.000000e+00
    outer loop
      vertex   1.536752e+03 1.089940e+03 0.000000e+00
      vertex   1.522752e+03 1.089940e+03 0.000000e+00
      vertex   1.536752e+03 1.094940e+03 0.000000e+00
    endloop
  endfacet
  facet normal -0.000000e+00 0.000000e+00 -1.000000e+00
    outer loop
      vertex   1.536752e+03 1.094940e+03 0.000000e+00
      vertex   1.522752e+03 1.089940e+03 0.000000e+00
      vertex   1.522752e+03 1.094940e+03 0.000000e+00
    endloop
  endfacet
  facet normal 0.000000e+00 0.000000e+00 -1.000000e+00
    outer loop
      vertex   1.598752e+03 1.033440e+03 0.000000e+00
      vertex   1.593752e+03 1.033440e+03 0.000000e+00
      vertex   1.598752e+03 1.047440e+03 0.000000e+00
    endloop
  endfacet
  facet normal -0.000000e+00 0.000000e+00 -1.000000e+00
    outer loop
      vertex   1.598752e+03 1.047440e+03 0.000000e+00
      vertex   1.593752e+03 1.033440e+03 0.000000e+00
      vertex   1.593752e+03 1.047440e+03 0.000000e+00
    endloop
  endfacet
  facet normal 0.000000e+00 0.000000e+00 -1.000000e+00
    outer loop
      vertex   1.598752e+03 1.047440e+03 0.000000e+00
      vertex   1.593752e+03 1.047440e+03 0.000000e+00
      vertex   1.598752e+03 1.052440e+03 0.000000e+00
    endloop
  endfacet
  facet normal -0.000000e+00 0.000000e+00 -1.000000e+00
    outer loop
      vertex   1.598752e+03 1.052440e+03 0.000000e+00
      vertex   1.593752e+03 1.047440e+03 0.000000e+00
      vertex   1.593752e+03 1.052440e+03 0.000000e+00
    endloop
  endfacet
  facet normal 0.000000e+00 0.000000e+00 -1.000000e+00
    outer loop
      vertex   1.598752e+03 1.052440e+03 0.000000e+00
      vertex   1.593752e+03 1.052440e+03 0.000000e+00
      vertex   1.598752e+03 1.066440e+03 0.000000e+00
    endloop
  endfacet
  facet normal -0.000000e+00 0.000000e+00 -1.000000e+00
    outer loop
      vertex   1.598752e+03 1.066440e+03 0.000000e+00
      vertex   1.593752e+03 1.052440e+03 0.000000e+00
      vertex   1.593752e+03 1.066440e+03 0.000000e+00
    endloop
  endfacet
  facet normal 0.000000e+00 0.000000e+00 -1.000000e+00
    outer loop
      vertex   1.598752e+03 1.066440e+03 0.000000e+00
      vertex   1.593752e+03 1.066440e+03 0.000000e+00
      vertex   1.593817e+03 1.071440e+03 0.000000e+00
    endloop
  endfacet
  facet normal 0.000000e+00 0.000000e+00 -1.000000e+00
    outer loop
      vertex   1.612752e+03 1.047440e+03 0.000000e+00
      vertex   1.598752e+03 1.047440e+03 0.000000e+00
      vertex   1.612752e+03 1.052440e+03 0.000000e+00
    endloop
  endfacet
  facet normal -0.000000e+00 0.000000e+00 -1.000000e+00
    outer loop
      vertex   1.612752e+03 1.052440e+03 0.000000e+00
      vertex   1.598752e+03 1.047440e+03 0.000000e+00
      vertex   1.598752e+03 1.052440e+03 0.000000e+00
    endloop
  endfacet
  facet normal 0.000000e+00 0.000000e+00 -1.000000e+00
    outer loop
      vertex   1.522752e+03 1.056940e+03 0.000000e+00
      vertex   1.536752e+03 1.056940e+03 0.000000e+00
      vertex   1.522752e+03 1.051940e+03 0.000000e+00
    endloop
  endfacet
  facet normal 0.000000e+00 0.000000e+00 -1.000000e+00
    outer loop
      vertex   1.522752e+03 1.051940e+03 0.000000e+00
      vertex   1.536752e+03 1.056940e+03 0.000000e+00
      vertex   1.536752e+03 1.051940e+03 0.000000e+00
    endloop
  endfacet
  facet normal 0.000000e+00 0.000000e+00 -1.000000e+00
    outer loop
      vertex   1.536752e+03 1.051940e+03 0.000000e+00
      vertex   1.536752e+03 1.056940e+03 0.000000e+00
      vertex   1.541752e+03 1.054440e+03 0.000000e+00
    endloop
  endfacet
  facet normal 0.000000e+00 0.000000e+00 -1.000000e+00
    outer loop
      vertex   1.536752e+03 1.051940e+03 0.000000e+00
      vertex   1.541752e+03 1.054440e+03 0.000000e+00
      vertex   1.541752e+03 1.040440e+03 0.000000e+00
    endloop
  endfacet
  facet normal 0.000000e+00 0.000000e+00 -1.000000e+00
    outer loop
      vertex   1.541752e+03 1.054440e+03 0.000000e+00
      vertex   1.536752e+03 1.056940e+03 0.000000e+00
      vertex   1.541752e+03 1.059440e+03 0.000000e+00
    endloop
  endfacet
  facet normal -0.000000e+00 0.000000e+00 -1.000000e+00
    outer loop
      vertex   1.541752e+03 1.059440e+03 0.000000e+00
      vertex   1.536752e+03 1.056940e+03 0.000000e+00
      vertex   1.536752e+03 1.070940e+03 0.000000e+00
    endloop
  endfacet
  facet normal 0.000000e+00 0.000000e+00 -1.000000e+00
    outer loop
      vertex   1.541752e+03 1.059440e+03 0.000000e+00
      vertex   1.536752e+03 1.070940e+03 0.000000e+00
      vertex   1.541685e+03 1.073440e+03 0.000000e+00
    endloop
  endfacet
  facet normal 0.000000e+00 0.000000e+00 -1.000000e+00
    outer loop
      vertex   1.541752e+03 1.097440e+03 0.000000e+00
      vertex   1.555752e+03 1.097440e+03 0.000000e+00
      vertex   1.541752e+03 1.092440e+03 0.000000e+00
    endloop
  endfacet
  facet normal 0.000000e+00 0.000000e+00 -1.000000e+00
    outer loop
      vertex   1.541752e+03 1.092440e+03 0.000000e+00
      vertex   1.555752e+03 1.097440e+03 0.000000e+00
      vertex   1.555752e+03 1.092440e+03 0.000000e+00
    endloop
  endfacet
  facet normal 0.000000e+00 0.000000e+00 -1.000000e+00
    outer loop
      vertex   1.555752e+03 1.111440e+03 0.000000e+00
      vertex   1.541752e+03 1.111440e+03 0.000000e+00
      vertex   1.548752e+03 1.117440e+03 0.000000e+00
    endloop
  endfacet
  facet normal 0.000000e+00 0.000000e+00 -1.000000e+00
    outer loop
      vertex   1.536752e+03 1.037940e+03 0.000000e+00
      vertex   1.536752e+03 1.051940e+03 0.000000e+00
      vertex   1.541752e+03 1.040440e+03 0.000000e+00
    endloop
  endfacet
  facet normal 0.000000e+00 0.000000e+00 -1.000000e+00
    outer loop
      vertex   1.503752e+03 1.054440e+03 0.000000e+00
      vertex   1.517752e+03 1.054440e+03 0.000000e+00
      vertex   1.503752e+03 1.049440e+03 0.000000e+00
    endloop
  endfacet
  facet normal 0.000000e+00 0.000000e+00 -1.000000e+00
    outer loop
      vertex   1.579752e+03 1.052440e+03 0.000000e+00
      vertex   1.593752e+03 1.052440e+03 0.000000e+00
      vertex   1.579752e+03 1.047440e+03 0.000000e+00
    endloop
  endfacet
  facet normal 0.000000e+00 0.000000e+00 -1.000000e+00
    outer loop
      vertex   1.579752e+03 1.047440e+03 0.000000e+00
      vertex   1.593752e+03 1.052440e+03 0.000000e+00
      vertex   1.593752e+03 1.047440e+03 0.000000e+00
    endloop
  endfacet
  facet normal 0.000000e+00 0.000000e+00 -1.000000e+00
    outer loop
      vertex   1.555752e+03 1.054440e+03 0.000000e+00
      vertex   1.560752e+03 1.051940e+03 0.000000e+00
      vertex   1.555752e+03 1.040440e+03 0.000000e+00
    endloop
  endfacet
  facet normal 0.000000e+00 0.000000e+00 -1.000000e+00
    outer loop
      vertex   1.555752e+03 1.040440e+03 0.000000e+00
      vertex   1.560752e+03 1.051940e+03 0.000000e+00
      vertex   1.560752e+03 1.037940e+03 0.000000e+00
    endloop
  endfacet
  facet normal 0.000000e+00 -0.000000e+00 -1.000000e+00
    outer loop
      vertex   1.555752e+03 1.040440e+03 0.000000e+00
      vertex   1.560752e+03 1.037940e+03 0.000000e+00
      vertex   1.551252e+03 1.032940e+03 0.000000e+00
    endloop
  endfacet
  facet normal 0.000000e+00 0.000000e+00 -1.000000e+00
    outer loop
      vertex   1.551252e+03 1.032940e+03 0.000000e+00
      vertex   1.560752e+03 1.037940e+03 0.000000e+00
      vertex   1.565252e+03 1.032940e+03 0.000000e+00
    endloop
  endfacet
  facet normal 0.000000e+00 0.000000e+00 -1.000000e+00
    outer loop
      vertex   1.565252e+03 1.032940e+03 0.000000e+00
      vertex   1.560752e+03 1.037940e+03 0.000000e+00
      vertex   1.574752e+03 1.037940e+03 0.000000e+00
    endloop
  endfacet
  facet normal 0.000000e+00 0.000000e+00 -1.000000e+00
    outer loop
      vertex   1.541752e+03 1.054440e+03 0.000000e+00
      vertex   1.555752e+03 1.059440e+03 0.000000e+00
      vertex   1.555752e+03 1.054440e+03 0.000000e+00
    endloop
  endfacet
  facet normal 0.000000e+00 0.000000e+00 -1.000000e+00
    outer loop
      vertex   1.555752e+03 1.054440e+03 0.000000e+00
      vertex   1.555752e+03 1.059440e+03 0.000000e+00
      vertex   1.560752e+03 1.056940e+03 0.000000e+00
    endloop
  endfacet
  facet normal 0.000000e+00 0.000000e+00 -1.000000e+00
    outer loop
      vertex   1.555752e+03 1.054440e+03 0.000000e+00
      vertex   1.560752e+03 1.056940e+03 0.000000e+00
      vertex   1.560752e+03 1.051940e+03 0.000000e+00
    endloop
  endfacet
  facet normal 0.000000e+00 0.000000e+00 -1.000000e+00
    outer loop
      vertex   1.560752e+03 1.051940e+03 0.000000e+00
      vertex   1.560752e+03 1.056940e+03 0.000000e+00
      vertex   1.574752e+03 1.056940e+03 0.000000e+00
    endloop
  endfacet
  facet normal 0.000000e+00 0.000000e+00 -1.000000e+00
    outer loop
      vertex   1.560752e+03 1.051940e+03 0.000000e+00
      vertex   1.574752e+03 1.056940e+03 0.000000e+00
      vertex   1.574752e+03 1.051940e+03 0.000000e+00
    endloop
  endfacet
  facet normal 0.000000e+00 0.000000e+00 -1.000000e+00
    outer loop
      vertex   1.541752e+03 1.059440e+03 0.000000e+00
      vertex   1.555752e+03 1.059440e+03 0.000000e+00
      vertex   1.541752e+03 1.054440e+03 0.000000e+00
    endloop
  endfacet
  facet normal 0.000000e+00 0.000000e+00 -1.000000e+00
    outer loop
      vertex   1.560752e+03 1.056940e+03 0.000000e+00
      vertex   1.555752e+03 1.059440e+03 0.000000e+00
      vertex   1.560685e+03 1.070940e+03 0.000000e+00
    endloop
  endfacet
  facet normal -0.000000e+00 0.000000e+00 -1.000000e+00
    outer loop
      vertex   1.560685e+03 1.070940e+03 0.000000e+00
      vertex   1.555752e+03 1.059440e+03 0.000000e+00
      vertex   1.555752e+03 1.073440e+03 0.000000e+00
    endloop
  endfacet
  facet normal 0.000000e+00 0.000000e+00 -1.000000e+00
    outer loop
      vertex   1.560685e+03 1.070940e+03 0.000000e+00
      vertex   1.555752e+03 1.073440e+03 0.000000e+00
      vertex   1.560752e+03 1.075940e+03 0.000000e+00
    endloop
  endfacet
  facet normal 0.000000e+00 0.000000e+00 -1.000000e+00
    outer loop
      vertex   1.560685e+03 1.070940e+03 0.000000e+00
      vertex   1.560752e+03 1.075940e+03 0.000000e+00
      vertex   1.574752e+03 1.070940e+03 0.000000e+00
    endloop
  endfacet
  facet normal 0.000000e+00 0.000000e+00 -1.000000e+00
    outer loop
      vertex   1.574752e+03 1.070940e+03 0.000000e+00
      vertex   1.560752e+03 1.075940e+03 0.000000e+00
      vertex   1.574752e+03 1.075940e+03 0.000000e+00
    endloop
  endfacet
  facet normal 0.000000e+00 0.000000e+00 -1.000000e+00
    outer loop
      vertex   1.574752e+03 1.070940e+03 0.000000e+00
      vertex   1.574752e+03 1.075940e+03 0.000000e+00
      vertex   1.579817e+03 1.071440e+03 0.000000e+00
    endloop
  endfacet
  facet normal 0.000000e+00 0.000000e+00 -1.000000e+00
    outer loop
      vertex   1.612752e+03 1.104440e+03 0.000000e+00
      vertex   1.617873e+03 1.107099e+03 0.000000e+00
      vertex   1.612752e+03 1.090440e+03 0.000000e+00
    endloop
  endfacet
  facet normal 0.000000e+00 0.000000e+00 -1.000000e+00
    outer loop
      vertex   1.612752e+03 1.090440e+03 0.000000e+00
      vertex   1.617873e+03 1.107099e+03 0.000000e+00
      vertex   1.618346e+03 1.107298e+03 0.000000e+00
    endloop
  endfacet
  facet normal 0.000000e+00 0.000000e+00 -1.000000e+00
    outer loop
      vertex   1.612752e+03 1.090440e+03 0.000000e+00
      vertex   1.618346e+03 1.107298e+03 0.000000e+00
      vertex   1.618752e+03 1.107611e+03 0.000000e+00
    endloop
  endfacet
  facet normal 0.000000e+00 0.000000e+00 -1.000000e+00
    outer loop
      vertex   1.598752e+03 1.104440e+03 0.000000e+00
      vertex   1.615383e+03 1.109450e+03 0.000000e+00
      vertex   1.612752e+03 1.104440e+03 0.000000e+00
    endloop
  endfacet
  facet normal 0.000000e+00 0.000000e+00 -1.000000e+00
    outer loop
      vertex   1.612752e+03 1.104440e+03 0.000000e+00
      vertex   1.615383e+03 1.109450e+03 0.000000e+00
      vertex   1.615339e+03 1.108939e+03 0.000000e+00
    endloop
  endfacet
  facet normal 0.000000e+00 0.000000e+00 -1.000000e+00
    outer loop
      vertex   1.612752e+03 1.104440e+03 0.000000e+00
      vertex   1.615339e+03 1.108939e+03 0.000000e+00
      vertex   1.615427e+03 1.108434e+03 0.000000e+00
    endloop
  endfacet
  facet normal 0.000000e+00 0.000000e+00 -1.000000e+00
    outer loop
      vertex   1.493969e+03 1.011484e+03 0.000000e+00
      vertex   1.476232e+03 1.030125e+03 0.000000e+00
      vertex   1.487708e+03 1.024006e+03 0.000000e+00
    endloop
  endfacet
  facet normal 0.000000e+00 0.000000e+00 -1.000000e+00
    outer loop
      vertex   1.487708e+03 1.024006e+03 0.000000e+00
      vertex   1.476232e+03 1.030125e+03 0.000000e+00
      vertex   1.476727e+03 1.030005e+03 0.000000e+00
    endloop
  endfacet
  facet normal 0.000000e+00 0.000000e+00 -1.000000e+00
    outer loop
      vertex   1.487708e+03 1.024006e+03 0.000000e+00
      vertex   1.476727e+03 1.030005e+03 0.000000e+00
      vertex   1.477235e+03 1.030014e+03 0.000000e+00
    endloop
  endfacet
  facet normal 0.000000e+00 0.000000e+00 -1.000000e+00
    outer loop
      vertex   1.506491e+03 1.017745e+03 0.000000e+00
      vertex   1.496468e+03 9.960981e+02 0.000000e+00
      vertex   1.493969e+03 1.011484e+03 0.000000e+00
    endloop
  endfacet
  facet normal 0.000000e+00 0.000000e+00 -1.000000e+00
    outer loop
      vertex   1.493969e+03 1.011484e+03 0.000000e+00
      vertex   1.496468e+03 9.960981e+02 0.000000e+00
      vertex   1.496038e+03 9.963576e+02 0.000000e+00
    endloop
  endfacet
  facet normal 0.000000e+00 0.000000e+00 -1.000000e+00
    outer loop
      vertex   1.493969e+03 1.011484e+03 0.000000e+00
      vertex   1.496038e+03 9.963576e+02 0.000000e+00
      vertex   1.495557e+03 9.965019e+02 0.000000e+00
    endloop
  endfacet
  facet normal 0.000000e+00 0.000000e+00 -1.000000e+00
    outer loop
      vertex   1.500230e+03 1.030267e+03 0.000000e+00
      vertex   1.513252e+03 1.030440e+03 0.000000e+00
      vertex   1.506491e+03 1.017745e+03 0.000000e+00
    endloop
  endfacet
  facet normal 0.000000e+00 0.000000e+00 -1.000000e+00
    outer loop
      vertex   1.506491e+03 1.017745e+03 0.000000e+00
      vertex   1.513252e+03 1.030440e+03 0.000000e+00
      vertex   1.513252e+03 1.016440e+03 0.000000e+00
    endloop
  endfacet
  facet normal 0.000000e+00 -0.000000e+00 -1.000000e+00
    outer loop
      vertex   1.506491e+03 1.017745e+03 0.000000e+00
      vertex   1.513252e+03 1.016440e+03 0.000000e+00
      vertex   1.496468e+03 9.960981e+02 0.000000e+00
    endloop
  endfacet
  facet normal 0.000000e+00 0.000000e+00 -1.000000e+00
    outer loop
      vertex   1.496468e+03 9.960981e+02 0.000000e+00
      vertex   1.513252e+03 1.016440e+03 0.000000e+00
      vertex   1.496819e+03 9.957397e+02 0.000000e+00
    endloop
  endfacet
  facet normal 0.000000e+00 0.000000e+00 -1.000000e+00
    outer loop
      vertex   1.496819e+03 9.957397e+02 0.000000e+00
      vertex   1.513252e+03 1.016440e+03 0.000000e+00
      vertex   1.497071e+03 9.953050e+02 0.000000e+00
    endloop
  endfacet
  facet normal 0.000000e+00 0.000000e+00 -1.000000e+00
    outer loop
      vertex   1.497071e+03 9.953050e+02 0.000000e+00
      vertex   1.513252e+03 1.016440e+03 0.000000e+00
      vertex   1.497206e+03 9.948214e+02 0.000000e+00
    endloop
  endfacet
  facet normal 0.000000e+00 0.000000e+00 -1.000000e+00
    outer loop
      vertex   1.497206e+03 9.948214e+02 0.000000e+00
      vertex   1.513252e+03 1.016440e+03 0.000000e+00
      vertex   1.527252e+03 1.016440e+03 0.000000e+00
    endloop
  endfacet
  facet normal 0.000000e+00 0.000000e+00 -1.000000e+00
    outer loop
      vertex   1.497206e+03 9.948214e+02 0.000000e+00
      vertex   1.527252e+03 1.016440e+03 0.000000e+00
      vertex   1.497216e+03 9.943194e+02 0.000000e+00
    endloop
  endfacet
  facet normal 0.000000e+00 -0.000000e+00 -1.000000e+00
    outer loop
      vertex   1.497216e+03 9.943194e+02 0.000000e+00
      vertex   1.527252e+03 1.016440e+03 0.000000e+00
      vertex   1.497101e+03 9.938307e+02 0.000000e+00
    endloop
  endfacet
  facet normal 0.000000e+00 -0.000000e+00 -1.000000e+00
    outer loop
      vertex   1.497101e+03 9.938307e+02 0.000000e+00
      vertex   1.527252e+03 1.016440e+03 0.000000e+00
      vertex   1.496868e+03 9.933859e+02 0.000000e+00
    endloop
  endfacet
  facet normal 0.000000e+00 0.000000e+00 -1.000000e+00
    outer loop
      vertex   1.478819e+03 1.032697e+03 0.000000e+00
      vertex   1.500230e+03 1.030267e+03 0.000000e+00
      vertex   1.478936e+03 1.032201e+03 0.000000e+00
    endloop
  endfacet
  facet normal 0.000000e+00 0.000000e+00 -1.000000e+00
    outer loop
      vertex   1.478936e+03 1.032201e+03 0.000000e+00
      vertex   1.500230e+03 1.030267e+03 0.000000e+00
      vertex   1.487708e+03 1.024006e+03 0.000000e+00
    endloop
  endfacet
  facet normal 0.000000e+00 -0.000000e+00 -1.000000e+00
    outer loop
      vertex   1.478936e+03 1.032201e+03 0.000000e+00
      vertex   1.487708e+03 1.024006e+03 0.000000e+00
      vertex   1.478924e+03 1.031693e+03 0.000000e+00
    endloop
  endfacet
  facet normal 0.000000e+00 -0.000000e+00 -1.000000e+00
    outer loop
      vertex   1.478924e+03 1.031693e+03 0.000000e+00
      vertex   1.487708e+03 1.024006e+03 0.000000e+00
      vertex   1.478784e+03 1.031204e+03 0.000000e+00
    endloop
  endfacet
  facet normal 0.000000e+00 -0.000000e+00 -1.000000e+00
    outer loop
      vertex   1.478784e+03 1.031204e+03 0.000000e+00
      vertex   1.487708e+03 1.024006e+03 0.000000e+00
      vertex   1.478525e+03 1.030766e+03 0.000000e+00
    endloop
  endfacet
  facet normal 0.000000e+00 -0.000000e+00 -1.000000e+00
    outer loop
      vertex   1.478525e+03 1.030766e+03 0.000000e+00
      vertex   1.487708e+03 1.024006e+03 0.000000e+00
      vertex   1.478165e+03 1.030407e+03 0.000000e+00
    endloop
  endfacet
  facet normal 0.000000e+00 -0.000000e+00 -1.000000e+00
    outer loop
      vertex   1.478165e+03 1.030407e+03 0.000000e+00
      vertex   1.487708e+03 1.024006e+03 0.000000e+00
      vertex   1.477725e+03 1.030151e+03 0.000000e+00
    endloop
  endfacet
  facet normal 0.000000e+00 -0.000000e+00 -1.000000e+00
    outer loop
      vertex   1.477725e+03 1.030151e+03 0.000000e+00
      vertex   1.487708e+03 1.024006e+03 0.000000e+00
      vertex   1.477235e+03 1.030014e+03 0.000000e+00
    endloop
  endfacet
  facet normal 0.000000e+00 0.000000e+00 -1.000000e+00
    outer loop
      vertex   1.574752e+03 1.089940e+03 0.000000e+00
      vertex   1.560752e+03 1.089940e+03 0.000000e+00
      vertex   1.574752e+03 1.094940e+03 0.000000e+00
    endloop
  endfacet
  facet normal -0.000000e+00 0.000000e+00 -1.000000e+00
    outer loop
      vertex   1.574752e+03 1.094940e+03 0.000000e+00
      vertex   1.560752e+03 1.089940e+03 0.000000e+00
      vertex   1.560752e+03 1.094940e+03 0.000000e+00
    endloop
  endfacet
  facet normal 0.000000e+00 0.000000e+00 -1.000000e+00
    outer loop
      vertex   1.475411e+03 1.030712e+03 0.000000e+00
      vertex   1.475784e+03 1.030366e+03 0.000000e+00
      vertex   1.493278e+03 9.949777e+02 0.000000e+00
    endloop
  endfacet
  facet normal 0.000000e+00 0.000000e+00 -1.000000e+00
    outer loop
      vertex   1.493278e+03 9.949777e+02 0.000000e+00
      vertex   1.475784e+03 1.030366e+03 0.000000e+00
      vertex   1.476232e+03 1.030125e+03 0.000000e+00
    endloop
  endfacet
  facet normal 0.000000e+00 0.000000e+00 -1.000000e+00
    outer loop
      vertex   1.493278e+03 9.949777e+02 0.000000e+00
      vertex   1.476232e+03 1.030125e+03 0.000000e+00
      vertex   1.493451e+03 9.954490e+02 0.000000e+00
    endloop
  endfacet
  facet normal 0.000000e+00 0.000000e+00 -1.000000e+00
    outer loop
      vertex   1.493451e+03 9.954490e+02 0.000000e+00
      vertex   1.476232e+03 1.030125e+03 0.000000e+00
      vertex   1.493969e+03 1.011484e+03 0.000000e+00
    endloop
  endfacet
  facet normal 0.000000e+00 0.000000e+00 -1.000000e+00
    outer loop
      vertex   1.493451e+03 9.954490e+02 0.000000e+00
      vertex   1.493969e+03 1.011484e+03 0.000000e+00
      vertex   1.493736e+03 9.958624e+02 0.000000e+00
    endloop
  endfacet
  facet normal 0.000000e+00 0.000000e+00 -1.000000e+00
    outer loop
      vertex   1.493736e+03 9.958624e+02 0.000000e+00
      vertex   1.493969e+03 1.011484e+03 0.000000e+00
      vertex   1.494115e+03 9.961917e+02 0.000000e+00
    endloop
  endfacet
  facet normal 0.000000e+00 0.000000e+00 -1.000000e+00
    outer loop
      vertex   1.494115e+03 9.961917e+02 0.000000e+00
      vertex   1.493969e+03 1.011484e+03 0.000000e+00
      vertex   1.494564e+03 9.964162e+02 0.000000e+00
    endloop
  endfacet
  facet normal 0.000000e+00 0.000000e+00 -1.000000e+00
    outer loop
      vertex   1.494564e+03 9.964162e+02 0.000000e+00
      vertex   1.493969e+03 1.011484e+03 0.000000e+00
      vertex   1.495055e+03 9.965219e+02 0.000000e+00
    endloop
  endfacet
  facet normal 0.000000e+00 0.000000e+00 -1.000000e+00
    outer loop
      vertex   1.495055e+03 9.965219e+02 0.000000e+00
      vertex   1.493969e+03 1.011484e+03 0.000000e+00
      vertex   1.495557e+03 9.965019e+02 0.000000e+00
    endloop
  endfacet
  facet normal 0.000000e+00 0.000000e+00 -1.000000e+00
    outer loop
      vertex   1.478581e+03 1.033146e+03 0.000000e+00
      vertex   1.478237e+03 1.033521e+03 0.000000e+00
      vertex   1.483000e+03 1.044000e+03 0.000000e+00
    endloop
  endfacet
  facet normal 0.000000e+00 0.000000e+00 -1.000000e+00
    outer loop
      vertex   1.483000e+03 1.044000e+03 0.000000e+00
      vertex   1.478237e+03 1.033521e+03 0.000000e+00
      vertex   1.477810e+03 1.033797e+03 0.000000e+00
    endloop
  endfacet
  facet normal 0.000000e+00 0.000000e+00 -1.000000e+00
    outer loop
      vertex   1.483000e+03 1.044000e+03 0.000000e+00
      vertex   1.477810e+03 1.033797e+03 0.000000e+00
      vertex   1.477327e+03 1.033957e+03 0.000000e+00
    endloop
  endfacet
  facet normal 0.000000e+00 0.000000e+00 -1.000000e+00
    outer loop
      vertex   1.477327e+03 1.033957e+03 0.000000e+00
      vertex   1.476819e+03 1.033989e+03 0.000000e+00
      vertex   1.483000e+03 1.044000e+03 0.000000e+00
    endloop
  endfacet
  facet normal 0.000000e+00 0.000000e+00 -1.000000e+00
    outer loop
      vertex   1.483000e+03 1.044000e+03 0.000000e+00
      vertex   1.476819e+03 1.033989e+03 0.000000e+00
      vertex   1.476320e+03 1.033892e+03 0.000000e+00
    endloop
  endfacet
  facet normal 0.000000e+00 0.000000e+00 -1.000000e+00
    outer loop
      vertex   1.483000e+03 1.044000e+03 0.000000e+00
      vertex   1.476320e+03 1.033892e+03 0.000000e+00
      vertex   1.475861e+03 1.033673e+03 0.000000e+00
    endloop
  endfacet
  facet normal -0.000000e+00 0.000000e+00 -1.000000e+00
    outer loop
      vertex   1.475853e+03 1.057927e+03 0.000000e+00
      vertex   1.475472e+03 1.033345e+03 0.000000e+00
      vertex   1.475461e+03 1.058267e+03 0.000000e+00
    endloop
  endfacet
  facet normal 0.000000e+00 -0.000000e+00 -1.000000e+00
    outer loop
      vertex   1.475461e+03 1.058267e+03 0.000000e+00
      vertex   1.475472e+03 1.033345e+03 0.000000e+00
      vertex   1.475179e+03 1.032929e+03 0.000000e+00
    endloop
  endfacet
  facet normal -0.000000e+00 0.000000e+00 -1.000000e+00
    outer loop
      vertex   1.475461e+03 1.058267e+03 0.000000e+00
      vertex   1.475179e+03 1.032929e+03 0.000000e+00
      vertex   1.475171e+03 1.058697e+03 0.000000e+00
    endloop
  endfacet
  facet normal 0.000000e+00 -0.000000e+00 -1.000000e+00
    outer loop
      vertex   1.475171e+03 1.058697e+03 0.000000e+00
      vertex   1.475179e+03 1.032929e+03 0.000000e+00
      vertex   1.475000e+03 1.032453e+03 0.000000e+00
    endloop
  endfacet
  facet normal -0.000000e+00 0.000000e+00 -1.000000e+00
    outer loop
      vertex   1.475171e+03 1.058697e+03 0.000000e+00
      vertex   1.475000e+03 1.032453e+03 0.000000e+00
      vertex   1.475000e+03 1.059187e+03 0.000000e+00
    endloop
  endfacet
  facet normal 0.000000e+00 0.000000e+00 -1.000000e+00
    outer loop
      vertex   1.478095e+03 1.061239e+03 0.000000e+00
      vertex   1.477633e+03 1.061476e+03 0.000000e+00
      vertex   1.503752e+03 1.073440e+03 0.000000e+00
    endloop
  endfacet
  facet normal 0.000000e+00 0.000000e+00 -1.000000e+00
    outer loop
      vertex   1.503752e+03 1.073440e+03 0.000000e+00
      vertex   1.477633e+03 1.061476e+03 0.000000e+00
      vertex   1.477126e+03 1.061586e+03 0.000000e+00
    endloop
  endfacet
  facet normal -0.000000e+00 0.000000e+00 -1.000000e+00
    outer loop
      vertex   1.476608e+03 1.061563e+03 0.000000e+00
      vertex   1.476113e+03 1.061406e+03 0.000000e+00
      vertex   1.497328e+03 1.109625e+03 0.000000e+00
    endloop
  endfacet
  facet normal -0.000000e+00 0.000000e+00 -1.000000e+00
    outer loop
      vertex   1.497328e+03 1.109625e+03 0.000000e+00
      vertex   1.476113e+03 1.061406e+03 0.000000e+00
      vertex   1.497074e+03 1.110077e+03 0.000000e+00
    endloop
  endfacet
  facet normal 0.000000e+00 0.000000e+00 -1.000000e+00
    outer loop
      vertex   1.497074e+03 1.110077e+03 0.000000e+00
      vertex   1.476113e+03 1.061406e+03 0.000000e+00
      vertex   1.475675e+03 1.061128e+03 0.000000e+00
    endloop
  endfacet
  facet normal -0.000000e+00 0.000000e+00 -1.000000e+00
    outer loop
      vertex   1.497074e+03 1.110077e+03 0.000000e+00
      vertex   1.475675e+03 1.061128e+03 0.000000e+00
      vertex   1.496945e+03 1.110579e+03 0.000000e+00
    endloop
  endfacet
  facet normal 0.000000e+00 0.000000e+00 -1.000000e+00
    outer loop
      vertex   1.496945e+03 1.110579e+03 0.000000e+00
      vertex   1.475675e+03 1.061128e+03 0.000000e+00
      vertex   1.475324e+03 1.060746e+03 0.000000e+00
    endloop
  endfacet
  facet normal 0.000000e+00 0.000000e+00 -1.000000e+00
    outer loop
      vertex   1.497689e+03 1.109254e+03 0.000000e+00
      vertex   1.498134e+03 1.108988e+03 0.000000e+00
      vertex   1.503752e+03 1.092440e+03 0.000000e+00
    endloop
  endfacet
  facet normal 0.000000e+00 0.000000e+00 -1.000000e+00
    outer loop
      vertex   1.503752e+03 1.092440e+03 0.000000e+00
      vertex   1.498134e+03 1.108988e+03 0.000000e+00
      vertex   1.498632e+03 1.108845e+03 0.000000e+00
    endloop
  endfacet
  facet normal 0.000000e+00 0.000000e+00 -1.000000e+00
    outer loop
      vertex   1.499653e+03 1.108958e+03 0.000000e+00
      vertex   1.500107e+03 1.109206e+03 0.000000e+00
      vertex   1.503752e+03 1.106440e+03 0.000000e+00
    endloop
  endfacet
  facet normal 0.000000e+00 0.000000e+00 -1.000000e+00
    outer loop
      vertex   1.503752e+03 1.106440e+03 0.000000e+00
      vertex   1.500107e+03 1.109206e+03 0.000000e+00
      vertex   1.500483e+03 1.109563e+03 0.000000e+00
    endloop
  endfacet
  facet normal 0.000000e+00 0.000000e+00 -1.000000e+00
    outer loop
      vertex   1.503752e+03 1.106440e+03 0.000000e+00
      vertex   1.500483e+03 1.109563e+03 0.000000e+00
      vertex   1.500754e+03 1.110004e+03 0.000000e+00
    endloop
  endfacet
  facet normal 0.000000e+00 0.000000e+00 -1.000000e+00
    outer loop
      vertex   1.500754e+03 1.110004e+03 0.000000e+00
      vertex   1.500903e+03 1.110500e+03 0.000000e+00
      vertex   1.503752e+03 1.106440e+03 0.000000e+00
    endloop
  endfacet
  facet normal 0.000000e+00 0.000000e+00 -1.000000e+00
    outer loop
      vertex   1.503752e+03 1.106440e+03 0.000000e+00
      vertex   1.500903e+03 1.110500e+03 0.000000e+00
      vertex   1.500920e+03 1.111018e+03 0.000000e+00
    endloop
  endfacet
  facet normal 0.000000e+00 0.000000e+00 -1.000000e+00
    outer loop
      vertex   1.615555e+03 1.109933e+03 0.000000e+00
      vertex   1.615383e+03 1.109450e+03 0.000000e+00
      vertex   1.598752e+03 1.104440e+03 0.000000e+00
    endloop
  endfacet
  facet normal 0.000000e+00 -0.000000e+00 -1.000000e+00
    outer loop
      vertex   1.615427e+03 1.108434e+03 0.000000e+00
      vertex   1.615640e+03 1.107968e+03 0.000000e+00
      vertex   1.612752e+03 1.104440e+03 0.000000e+00
    endloop
  endfacet
  facet normal 0.000000e+00 0.000000e+00 -1.000000e+00
    outer loop
      vertex   1.612752e+03 1.104440e+03 0.000000e+00
      vertex   1.615640e+03 1.107968e+03 0.000000e+00
      vertex   1.615964e+03 1.107571e+03 0.000000e+00
    endloop
  endfacet
  facet normal 0.000000e+00 0.000000e+00 -1.000000e+00
    outer loop
      vertex   1.612752e+03 1.104440e+03 0.000000e+00
      vertex   1.615964e+03 1.107571e+03 0.000000e+00
      vertex   1.616379e+03 1.107270e+03 0.000000e+00
    endloop
  endfacet
  facet normal 0.000000e+00 -0.000000e+00 -1.000000e+00
    outer loop
      vertex   1.616379e+03 1.107270e+03 0.000000e+00
      vertex   1.616857e+03 1.107084e+03 0.000000e+00
      vertex   1.612752e+03 1.104440e+03 0.000000e+00
    endloop
  endfacet
  facet normal 0.000000e+00 0.000000e+00 -1.000000e+00
    outer loop
      vertex   1.612752e+03 1.104440e+03 0.000000e+00
      vertex   1.616857e+03 1.107084e+03 0.000000e+00
      vertex   1.617366e+03 1.107026e+03 0.000000e+00
    endloop
  endfacet
  facet normal 0.000000e+00 0.000000e+00 -1.000000e+00
    outer loop
      vertex   1.612752e+03 1.104440e+03 0.000000e+00
      vertex   1.617366e+03 1.107026e+03 0.000000e+00
      vertex   1.617873e+03 1.107099e+03 0.000000e+00
    endloop
  endfacet
  facet normal 0.000000e+00 0.000000e+00 -1.000000e+00
    outer loop
      vertex   1.546252e+03 1.032940e+03 0.000000e+00
      vertex   1.555752e+03 1.040440e+03 0.000000e+00
      vertex   1.551252e+03 1.032940e+03 0.000000e+00
    endloop
  endfacet
  facet normal 9.386814e-01 -3.447858e-01 -5.226347e-14
    outer loop
      vertex   1.493278e+03 9.949777e+02 1.500000e+00
      vertex   1.493278e+03 9.949777e+02 0.000000e+00
      vertex   1.493451e+03 9.954490e+02 1.500000e+00
    endloop
  endfacet
  facet normal 9.386814e-01 -3.447858e-01 0.000000e+00
    outer loop
      vertex   1.493451e+03 9.954490e+02 1.500000e+00
      vertex   1.493278e+03 9.949777e+02 0.000000e+00
      vertex   1.493451e+03 9.954490e+02 0.000000e+00
    endloop
  endfacet
  facet normal 8.232276e-01 -5.677115e-01 0.000000e+00
    outer loop
      vertex   1.493451e+03 9.954490e+02 1.500000e+00
      vertex   1.493451e+03 9.954490e+02 0.000000e+00
      vertex   1.493736e+03 9.958624e+02 1.500000e+00
    endloop
  endfacet
  facet normal 8.232276e-01 -5.677115e-01 -4.302755e-14
    outer loop
      vertex   1.493736e+03 9.958624e+02 1.500000e+00
      vertex   1.493451e+03 9.954490e+02 0.000000e+00
      vertex   1.493736e+03 9.958624e+02 0.000000e+00
    endloop
  endfacet
  facet normal 6.558895e-01 -7.548570e-01 -5.721153e-14
    outer loop
      vertex   1.493736e+03 9.958624e+02 1.500000e+00
      vertex   1.493736e+03 9.958624e+02 0.000000e+00
      vertex   1.494115e+03 9.961917e+02 1.500000e+00
    endloop
  endfacet
  facet normal 6.558895e-01 -7.548570e-01 0.000000e+00
    outer loop
      vertex   1.494115e+03 9.961917e+02 1.500000e+00
      vertex   1.493736e+03 9.958624e+02 0.000000e+00
      vertex   1.494115e+03 9.961917e+02 0.000000e+00
    endloop
  endfacet
  facet normal 4.472136e-01 -8.944272e-01 0.000000e+00
    outer loop
      vertex   1.494115e+03 9.961917e+02 1.500000e+00
      vertex   1.494115e+03 9.961917e+02 0.000000e+00
      vertex   1.494564e+03 9.964162e+02 1.500000e+00
    endloop
  endfacet
  facet normal 4.472136e-01 -8.944272e-01 0.000000e+00
    outer loop
      vertex   1.494564e+03 9.964162e+02 1.500000e+00
      vertex   1.494115e+03 9.961917e+02 0.000000e+00
      vertex   1.494564e+03 9.964162e+02 0.000000e+00
    endloop
  endfacet
  facet normal 2.103519e-01 -9.776257e-01 0.000000e+00
    outer loop
      vertex   1.494564e+03 9.964162e+02 1.500000e+00
      vertex   1.494564e+03 9.964162e+02 0.000000e+00
      vertex   1.495055e+03 9.965219e+02 1.500000e+00
    endloop
  endfacet
  facet normal 2.103519e-01 -9.776257e-01 3.188565e-14
    outer loop
      vertex   1.495055e+03 9.965219e+02 1.500000e+00
      vertex   1.494564e+03 9.964162e+02 0.000000e+00
      vertex   1.495055e+03 9.965219e+02 0.000000e+00
    endloop
  endfacet
  facet normal -3.976735e-02 -9.992090e-01 -6.028032e-15
    outer loop
      vertex   1.495055e+03 9.965219e+02 1.500000e+00
      vertex   1.495055e+03 9.965219e+02 0.000000e+00
      vertex   1.495557e+03 9.965019e+02 1.500000e+00
    endloop
  endfacet
  facet normal -3.976735e-02 -9.992090e-01 -0.000000e+00
    outer loop
      vertex   1.495557e+03 9.965019e+02 1.500000e+00
      vertex   1.495055e+03 9.965219e+02 0.000000e+00
      vertex   1.495557e+03 9.965019e+02 0.000000e+00
    endloop
  endfacet
  facet normal -2.873802e-01 -9.578166e-01 -0.000000e+00
    outer loop
      vertex   1.495557e+03 9.965019e+02 1.500000e+00
      vertex   1.495557e+03 9.965019e+02 0.000000e+00
      vertex   1.496038e+03 9.963576e+02 1.500000e+00
    endloop
  endfacet
  facet normal -2.873802e-01 -9.578166e-01 -0.000000e+00
    outer loop
      vertex   1.496038e+03 9.963576e+02 1.500000e+00
      vertex   1.495557e+03 9.965019e+02 0.000000e+00
      vertex   1.496038e+03 9.963576e+02 0.000000e+00
    endloop
  endfacet
  facet normal -5.168808e-01 -8.560574e-01 -0.000000e+00
    outer loop
      vertex   1.496038e+03 9.963576e+02 1.500000e+00
      vertex   1.496038e+03 9.963576e+02 0.000000e+00
      vertex   1.496468e+03 9.960981e+02 1.500000e+00
    endloop
  endfacet
  facet normal -5.168808e-01 -8.560574e-01 -0.000000e+00
    outer loop
      vertex   1.496468e+03 9.960981e+02 1.500000e+00
      vertex   1.496038e+03 9.963576e+02 0.000000e+00
      vertex   1.496468e+03 9.960981e+02 0.000000e+00
    endloop
  endfacet
  facet normal -7.138048e-01 -7.003447e-01 -0.000000e+00
    outer loop
      vertex   1.496468e+03 9.960981e+02 1.500000e+00
      vertex   1.496468e+03 9.960981e+02 0.000000e+00
      vertex   1.496819e+03 9.957397e+02 1.500000e+00
    endloop
  endfacet
  facet normal -7.138048e-01 -7.003447e-01 -0.000000e+00
    outer loop
      vertex   1.496819e+03 9.957397e+02 1.500000e+00
      vertex   1.496468e+03 9.960981e+02 0.000000e+00
      vertex   1.496819e+03 9.957397e+02 0.000000e+00
    endloop
  endfacet
  facet normal -8.657408e-01 -5.004925e-01 -0.000000e+00
    outer loop
      vertex   1.496819e+03 9.957397e+02 1.500000e+00
      vertex   1.496819e+03 9.957397e+02 0.000000e+00
      vertex   1.497071e+03 9.953050e+02 1.500000e+00
    endloop
  endfacet
  facet normal -8.657408e-01 -5.004925e-01 -0.000000e+00
    outer loop
      vertex   1.497071e+03 9.953050e+02 1.500000e+00
      vertex   1.496819e+03 9.957397e+02 0.000000e+00
      vertex   1.497071e+03 9.953050e+02 0.000000e+00
    endloop
  endfacet
  facet normal -9.631132e-01 -2.690966e-01 -0.000000e+00
    outer loop
      vertex   1.497071e+03 9.953050e+02 1.500000e+00
      vertex   1.497071e+03 9.953050e+02 0.000000e+00
      vertex   1.497206e+03 9.948214e+02 1.500000e+00
    endloop
  endfacet
  facet normal -9.631132e-01 -2.690966e-01 -1.459911e-13
    outer loop
      vertex   1.497206e+03 9.948214e+02 1.500000e+00
      vertex   1.497071e+03 9.953050e+02 0.000000e+00
      vertex   1.497206e+03 9.948214e+02 0.000000e+00
    endloop
  endfacet
  facet normal -9.997849e-01 -2.074068e-02 -1.515498e-13
    outer loop
      vertex   1.497206e+03 9.948214e+02 1.500000e+00
      vertex   1.497206e+03 9.948214e+02 0.000000e+00
      vertex   1.497216e+03 9.943194e+02 1.500000e+00
    endloop
  endfacet
  facet normal -9.997849e-01 -2.074068e-02 -0.000000e+00
    outer loop
      vertex   1.497216e+03 9.943194e+02 1.500000e+00
      vertex   1.497206e+03 9.948214e+02 0.000000e+00
      vertex   1.497216e+03 9.943194e+02 0.000000e+00
    endloop
  endfacet
  facet normal -9.734447e-01 2.289224e-01 0.000000e+00
    outer loop
      vertex   1.497216e+03 9.943194e+02 1.500000e+00
      vertex   1.497216e+03 9.943194e+02 0.000000e+00
      vertex   1.497101e+03 9.938307e+02 1.500000e+00
    endloop
  endfacet
  facet normal -9.734447e-01 2.289224e-01 0.000000e+00
    outer loop
      vertex   1.497101e+03 9.938307e+02 1.500000e+00
      vertex   1.497216e+03 9.943194e+02 0.000000e+00
      vertex   1.497101e+03 9.938307e+02 0.000000e+00
    endloop
  endfacet
  facet normal -8.857526e-01 4.641576e-01 0.000000e+00
    outer loop
      vertex   1.497101e+03 9.938307e+02 1.500000e+00
      vertex   1.497101e+03 9.938307e+02 0.000000e+00
      vertex   1.496868e+03 9.933859e+02 1.500000e+00
    endloop
  endfacet
  facet normal -8.857526e-01 4.641576e-01 0.000000e+00
    outer loop
      vertex   1.496868e+03 9.933859e+02 1.500000e+00
      vertex   1.497101e+03 9.938307e+02 0.000000e+00
      vertex   1.496868e+03 9.933859e+02 0.000000e+00
    endloop
  endfacet
  facet normal 6.780454e-15 2.358799e-15 1.000000e+00
    outer loop
      vertex   1.475000e+03 1.059187e+03 1.500000e+00
      vertex   1.475000e+03 1.032453e+03 1.500000e+00
      vertex   1.475171e+03 1.058697e+03 1.500000e+00
    endloop
  endfacet
  facet normal 3.522036e-13 1.145171e-16 1.000000e+00
    outer loop
      vertex   1.475171e+03 1.058697e+03 1.500000e+00
      vertex   1.475000e+03 1.032453e+03 1.500000e+00
      vertex   1.475179e+03 1.032929e+03 1.500000e+00
    endloop
  endfacet
  facet normal 0.000000e+00 0.000000e+00 1.000000e+00
    outer loop
      vertex   1.475171e+03 1.058697e+03 1.500000e+00
      vertex   1.475179e+03 1.032929e+03 1.500000e+00
      vertex   1.475461e+03 1.058267e+03 1.500000e+00
    endloop
  endfacet
  facet normal 0.000000e+00 0.000000e+00 1.000000e+00
    outer loop
      vertex   1.475461e+03 1.058267e+03 1.500000e+00
      vertex   1.475179e+03 1.032929e+03 1.500000e+00
      vertex   1.475472e+03 1.033345e+03 1.500000e+00
    endloop
  endfacet
  facet normal 0.000000e+00 0.000000e+00 1.000000e+00
    outer loop
      vertex   1.475461e+03 1.058267e+03 1.500000e+00
      vertex   1.475472e+03 1.033345e+03 1.500000e+00
      vertex   1.475853e+03 1.057927e+03 1.500000e+00
    endloop
  endfacet
  facet normal 0.000000e+00 0.000000e+00 1.000000e+00
    outer loop
      vertex   1.475853e+03 1.057927e+03 1.500000e+00
      vertex   1.475472e+03 1.033345e+03 1.500000e+00
      vertex   1.475861e+03 1.033673e+03 1.500000e+00
    endloop
  endfacet
  facet normal 0.000000e+00 0.000000e+00 1.000000e+00
    outer loop
      vertex   1.475853e+03 1.057927e+03 1.500000e+00
      vertex   1.475861e+03 1.033673e+03 1.500000e+00
      vertex   1.483000e+03 1.044000e+03 1.500000e+00
    endloop
  endfacet
  facet normal 0.000000e+00 0.000000e+00 1.000000e+00
    outer loop
      vertex   1.483000e+03 1.044000e+03 1.500000e+00
      vertex   1.475861e+03 1.033673e+03 1.500000e+00
      vertex   1.476320e+03 1.033892e+03 1.500000e+00
    endloop
  endfacet
  facet normal 0.000000e+00 0.000000e+00 1.000000e+00
    outer loop
      vertex   1.483000e+03 1.044000e+03 1.500000e+00
      vertex   1.476320e+03 1.033892e+03 1.500000e+00
      vertex   1.476819e+03 1.033989e+03 1.500000e+00
    endloop
  endfacet
  facet normal -0.000000e+00 0.000000e+00 1.000000e+00
    outer loop
      vertex   1.476819e+03 1.033989e+03 1.500000e+00
      vertex   1.477327e+03 1.033957e+03 1.500000e+00
      vertex   1.483000e+03 1.044000e+03 1.500000e+00
    endloop
  endfacet
  facet normal 0.000000e+00 0.000000e+00 1.000000e+00
    outer loop
      vertex   1.483000e+03 1.044000e+03 1.500000e+00
      vertex   1.477327e+03 1.033957e+03 1.500000e+00
      vertex   1.477810e+03 1.033797e+03 1.500000e+00
    endloop
  endfacet
  facet normal 0.000000e+00 0.000000e+00 1.000000e+00
    outer loop
      vertex   1.483000e+03 1.044000e+03 1.500000e+00
      vertex   1.477810e+03 1.033797e+03 1.500000e+00
      vertex   1.478237e+03 1.033521e+03 1.500000e+00
    endloop
  endfacet
  facet normal -0.000000e+00 0.000000e+00 1.000000e+00
    outer loop
      vertex   1.478237e+03 1.033521e+03 1.500000e+00
      vertex   1.478581e+03 1.033146e+03 1.500000e+00
      vertex   1.483000e+03 1.044000e+03 1.500000e+00
    endloop
  endfacet
  facet normal 0.000000e+00 0.000000e+00 1.000000e+00
    outer loop
      vertex   1.483000e+03 1.044000e+03 1.500000e+00
      vertex   1.478581e+03 1.033146e+03 1.500000e+00
      vertex   1.478819e+03 1.032697e+03 1.500000e+00
    endloop
  endfacet
  facet normal 0.000000e+00 0.000000e+00 1.000000e+00
    outer loop
      vertex   1.483000e+03 1.044000e+03 1.500000e+00
      vertex   1.478819e+03 1.032697e+03 1.500000e+00
      vertex   1.500230e+03 1.030267e+03 1.500000e+00
    endloop
  endfacet
  facet normal 0.000000e+00 0.000000e+00 1.000000e+00
    outer loop
      vertex   1.500230e+03 1.030267e+03 1.500000e+00
      vertex   1.478819e+03 1.032697e+03 1.500000e+00
      vertex   1.478936e+03 1.032201e+03 1.500000e+00
    endloop
  endfacet
  facet normal 0.000000e+00 0.000000e+00 1.000000e+00
    outer loop
      vertex   1.500230e+03 1.030267e+03 1.500000e+00
      vertex   1.478936e+03 1.032201e+03 1.500000e+00
      vertex   1.487708e+03 1.024006e+03 1.500000e+00
    endloop
  endfacet
  facet normal 0.000000e+00 0.000000e+00 1.000000e+00
    outer loop
      vertex   1.487708e+03 1.024006e+03 1.500000e+00
      vertex   1.478936e+03 1.032201e+03 1.500000e+00
      vertex   1.478924e+03 1.031693e+03 1.500000e+00
    endloop
  endfacet
  facet normal 0.000000e+00 0.000000e+00 1.000000e+00
    outer loop
      vertex   1.487708e+03 1.024006e+03 1.500000e+00
      vertex   1.478924e+03 1.031693e+03 1.500000e+00
      vertex   1.478784e+03 1.031204e+03 1.500000e+00
    endloop
  endfacet
  facet normal 0.000000e+00 0.000000e+00 1.000000e+00
    outer loop
      vertex   1.478784e+03 1.031204e+03 1.500000e+00
      vertex   1.478525e+03 1.030766e+03 1.500000e+00
      vertex   1.487708e+03 1.024006e+03 1.500000e+00
    endloop
  endfacet
  facet normal 0.000000e+00 0.000000e+00 1.000000e+00
    outer loop
      vertex   1.487708e+03 1.024006e+03 1.500000e+00
      vertex   1.478525e+03 1.030766e+03 1.500000e+00
      vertex   1.478165e+03 1.030407e+03 1.500000e+00
    endloop
  endfacet
  facet normal 0.000000e+00 0.000000e+00 1.000000e+00
    outer loop
      vertex   1.487708e+03 1.024006e+03 1.500000e+00
      vertex   1.478165e+03 1.030407e+03 1.500000e+00
      vertex   1.477725e+03 1.030151e+03 1.500000e+00
    endloop
  endfacet
  facet normal 0.000000e+00 0.000000e+00 1.000000e+00
    outer loop
      vertex   1.477725e+03 1.030151e+03 1.500000e+00
      vertex   1.477235e+03 1.030014e+03 1.500000e+00
      vertex   1.487708e+03 1.024006e+03 1.500000e+00
    endloop
  endfacet
  facet normal 0.000000e+00 0.000000e+00 1.000000e+00
    outer loop
      vertex   1.487708e+03 1.024006e+03 1.500000e+00
      vertex   1.477235e+03 1.030014e+03 1.500000e+00
      vertex   1.476727e+03 1.030005e+03 1.500000e+00
    endloop
  endfacet
  facet normal 0.000000e+00 0.000000e+00 1.000000e+00
    outer loop
      vertex   1.487708e+03 1.024006e+03 1.500000e+00
      vertex   1.476727e+03 1.030005e+03 1.500000e+00
      vertex   1.476232e+03 1.030125e+03 1.500000e+00
    endloop
  endfacet
  facet normal 0.000000e+00 0.000000e+00 1.000000e+00
    outer loop
      vertex   1.475784e+03 1.030366e+03 1.500000e+00
      vertex   1.493278e+03 9.949777e+02 1.500000e+00
      vertex   1.476232e+03 1.030125e+03 1.500000e+00
    endloop
  endfacet
  facet normal 0.000000e+00 0.000000e+00 1.000000e+00
    outer loop
      vertex   1.476232e+03 1.030125e+03 1.500000e+00
      vertex   1.493278e+03 9.949777e+02 1.500000e+00
      vertex   1.493451e+03 9.954490e+02 1.500000e+00
    endloop
  endfacet
  facet normal 0.000000e+00 0.000000e+00 1.000000e+00
    outer loop
      vertex   1.476232e+03 1.030125e+03 1.500000e+00
      vertex   1.493451e+03 9.954490e+02 1.500000e+00
      vertex   1.493969e+03 1.011484e+03 1.500000e+00
    endloop
  endfacet
  facet normal 0.000000e+00 0.000000e+00 1.000000e+00
    outer loop
      vertex   1.493969e+03 1.011484e+03 1.500000e+00
      vertex   1.493451e+03 9.954490e+02 1.500000e+00
      vertex   1.493736e+03 9.958624e+02 1.500000e+00
    endloop
  endfacet
  facet normal 0.000000e+00 0.000000e+00 1.000000e+00
    outer loop
      vertex   1.493969e+03 1.011484e+03 1.500000e+00
      vertex   1.493736e+03 9.958624e+02 1.500000e+00
      vertex   1.494115e+03 9.961917e+02 1.500000e+00
    endloop
  endfacet
  facet normal 3.485224e-13 1.722914e-13 1.000000e+00
    outer loop
      vertex   1.475784e+03 1.030366e+03 1.500000e+00
      vertex   1.475411e+03 1.030712e+03 1.500000e+00
      vertex   1.493278e+03 9.949777e+02 1.500000e+00
    endloop
  endfacet
  facet normal 0.000000e+00 -0.000000e+00 1.000000e+00
    outer loop
      vertex   1.494115e+03 9.961917e+02 1.500000e+00
      vertex   1.494564e+03 9.964162e+02 1.500000e+00
      vertex   1.493969e+03 1.011484e+03 1.500000e+00
    endloop
  endfacet
  facet normal 0.000000e+00 0.000000e+00 1.000000e+00
    outer loop
      vertex   1.493969e+03 1.011484e+03 1.500000e+00
      vertex   1.494564e+03 9.964162e+02 1.500000e+00
      vertex   1.495055e+03 9.965219e+02 1.500000e+00
    endloop
  endfacet
  facet normal 0.000000e+00 0.000000e+00 1.000000e+00
    outer loop
      vertex   1.493969e+03 1.011484e+03 1.500000e+00
      vertex   1.495055e+03 9.965219e+02 1.500000e+00
      vertex   1.495557e+03 9.965019e+02 1.500000e+00
    endloop
  endfacet
  facet normal -0.000000e+00 -0.000000e+00 1.000000e+00
    outer loop
      vertex   1.495557e+03 9.965019e+02 1.500000e+00
      vertex   1.496038e+03 9.963576e+02 1.500000e+00
      vertex   1.493969e+03 1.011484e+03 1.500000e+00
    endloop
  endfacet
  facet normal 0.000000e+00 0.000000e+00 1.000000e+00
    outer loop
      vertex   1.493969e+03 1.011484e+03 1.500000e+00
      vertex   1.496038e+03 9.963576e+02 1.500000e+00
      vertex   1.496468e+03 9.960981e+02 1.500000e+00
    endloop
  endfacet
  facet normal -0.000000e+00 0.000000e+00 1.000000e+00
    outer loop
      vertex   1.493969e+03 1.011484e+03 1.500000e+00
      vertex   1.496468e+03 9.960981e+02 1.500000e+00
      vertex   1.506491e+03 1.017745e+03 1.500000e+00
    endloop
  endfacet
  facet normal 0.000000e+00 0.000000e+00 1.000000e+00
    outer loop
      vertex   1.506491e+03 1.017745e+03 1.500000e+00
      vertex   1.496468e+03 9.960981e+02 1.500000e+00
      vertex   1.513252e+03 1.016440e+03 1.500000e+00
    endloop
  endfacet
  facet normal -0.000000e+00 0.000000e+00 1.000000e+00
    outer loop
      vertex   1.506491e+03 1.017745e+03 1.500000e+00
      vertex   1.513252e+03 1.016440e+03 1.500000e+00
      vertex   1.513252e+03 1.030440e+03 1.500000e+00
    endloop
  endfacet
  facet normal -0.000000e+00 0.000000e+00 1.000000e+00
    outer loop
      vertex   1.496468e+03 9.960981e+02 1.500000e+00
      vertex   1.496819e+03 9.957397e+02 1.500000e+00
      vertex   1.513252e+03 1.016440e+03 1.500000e+00
    endloop
  endfacet
  facet normal 0.000000e+00 0.000000e+00 1.000000e+00
    outer loop
      vertex   1.513252e+03 1.016440e+03 1.500000e+00
      vertex   1.496819e+03 9.957397e+02 1.500000e+00
      vertex   1.497071e+03 9.953050e+02 1.500000e+00
    endloop
  endfacet
  facet normal 0.000000e+00 0.000000e+00 1.000000e+00
    outer loop
      vertex   1.513252e+03 1.016440e+03 1.500000e+00
      vertex   1.497071e+03 9.953050e+02 1.500000e+00
      vertex   1.497206e+03 9.948214e+02 1.500000e+00
    endloop
  endfacet
  facet normal -0.000000e+00 0.000000e+00 1.000000e+00
    outer loop
      vertex   1.513252e+03 1.016440e+03 1.500000e+00
      vertex   1.497206e+03 9.948214e+02 1.500000e+00
      vertex   1.527252e+03 1.016440e+03 1.500000e+00
    endloop
  endfacet
  facet normal 0.000000e+00 0.000000e+00 1.000000e+00
    outer loop
      vertex   1.527252e+03 1.016440e+03 1.500000e+00
      vertex   1.497206e+03 9.948214e+02 1.500000e+00
      vertex   1.497216e+03 9.943194e+02 1.500000e+00
    endloop
  endfacet
  facet normal 0.000000e+00 0.000000e+00 1.000000e+00
    outer loop
      vertex   1.527252e+03 1.016440e+03 1.500000e+00
      vertex   1.497216e+03 9.943194e+02 1.500000e+00
      vertex   1.497101e+03 9.938307e+02 1.500000e+00
    endloop
  endfacet
  facet normal 1.702274e-13 -2.270035e-13 1.000000e+00
    outer loop
      vertex   1.497101e+03 9.938307e+02 1.500000e+00
      vertex   1.496868e+03 9.933859e+02 1.500000e+00
      vertex   1.527252e+03 1.016440e+03 1.500000e+00
    endloop
  endfacet
  facet normal 4.231513e-16 -3.215950e-15 1.000000e+00
    outer loop
      vertex   1.527252e+03 1.016440e+03 1.500000e+00
      vertex   1.496868e+03 9.933859e+02 1.500000e+00
      vertex   1.546252e+03 1.018940e+03 1.500000e+00
    endloop
  endfacet
  facet normal 0.000000e+00 0.000000e+00 1.000000e+00
    outer loop
      vertex   1.527252e+03 1.016440e+03 1.500000e+00
      vertex   1.546252e+03 1.018940e+03 1.500000e+00
      vertex   1.532252e+03 1.018940e+03 1.500000e+00
    endloop
  endfacet
  facet normal 1.313561e-15 -5.913323e-15 1.000000e+00
    outer loop
      vertex   1.616861e+03 1.026912e+03 1.500000e+00
      vertex   1.565252e+03 1.018940e+03 1.500000e+00
      vertex   1.496868e+03 9.933859e+02 1.500000e+00
    endloop
  endfacet
  facet normal 0.000000e+00 -2.398210e-15 1.000000e+00
    outer loop
      vertex   1.496868e+03 9.933859e+02 1.500000e+00
      vertex   1.565252e+03 1.018940e+03 1.500000e+00
      vertex   1.551252e+03 1.018940e+03 1.500000e+00
    endloop
  endfacet
  facet normal 0.000000e+00 -2.398210e-15 1.000000e+00
    outer loop
      vertex   1.496868e+03 9.933859e+02 1.500000e+00
      vertex   1.551252e+03 1.018940e+03 1.500000e+00
      vertex   1.546252e+03 1.018940e+03 1.500000e+00
    endloop
  endfacet
  facet normal 0.000000e+00 0.000000e+00 1.000000e+00
    outer loop
      vertex   1.546252e+03 1.018940e+03 1.500000e+00
      vertex   1.551252e+03 1.018940e+03 1.500000e+00
      vertex   1.546252e+03 1.032940e+03 1.500000e+00
    endloop
  endfacet
  facet normal -0.000000e+00 0.000000e+00 1.000000e+00
    outer loop
      vertex   1.546252e+03 1.032940e+03 1.500000e+00
      vertex   1.551252e+03 1.018940e+03 1.500000e+00
      vertex   1.551252e+03 1.032940e+03 1.500000e+00
    endloop
  endfacet
  facet normal 0.000000e+00 -0.000000e+00 1.000000e+00
    outer loop
      vertex   1.546252e+03 1.032940e+03 1.500000e+00
      vertex   1.551252e+03 1.032940e+03 1.500000e+00
      vertex   1.541752e+03 1.040440e+03 1.500000e+00
    endloop
  endfacet
  facet normal -0.000000e+00 0.000000e+00 1.000000e+00
    outer loop
      vertex   1.541752e+03 1.040440e+03 1.500000e+00
      vertex   1.551252e+03 1.032940e+03 1.500000e+00
      vertex   1.555752e+03 1.040440e+03 1.500000e+00
    endloop
  endfacet
  facet normal 0.000000e+00 0.000000e+00 1.000000e+00
    outer loop
      vertex   1.555752e+03 1.040440e+03 1.500000e+00
      vertex   1.551252e+03 1.032940e+03 1.500000e+00
      vertex   1.560752e+03 1.037940e+03 1.500000e+00
    endloop
  endfacet
  facet normal -0.000000e+00 0.000000e+00 1.000000e+00
    outer loop
      vertex   1.555752e+03 1.040440e+03 1.500000e+00
      vertex   1.560752e+03 1.037940e+03 1.500000e+00
      vertex   1.560752e+03 1.051940e+03 1.500000e+00
    endloop
  endfacet
  facet normal 1.330132e-14 -8.351847e-14 1.000000e+00
    outer loop
      vertex   1.616861e+03 1.026912e+03 1.500000e+00
      vertex   1.616403e+03 1.027087e+03 1.500000e+00
      vertex   1.565252e+03 1.018940e+03 1.500000e+00
    endloop
  endfacet
  facet normal 0.000000e+00 0.000000e+00 1.000000e+00
    outer loop
      vertex   1.565252e+03 1.018940e+03 1.500000e+00
      vertex   1.616403e+03 1.027087e+03 1.500000e+00
      vertex   1.593752e+03 1.033440e+03 1.500000e+00
    endloop
  endfacet
  facet normal 0.000000e+00 0.000000e+00 1.000000e+00
    outer loop
      vertex   1.565252e+03 1.018940e+03 1.500000e+00
      vertex   1.593752e+03 1.033440e+03 1.500000e+00
      vertex   1.579752e+03 1.033440e+03 1.500000e+00
    endloop
  endfacet
  facet normal 0.000000e+00 0.000000e+00 1.000000e+00
    outer loop
      vertex   1.616403e+03 1.027087e+03 1.500000e+00
      vertex   1.616001e+03 1.027367e+03 1.500000e+00
      vertex   1.593752e+03 1.033440e+03 1.500000e+00
    endloop
  endfacet
  facet normal -0.000000e+00 0.000000e+00 1.000000e+00
    outer loop
      vertex   1.593752e+03 1.033440e+03 1.500000e+00
      vertex   1.616001e+03 1.027367e+03 1.500000e+00
      vertex   1.598752e+03 1.033440e+03 1.500000e+00
    endloop
  endfacet
  facet normal 0.000000e+00 0.000000e+00 1.000000e+00
    outer loop
      vertex   1.593752e+03 1.033440e+03 1.500000e+00
      vertex   1.598752e+03 1.033440e+03 1.500000e+00
      vertex   1.593752e+03 1.047440e+03 1.500000e+00
    endloop
  endfacet
  facet normal -0.000000e+00 0.000000e+00 1.000000e+00
    outer loop
      vertex   1.593752e+03 1.047440e+03 1.500000e+00
      vertex   1.598752e+03 1.033440e+03 1.500000e+00
      vertex   1.598752e+03 1.047440e+03 1.500000e+00
    endloop
  endfacet
  facet normal 0.000000e+00 0.000000e+00 1.000000e+00
    outer loop
      vertex   1.593752e+03 1.047440e+03 1.500000e+00
      vertex   1.598752e+03 1.047440e+03 1.500000e+00
      vertex   1.593752e+03 1.052440e+03 1.500000e+00
    endloop
  endfacet
  facet normal -0.000000e+00 0.000000e+00 1.000000e+00
    outer loop
      vertex   1.593752e+03 1.052440e+03 1.500000e+00
      vertex   1.598752e+03 1.047440e+03 1.500000e+00
      vertex   1.598752e+03 1.052440e+03 1.500000e+00
    endloop
  endfacet
  facet normal 0.000000e+00 0.000000e+00 1.000000e+00
    outer loop
      vertex   1.593752e+03 1.052440e+03 1.500000e+00
      vertex   1.598752e+03 1.052440e+03 1.500000e+00
      vertex   1.593752e+03 1.066440e+03 1.500000e+00
    endloop
  endfacet
  facet normal -0.000000e+00 0.000000e+00 1.000000e+00
    outer loop
      vertex   1.593752e+03 1.066440e+03 1.500000e+00
      vertex   1.598752e+03 1.052440e+03 1.500000e+00
      vertex   1.598752e+03 1.066440e+03 1.500000e+00
    endloop
  endfacet
  facet normal 0.000000e+00 0.000000e+00 1.000000e+00
    outer loop
      vertex   1.593752e+03 1.066440e+03 1.500000e+00
      vertex   1.598752e+03 1.066440e+03 1.500000e+00
      vertex   1.593817e+03 1.071440e+03 1.500000e+00
    endloop
  endfacet
  facet normal -0.000000e+00 0.000000e+00 1.000000e+00
    outer loop
      vertex   1.593817e+03 1.071440e+03 1.500000e+00
      vertex   1.598752e+03 1.066440e+03 1.500000e+00
      vertex   1.598752e+03 1.071440e+03 1.500000e+00
    endloop
  endfacet
  facet normal 0.000000e+00 0.000000e+00 1.000000e+00
    outer loop
      vertex   1.593817e+03 1.071440e+03 1.500000e+00
      vertex   1.598752e+03 1.071440e+03 1.500000e+00
      vertex   1.593817e+03 1.085440e+03 1.500000e+00
    endloop
  endfacet
  facet normal -0.000000e+00 0.000000e+00 1.000000e+00
    outer loop
      vertex   1.593817e+03 1.085440e+03 1.500000e+00
      vertex   1.598752e+03 1.071440e+03 1.500000e+00
      vertex   1.598752e+03 1.085440e+03 1.500000e+00
    endloop
  endfacet
  facet normal 0.000000e+00 0.000000e+00 1.000000e+00
    outer loop
      vertex   1.593817e+03 1.085440e+03 1.500000e+00
      vertex   1.598752e+03 1.085440e+03 1.500000e+00
      vertex   1.593817e+03 1.090440e+03 1.500000e+00
    endloop
  endfacet
  facet normal -0.000000e+00 0.000000e+00 1.000000e+00
    outer loop
      vertex   1.593817e+03 1.090440e+03 1.500000e+00
      vertex   1.598752e+03 1.085440e+03 1.500000e+00
      vertex   1.598752e+03 1.090440e+03 1.500000e+00
    endloop
  endfacet
  facet normal 0.000000e+00 0.000000e+00 1.000000e+00
    outer loop
      vertex   1.593817e+03 1.090440e+03 1.500000e+00
      vertex   1.598752e+03 1.090440e+03 1.500000e+00
      vertex   1.593817e+03 1.104440e+03 1.500000e+00
    endloop
  endfacet
  facet normal -0.000000e+00 0.000000e+00 1.000000e+00
    outer loop
      vertex   1.593817e+03 1.104440e+03 1.500000e+00
      vertex   1.598752e+03 1.090440e+03 1.500000e+00
      vertex   1.598752e+03 1.104440e+03 1.500000e+00
    endloop
  endfacet
  facet normal 0.000000e+00 -3.303150e-15 1.000000e+00
    outer loop
      vertex   1.593817e+03 1.104440e+03 1.500000e+00
      vertex   1.598752e+03 1.104440e+03 1.500000e+00
      vertex   1.616231e+03 1.110692e+03 1.500000e+00
    endloop
  endfacet
  facet normal 3.540465e-14 -1.022947e-13 1.000000e+00
    outer loop
      vertex   1.616231e+03 1.110692e+03 1.500000e+00
      vertex   1.598752e+03 1.104440e+03 1.500000e+00
      vertex   1.615844e+03 1.110356e+03 1.500000e+00
    endloop
  endfacet
  facet normal 0.000000e+00 0.000000e+00 1.000000e+00
    outer loop
      vertex   1.615844e+03 1.110356e+03 1.500000e+00
      vertex   1.598752e+03 1.104440e+03 1.500000e+00
      vertex   1.615555e+03 1.109933e+03 1.500000e+00
    endloop
  endfacet
  facet normal 0.000000e+00 0.000000e+00 1.000000e+00
    outer loop
      vertex   1.615555e+03 1.109933e+03 1.500000e+00
      vertex   1.598752e+03 1.104440e+03 1.500000e+00
      vertex   1.615383e+03 1.109450e+03 1.500000e+00
    endloop
  endfacet
  facet normal 0.000000e+00 0.000000e+00 1.000000e+00
    outer loop
      vertex   1.615383e+03 1.109450e+03 1.500000e+00
      vertex   1.598752e+03 1.104440e+03 1.500000e+00
      vertex   1.612752e+03 1.104440e+03 1.500000e+00
    endloop
  endfacet
  facet normal 0.000000e+00 0.000000e+00 1.000000e+00
    outer loop
      vertex   1.615383e+03 1.109450e+03 1.500000e+00
      vertex   1.612752e+03 1.104440e+03 1.500000e+00
      vertex   1.615339e+03 1.108939e+03 1.500000e+00
    endloop
  endfacet
  facet normal 0.000000e+00 0.000000e+00 1.000000e+00
    outer loop
      vertex   1.615339e+03 1.108939e+03 1.500000e+00
      vertex   1.612752e+03 1.104440e+03 1.500000e+00
      vertex   1.615427e+03 1.108434e+03 1.500000e+00
    endloop
  endfacet
  facet normal 0.000000e+00 0.000000e+00 1.000000e+00
    outer loop
      vertex   1.615427e+03 1.108434e+03 1.500000e+00
      vertex   1.612752e+03 1.104440e+03 1.500000e+00
      vertex   1.615640e+03 1.107968e+03 1.500000e+00
    endloop
  endfacet
  facet normal 0.000000e+00 0.000000e+00 1.000000e+00
    outer loop
      vertex   1.615640e+03 1.107968e+03 1.500000e+00
      vertex   1.612752e+03 1.104440e+03 1.500000e+00
      vertex   1.615964e+03 1.107571e+03 1.500000e+00
    endloop
  endfacet
  facet normal 0.000000e+00 0.000000e+00 1.000000e+00
    outer loop
      vertex   1.615964e+03 1.107571e+03 1.500000e+00
      vertex   1.612752e+03 1.104440e+03 1.500000e+00
      vertex   1.616379e+03 1.107270e+03 1.500000e+00
    endloop
  endfacet
  facet normal 0.000000e+00 0.000000e+00 1.000000e+00
    outer loop
      vertex   1.616379e+03 1.107270e+03 1.500000e+00
      vertex   1.612752e+03 1.104440e+03 1.500000e+00
      vertex   1.616857e+03 1.107084e+03 1.500000e+00
    endloop
  endfacet
  facet normal 0.000000e+00 0.000000e+00 1.000000e+00
    outer loop
      vertex   1.616857e+03 1.107084e+03 1.500000e+00
      vertex   1.612752e+03 1.104440e+03 1.500000e+00
      vertex   1.617366e+03 1.107026e+03 1.500000e+00
    endloop
  endfacet
  facet normal -0.000000e+00 0.000000e+00 1.000000e+00
    outer loop
      vertex   1.617366e+03 1.107026e+03 1.500000e+00
      vertex   1.612752e+03 1.104440e+03 1.500000e+00
      vertex   1.617873e+03 1.107099e+03 1.500000e+00
    endloop
  endfacet
  facet normal 0.000000e+00 0.000000e+00 1.000000e+00
    outer loop
      vertex   1.617873e+03 1.107099e+03 1.500000e+00
      vertex   1.612752e+03 1.104440e+03 1.500000e+00
      vertex   1.612752e+03 1.090440e+03 1.500000e+00
    endloop
  endfacet
  facet normal -0.000000e+00 0.000000e+00 1.000000e+00
    outer loop
      vertex   1.617873e+03 1.107099e+03 1.500000e+00
      vertex   1.612752e+03 1.090440e+03 1.500000e+00
      vertex   1.618346e+03 1.107298e+03 1.500000e+00
    endloop
  endfacet
  facet normal 7.351586e-16 -2.439499e-16 1.000000e+00
    outer loop
      vertex   1.618346e+03 1.107298e+03 1.500000e+00
      vertex   1.612752e+03 1.090440e+03 1.500000e+00
      vertex   1.618752e+03 1.107611e+03 1.500000e+00
    endloop
  endfacet
  facet normal 3.700743e-17 0.000000e+00 1.000000e+00
    outer loop
      vertex   1.618752e+03 1.107611e+03 1.500000e+00
      vertex   1.612752e+03 1.090440e+03 1.500000e+00
      vertex   1.612752e+03 1.085440e+03 1.500000e+00
    endloop
  endfacet
  facet normal 3.700743e-17 0.000000e+00 1.000000e+00
    outer loop
      vertex   1.618752e+03 1.107611e+03 1.500000e+00
      vertex   1.612752e+03 1.085440e+03 1.500000e+00
      vertex   1.612752e+03 1.071440e+03 1.500000e+00
    endloop
  endfacet
  facet normal 0.000000e+00 0.000000e+00 1.000000e+00
    outer loop
      vertex   1.616001e+03 1.027367e+03 1.500000e+00
      vertex   1.615679e+03 1.027737e+03 1.500000e+00
      vertex   1.598752e+03 1.033440e+03 1.500000e+00
    endloop
  endfacet
  facet normal 0.000000e+00 0.000000e+00 1.000000e+00
    outer loop
      vertex   1.598752e+03 1.033440e+03 1.500000e+00
      vertex   1.615679e+03 1.027737e+03 1.500000e+00
      vertex   1.615457e+03 1.028174e+03 1.500000e+00
    endloop
  endfacet
  facet normal 0.000000e+00 0.000000e+00 1.000000e+00
    outer loop
      vertex   1.598752e+03 1.033440e+03 1.500000e+00
      vertex   1.615457e+03 1.028174e+03 1.500000e+00
      vertex   1.615348e+03 1.028652e+03 1.500000e+00
    endloop
  endfacet
  facet normal -0.000000e+00 0.000000e+00 1.000000e+00
    outer loop
      vertex   1.598752e+03 1.033440e+03 1.500000e+00
      vertex   1.615348e+03 1.028652e+03 1.500000e+00
      vertex   1.612752e+03 1.033440e+03 1.500000e+00
    endloop
  endfacet
  facet normal 0.000000e+00 0.000000e+00 1.000000e+00
    outer loop
      vertex   1.612752e+03 1.033440e+03 1.500000e+00
      vertex   1.615348e+03 1.028652e+03 1.500000e+00
      vertex   1.615358e+03 1.029142e+03 1.500000e+00
    endloop
  endfacet
  facet normal 0.000000e+00 0.000000e+00 1.000000e+00
    outer loop
      vertex   1.612752e+03 1.033440e+03 1.500000e+00
      vertex   1.615358e+03 1.029142e+03 1.500000e+00
      vertex   1.615488e+03 1.029615e+03 1.500000e+00
    endloop
  endfacet
  facet normal 0.000000e+00 -0.000000e+00 1.000000e+00
    outer loop
      vertex   1.615488e+03 1.029615e+03 1.500000e+00
      vertex   1.615728e+03 1.030042e+03 1.500000e+00
      vertex   1.612752e+03 1.033440e+03 1.500000e+00
    endloop
  endfacet
  facet normal 0.000000e+00 0.000000e+00 1.000000e+00
    outer loop
      vertex   1.612752e+03 1.033440e+03 1.500000e+00
      vertex   1.615728e+03 1.030042e+03 1.500000e+00
      vertex   1.616065e+03 1.030398e+03 1.500000e+00
    endloop
  endfacet
  facet normal 0.000000e+00 0.000000e+00 1.000000e+00
    outer loop
      vertex   1.612752e+03 1.033440e+03 1.500000e+00
      vertex   1.616065e+03 1.030398e+03 1.500000e+00
      vertex   1.616479e+03 1.030661e+03 1.500000e+00
    endloop
  endfacet
  facet normal 0.000000e+00 -0.000000e+00 1.000000e+00
    outer loop
      vertex   1.616479e+03 1.030661e+03 1.500000e+00
      vertex   1.616945e+03 1.030816e+03 1.500000e+00
      vertex   1.612752e+03 1.033440e+03 1.500000e+00
    endloop
  endfacet
  facet normal 0.000000e+00 0.000000e+00 1.000000e+00
    outer loop
      vertex   1.612752e+03 1.033440e+03 1.500000e+00
      vertex   1.616945e+03 1.030816e+03 1.500000e+00
      vertex   1.617433e+03 1.030852e+03 1.500000e+00
    endloop
  endfacet
  facet normal 0.000000e+00 0.000000e+00 1.000000e+00
    outer loop
      vertex   1.612752e+03 1.033440e+03 1.500000e+00
      vertex   1.617433e+03 1.030852e+03 1.500000e+00
      vertex   1.617917e+03 1.030769e+03 1.500000e+00
    endloop
  endfacet
  facet normal -0.000000e+00 0.000000e+00 1.000000e+00
    outer loop
      vertex   1.612752e+03 1.033440e+03 1.500000e+00
      vertex   1.617917e+03 1.030769e+03 1.500000e+00
      vertex   1.612752e+03 1.047440e+03 1.500000e+00
    endloop
  endfacet
  facet normal 0.000000e+00 0.000000e+00 1.000000e+00
    outer loop
      vertex   1.612752e+03 1.047440e+03 1.500000e+00
      vertex   1.617917e+03 1.030769e+03 1.500000e+00
      vertex   1.618365e+03 1.030571e+03 1.500000e+00
    endloop
  endfacet
  facet normal 7.757798e-16 2.581439e-16 1.000000e+00
    outer loop
      vertex   1.612752e+03 1.047440e+03 1.500000e+00
      vertex   1.618365e+03 1.030571e+03 1.500000e+00
      vertex   1.618752e+03 1.030269e+03 1.500000e+00
    endloop
  endfacet
  facet normal 3.700743e-17 0.000000e+00 1.000000e+00
    outer loop
      vertex   1.618752e+03 1.107611e+03 1.500000e+00
      vertex   1.612752e+03 1.071440e+03 1.500000e+00
      vertex   1.618752e+03 1.030269e+03 1.500000e+00
    endloop
  endfacet
  facet normal 3.700743e-17 0.000000e+00 1.000000e+00
    outer loop
      vertex   1.618752e+03 1.030269e+03 1.500000e+00
      vertex   1.612752e+03 1.071440e+03 1.500000e+00
      vertex   1.612752e+03 1.066440e+03 1.500000e+00
    endloop
  endfacet
  facet normal 3.700743e-17 0.000000e+00 1.000000e+00
    outer loop
      vertex   1.618752e+03 1.030269e+03 1.500000e+00
      vertex   1.612752e+03 1.066440e+03 1.500000e+00
      vertex   1.612752e+03 1.052440e+03 1.500000e+00
    endloop
  endfacet
  facet normal -4.222857e-16 -1.789106e-15 1.000000e+00
    outer loop
      vertex   1.593817e+03 1.104440e+03 1.500000e+00
      vertex   1.616231e+03 1.110692e+03 1.500000e+00
      vertex   1.574752e+03 1.108940e+03 1.500000e+00
    endloop
  endfacet
  facet normal -4.408879e-16 -1.348598e-15 1.000000e+00
    outer loop
      vertex   1.574752e+03 1.108940e+03 1.500000e+00
      vertex   1.616231e+03 1.110692e+03 1.500000e+00
      vertex   1.548752e+03 1.117440e+03 1.500000e+00
    endloop
  endfacet
  facet normal 0.000000e+00 0.000000e+00 1.000000e+00
    outer loop
      vertex   1.574752e+03 1.108940e+03 1.500000e+00
      vertex   1.548752e+03 1.117440e+03 1.500000e+00
      vertex   1.555752e+03 1.111440e+03 1.500000e+00
    endloop
  endfacet
  facet normal 0.000000e+00 0.000000e+00 1.000000e+00
    outer loop
      vertex   1.555752e+03 1.111440e+03 1.500000e+00
      vertex   1.548752e+03 1.117440e+03 1.500000e+00
      vertex   1.541752e+03 1.111440e+03 1.500000e+00
    endloop
  endfacet
  facet normal 0.000000e+00 -0.000000e+00 1.000000e+00
    outer loop
      vertex   1.541752e+03 1.111440e+03 1.500000e+00
      vertex   1.548752e+03 1.117440e+03 1.500000e+00
      vertex   1.522752e+03 1.108940e+03 1.500000e+00
    endloop
  endfacet
  facet normal 0.000000e+00 0.000000e+00 1.000000e+00
    outer loop
      vertex   1.541752e+03 1.111440e+03 1.500000e+00
      vertex   1.522752e+03 1.108940e+03 1.500000e+00
      vertex   1.536752e+03 1.108940e+03 1.500000e+00
    endloop
  endfacet
  facet normal 1.036070e-15 -3.169154e-15 1.000000e+00
    outer loop
      vertex   1.548752e+03 1.117440e+03 1.500000e+00
      vertex   1.499771e+03 1.112638e+03 1.500000e+00
      vertex   1.522752e+03 1.108940e+03 1.500000e+00
    endloop
  endfacet
  facet normal -2.561133e-14 -1.687922e-13 1.000000e+00
    outer loop
      vertex   1.522752e+03 1.108940e+03 1.500000e+00
      vertex   1.499771e+03 1.112638e+03 1.500000e+00
      vertex   1.500209e+03 1.112361e+03 1.500000e+00
    endloop
  endfacet
  facet normal 0.000000e+00 0.000000e+00 1.000000e+00
    outer loop
      vertex   1.522752e+03 1.108940e+03 1.500000e+00
      vertex   1.500209e+03 1.112361e+03 1.500000e+00
      vertex   1.500561e+03 1.111981e+03 1.500000e+00
    endloop
  endfacet
  facet normal 0.000000e+00 0.000000e+00 1.000000e+00
    outer loop
      vertex   1.522752e+03 1.108940e+03 1.500000e+00
      vertex   1.500561e+03 1.111981e+03 1.500000e+00
      vertex   1.517752e+03 1.106440e+03 1.500000e+00
    endloop
  endfacet
  facet normal 0.000000e+00 0.000000e+00 1.000000e+00
    outer loop
      vertex   1.517752e+03 1.106440e+03 1.500000e+00
      vertex   1.500561e+03 1.111981e+03 1.500000e+00
      vertex   1.500803e+03 1.111523e+03 1.500000e+00
    endloop
  endfacet
  facet normal 0.000000e+00 0.000000e+00 1.000000e+00
    outer loop
      vertex   1.517752e+03 1.106440e+03 1.500000e+00
      vertex   1.500803e+03 1.111523e+03 1.500000e+00
      vertex   1.500920e+03 1.111018e+03 1.500000e+00
    endloop
  endfacet
  facet normal 0.000000e+00 0.000000e+00 1.000000e+00
    outer loop
      vertex   1.517752e+03 1.106440e+03 1.500000e+00
      vertex   1.500920e+03 1.111018e+03 1.500000e+00
      vertex   1.503752e+03 1.106440e+03 1.500000e+00
    endloop
  endfacet
  facet normal 0.000000e+00 0.000000e+00 1.000000e+00
    outer loop
      vertex   1.503752e+03 1.106440e+03 1.500000e+00
      vertex   1.500920e+03 1.111018e+03 1.500000e+00
      vertex   1.500903e+03 1.110500e+03 1.500000e+00
    endloop
  endfacet
  facet normal 0.000000e+00 0.000000e+00 1.000000e+00
    outer loop
      vertex   1.503752e+03 1.106440e+03 1.500000e+00
      vertex   1.500903e+03 1.110500e+03 1.500000e+00
      vertex   1.500754e+03 1.110004e+03 1.500000e+00
    endloop
  endfacet
  facet normal 0.000000e+00 0.000000e+00 1.000000e+00
    outer loop
      vertex   1.500754e+03 1.110004e+03 1.500000e+00
      vertex   1.500483e+03 1.109563e+03 1.500000e+00
      vertex   1.503752e+03 1.106440e+03 1.500000e+00
    endloop
  endfacet
  facet normal 0.000000e+00 0.000000e+00 1.000000e+00
    outer loop
      vertex   1.503752e+03 1.106440e+03 1.500000e+00
      vertex   1.500483e+03 1.109563e+03 1.500000e+00
      vertex   1.500107e+03 1.109206e+03 1.500000e+00
    endloop
  endfacet
  facet normal 0.000000e+00 0.000000e+00 1.000000e+00
    outer loop
      vertex   1.503752e+03 1.106440e+03 1.500000e+00
      vertex   1.500107e+03 1.109206e+03 1.500000e+00
      vertex   1.499653e+03 1.108958e+03 1.500000e+00
    endloop
  endfacet
  facet normal 0.000000e+00 0.000000e+00 1.000000e+00
    outer loop
      vertex   1.499653e+03 1.108958e+03 1.500000e+00
      vertex   1.499149e+03 1.108835e+03 1.500000e+00
      vertex   1.503752e+03 1.106440e+03 1.500000e+00
    endloop
  endfacet
  facet normal 0.000000e+00 0.000000e+00 1.000000e+00
    outer loop
      vertex   1.503752e+03 1.106440e+03 1.500000e+00
      vertex   1.499149e+03 1.108835e+03 1.500000e+00
      vertex   1.498632e+03 1.108845e+03 1.500000e+00
    endloop
  endfacet
  facet normal 0.000000e+00 0.000000e+00 1.000000e+00
    outer loop
      vertex   1.503752e+03 1.106440e+03 1.500000e+00
      vertex   1.498632e+03 1.108845e+03 1.500000e+00
      vertex   1.503752e+03 1.092440e+03 1.500000e+00
    endloop
  endfacet
  facet normal 0.000000e+00 0.000000e+00 1.000000e+00
    outer loop
      vertex   1.503752e+03 1.092440e+03 1.500000e+00
      vertex   1.498632e+03 1.108845e+03 1.500000e+00
      vertex   1.498134e+03 1.108988e+03 1.500000e+00
    endloop
  endfacet
  facet normal 0.000000e+00 0.000000e+00 1.000000e+00
    outer loop
      vertex   1.503752e+03 1.092440e+03 1.500000e+00
      vertex   1.498134e+03 1.108988e+03 1.500000e+00
      vertex   1.497689e+03 1.109254e+03 1.500000e+00
    endloop
  endfacet
  facet normal 0.000000e+00 0.000000e+00 1.000000e+00
    outer loop
      vertex   1.497689e+03 1.109254e+03 1.500000e+00
      vertex   1.497328e+03 1.109625e+03 1.500000e+00
      vertex   1.503752e+03 1.092440e+03 1.500000e+00
    endloop
  endfacet
  facet normal 0.000000e+00 0.000000e+00 1.000000e+00
    outer loop
      vertex   1.503752e+03 1.092440e+03 1.500000e+00
      vertex   1.497328e+03 1.109625e+03 1.500000e+00
      vertex   1.476608e+03 1.061563e+03 1.500000e+00
    endloop
  endfacet
  facet normal 0.000000e+00 0.000000e+00 1.000000e+00
    outer loop
      vertex   1.503752e+03 1.092440e+03 1.500000e+00
      vertex   1.476608e+03 1.061563e+03 1.500000e+00
      vertex   1.503752e+03 1.087440e+03 1.500000e+00
    endloop
  endfacet
  facet normal 0.000000e+00 0.000000e+00 1.000000e+00
    outer loop
      vertex   1.503752e+03 1.087440e+03 1.500000e+00
      vertex   1.476608e+03 1.061563e+03 1.500000e+00
      vertex   1.477126e+03 1.061586e+03 1.500000e+00
    endloop
  endfacet
  facet normal 0.000000e+00 0.000000e+00 1.000000e+00
    outer loop
      vertex   1.503752e+03 1.087440e+03 1.500000e+00
      vertex   1.477126e+03 1.061586e+03 1.500000e+00
      vertex   1.503752e+03 1.073440e+03 1.500000e+00
    endloop
  endfacet
  facet normal 0.000000e+00 0.000000e+00 1.000000e+00
    outer loop
      vertex   1.503752e+03 1.073440e+03 1.500000e+00
      vertex   1.477126e+03 1.061586e+03 1.500000e+00
      vertex   1.477633e+03 1.061476e+03 1.500000e+00
    endloop
  endfacet
  facet normal 0.000000e+00 0.000000e+00 1.000000e+00
    outer loop
      vertex   1.503752e+03 1.073440e+03 1.500000e+00
      vertex   1.477633e+03 1.061476e+03 1.500000e+00
      vertex   1.478095e+03 1.061239e+03 1.500000e+00
    endloop
  endfacet
  facet normal 0.000000e+00 -0.000000e+00 1.000000e+00
    outer loop
      vertex   1.476608e+03 1.061563e+03 1.500000e+00
      vertex   1.497328e+03 1.109625e+03 1.500000e+00
      vertex   1.476113e+03 1.061406e+03 1.500000e+00
    endloop
  endfacet
  facet normal 0.000000e+00 0.000000e+00 1.000000e+00
    outer loop
      vertex   1.476113e+03 1.061406e+03 1.500000e+00
      vertex   1.497328e+03 1.109625e+03 1.500000e+00
      vertex   1.497074e+03 1.110077e+03 1.500000e+00
    endloop
  endfacet
  facet normal 0.000000e+00 -0.000000e+00 1.000000e+00
    outer loop
      vertex   1.476113e+03 1.061406e+03 1.500000e+00
      vertex   1.497074e+03 1.110077e+03 1.500000e+00
      vertex   1.475675e+03 1.061128e+03 1.500000e+00
    endloop
  endfacet
  facet normal 1.503118e-13 -6.571081e-14 1.000000e+00
    outer loop
      vertex   1.475675e+03 1.061128e+03 1.500000e+00
      vertex   1.497074e+03 1.110077e+03 1.500000e+00
      vertex   1.496945e+03 1.110579e+03 1.500000e+00
    endloop
  endfacet
  facet normal 2.159926e-15 -1.988698e-15 1.000000e+00
    outer loop
      vertex   1.475675e+03 1.061128e+03 1.500000e+00
      vertex   1.496945e+03 1.110579e+03 1.500000e+00
      vertex   1.475324e+03 1.060746e+03 1.500000e+00
    endloop
  endfacet
  facet normal 0.000000e+00 0.000000e+00 1.000000e+00
    outer loop
      vertex   1.503752e+03 1.073440e+03 1.500000e+00
      vertex   1.478095e+03 1.061239e+03 1.500000e+00
      vertex   1.503685e+03 1.068440e+03 1.500000e+00
    endloop
  endfacet
  facet normal 0.000000e+00 0.000000e+00 1.000000e+00
    outer loop
      vertex   1.503685e+03 1.068440e+03 1.500000e+00
      vertex   1.478095e+03 1.061239e+03 1.500000e+00
      vertex   1.478480e+03 1.060891e+03 1.500000e+00
    endloop
  endfacet
  facet normal 0.000000e+00 0.000000e+00 1.000000e+00
    outer loop
      vertex   1.503685e+03 1.068440e+03 1.500000e+00
      vertex   1.478480e+03 1.060891e+03 1.500000e+00
      vertex   1.483000e+03 1.058000e+03 1.500000e+00
    endloop
  endfacet
  facet normal 0.000000e+00 0.000000e+00 1.000000e+00
    outer loop
      vertex   1.483000e+03 1.058000e+03 1.500000e+00
      vertex   1.478480e+03 1.060891e+03 1.500000e+00
      vertex   1.478763e+03 1.060456e+03 1.500000e+00
    endloop
  endfacet
  facet normal 0.000000e+00 0.000000e+00 1.000000e+00
    outer loop
      vertex   1.483000e+03 1.058000e+03 1.500000e+00
      vertex   1.478763e+03 1.060456e+03 1.500000e+00
      vertex   1.478924e+03 1.059963e+03 1.500000e+00
    endloop
  endfacet
  facet normal 0.000000e+00 0.000000e+00 1.000000e+00
    outer loop
      vertex   1.478924e+03 1.059963e+03 1.500000e+00
      vertex   1.478953e+03 1.059444e+03 1.500000e+00
      vertex   1.483000e+03 1.058000e+03 1.500000e+00
    endloop
  endfacet
  facet normal 0.000000e+00 0.000000e+00 1.000000e+00
    outer loop
      vertex   1.483000e+03 1.058000e+03 1.500000e+00
      vertex   1.478953e+03 1.059444e+03 1.500000e+00
      vertex   1.478847e+03 1.058936e+03 1.500000e+00
    endloop
  endfacet
  facet normal 0.000000e+00 0.000000e+00 1.000000e+00
    outer loop
      vertex   1.483000e+03 1.058000e+03 1.500000e+00
      vertex   1.478847e+03 1.058936e+03 1.500000e+00
      vertex   1.478615e+03 1.058472e+03 1.500000e+00
    endloop
  endfacet
  facet normal 0.000000e+00 0.000000e+00 1.000000e+00
    outer loop
      vertex   1.478615e+03 1.058472e+03 1.500000e+00
      vertex   1.478270e+03 1.058084e+03 1.500000e+00
      vertex   1.483000e+03 1.058000e+03 1.500000e+00
    endloop
  endfacet
  facet normal 0.000000e+00 0.000000e+00 1.000000e+00
    outer loop
      vertex   1.483000e+03 1.058000e+03 1.500000e+00
      vertex   1.478270e+03 1.058084e+03 1.500000e+00
      vertex   1.477838e+03 1.057797e+03 1.500000e+00
    endloop
  endfacet
  facet normal 0.000000e+00 0.000000e+00 1.000000e+00
    outer loop
      vertex   1.483000e+03 1.058000e+03 1.500000e+00
      vertex   1.477838e+03 1.057797e+03 1.500000e+00
      vertex   1.483000e+03 1.044000e+03 1.500000e+00
    endloop
  endfacet
  facet normal 0.000000e+00 0.000000e+00 1.000000e+00
    outer loop
      vertex   1.483000e+03 1.044000e+03 1.500000e+00
      vertex   1.477838e+03 1.057797e+03 1.500000e+00
      vertex   1.477346e+03 1.057631e+03 1.500000e+00
    endloop
  endfacet
  facet normal 0.000000e+00 0.000000e+00 1.000000e+00
    outer loop
      vertex   1.483000e+03 1.044000e+03 1.500000e+00
      vertex   1.477346e+03 1.057631e+03 1.500000e+00
      vertex   1.476828e+03 1.057598e+03 1.500000e+00
    endloop
  endfacet
  facet normal 0.000000e+00 0.000000e+00 1.000000e+00
    outer loop
      vertex   1.476828e+03 1.057598e+03 1.500000e+00
      vertex   1.476319e+03 1.057698e+03 1.500000e+00
      vertex   1.483000e+03 1.044000e+03 1.500000e+00
    endloop
  endfacet
  facet normal 0.000000e+00 0.000000e+00 1.000000e+00
    outer loop
      vertex   1.483000e+03 1.044000e+03 1.500000e+00
      vertex   1.476319e+03 1.057698e+03 1.500000e+00
      vertex   1.475853e+03 1.057927e+03 1.500000e+00
    endloop
  endfacet
  facet normal 0.000000e+00 0.000000e+00 1.000000e+00
    outer loop
      vertex   1.527252e+03 1.016440e+03 1.500000e+00
      vertex   1.532252e+03 1.018940e+03 1.500000e+00
      vertex   1.527252e+03 1.030440e+03 1.500000e+00
    endloop
  endfacet
  facet normal -0.000000e+00 0.000000e+00 1.000000e+00
    outer loop
      vertex   1.527252e+03 1.030440e+03 1.500000e+00
      vertex   1.532252e+03 1.018940e+03 1.500000e+00
      vertex   1.532252e+03 1.032940e+03 1.500000e+00
    endloop
  endfacet
  facet normal 0.000000e+00 -0.000000e+00 1.000000e+00
    outer loop
      vertex   1.527252e+03 1.030440e+03 1.500000e+00
      vertex   1.532252e+03 1.032940e+03 1.500000e+00
      vertex   1.522752e+03 1.037940e+03 1.500000e+00
    endloop
  endfacet
  facet normal -0.000000e+00 0.000000e+00 1.000000e+00
    outer loop
      vertex   1.522752e+03 1.037940e+03 1.500000e+00
      vertex   1.532252e+03 1.032940e+03 1.500000e+00
      vertex   1.536752e+03 1.037940e+03 1.500000e+00
    endloop
  endfacet
  facet normal 0.000000e+00 0.000000e+00 1.000000e+00
    outer loop
      vertex   1.536752e+03 1.037940e+03 1.500000e+00
      vertex   1.532252e+03 1.032940e+03 1.500000e+00
      vertex   1.546252e+03 1.032940e+03 1.500000e+00
    endloop
  endfacet
  facet normal -0.000000e+00 0.000000e+00 1.000000e+00
    outer loop
      vertex   1.536752e+03 1.037940e+03 1.500000e+00
      vertex   1.546252e+03 1.032940e+03 1.500000e+00
      vertex   1.541752e+03 1.040440e+03 1.500000e+00
    endloop
  endfacet
  facet normal 0.000000e+00 0.000000e+00 1.000000e+00
    outer loop
      vertex   1.517752e+03 1.049440e+03 1.500000e+00
      vertex   1.503752e+03 1.054440e+03 1.500000e+00
      vertex   1.503752e+03 1.049440e+03 1.500000e+00
    endloop
  endfacet
  facet normal 0.000000e+00 -0.000000e+00 1.000000e+00
    outer loop
      vertex   1.503752e+03 1.049440e+03 1.500000e+00
      vertex   1.503752e+03 1.054440e+03 1.500000e+00
      vertex   1.497000e+03 1.058000e+03 1.500000e+00
    endloop
  endfacet
  facet normal 0.000000e+00 0.000000e+00 1.000000e+00
    outer loop
      vertex   1.503752e+03 1.049440e+03 1.500000e+00
      vertex   1.497000e+03 1.058000e+03 1.500000e+00
      vertex   1.497000e+03 1.044000e+03 1.500000e+00
    endloop
  endfacet
  facet normal 0.000000e+00 0.000000e+00 1.000000e+00
    outer loop
      vertex   1.517752e+03 1.035440e+03 1.500000e+00
      vertex   1.522752e+03 1.037940e+03 1.500000e+00
      vertex   1.517752e+03 1.049440e+03 1.500000e+00
    endloop
  endfacet
  facet normal -0.000000e+00 0.000000e+00 1.000000e+00
    outer loop
      vertex   1.517752e+03 1.049440e+03 1.500000e+00
      vertex   1.522752e+03 1.037940e+03 1.500000e+00
      vertex   1.522752e+03 1.051940e+03 1.500000e+00
    endloop
  endfacet
  facet normal 0.000000e+00 0.000000e+00 1.000000e+00
    outer loop
      vertex   1.517752e+03 1.049440e+03 1.500000e+00
      vertex   1.522752e+03 1.051940e+03 1.500000e+00
      vertex   1.517752e+03 1.054440e+03 1.500000e+00
    endloop
  endfacet
  facet normal -0.000000e+00 0.000000e+00 1.000000e+00
    outer loop
      vertex   1.517752e+03 1.054440e+03 1.500000e+00
      vertex   1.522752e+03 1.051940e+03 1.500000e+00
      vertex   1.522752e+03 1.056940e+03 1.500000e+00
    endloop
  endfacet
  facet normal 0.000000e+00 0.000000e+00 1.000000e+00
    outer loop
      vertex   1.517752e+03 1.054440e+03 1.500000e+00
      vertex   1.522752e+03 1.056940e+03 1.500000e+00
      vertex   1.517752e+03 1.068440e+03 1.500000e+00
    endloop
  endfacet
  facet normal -0.000000e+00 0.000000e+00 1.000000e+00
    outer loop
      vertex   1.517752e+03 1.068440e+03 1.500000e+00
      vertex   1.522752e+03 1.056940e+03 1.500000e+00
      vertex   1.522685e+03 1.070940e+03 1.500000e+00
    endloop
  endfacet
  facet normal 0.000000e+00 0.000000e+00 1.000000e+00
    outer loop
      vertex   1.517752e+03 1.068440e+03 1.500000e+00
      vertex   1.522685e+03 1.070940e+03 1.500000e+00
      vertex   1.517752e+03 1.073440e+03 1.500000e+00
    endloop
  endfacet
  facet normal -0.000000e+00 0.000000e+00 1.000000e+00
    outer loop
      vertex   1.517752e+03 1.073440e+03 1.500000e+00
      vertex   1.522685e+03 1.070940e+03 1.500000e+00
      vertex   1.522752e+03 1.075940e+03 1.500000e+00
    endloop
  endfacet
  facet normal 0.000000e+00 0.000000e+00 1.000000e+00
    outer loop
      vertex   1.517752e+03 1.073440e+03 1.500000e+00
      vertex   1.522752e+03 1.075940e+03 1.500000e+00
      vertex   1.517752e+03 1.087440e+03 1.500000e+00
    endloop
  endfacet
  facet normal -0.000000e+00 0.000000e+00 1.000000e+00
    outer loop
      vertex   1.517752e+03 1.087440e+03 1.500000e+00
      vertex   1.522752e+03 1.075940e+03 1.500000e+00
      vertex   1.522752e+03 1.089940e+03 1.500000e+00
    endloop
  endfacet
  facet normal 0.000000e+00 0.000000e+00 1.000000e+00
    outer loop
      vertex   1.517752e+03 1.087440e+03 1.500000e+00
      vertex   1.522752e+03 1.089940e+03 1.500000e+00
      vertex   1.517752e+03 1.092440e+03 1.500000e+00
    endloop
  endfacet
  facet normal -0.000000e+00 0.000000e+00 1.000000e+00
    outer loop
      vertex   1.517752e+03 1.092440e+03 1.500000e+00
      vertex   1.522752e+03 1.089940e+03 1.500000e+00
      vertex   1.522752e+03 1.094940e+03 1.500000e+00
    endloop
  endfacet
  facet normal 0.000000e+00 0.000000e+00 1.000000e+00
    outer loop
      vertex   1.517752e+03 1.092440e+03 1.500000e+00
      vertex   1.522752e+03 1.094940e+03 1.500000e+00
      vertex   1.517752e+03 1.106440e+03 1.500000e+00
    endloop
  endfacet
  facet normal -0.000000e+00 0.000000e+00 1.000000e+00
    outer loop
      vertex   1.517752e+03 1.106440e+03 1.500000e+00
      vertex   1.522752e+03 1.094940e+03 1.500000e+00
      vertex   1.522752e+03 1.108940e+03 1.500000e+00
    endloop
  endfacet
  facet normal -0.000000e+00 0.000000e+00 1.000000e+00
    outer loop
      vertex   1.503752e+03 1.035440e+03 1.500000e+00
      vertex   1.513252e+03 1.030440e+03 1.500000e+00
      vertex   1.517752e+03 1.035440e+03 1.500000e+00
    endloop
  endfacet
  facet normal 0.000000e+00 0.000000e+00 1.000000e+00
    outer loop
      vertex   1.517752e+03 1.035440e+03 1.500000e+00
      vertex   1.513252e+03 1.030440e+03 1.500000e+00
      vertex   1.527252e+03 1.030440e+03 1.500000e+00
    endloop
  endfacet
  facet normal -0.000000e+00 0.000000e+00 1.000000e+00
    outer loop
      vertex   1.517752e+03 1.035440e+03 1.500000e+00
      vertex   1.527252e+03 1.030440e+03 1.500000e+00
      vertex   1.522752e+03 1.037940e+03 1.500000e+00
    endloop
  endfacet
  facet normal 0.000000e+00 0.000000e+00 1.000000e+00
    outer loop
      vertex   1.503752e+03 1.049440e+03 1.500000e+00
      vertex   1.497000e+03 1.044000e+03 1.500000e+00
      vertex   1.503752e+03 1.035440e+03 1.500000e+00
    endloop
  endfacet
  facet normal 0.000000e+00 0.000000e+00 1.000000e+00
    outer loop
      vertex   1.503752e+03 1.035440e+03 1.500000e+00
      vertex   1.497000e+03 1.044000e+03 1.500000e+00
      vertex   1.500230e+03 1.030267e+03 1.500000e+00
    endloop
  endfacet
  facet normal 0.000000e+00 0.000000e+00 1.000000e+00
    outer loop
      vertex   1.503752e+03 1.035440e+03 1.500000e+00
      vertex   1.500230e+03 1.030267e+03 1.500000e+00
      vertex   1.513252e+03 1.030440e+03 1.500000e+00
    endloop
  endfacet
  facet normal 0.000000e+00 0.000000e+00 1.000000e+00
    outer loop
      vertex   1.513252e+03 1.030440e+03 1.500000e+00
      vertex   1.500230e+03 1.030267e+03 1.500000e+00
      vertex   1.506491e+03 1.017745e+03 1.500000e+00
    endloop
  endfacet
  facet normal 0.000000e+00 0.000000e+00 1.000000e+00
    outer loop
      vertex   1.517752e+03 1.073440e+03 1.500000e+00
      vertex   1.503752e+03 1.073440e+03 1.500000e+00
      vertex   1.517752e+03 1.068440e+03 1.500000e+00
    endloop
  endfacet
  facet normal 0.000000e+00 0.000000e+00 1.000000e+00
    outer loop
      vertex   1.517752e+03 1.068440e+03 1.500000e+00
      vertex   1.503752e+03 1.073440e+03 1.500000e+00
      vertex   1.503685e+03 1.068440e+03 1.500000e+00
    endloop
  endfacet
  facet normal 0.000000e+00 0.000000e+00 1.000000e+00
    outer loop
      vertex   1.503752e+03 1.087440e+03 1.500000e+00
      vertex   1.517752e+03 1.087440e+03 1.500000e+00
      vertex   1.503752e+03 1.092440e+03 1.500000e+00
    endloop
  endfacet
  facet normal -0.000000e+00 0.000000e+00 1.000000e+00
    outer loop
      vertex   1.503752e+03 1.092440e+03 1.500000e+00
      vertex   1.517752e+03 1.087440e+03 1.500000e+00
      vertex   1.517752e+03 1.092440e+03 1.500000e+00
    endloop
  endfacet
  facet normal 0.000000e+00 0.000000e+00 1.000000e+00
    outer loop
      vertex   1.593817e+03 1.085440e+03 1.500000e+00
      vertex   1.579817e+03 1.090440e+03 1.500000e+00
      vertex   1.579817e+03 1.085440e+03 1.500000e+00
    endloop
  endfacet
  facet normal 0.000000e+00 -0.000000e+00 1.000000e+00
    outer loop
      vertex   1.579817e+03 1.085440e+03 1.500000e+00
      vertex   1.579817e+03 1.090440e+03 1.500000e+00
      vertex   1.574752e+03 1.089940e+03 1.500000e+00
    endloop
  endfacet
  facet normal 0.000000e+00 0.000000e+00 1.000000e+00
    outer loop
      vertex   1.579817e+03 1.085440e+03 1.500000e+00
      vertex   1.574752e+03 1.089940e+03 1.500000e+00
      vertex   1.574752e+03 1.075940e+03 1.500000e+00
    endloop
  endfacet
  facet normal 0.000000e+00 0.000000e+00 1.000000e+00
    outer loop
      vertex   1.593817e+03 1.071440e+03 1.500000e+00
      vertex   1.579817e+03 1.071440e+03 1.500000e+00
      vertex   1.593752e+03 1.066440e+03 1.500000e+00
    endloop
  endfacet
  facet normal 0.000000e+00 0.000000e+00 1.000000e+00
    outer loop
      vertex   1.593752e+03 1.066440e+03 1.500000e+00
      vertex   1.579817e+03 1.071440e+03 1.500000e+00
      vertex   1.579685e+03 1.066440e+03 1.500000e+00
    endloop
  endfacet
  facet normal 0.000000e+00 -0.000000e+00 1.000000e+00
    outer loop
      vertex   1.579685e+03 1.066440e+03 1.500000e+00
      vertex   1.579817e+03 1.071440e+03 1.500000e+00
      vertex   1.574752e+03 1.070940e+03 1.500000e+00
    endloop
  endfacet
  facet normal 0.000000e+00 0.000000e+00 1.000000e+00
    outer loop
      vertex   1.579685e+03 1.066440e+03 1.500000e+00
      vertex   1.574752e+03 1.070940e+03 1.500000e+00
      vertex   1.574752e+03 1.056940e+03 1.500000e+00
    endloop
  endfacet
  facet normal 0.000000e+00 0.000000e+00 1.000000e+00
    outer loop
      vertex   1.574752e+03 1.070940e+03 1.500000e+00
      vertex   1.579817e+03 1.071440e+03 1.500000e+00
      vertex   1.574752e+03 1.075940e+03 1.500000e+00
    endloop
  endfacet
  facet normal -0.000000e+00 0.000000e+00 1.000000e+00
    outer loop
      vertex   1.574752e+03 1.075940e+03 1.500000e+00
      vertex   1.579817e+03 1.071440e+03 1.500000e+00
      vertex   1.579817e+03 1.085440e+03 1.500000e+00
    endloop
  endfacet
  facet normal 0.000000e+00 0.000000e+00 1.000000e+00
    outer loop
      vertex   1.593817e+03 1.090440e+03 1.500000e+00
      vertex   1.579817e+03 1.090440e+03 1.500000e+00
      vertex   1.593817e+03 1.085440e+03 1.500000e+00
    endloop
  endfacet
  facet normal 0.000000e+00 0.000000e+00 1.000000e+00
    outer loop
      vertex   1.574752e+03 1.089940e+03 1.500000e+00
      vertex   1.579817e+03 1.090440e+03 1.500000e+00
      vertex   1.574752e+03 1.094940e+03 1.500000e+00
    endloop
  endfacet
  facet normal -0.000000e+00 0.000000e+00 1.000000e+00
    outer loop
      vertex   1.574752e+03 1.094940e+03 1.500000e+00
      vertex   1.579817e+03 1.090440e+03 1.500000e+00
      vertex   1.579817e+03 1.104440e+03 1.500000e+00
    endloop
  endfacet
  facet normal 0.000000e+00 0.000000e+00 1.000000e+00
    outer loop
      vertex   1.574752e+03 1.094940e+03 1.500000e+00
      vertex   1.579817e+03 1.104440e+03 1.500000e+00
      vertex   1.574752e+03 1.108940e+03 1.500000e+00
    endloop
  endfacet
  facet normal 0.000000e+00 0.000000e+00 1.000000e+00
    outer loop
      vertex   1.574752e+03 1.108940e+03 1.500000e+00
      vertex   1.579817e+03 1.104440e+03 1.500000e+00
      vertex   1.593817e+03 1.104440e+03 1.500000e+00
    endloop
  endfacet
  facet normal 0.000000e+00 0.000000e+00 1.000000e+00
    outer loop
      vertex   1.522752e+03 1.089940e+03 1.500000e+00
      vertex   1.536752e+03 1.089940e+03 1.500000e+00
      vertex   1.522752e+03 1.094940e+03 1.500000e+00
    endloop
  endfacet
  facet normal -0.000000e+00 0.000000e+00 1.000000e+00
    outer loop
      vertex   1.522752e+03 1.094940e+03 1.500000e+00
      vertex   1.536752e+03 1.089940e+03 1.500000e+00
      vertex   1.536752e+03 1.094940e+03 1.500000e+00
    endloop
  endfacet
  facet normal 0.000000e+00 0.000000e+00 1.000000e+00
    outer loop
      vertex   1.536752e+03 1.094940e+03 1.500000e+00
      vertex   1.536752e+03 1.089940e+03 1.500000e+00
      vertex   1.541752e+03 1.092440e+03 1.500000e+00
    endloop
  endfacet
  facet normal -0.000000e+00 0.000000e+00 1.000000e+00
    outer loop
      vertex   1.536752e+03 1.094940e+03 1.500000e+00
      vertex   1.541752e+03 1.092440e+03 1.500000e+00
      vertex   1.541752e+03 1.097440e+03 1.500000e+00
    endloop
  endfacet
  facet normal 0.000000e+00 0.000000e+00 1.000000e+00
    outer loop
      vertex   1.541752e+03 1.097440e+03 1.500000e+00
      vertex   1.541752e+03 1.092440e+03 1.500000e+00
      vertex   1.555752e+03 1.092440e+03 1.500000e+00
    endloop
  endfacet
  facet normal -0.000000e+00 0.000000e+00 1.000000e+00
    outer loop
      vertex   1.541752e+03 1.097440e+03 1.500000e+00
      vertex   1.555752e+03 1.092440e+03 1.500000e+00
      vertex   1.555752e+03 1.097440e+03 1.500000e+00
    endloop
  endfacet
  facet normal 0.000000e+00 0.000000e+00 1.000000e+00
    outer loop
      vertex   1.555752e+03 1.097440e+03 1.500000e+00
      vertex   1.555752e+03 1.092440e+03 1.500000e+00
      vertex   1.560752e+03 1.094940e+03 1.500000e+00
    endloop
  endfacet
  facet normal -0.000000e+00 0.000000e+00 1.000000e+00
    outer loop
      vertex   1.555752e+03 1.097440e+03 1.500000e+00
      vertex   1.560752e+03 1.094940e+03 1.500000e+00
      vertex   1.560752e+03 1.108940e+03 1.500000e+00
    endloop
  endfacet
  facet normal 0.000000e+00 0.000000e+00 1.000000e+00
    outer loop
      vertex   1.541752e+03 1.092440e+03 1.500000e+00
      vertex   1.536752e+03 1.089940e+03 1.500000e+00
      vertex   1.541752e+03 1.078440e+03 1.500000e+00
    endloop
  endfacet
  facet normal 0.000000e+00 0.000000e+00 1.000000e+00
    outer loop
      vertex   1.541752e+03 1.078440e+03 1.500000e+00
      vertex   1.536752e+03 1.089940e+03 1.500000e+00
      vertex   1.536752e+03 1.075940e+03 1.500000e+00
    endloop
  endfacet
  facet normal 0.000000e+00 0.000000e+00 1.000000e+00
    outer loop
      vertex   1.541752e+03 1.078440e+03 1.500000e+00
      vertex   1.536752e+03 1.075940e+03 1.500000e+00
      vertex   1.541685e+03 1.073440e+03 1.500000e+00
    endloop
  endfacet
  facet normal 0.000000e+00 0.000000e+00 1.000000e+00
    outer loop
      vertex   1.541685e+03 1.073440e+03 1.500000e+00
      vertex   1.536752e+03 1.075940e+03 1.500000e+00
      vertex   1.536752e+03 1.070940e+03 1.500000e+00
    endloop
  endfacet
  facet normal 0.000000e+00 0.000000e+00 1.000000e+00
    outer loop
      vertex   1.541685e+03 1.073440e+03 1.500000e+00
      vertex   1.536752e+03 1.070940e+03 1.500000e+00
      vertex   1.541752e+03 1.059440e+03 1.500000e+00
    endloop
  endfacet
  facet normal 0.000000e+00 0.000000e+00 1.000000e+00
    outer loop
      vertex   1.541752e+03 1.059440e+03 1.500000e+00
      vertex   1.536752e+03 1.070940e+03 1.500000e+00
      vertex   1.536752e+03 1.056940e+03 1.500000e+00
    endloop
  endfacet
  facet normal 0.000000e+00 0.000000e+00 1.000000e+00
    outer loop
      vertex   1.541752e+03 1.059440e+03 1.500000e+00
      vertex   1.536752e+03 1.056940e+03 1.500000e+00
      vertex   1.541752e+03 1.054440e+03 1.500000e+00
    endloop
  endfacet
  facet normal 0.000000e+00 0.000000e+00 1.000000e+00
    outer loop
      vertex   1.541752e+03 1.054440e+03 1.500000e+00
      vertex   1.536752e+03 1.056940e+03 1.500000e+00
      vertex   1.536752e+03 1.051940e+03 1.500000e+00
    endloop
  endfacet
  facet normal 0.000000e+00 0.000000e+00 1.000000e+00
    outer loop
      vertex   1.541752e+03 1.054440e+03 1.500000e+00
      vertex   1.536752e+03 1.051940e+03 1.500000e+00
      vertex   1.541752e+03 1.040440e+03 1.500000e+00
    endloop
  endfacet
  facet normal 0.000000e+00 0.000000e+00 1.000000e+00
    outer loop
      vertex   1.541752e+03 1.040440e+03 1.500000e+00
      vertex   1.536752e+03 1.051940e+03 1.500000e+00
      vertex   1.536752e+03 1.037940e+03 1.500000e+00
    endloop
  endfacet
  facet normal 0.000000e+00 0.000000e+00 1.000000e+00
    outer loop
      vertex   1.536752e+03 1.075940e+03 1.500000e+00
      vertex   1.522752e+03 1.075940e+03 1.500000e+00
      vertex   1.536752e+03 1.070940e+03 1.500000e+00
    endloop
  endfacet
  facet normal 0.000000e+00 0.000000e+00 1.000000e+00
    outer loop
      vertex   1.536752e+03 1.070940e+03 1.500000e+00
      vertex   1.522752e+03 1.075940e+03 1.500000e+00
      vertex   1.522685e+03 1.070940e+03 1.500000e+00
    endloop
  endfacet
  facet normal 0.000000e+00 0.000000e+00 1.000000e+00
    outer loop
      vertex   1.598752e+03 1.047440e+03 1.500000e+00
      vertex   1.612752e+03 1.047440e+03 1.500000e+00
      vertex   1.598752e+03 1.052440e+03 1.500000e+00
    endloop
  endfacet
  facet normal -0.000000e+00 0.000000e+00 1.000000e+00
    outer loop
      vertex   1.598752e+03 1.052440e+03 1.500000e+00
      vertex   1.612752e+03 1.047440e+03 1.500000e+00
      vertex   1.612752e+03 1.052440e+03 1.500000e+00
    endloop
  endfacet
  facet normal 3.700743e-17 0.000000e+00 1.000000e+00
    outer loop
      vertex   1.612752e+03 1.052440e+03 1.500000e+00
      vertex   1.612752e+03 1.047440e+03 1.500000e+00
      vertex   1.618752e+03 1.030269e+03 1.500000e+00
    endloop
  endfacet
  facet normal 0.000000e+00 0.000000e+00 1.000000e+00
    outer loop
      vertex   1.536752e+03 1.056940e+03 1.500000e+00
      vertex   1.522752e+03 1.056940e+03 1.500000e+00
      vertex   1.536752e+03 1.051940e+03 1.500000e+00
    endloop
  endfacet
  facet normal 0.000000e+00 0.000000e+00 1.000000e+00
    outer loop
      vertex   1.536752e+03 1.051940e+03 1.500000e+00
      vertex   1.522752e+03 1.056940e+03 1.500000e+00
      vertex   1.522752e+03 1.051940e+03 1.500000e+00
    endloop
  endfacet
  facet normal 0.000000e+00 0.000000e+00 1.000000e+00
    outer loop
      vertex   1.536752e+03 1.094940e+03 1.500000e+00
      vertex   1.541752e+03 1.097440e+03 1.500000e+00
      vertex   1.536752e+03 1.108940e+03 1.500000e+00
    endloop
  endfacet
  facet normal -0.000000e+00 0.000000e+00 1.000000e+00
    outer loop
      vertex   1.536752e+03 1.108940e+03 1.500000e+00
      vertex   1.541752e+03 1.097440e+03 1.500000e+00
      vertex   1.541752e+03 1.111440e+03 1.500000e+00
    endloop
  endfacet
  facet normal 0.000000e+00 0.000000e+00 1.000000e+00
    outer loop
      vertex   1.574752e+03 1.108940e+03 1.500000e+00
      vertex   1.555752e+03 1.111440e+03 1.500000e+00
      vertex   1.560752e+03 1.108940e+03 1.500000e+00
    endloop
  endfacet
  facet normal 0.000000e+00 0.000000e+00 1.000000e+00
    outer loop
      vertex   1.560752e+03 1.108940e+03 1.500000e+00
      vertex   1.555752e+03 1.111440e+03 1.500000e+00
      vertex   1.555752e+03 1.097440e+03 1.500000e+00
    endloop
  endfacet
  facet normal 0.000000e+00 0.000000e+00 1.000000e+00
    outer loop
      vertex   1.517752e+03 1.054440e+03 1.500000e+00
      vertex   1.503752e+03 1.054440e+03 1.500000e+00
      vertex   1.517752e+03 1.049440e+03 1.500000e+00
    endloop
  endfacet
  facet normal 0.000000e+00 0.000000e+00 1.000000e+00
    outer loop
      vertex   1.503752e+03 1.054440e+03 1.500000e+00
      vertex   1.503685e+03 1.068440e+03 1.500000e+00
      vertex   1.497000e+03 1.058000e+03 1.500000e+00
    endloop
  endfacet
  facet normal 0.000000e+00 -0.000000e+00 1.000000e+00
    outer loop
      vertex   1.497000e+03 1.058000e+03 1.500000e+00
      vertex   1.503685e+03 1.068440e+03 1.500000e+00
      vertex   1.483000e+03 1.058000e+03 1.500000e+00
    endloop
  endfacet
  facet normal 0.000000e+00 0.000000e+00 1.000000e+00
    outer loop
      vertex   1.593752e+03 1.052440e+03 1.500000e+00
      vertex   1.579752e+03 1.052440e+03 1.500000e+00
      vertex   1.593752e+03 1.047440e+03 1.500000e+00
    endloop
  endfacet
  facet normal 0.000000e+00 0.000000e+00 1.000000e+00
    outer loop
      vertex   1.593752e+03 1.047440e+03 1.500000e+00
      vertex   1.579752e+03 1.052440e+03 1.500000e+00
      vertex   1.579752e+03 1.047440e+03 1.500000e+00
    endloop
  endfacet
  facet normal 0.000000e+00 -0.000000e+00 1.000000e+00
    outer loop
      vertex   1.579752e+03 1.047440e+03 1.500000e+00
      vertex   1.579752e+03 1.052440e+03 1.500000e+00
      vertex   1.574752e+03 1.051940e+03 1.500000e+00
    endloop
  endfacet
  facet normal 0.000000e+00 0.000000e+00 1.000000e+00
    outer loop
      vertex   1.579752e+03 1.047440e+03 1.500000e+00
      vertex   1.574752e+03 1.051940e+03 1.500000e+00
      vertex   1.574752e+03 1.037940e+03 1.500000e+00
    endloop
  endfacet
  facet normal 0.000000e+00 0.000000e+00 1.000000e+00
    outer loop
      vertex   1.574752e+03 1.051940e+03 1.500000e+00
      vertex   1.579752e+03 1.052440e+03 1.500000e+00
      vertex   1.574752e+03 1.056940e+03 1.500000e+00
    endloop
  endfacet
  facet normal -0.000000e+00 0.000000e+00 1.000000e+00
    outer loop
      vertex   1.574752e+03 1.056940e+03 1.500000e+00
      vertex   1.579752e+03 1.052440e+03 1.500000e+00
      vertex   1.579685e+03 1.066440e+03 1.500000e+00
    endloop
  endfacet
  facet normal -0.000000e+00 0.000000e+00 1.000000e+00
    outer loop
      vertex   1.541752e+03 1.078440e+03 1.500000e+00
      vertex   1.555752e+03 1.073440e+03 1.500000e+00
      vertex   1.555752e+03 1.078440e+03 1.500000e+00
    endloop
  endfacet
  facet normal 0.000000e+00 0.000000e+00 1.000000e+00
    outer loop
      vertex   1.555752e+03 1.078440e+03 1.500000e+00
      vertex   1.555752e+03 1.073440e+03 1.500000e+00
      vertex   1.560752e+03 1.075940e+03 1.500000e+00
    endloop
  endfacet
  facet normal -0.000000e+00 0.000000e+00 1.000000e+00
    outer loop
      vertex   1.555752e+03 1.078440e+03 1.500000e+00
      vertex   1.560752e+03 1.075940e+03 1.500000e+00
      vertex   1.560752e+03 1.089940e+03 1.500000e+00
    endloop
  endfacet
  facet normal 0.000000e+00 0.000000e+00 1.000000e+00
    outer loop
      vertex   1.560752e+03 1.094940e+03 1.500000e+00
      vertex   1.555752e+03 1.092440e+03 1.500000e+00
      vertex   1.560752e+03 1.089940e+03 1.500000e+00
    endloop
  endfacet
  facet normal 0.000000e+00 0.000000e+00 1.000000e+00
    outer loop
      vertex   1.560752e+03 1.089940e+03 1.500000e+00
      vertex   1.555752e+03 1.092440e+03 1.500000e+00
      vertex   1.555752e+03 1.078440e+03 1.500000e+00
    endloop
  endfacet
  facet normal 0.000000e+00 0.000000e+00 1.000000e+00
    outer loop
      vertex   1.598752e+03 1.066440e+03 1.500000e+00
      vertex   1.612752e+03 1.066440e+03 1.500000e+00
      vertex   1.598752e+03 1.071440e+03 1.500000e+00
    endloop
  endfacet
  facet normal -0.000000e+00 0.000000e+00 1.000000e+00
    outer loop
      vertex   1.598752e+03 1.071440e+03 1.500000e+00
      vertex   1.612752e+03 1.066440e+03 1.500000e+00
      vertex   1.612752e+03 1.071440e+03 1.500000e+00
    endloop
  endfacet
  facet normal 0.000000e+00 0.000000e+00 1.000000e+00
    outer loop
      vertex   1.541752e+03 1.054440e+03 1.500000e+00
      vertex   1.555752e+03 1.054440e+03 1.500000e+00
      vertex   1.541752e+03 1.059440e+03 1.500000e+00
    endloop
  endfacet
  facet normal -0.000000e+00 0.000000e+00 1.000000e+00
    outer loop
      vertex   1.541752e+03 1.059440e+03 1.500000e+00
      vertex   1.555752e+03 1.054440e+03 1.500000e+00
      vertex   1.555752e+03 1.059440e+03 1.500000e+00
    endloop
  endfacet
  facet normal 0.000000e+00 0.000000e+00 1.000000e+00
    outer loop
      vertex   1.555752e+03 1.059440e+03 1.500000e+00
      vertex   1.555752e+03 1.054440e+03 1.500000e+00
      vertex   1.560752e+03 1.056940e+03 1.500000e+00
    endloop
  endfacet
  facet normal -0.000000e+00 0.000000e+00 1.000000e+00
    outer loop
      vertex   1.555752e+03 1.059440e+03 1.500000e+00
      vertex   1.560752e+03 1.056940e+03 1.500000e+00
      vertex   1.560685e+03 1.070940e+03 1.500000e+00
    endloop
  endfacet
  facet normal 0.000000e+00 0.000000e+00 1.000000e+00
    outer loop
      vertex   1.560752e+03 1.056940e+03 1.500000e+00
      vertex   1.555752e+03 1.054440e+03 1.500000e+00
      vertex   1.560752e+03 1.051940e+03 1.500000e+00
    endloop
  endfacet
  facet normal 0.000000e+00 0.000000e+00 1.000000e+00
    outer loop
      vertex   1.560752e+03 1.051940e+03 1.500000e+00
      vertex   1.555752e+03 1.054440e+03 1.500000e+00
      vertex   1.555752e+03 1.040440e+03 1.500000e+00
    endloop
  endfacet
  facet normal -0.000000e+00 0.000000e+00 1.000000e+00
    outer loop
      vertex   1.560752e+03 1.056940e+03 1.500000e+00
      vertex   1.560752e+03 1.051940e+03 1.500000e+00
      vertex   1.574752e+03 1.056940e+03 1.500000e+00
    endloop
  endfacet
  facet normal 0.000000e+00 0.000000e+00 1.000000e+00
    outer loop
      vertex   1.574752e+03 1.056940e+03 1.500000e+00
      vertex   1.560752e+03 1.051940e+03 1.500000e+00
      vertex   1.574752e+03 1.051940e+03 1.500000e+00
    endloop
  endfacet
  facet normal -0.000000e+00 0.000000e+00 1.000000e+00
    outer loop
      vertex   1.560752e+03 1.037940e+03 1.500000e+00
      vertex   1.565252e+03 1.032940e+03 1.500000e+00
      vertex   1.574752e+03 1.037940e+03 1.500000e+00
    endloop
  endfacet
  facet normal 0.000000e+00 0.000000e+00 1.000000e+00
    outer loop
      vertex   1.574752e+03 1.037940e+03 1.500000e+00
      vertex   1.565252e+03 1.032940e+03 1.500000e+00
      vertex   1.579752e+03 1.033440e+03 1.500000e+00
    endloop
  endfacet
  facet normal -0.000000e+00 0.000000e+00 1.000000e+00
    outer loop
      vertex   1.574752e+03 1.037940e+03 1.500000e+00
      vertex   1.579752e+03 1.033440e+03 1.500000e+00
      vertex   1.579752e+03 1.047440e+03 1.500000e+00
    endloop
  endfacet
  facet normal 0.000000e+00 0.000000e+00 1.000000e+00
    outer loop
      vertex   1.541685e+03 1.073440e+03 1.500000e+00
      vertex   1.555752e+03 1.073440e+03 1.500000e+00
      vertex   1.541752e+03 1.078440e+03 1.500000e+00
    endloop
  endfacet
  facet normal 0.000000e+00 0.000000e+00 1.000000e+00
    outer loop
      vertex   1.560752e+03 1.075940e+03 1.500000e+00
      vertex   1.555752e+03 1.073440e+03 1.500000e+00
      vertex   1.560685e+03 1.070940e+03 1.500000e+00
    endloop
  endfacet
  facet normal 0.000000e+00 0.000000e+00 1.000000e+00
    outer loop
      vertex   1.560685e+03 1.070940e+03 1.500000e+00
      vertex   1.555752e+03 1.073440e+03 1.500000e+00
      vertex   1.555752e+03 1.059440e+03 1.500000e+00
    endloop
  endfacet
  facet normal 0.000000e+00 0.000000e+00 1.000000e+00
    outer loop
      vertex   1.598752e+03 1.085440e+03 1.500000e+00
      vertex   1.612752e+03 1.085440e+03 1.500000e+00
      vertex   1.598752e+03 1.090440e+03 1.500000e+00
    endloop
  endfacet
  facet normal -0.000000e+00 0.000000e+00 1.000000e+00
    outer loop
      vertex   1.598752e+03 1.090440e+03 1.500000e+00
      vertex   1.612752e+03 1.085440e+03 1.500000e+00
      vertex   1.612752e+03 1.090440e+03 1.500000e+00
    endloop
  endfacet
  facet normal 0.000000e+00 0.000000e+00 1.000000e+00
    outer loop
      vertex   1.551252e+03 1.032940e+03 1.500000e+00
      vertex   1.565252e+03 1.032940e+03 1.500000e+00
      vertex   1.560752e+03 1.037940e+03 1.500000e+00
    endloop
  endfacet
  facet normal -0.000000e+00 0.000000e+00 1.000000e+00
    outer loop
      vertex   1.565252e+03 1.032940e+03 1.500000e+00
      vertex   1.565252e+03 1.018940e+03 1.500000e+00
      vertex   1.579752e+03 1.033440e+03 1.500000e+00
    endloop
  endfacet
  facet normal 0.000000e+00 0.000000e+00 1.000000e+00
    outer loop
      vertex   1.560685e+03 1.070940e+03 1.500000e+00
      vertex   1.574752e+03 1.070940e+03 1.500000e+00
      vertex   1.560752e+03 1.075940e+03 1.500000e+00
    endloop
  endfacet
  facet normal -0.000000e+00 0.000000e+00 1.000000e+00
    outer loop
      vertex   1.560752e+03 1.075940e+03 1.500000e+00
      vertex   1.574752e+03 1.070940e+03 1.500000e+00
      vertex   1.574752e+03 1.075940e+03 1.500000e+00
    endloop
  endfacet
  facet normal 0.000000e+00 0.000000e+00 1.000000e+00
    outer loop
      vertex   1.493969e+03 1.011484e+03 1.500000e+00
      vertex   1.487708e+03 1.024006e+03 1.500000e+00
      vertex   1.476232e+03 1.030125e+03 1.500000e+00
    endloop
  endfacet
  facet normal -0.000000e+00 0.000000e+00 1.000000e+00
    outer loop
      vertex   1.560752e+03 1.094940e+03 1.500000e+00
      vertex   1.560752e+03 1.089940e+03 1.500000e+00
      vertex   1.574752e+03 1.094940e+03 1.500000e+00
    endloop
  endfacet
  facet normal 0.000000e+00 0.000000e+00 1.000000e+00
    outer loop
      vertex   1.574752e+03 1.094940e+03 1.500000e+00
      vertex   1.560752e+03 1.089940e+03 1.500000e+00
      vertex   1.574752e+03 1.089940e+03 1.500000e+00
    endloop
  endfacet
  facet normal 0.000000e+00 0.000000e+00 1.000000e+00
    outer loop
      vertex   1.497000e+03 1.044000e+03 1.500000e+00
      vertex   1.483000e+03 1.044000e+03 1.500000e+00
      vertex   1.500230e+03 1.030267e+03 1.500000e+00
    endloop
  endfacet
  facet normal 2.690966e-01 -9.631132e-01 0.000000e+00
    outer loop
      vertex   1.496868e+03 9.933859e+02 0.000000e+00
      vertex   1.616861e+03 1.026912e+03 0.000000e+00
      vertex   1.496868e+03 9.933859e+02 1.500000e+00
    endloop
  endfacet
  facet normal 2.690966e-01 -9.631132e-01 1.459997e-13
    outer loop
      vertex   1.496868e+03 9.933859e+02 1.500000e+00
      vertex   1.616861e+03 1.026912e+03 0.000000e+00
      vertex   1.616861e+03 1.026912e+03 1.500000e+00
    endloop
  endfacet
  facet normal 3.554279e-01 9.347037e-01 -1.416847e-13
    outer loop
      vertex   1.616861e+03 1.026912e+03 1.500000e+00
      vertex   1.616861e+03 1.026912e+03 0.000000e+00
      vertex   1.616403e+03 1.027087e+03 1.500000e+00
    endloop
  endfacet
  facet normal 3.554279e-01 9.347037e-01 0.000000e+00
    outer loop
      vertex   1.616403e+03 1.027087e+03 1.500000e+00
      vertex   1.616861e+03 1.026912e+03 0.000000e+00
      vertex   1.616403e+03 1.027087e+03 0.000000e+00
    endloop
  endfacet
  facet normal 5.721612e-01 8.201412e-01 0.000000e+00
    outer loop
      vertex   1.616403e+03 1.027087e+03 1.500000e+00
      vertex   1.616403e+03 1.027087e+03 0.000000e+00
      vertex   1.616001e+03 1.027367e+03 0.000000e+00
    endloop
  endfacet
  facet normal 5.721612e-01 8.201412e-01 0.000000e+00
    outer loop
      vertex   1.616403e+03 1.027087e+03 1.500000e+00
      vertex   1.616001e+03 1.027367e+03 0.000000e+00
      vertex   1.616001e+03 1.027367e+03 1.500000e+00
    endloop
  endfacet
  facet normal 7.545089e-01 6.562898e-01 0.000000e+00
    outer loop
      vertex   1.616001e+03 1.027367e+03 1.500000e+00
      vertex   1.616001e+03 1.027367e+03 0.000000e+00
      vertex   1.615679e+03 1.027737e+03 0.000000e+00
    endloop
  endfacet
  facet normal 7.545089e-01 6.562898e-01 -9.948204e-14
    outer loop
      vertex   1.616001e+03 1.027367e+03 1.500000e+00
      vertex   1.615679e+03 1.027737e+03 0.000000e+00
      vertex   1.615679e+03 1.027737e+03 1.500000e+00
    endloop
  endfacet
  facet normal 8.915121e-01 4.529969e-01 -6.866637e-14
    outer loop
      vertex   1.615679e+03 1.027737e+03 1.500000e+00
      vertex   1.615679e+03 1.027737e+03 0.000000e+00
      vertex   1.615457e+03 1.028174e+03 0.000000e+00
    endloop
  endfacet
  facet normal 8.915121e-01 4.529969e-01 0.000000e+00
    outer loop
      vertex   1.615679e+03 1.027737e+03 1.500000e+00
      vertex   1.615457e+03 1.028174e+03 0.000000e+00
      vertex   1.615457e+03 1.028174e+03 1.500000e+00
    endloop
  endfacet
  facet normal 9.749373e-01 2.224797e-01 0.000000e+00
    outer loop
      vertex   1.615457e+03 1.028174e+03 1.500000e+00
      vertex   1.615457e+03 1.028174e+03 0.000000e+00
      vertex   1.615348e+03 1.028652e+03 0.000000e+00
    endloop
  endfacet
  facet normal 9.749373e-01 2.224797e-01 0.000000e+00
    outer loop
      vertex   1.615457e+03 1.028174e+03 1.500000e+00
      vertex   1.615348e+03 1.028652e+03 0.000000e+00
      vertex   1.615348e+03 1.028652e+03 1.500000e+00
    endloop
  endfacet
  facet normal 9.997708e-01 -2.140799e-02 0.000000e+00
    outer loop
      vertex   1.615348e+03 1.028652e+03 1.500000e+00
      vertex   1.615348e+03 1.028652e+03 0.000000e+00
      vertex   1.615358e+03 1.029142e+03 0.000000e+00
    endloop
  endfacet
  facet normal 9.997708e-01 -2.140799e-02 0.000000e+00
    outer loop
      vertex   1.615348e+03 1.028652e+03 1.500000e+00
      vertex   1.615358e+03 1.029142e+03 0.000000e+00
      vertex   1.615358e+03 1.029142e+03 1.500000e+00
    endloop
  endfacet
  facet normal 9.645202e-01 -2.640091e-01 0.000000e+00
    outer loop
      vertex   1.615358e+03 1.029142e+03 1.500000e+00
      vertex   1.615358e+03 1.029142e+03 0.000000e+00
      vertex   1.615488e+03 1.029615e+03 0.000000e+00
    endloop
  endfacet
  facet normal 9.645202e-01 -2.640091e-01 0.000000e+00
    outer loop
      vertex   1.615358e+03 1.029142e+03 1.500000e+00
      vertex   1.615488e+03 1.029615e+03 0.000000e+00
      vertex   1.615488e+03 1.029615e+03 1.500000e+00
    endloop
  endfacet
  facet normal 8.713039e-01 -4.907439e-01 0.000000e+00
    outer loop
      vertex   1.615488e+03 1.029615e+03 1.500000e+00
      vertex   1.615488e+03 1.029615e+03 0.000000e+00
      vertex   1.615728e+03 1.030042e+03 0.000000e+00
    endloop
  endfacet
  facet normal 8.713039e-01 -4.907439e-01 0.000000e+00
    outer loop
      vertex   1.615488e+03 1.029615e+03 1.500000e+00
      vertex   1.615728e+03 1.030042e+03 0.000000e+00
      vertex   1.615728e+03 1.030042e+03 1.500000e+00
    endloop
  endfacet
  facet normal 7.257240e-01 -6.879859e-01 0.000000e+00
    outer loop
      vertex   1.615728e+03 1.030042e+03 1.500000e+00
      vertex   1.615728e+03 1.030042e+03 0.000000e+00
      vertex   1.616065e+03 1.030398e+03 0.000000e+00
    endloop
  endfacet
  facet normal 7.257240e-01 -6.879859e-01 0.000000e+00
    outer loop
      vertex   1.615728e+03 1.030042e+03 1.500000e+00
      vertex   1.616065e+03 1.030398e+03 0.000000e+00
      vertex   1.616065e+03 1.030398e+03 1.500000e+00
    endloop
  endfacet
  facet normal 5.365297e-01 -8.438814e-01 0.000000e+00
    outer loop
      vertex   1.616065e+03 1.030398e+03 1.500000e+00
      vertex   1.616065e+03 1.030398e+03 0.000000e+00
      vertex   1.616479e+03 1.030661e+03 0.000000e+00
    endloop
  endfacet
  facet normal 5.365297e-01 -8.438814e-01 0.000000e+00
    outer loop
      vertex   1.616065e+03 1.030398e+03 1.500000e+00
      vertex   1.616479e+03 1.030661e+03 0.000000e+00
      vertex   1.616479e+03 1.030661e+03 1.500000e+00
    endloop
  endfacet
  facet normal 3.150910e-01 -9.490615e-01 0.000000e+00
    outer loop
      vertex   1.616479e+03 1.030661e+03 1.500000e+00
      vertex   1.616479e+03 1.030661e+03 0.000000e+00
      vertex   1.616945e+03 1.030816e+03 0.000000e+00
    endloop
  endfacet
  facet normal 3.150910e-01 -9.490615e-01 0.000000e+00
    outer loop
      vertex   1.616479e+03 1.030661e+03 1.500000e+00
      vertex   1.616945e+03 1.030816e+03 0.000000e+00
      vertex   1.616945e+03 1.030816e+03 1.500000e+00
    endloop
  endfacet
  facet normal 7.471604e-02 -9.972049e-01 0.000000e+00
    outer loop
      vertex   1.616945e+03 1.030816e+03 1.500000e+00
      vertex   1.616945e+03 1.030816e+03 0.000000e+00
      vertex   1.617433e+03 1.030852e+03 0.000000e+00
    endloop
  endfacet
  facet normal 7.471604e-02 -9.972049e-01 0.000000e+00
    outer loop
      vertex   1.616945e+03 1.030816e+03 1.500000e+00
      vertex   1.617433e+03 1.030852e+03 0.000000e+00
      vertex   1.617433e+03 1.030852e+03 1.500000e+00
    endloop
  endfacet
  facet normal -1.701492e-01 -9.854183e-01 -0.000000e+00
    outer loop
      vertex   1.617433e+03 1.030852e+03 1.500000e+00
      vertex   1.617433e+03 1.030852e+03 0.000000e+00
      vertex   1.617917e+03 1.030769e+03 0.000000e+00
    endloop
  endfacet
  facet normal -1.701492e-01 -9.854183e-01 0.000000e+00
    outer loop
      vertex   1.617433e+03 1.030852e+03 1.500000e+00
      vertex   1.617917e+03 1.030769e+03 0.000000e+00
      vertex   1.617917e+03 1.030769e+03 1.500000e+00
    endloop
  endfacet
  facet normal -4.047889e-01 -9.144102e-01 -0.000000e+00
    outer loop
      vertex   1.617917e+03 1.030769e+03 1.500000e+00
      vertex   1.617917e+03 1.030769e+03 0.000000e+00
      vertex   1.618365e+03 1.030571e+03 0.000000e+00
    endloop
  endfacet
  facet normal -4.047889e-01 -9.144102e-01 0.000000e+00
    outer loop
      vertex   1.617917e+03 1.030769e+03 1.500000e+00
      vertex   1.618365e+03 1.030571e+03 0.000000e+00
      vertex   1.618365e+03 1.030571e+03 1.500000e+00
    endloop
  endfacet
  facet normal -6.151015e-01 -7.884479e-01 -0.000000e+00
    outer loop
      vertex   1.618365e+03 1.030571e+03 1.500000e+00
      vertex   1.618365e+03 1.030571e+03 0.000000e+00
      vertex   1.618752e+03 1.030269e+03 1.500000e+00
    endloop
  endfacet
  facet normal -6.151015e-01 -7.884479e-01 -0.000000e+00
    outer loop
      vertex   1.618752e+03 1.030269e+03 1.500000e+00
      vertex   1.618365e+03 1.030571e+03 0.000000e+00
      vertex   1.618752e+03 1.030269e+03 0.000000e+00
    endloop
  endfacet
  facet normal 1.000000e+00 0.000000e+00 0.000000e+00
    outer loop
      vertex   1.618752e+03 1.030269e+03 0.000000e+00
      vertex   1.618752e+03 1.107611e+03 0.000000e+00
      vertex   1.618752e+03 1.030269e+03 1.500000e+00
    endloop
  endfacet
  facet normal 1.000000e+00 -0.000000e+00 0.000000e+00
    outer loop
      vertex   1.618752e+03 1.030269e+03 1.500000e+00
      vertex   1.618752e+03 1.107611e+03 0.000000e+00
      vertex   1.618752e+03 1.107611e+03 1.500000e+00
    endloop
  endfacet
  facet normal -6.106653e-01 7.918888e-01 0.000000e+00
    outer loop
      vertex   1.618752e+03 1.107611e+03 1.500000e+00
      vertex   1.618752e+03 1.107611e+03 0.000000e+00
      vertex   1.618346e+03 1.107298e+03 1.500000e+00
    endloop
  endfacet
  facet normal -6.106653e-01 7.918888e-01 0.000000e+00
    outer loop
      vertex   1.618346e+03 1.107298e+03 1.500000e+00
      vertex   1.618752e+03 1.107611e+03 0.000000e+00
      vertex   1.618346e+03 1.107298e+03 0.000000e+00
    endloop
  endfacet
  facet normal -3.893308e-01 9.210980e-01 0.000000e+00
    outer loop
      vertex   1.618346e+03 1.107298e+03 1.500000e+00
      vertex   1.618346e+03 1.107298e+03 0.000000e+00
      vertex   1.617873e+03 1.107099e+03 1.500000e+00
    endloop
  endfacet
  facet normal -3.893308e-01 9.210980e-01 0.000000e+00
    outer loop
      vertex   1.617873e+03 1.107099e+03 1.500000e+00
      vertex   1.618346e+03 1.107298e+03 0.000000e+00
      vertex   1.617873e+03 1.107099e+03 0.000000e+00
    endloop
  endfacet
  facet normal -1.424235e-01 9.898058e-01 0.000000e+00
    outer loop
      vertex   1.617873e+03 1.107099e+03 1.500000e+00
      vertex   1.617873e+03 1.107099e+03 0.000000e+00
      vertex   1.617366e+03 1.107026e+03 1.500000e+00
    endloop
  endfacet
  facet normal -1.424235e-01 9.898058e-01 0.000000e+00
    outer loop
      vertex   1.617366e+03 1.107026e+03 1.500000e+00
      vertex   1.617873e+03 1.107099e+03 0.000000e+00
      vertex   1.617366e+03 1.107026e+03 0.000000e+00
    endloop
  endfacet
  facet normal 1.138387e-01 9.934992e-01 0.000000e+00
    outer loop
      vertex   1.617366e+03 1.107026e+03 1.500000e+00
      vertex   1.617366e+03 1.107026e+03 0.000000e+00
      vertex   1.616857e+03 1.107084e+03 1.500000e+00
    endloop
  endfacet
  facet normal 1.138387e-01 9.934992e-01 0.000000e+00
    outer loop
      vertex   1.616857e+03 1.107084e+03 1.500000e+00
      vertex   1.617366e+03 1.107026e+03 0.000000e+00
      vertex   1.616857e+03 1.107084e+03 0.000000e+00
    endloop
  endfacet
  facet normal 3.626235e-01 9.319357e-01 0.000000e+00
    outer loop
      vertex   1.616857e+03 1.107084e+03 1.500000e+00
      vertex   1.616857e+03 1.107084e+03 0.000000e+00
      vertex   1.616379e+03 1.107270e+03 1.500000e+00
    endloop
  endfacet
  facet normal 3.626235e-01 9.319357e-01 0.000000e+00
    outer loop
      vertex   1.616379e+03 1.107270e+03 1.500000e+00
      vertex   1.616857e+03 1.107084e+03 0.000000e+00
      vertex   1.616379e+03 1.107270e+03 0.000000e+00
    endloop
  endfacet
  facet normal 5.875898e-01 8.091590e-01 0.000000e+00
    outer loop
      vertex   1.616379e+03 1.107270e+03 1.500000e+00
      vertex   1.616379e+03 1.107270e+03 0.000000e+00
      vertex   1.615964e+03 1.107571e+03 1.500000e+00
    endloop
  endfacet
  facet normal 5.875898e-01 8.091590e-01 0.000000e+00
    outer loop
      vertex   1.615964e+03 1.107571e+03 1.500000e+00
      vertex   1.616379e+03 1.107270e+03 0.000000e+00
      vertex   1.615964e+03 1.107571e+03 0.000000e+00
    endloop
  endfacet
  facet normal 7.739609e-01 6.332334e-01 0.000000e+00
    outer loop
      vertex   1.615964e+03 1.107571e+03 1.500000e+00
      vertex   1.615964e+03 1.107571e+03 0.000000e+00
      vertex   1.615640e+03 1.107968e+03 1.500000e+00
    endloop
  endfacet
  facet normal 7.739609e-01 6.332334e-01 0.000000e+00
    outer loop
      vertex   1.615640e+03 1.107968e+03 1.500000e+00
      vertex   1.615964e+03 1.107571e+03 0.000000e+00
      vertex   1.615640e+03 1.107968e+03 0.000000e+00
    endloop
  endfacet
  facet normal 9.094951e-01 4.157146e-01 0.000000e+00
    outer loop
      vertex   1.615640e+03 1.107968e+03 1.500000e+00
      vertex   1.615640e+03 1.107968e+03 0.000000e+00
      vertex   1.615427e+03 1.108434e+03 1.500000e+00
    endloop
  endfacet
  facet normal 9.094951e-01 4.157146e-01 -6.301504e-14
    outer loop
      vertex   1.615427e+03 1.108434e+03 1.500000e+00
      vertex   1.615640e+03 1.107968e+03 0.000000e+00
      vertex   1.615427e+03 1.108434e+03 0.000000e+00
    endloop
  endfacet
  facet normal 9.852901e-01 1.708900e-01 -2.590393e-14
    outer loop
      vertex   1.615427e+03 1.108434e+03 1.500000e+00
      vertex   1.615427e+03 1.108434e+03 0.000000e+00
      vertex   1.615339e+03 1.108939e+03 1.500000e+00
    endloop
  endfacet
  facet normal 9.852901e-01 1.708900e-01 0.000000e+00
    outer loop
      vertex   1.615339e+03 1.108939e+03 1.500000e+00
      vertex   1.615427e+03 1.108434e+03 0.000000e+00
      vertex   1.615339e+03 1.108939e+03 0.000000e+00
    endloop
  endfacet
  facet normal 9.963674e-01 -8.515928e-02 0.000000e+00
    outer loop
      vertex   1.615339e+03 1.108939e+03 1.500000e+00
      vertex   1.615339e+03 1.108939e+03 0.000000e+00
      vertex   1.615383e+03 1.109450e+03 1.500000e+00
    endloop
  endfacet
  facet normal 9.963674e-01 -8.515928e-02 0.000000e+00
    outer loop
      vertex   1.615383e+03 1.109450e+03 1.500000e+00
      vertex   1.615339e+03 1.108939e+03 0.000000e+00
      vertex   1.615383e+03 1.109450e+03 0.000000e+00
    endloop
  endfacet
  facet normal 9.419992e-01 -3.356150e-01 0.000000e+00
    outer loop
      vertex   1.615383e+03 1.109450e+03 1.500000e+00
      vertex   1.615383e+03 1.109450e+03 0.000000e+00
      vertex   1.615555e+03 1.109933e+03 1.500000e+00
    endloop
  endfacet
  facet normal 9.419992e-01 -3.356150e-01 0.000000e+00
    outer loop
      vertex   1.615555e+03 1.109933e+03 1.500000e+00
      vertex   1.615383e+03 1.109450e+03 0.000000e+00
      vertex   1.615555e+03 1.109933e+03 0.000000e+00
    endloop
  endfacet
  facet normal 8.257569e-01 -5.640262e-01 0.000000e+00
    outer loop
      vertex   1.615555e+03 1.109933e+03 1.500000e+00
      vertex   1.615555e+03 1.109933e+03 0.000000e+00
      vertex   1.615844e+03 1.110356e+03 1.500000e+00
    endloop
  endfacet
  facet normal 8.257569e-01 -5.640262e-01 0.000000e+00
    outer loop
      vertex   1.615844e+03 1.110356e+03 1.500000e+00
      vertex   1.615555e+03 1.109933e+03 0.000000e+00
      vertex   1.615844e+03 1.110356e+03 0.000000e+00
    endloop
  endfacet
  facet normal 6.552755e-01 -7.553899e-01 0.000000e+00
    outer loop
      vertex   1.615844e+03 1.110356e+03 1.500000e+00
      vertex   1.615844e+03 1.110356e+03 0.000000e+00
      vertex   1.616231e+03 1.110692e+03 1.500000e+00
    endloop
  endfacet
  facet normal 6.552755e-01 -7.553899e-01 0.000000e+00
    outer loop
      vertex   1.616231e+03 1.110692e+03 1.500000e+00
      vertex   1.615844e+03 1.110356e+03 0.000000e+00
      vertex   1.616231e+03 1.110692e+03 0.000000e+00
    endloop
  endfacet
  facet normal 9.950932e-02 9.950366e-01 -0.000000e+00
    outer loop
      vertex   1.616231e+03 1.110692e+03 0.000000e+00
      vertex   1.548752e+03 1.117440e+03 0.000000e+00
      vertex   1.616231e+03 1.110692e+03 1.500000e+00
    endloop
  endfacet
  facet normal 9.950932e-02 9.950366e-01 0.000000e+00
    outer loop
      vertex   1.616231e+03 1.110692e+03 1.500000e+00
      vertex   1.548752e+03 1.117440e+03 0.000000e+00
      vertex   1.548752e+03 1.117440e+03 1.500000e+00
    endloop
  endfacet
  facet normal -5.345524e-01 -8.451353e-01 -1.620575e-13
    outer loop
      vertex   1.499771e+03 1.112638e+03 1.500000e+00
      vertex   1.499771e+03 1.112638e+03 0.000000e+00
      vertex   1.500209e+03 1.112361e+03 1.500000e+00
    endloop
  endfacet
  facet normal -5.345524e-01 -8.451353e-01 4.707893e-14
    outer loop
      vertex   1.500209e+03 1.112361e+03 1.500000e+00
      vertex   1.499771e+03 1.112638e+03 0.000000e+00
      vertex   1.500209e+03 1.112361e+03 0.000000e+00
    endloop
  endfacet
  facet normal -7.336753e-01 -6.795003e-01 -8.211979e-15
    outer loop
      vertex   1.500209e+03 1.112361e+03 1.500000e+00
      vertex   1.500209e+03 1.112361e+03 0.000000e+00
      vertex   1.500561e+03 1.111981e+03 1.500000e+00
    endloop
  endfacet
  facet normal -7.336753e-01 -6.795003e-01 1.030003e-13
    outer loop
      vertex   1.500561e+03 1.111981e+03 1.500000e+00
      vertex   1.500209e+03 1.112361e+03 0.000000e+00
      vertex   1.500561e+03 1.111981e+03 0.000000e+00
    endloop
  endfacet
  facet normal -8.835796e-01 -4.682810e-01 7.098318e-14
    outer loop
      vertex   1.500561e+03 1.111981e+03 1.500000e+00
      vertex   1.500561e+03 1.111981e+03 0.000000e+00
      vertex   1.500803e+03 1.111523e+03 1.500000e+00
    endloop
  endfacet
  facet normal -8.835796e-01 -4.682810e-01 7.098318e-14
    outer loop
      vertex   1.500803e+03 1.111523e+03 1.500000e+00
      vertex   1.500561e+03 1.111981e+03 0.000000e+00
      vertex   1.500803e+03 1.111523e+03 0.000000e+00
    endloop
  endfacet
  facet normal -9.742091e-01 -2.256471e-01 3.420414e-14
    outer loop
      vertex   1.500803e+03 1.111523e+03 1.500000e+00
      vertex   1.500803e+03 1.111523e+03 0.000000e+00
      vertex   1.500920e+03 1.111018e+03 1.500000e+00
    endloop
  endfacet
  facet normal -9.742091e-01 -2.256471e-01 3.420414e-14
    outer loop
      vertex   1.500920e+03 1.111018e+03 1.500000e+00
      vertex   1.500803e+03 1.111523e+03 0.000000e+00
      vertex   1.500920e+03 1.111018e+03 0.000000e+00
    endloop
  endfacet
  facet normal -9.994839e-01 3.212430e-02 -4.869480e-15
    outer loop
      vertex   1.500920e+03 1.111018e+03 1.500000e+00
      vertex   1.500920e+03 1.111018e+03 0.000000e+00
      vertex   1.500903e+03 1.110500e+03 1.500000e+00
    endloop
  endfacet
  facet normal -9.994839e-01 3.212430e-02 -4.869480e-15
    outer loop
      vertex   1.500903e+03 1.110500e+03 1.500000e+00
      vertex   1.500920e+03 1.111018e+03 0.000000e+00
      vertex   1.500903e+03 1.110500e+03 0.000000e+00
    endloop
  endfacet
  facet normal -9.577084e-01 2.877406e-01 -4.361643e-14
    outer loop
      vertex   1.500903e+03 1.110500e+03 1.500000e+00
      vertex   1.500903e+03 1.110500e+03 0.000000e+00
      vertex   1.500754e+03 1.110004e+03 1.500000e+00
    endloop
  endfacet
  facet normal -9.577084e-01 2.877406e-01 -4.361643e-14
    outer loop
      vertex   1.500754e+03 1.110004e+03 1.500000e+00
      vertex   1.500903e+03 1.110500e+03 0.000000e+00
      vertex   1.500754e+03 1.110004e+03 0.000000e+00
    endloop
  endfacet
  facet normal -8.516851e-01 5.240539e-01 -7.943738e-14
    outer loop
      vertex   1.500754e+03 1.110004e+03 1.500000e+00
      vertex   1.500754e+03 1.110004e+03 0.000000e+00
      vertex   1.500483e+03 1.109563e+03 1.500000e+00
    endloop
  endfacet
  facet normal -8.516851e-01 5.240539e-01 4.966314e-14
    outer loop
      vertex   1.500483e+03 1.109563e+03 1.500000e+00
      vertex   1.500754e+03 1.110004e+03 0.000000e+00
      vertex   1.500483e+03 1.109563e+03 0.000000e+00
    endloop
  endfacet
  facet normal -6.885266e-01 7.252111e-01 -5.560727e-15
    outer loop
      vertex   1.500483e+03 1.109563e+03 1.500000e+00
      vertex   1.500483e+03 1.109563e+03 0.000000e+00
      vertex   1.500107e+03 1.109206e+03 1.500000e+00
    endloop
  endfacet
  facet normal -6.885266e-01 7.252111e-01 9.880782e-14
    outer loop
      vertex   1.500107e+03 1.109206e+03 1.500000e+00
      vertex   1.500483e+03 1.109563e+03 0.000000e+00
      vertex   1.500107e+03 1.109206e+03 0.000000e+00
    endloop
  endfacet
  facet normal -4.791784e-01 8.777176e-01 1.222348e-14
    outer loop
      vertex   1.500107e+03 1.109206e+03 1.500000e+00
      vertex   1.500107e+03 1.109206e+03 0.000000e+00
      vertex   1.499653e+03 1.108958e+03 1.500000e+00
    endloop
  endfacet
  facet normal -4.791784e-01 8.777176e-01 -1.330466e-13
    outer loop
      vertex   1.499653e+03 1.108958e+03 1.500000e+00
      vertex   1.500107e+03 1.109206e+03 0.000000e+00
      vertex   1.499653e+03 1.108958e+03 0.000000e+00
    endloop
  endfacet
  facet normal -2.376845e-01 9.713424e-01 -1.472385e-13
    outer loop
      vertex   1.499653e+03 1.108958e+03 1.500000e+00
      vertex   1.499653e+03 1.108958e+03 0.000000e+00
      vertex   1.499149e+03 1.108835e+03 1.500000e+00
    endloop
  endfacet
  facet normal -2.376845e-01 9.713424e-01 0.000000e+00
    outer loop
      vertex   1.499149e+03 1.108835e+03 1.500000e+00
      vertex   1.499653e+03 1.108958e+03 0.000000e+00
      vertex   1.499149e+03 1.108835e+03 0.000000e+00
    endloop
  endfacet
  facet normal 1.975443e-02 9.998049e-01 0.000000e+00
    outer loop
      vertex   1.499149e+03 1.108835e+03 1.500000e+00
      vertex   1.499149e+03 1.108835e+03 0.000000e+00
      vertex   1.498632e+03 1.108845e+03 1.500000e+00
    endloop
  endfacet
  facet normal 1.975443e-02 9.998049e-01 -2.994425e-15
    outer loop
      vertex   1.498632e+03 1.108845e+03 1.500000e+00
      vertex   1.499149e+03 1.108835e+03 0.000000e+00
      vertex   1.498632e+03 1.108845e+03 0.000000e+00
    endloop
  endfacet
  facet normal 2.758681e-01 9.611955e-01 -4.181677e-14
    outer loop
      vertex   1.498632e+03 1.108845e+03 1.500000e+00
      vertex   1.498632e+03 1.108845e+03 0.000000e+00
      vertex   1.498134e+03 1.108988e+03 1.500000e+00
    endloop
  endfacet
  facet normal 2.758681e-01 9.611955e-01 6.206684e-14
    outer loop
      vertex   1.498134e+03 1.108988e+03 1.500000e+00
      vertex   1.498632e+03 1.108845e+03 0.000000e+00
      vertex   1.498134e+03 1.108988e+03 0.000000e+00
    endloop
  endfacet
  facet normal 5.134752e-01 8.581044e-01 -2.559409e-14
    outer loop
      vertex   1.498134e+03 1.108988e+03 1.500000e+00
      vertex   1.498134e+03 1.108988e+03 0.000000e+00
      vertex   1.497689e+03 1.109254e+03 1.500000e+00
    endloop
  endfacet
  facet normal 5.134752e-01 8.581044e-01 -7.783383e-14
    outer loop
      vertex   1.497689e+03 1.109254e+03 1.500000e+00
      vertex   1.498134e+03 1.108988e+03 0.000000e+00
      vertex   1.497689e+03 1.109254e+03 0.000000e+00
    endloop
  endfacet
  facet normal 7.166359e-01 6.974475e-01 -1.086294e-13
    outer loop
      vertex   1.497689e+03 1.109254e+03 1.500000e+00
      vertex   1.497689e+03 1.109254e+03 0.000000e+00
      vertex   1.497328e+03 1.109625e+03 1.500000e+00
    endloop
  endfacet
  facet normal 7.166359e-01 6.974475e-01 0.000000e+00
    outer loop
      vertex   1.497328e+03 1.109625e+03 1.500000e+00
      vertex   1.497689e+03 1.109254e+03 0.000000e+00
      vertex   1.497328e+03 1.109625e+03 0.000000e+00
    endloop
  endfacet
  facet normal 8.717211e-01 4.900024e-01 0.000000e+00
    outer loop
      vertex   1.497328e+03 1.109625e+03 1.500000e+00
      vertex   1.497328e+03 1.109625e+03 0.000000e+00
      vertex   1.497074e+03 1.110077e+03 1.500000e+00
    endloop
  endfacet
  facet normal 8.717211e-01 4.900024e-01 0.000000e+00
    outer loop
      vertex   1.497074e+03 1.110077e+03 1.500000e+00
      vertex   1.497328e+03 1.109625e+03 0.000000e+00
      vertex   1.497074e+03 1.110077e+03 0.000000e+00
    endloop
  endfacet
  facet normal 9.683270e-01 2.496855e-01 0.000000e+00
    outer loop
      vertex   1.497074e+03 1.110077e+03 1.500000e+00
      vertex   1.497074e+03 1.110077e+03 0.000000e+00
      vertex   1.496945e+03 1.110579e+03 1.500000e+00
    endloop
  endfacet
  facet normal 9.683270e-01 2.496855e-01 0.000000e+00
    outer loop
      vertex   1.496945e+03 1.110579e+03 1.500000e+00
      vertex   1.497074e+03 1.110077e+03 0.000000e+00
      vertex   1.496945e+03 1.110579e+03 0.000000e+00
    endloop
  endfacet
  facet normal -9.173752e-01 3.980235e-01 0.000000e+00
    outer loop
      vertex   1.496945e+03 1.110579e+03 0.000000e+00
      vertex   1.475324e+03 1.060746e+03 0.000000e+00
      vertex   1.496945e+03 1.110579e+03 1.500000e+00
    endloop
  endfacet
  facet normal -9.173752e-01 3.980235e-01 0.000000e+00
    outer loop
      vertex   1.496945e+03 1.110579e+03 1.500000e+00
      vertex   1.475324e+03 1.060746e+03 0.000000e+00
      vertex   1.475324e+03 1.060746e+03 1.500000e+00
    endloop
  endfacet
  facet normal 7.356652e-01 -6.773454e-01 0.000000e+00
    outer loop
      vertex   1.475324e+03 1.060746e+03 1.500000e+00
      vertex   1.475324e+03 1.060746e+03 0.000000e+00
      vertex   1.475675e+03 1.061128e+03 1.500000e+00
    endloop
  endfacet
  facet normal 7.356652e-01 -6.773454e-01 0.000000e+00
    outer loop
      vertex   1.475675e+03 1.061128e+03 1.500000e+00
      vertex   1.475324e+03 1.060746e+03 0.000000e+00
      vertex   1.475675e+03 1.061128e+03 0.000000e+00
    endloop
  endfacet
  facet normal 5.366278e-01 -8.438191e-01 0.000000e+00
    outer loop
      vertex   1.475675e+03 1.061128e+03 1.500000e+00
      vertex   1.475675e+03 1.061128e+03 0.000000e+00
      vertex   1.476113e+03 1.061406e+03 1.500000e+00
    endloop
  endfacet
  facet normal 5.366278e-01 -8.438191e-01 0.000000e+00
    outer loop
      vertex   1.476113e+03 1.061406e+03 1.500000e+00
      vertex   1.475675e+03 1.061128e+03 0.000000e+00
      vertex   1.476113e+03 1.061406e+03 0.000000e+00
    endloop
  endfacet
  facet normal 3.014596e-01 -9.534789e-01 0.000000e+00
    outer loop
      vertex   1.476113e+03 1.061406e+03 1.500000e+00
      vertex   1.476113e+03 1.061406e+03 0.000000e+00
      vertex   1.476608e+03 1.061563e+03 1.500000e+00
    endloop
  endfacet
  facet normal 3.014596e-01 -9.534789e-01 0.000000e+00
    outer loop
      vertex   1.476608e+03 1.061563e+03 1.500000e+00
      vertex   1.476113e+03 1.061406e+03 0.000000e+00
      vertex   1.476608e+03 1.061563e+03 0.000000e+00
    endloop
  endfacet
  facet normal 4.599440e-02 -9.989417e-01 0.000000e+00
    outer loop
      vertex   1.476608e+03 1.061563e+03 1.500000e+00
      vertex   1.476608e+03 1.061563e+03 0.000000e+00
      vertex   1.477126e+03 1.061586e+03 1.500000e+00
    endloop
  endfacet
  facet normal 4.599440e-02 -9.989417e-01 0.000000e+00
    outer loop
      vertex   1.477126e+03 1.061586e+03 1.500000e+00
      vertex   1.476608e+03 1.061563e+03 0.000000e+00
      vertex   1.477126e+03 1.061586e+03 0.000000e+00
    endloop
  endfacet
  facet normal -2.125676e-01 -9.771464e-01 -0.000000e+00
    outer loop
      vertex   1.477126e+03 1.061586e+03 1.500000e+00
      vertex   1.477126e+03 1.061586e+03 0.000000e+00
      vertex   1.477633e+03 1.061476e+03 1.500000e+00
    endloop
  endfacet
  facet normal -2.125676e-01 -9.771464e-01 -0.000000e+00
    outer loop
      vertex   1.477633e+03 1.061476e+03 1.500000e+00
      vertex   1.477126e+03 1.061586e+03 0.000000e+00
      vertex   1.477633e+03 1.061476e+03 0.000000e+00
    endloop
  endfacet
  facet normal -4.568176e-01 -8.895604e-01 -0.000000e+00
    outer loop
      vertex   1.477633e+03 1.061476e+03 1.500000e+00
      vertex   1.477633e+03 1.061476e+03 0.000000e+00
      vertex   1.478095e+03 1.061239e+03 1.500000e+00
    endloop
  endfacet
  facet normal -4.568176e-01 -8.895604e-01 -0.000000e+00
    outer loop
      vertex   1.478095e+03 1.061239e+03 1.500000e+00
      vertex   1.477633e+03 1.061476e+03 0.000000e+00
      vertex   1.478095e+03 1.061239e+03 0.000000e+00
    endloop
  endfacet
  facet normal -6.703103e-01 -7.420809e-01 -0.000000e+00
    outer loop
      vertex   1.478095e+03 1.061239e+03 1.500000e+00
      vertex   1.478095e+03 1.061239e+03 0.000000e+00
      vertex   1.478480e+03 1.060891e+03 1.500000e+00
    endloop
  endfacet
  facet normal -6.703103e-01 -7.420809e-01 -0.000000e+00
    outer loop
      vertex   1.478480e+03 1.060891e+03 1.500000e+00
      vertex   1.478095e+03 1.061239e+03 0.000000e+00
      vertex   1.478480e+03 1.060891e+03 0.000000e+00
    endloop
  endfacet
  facet normal -8.386715e-01 -5.446376e-01 -0.000000e+00
    outer loop
      vertex   1.478480e+03 1.060891e+03 1.500000e+00
      vertex   1.478480e+03 1.060891e+03 0.000000e+00
      vertex   1.478763e+03 1.060456e+03 1.500000e+00
    endloop
  endfacet
  facet normal -8.386715e-01 -5.446376e-01 -0.000000e+00
    outer loop
      vertex   1.478763e+03 1.060456e+03 1.500000e+00
      vertex   1.478480e+03 1.060891e+03 0.000000e+00
      vertex   1.478763e+03 1.060456e+03 0.000000e+00
    endloop
  endfacet
  facet normal -9.505655e-01 -3.105242e-01 -0.000000e+00
    outer loop
      vertex   1.478763e+03 1.060456e+03 1.500000e+00
      vertex   1.478763e+03 1.060456e+03 0.000000e+00
      vertex   1.478924e+03 1.059963e+03 1.500000e+00
    endloop
  endfacet
  facet normal -9.505655e-01 -3.105242e-01 -0.000000e+00
    outer loop
      vertex   1.478924e+03 1.059963e+03 1.500000e+00
      vertex   1.478763e+03 1.060456e+03 0.000000e+00
      vertex   1.478924e+03 1.059963e+03 0.000000e+00
    endloop
  endfacet
  facet normal -9.984585e-01 -5.550334e-02 -0.000000e+00
    outer loop
      vertex   1.478924e+03 1.059963e+03 1.500000e+00
      vertex   1.478924e+03 1.059963e+03 0.000000e+00
      vertex   1.478953e+03 1.059444e+03 1.500000e+00
    endloop
  endfacet
  facet normal -9.984585e-01 -5.550334e-02 -0.000000e+00
    outer loop
      vertex   1.478953e+03 1.059444e+03 1.500000e+00
      vertex   1.478924e+03 1.059963e+03 0.000000e+00
      vertex   1.478953e+03 1.059444e+03 0.000000e+00
    endloop
  endfacet
  facet normal -9.791259e-01 2.032545e-01 0.000000e+00
    outer loop
      vertex   1.478953e+03 1.059444e+03 1.500000e+00
      vertex   1.478953e+03 1.059444e+03 0.000000e+00
      vertex   1.478847e+03 1.058936e+03 1.500000e+00
    endloop
  endfacet
  facet normal -9.791259e-01 2.032545e-01 0.000000e+00
    outer loop
      vertex   1.478847e+03 1.058936e+03 1.500000e+00
      vertex   1.478953e+03 1.059444e+03 0.000000e+00
      vertex   1.478847e+03 1.058936e+03 0.000000e+00
    endloop
  endfacet
  facet normal -8.938695e-01 4.483273e-01 0.000000e+00
    outer loop
      vertex   1.478847e+03 1.058936e+03 1.500000e+00
      vertex   1.478847e+03 1.058936e+03 0.000000e+00
      vertex   1.478615e+03 1.058472e+03 1.500000e+00
    endloop
  endfacet
  facet normal -8.938695e-01 4.483273e-01 0.000000e+00
    outer loop
      vertex   1.478615e+03 1.058472e+03 1.500000e+00
      vertex   1.478847e+03 1.058936e+03 0.000000e+00
      vertex   1.478615e+03 1.058472e+03 0.000000e+00
    endloop
  endfacet
  facet normal -7.484294e-01 6.632145e-01 0.000000e+00
    outer loop
      vertex   1.478615e+03 1.058472e+03 1.500000e+00
      vertex   1.478615e+03 1.058472e+03 0.000000e+00
      vertex   1.478270e+03 1.058084e+03 1.500000e+00
    endloop
  endfacet
  facet normal -7.484294e-01 6.632145e-01 0.000000e+00
    outer loop
      vertex   1.478270e+03 1.058084e+03 1.500000e+00
      vertex   1.478615e+03 1.058472e+03 0.000000e+00
      vertex   1.478270e+03 1.058084e+03 0.000000e+00
    endloop
  endfacet
  facet normal -5.525980e-01 8.334480e-01 0.000000e+00
    outer loop
      vertex   1.478270e+03 1.058084e+03 1.500000e+00
      vertex   1.478270e+03 1.058084e+03 0.000000e+00
      vertex   1.477838e+03 1.057797e+03 1.500000e+00
    endloop
  endfacet
  facet normal -5.525980e-01 8.334480e-01 0.000000e+00
    outer loop
      vertex   1.477838e+03 1.057797e+03 1.500000e+00
      vertex   1.478270e+03 1.058084e+03 0.000000e+00
      vertex   1.477838e+03 1.057797e+03 0.000000e+00
    endloop
  endfacet
  facet normal -3.195605e-01 9.475659e-01 0.000000e+00
    outer loop
      vertex   1.477838e+03 1.057797e+03 1.500000e+00
      vertex   1.477838e+03 1.057797e+03 0.000000e+00
      vertex   1.477346e+03 1.057631e+03 1.500000e+00
    endloop
  endfacet
  facet normal -3.195605e-01 9.475659e-01 0.000000e+00
    outer loop
      vertex   1.477346e+03 1.057631e+03 1.500000e+00
      vertex   1.477838e+03 1.057797e+03 0.000000e+00
      vertex   1.477346e+03 1.057631e+03 0.000000e+00
    endloop
  endfacet
  facet normal -6.500725e-02 9.978848e-01 0.000000e+00
    outer loop
      vertex   1.477346e+03 1.057631e+03 1.500000e+00
      vertex   1.477346e+03 1.057631e+03 0.000000e+00
      vertex   1.476828e+03 1.057598e+03 1.500000e+00
    endloop
  endfacet
  facet normal -6.500725e-02 9.978848e-01 0.000000e+00
    outer loop
      vertex   1.476828e+03 1.057598e+03 1.500000e+00
      vertex   1.477346e+03 1.057631e+03 0.000000e+00
      vertex   1.476828e+03 1.057598e+03 0.000000e+00
    endloop
  endfacet
  facet normal 1.939229e-01 9.810168e-01 0.000000e+00
    outer loop
      vertex   1.476828e+03 1.057598e+03 1.500000e+00
      vertex   1.476828e+03 1.057598e+03 0.000000e+00
      vertex   1.476319e+03 1.057698e+03 1.500000e+00
    endloop
  endfacet
  facet normal 1.939229e-01 9.810168e-01 0.000000e+00
    outer loop
      vertex   1.476319e+03 1.057698e+03 1.500000e+00
      vertex   1.476828e+03 1.057598e+03 0.000000e+00
      vertex   1.476319e+03 1.057698e+03 0.000000e+00
    endloop
  endfacet
  facet normal 4.397963e-01 8.980975e-01 0.000000e+00
    outer loop
      vertex   1.476319e+03 1.057698e+03 1.500000e+00
      vertex   1.476319e+03 1.057698e+03 0.000000e+00
      vertex   1.475853e+03 1.057927e+03 1.500000e+00
    endloop
  endfacet
  facet normal 4.397963e-01 8.980975e-01 0.000000e+00
    outer loop
      vertex   1.475853e+03 1.057927e+03 1.500000e+00
      vertex   1.476319e+03 1.057698e+03 0.000000e+00
      vertex   1.475853e+03 1.057927e+03 0.000000e+00
    endloop
  endfacet
  facet normal 6.560586e-01 7.547100e-01 0.000000e+00
    outer loop
      vertex   1.475853e+03 1.057927e+03 1.500000e+00
      vertex   1.475853e+03 1.057927e+03 0.000000e+00
      vertex   1.475461e+03 1.058267e+03 1.500000e+00
    endloop
  endfacet
  facet normal 6.560586e-01 7.547100e-01 0.000000e+00
    outer loop
      vertex   1.475461e+03 1.058267e+03 1.500000e+00
      vertex   1.475853e+03 1.057927e+03 0.000000e+00
      vertex   1.475461e+03 1.058267e+03 0.000000e+00
    endloop
  endfacet
  facet normal 8.281488e-01 5.605083e-01 0.000000e+00
    outer loop
      vertex   1.475461e+03 1.058267e+03 1.500000e+00
      vertex   1.475461e+03 1.058267e+03 0.000000e+00
      vertex   1.475171e+03 1.058697e+03 1.500000e+00
    endloop
  endfacet
  facet normal 8.281488e-01 5.605083e-01 0.000000e+00
    outer loop
      vertex   1.475171e+03 1.058697e+03 1.500000e+00
      vertex   1.475461e+03 1.058267e+03 0.000000e+00
      vertex   1.475171e+03 1.058697e+03 0.000000e+00
    endloop
  endfacet
  facet normal 9.444804e-01 3.285679e-01 0.000000e+00
    outer loop
      vertex   1.475171e+03 1.058697e+03 1.500000e+00
      vertex   1.475171e+03 1.058697e+03 0.000000e+00
      vertex   1.475000e+03 1.059187e+03 1.500000e+00
    endloop
  endfacet
  facet normal 9.444804e-01 3.285679e-01 0.000000e+00
    outer loop
      vertex   1.475000e+03 1.059187e+03 1.500000e+00
      vertex   1.475171e+03 1.058697e+03 0.000000e+00
      vertex   1.475000e+03 1.059187e+03 0.000000e+00
    endloop
  endfacet
  facet normal -1.000000e+00 0.000000e+00 0.000000e+00
    outer loop
      vertex   1.475000e+03 1.032453e+03 1.500000e+00
      vertex   1.475000e+03 1.059187e+03 1.500000e+00
      vertex   1.475000e+03 1.032453e+03 0.000000e+00
    endloop
  endfacet
  facet normal -1.000000e+00 0.000000e+00 0.000000e+00
    outer loop
      vertex   1.475000e+03 1.032453e+03 0.000000e+00
      vertex   1.475000e+03 1.059187e+03 1.500000e+00
      vertex   1.475000e+03 1.059187e+03 0.000000e+00
    endloop
  endfacet
  facet normal 0.000000e+00 -1.000000e+00 0.000000e+00
    outer loop
      vertex   1.532252e+03 1.032940e+03 0.000000e+00
      vertex   1.546252e+03 1.032940e+03 0.000000e+00
      vertex   1.532252e+03 1.032940e+03 1.500000e+00
    endloop
  endfacet
  facet normal 0.000000e+00 -1.000000e+00 0.000000e+00
    outer loop
      vertex   1.532252e+03 1.032940e+03 1.500000e+00
      vertex   1.546252e+03 1.032940e+03 0.000000e+00
      vertex   1.546252e+03 1.032940e+03 1.500000e+00
    endloop
  endfacet
  facet normal 1.000000e+00 0.000000e+00 0.000000e+00
    outer loop
      vertex   1.532252e+03 1.018940e+03 0.000000e+00
      vertex   1.532252e+03 1.032940e+03 0.000000e+00
      vertex   1.532252e+03 1.018940e+03 1.500000e+00
    endloop
  endfacet
  facet normal 1.000000e+00 -0.000000e+00 0.000000e+00
    outer loop
      vertex   1.532252e+03 1.018940e+03 1.500000e+00
      vertex   1.532252e+03 1.032940e+03 0.000000e+00
      vertex   1.532252e+03 1.032940e+03 1.500000e+00
    endloop
  endfacet
  facet normal 0.000000e+00 1.000000e+00 -0.000000e+00
    outer loop
      vertex   1.546252e+03 1.018940e+03 0.000000e+00
      vertex   1.532252e+03 1.018940e+03 0.000000e+00
      vertex   1.546252e+03 1.018940e+03 1.500000e+00
    endloop
  endfacet
  facet normal 0.000000e+00 1.000000e+00 0.000000e+00
    outer loop
      vertex   1.546252e+03 1.018940e+03 1.500000e+00
      vertex   1.532252e+03 1.018940e+03 0.000000e+00
      vertex   1.532252e+03 1.018940e+03 1.500000e+00
    endloop
  endfacet
  facet normal -1.000000e+00 0.000000e+00 0.000000e+00
    outer loop
      vertex   1.546252e+03 1.032940e+03 0.000000e+00
      vertex   1.546252e+03 1.018940e+03 0.000000e+00
      vertex   1.546252e+03 1.032940e+03 1.500000e+00
    endloop
  endfacet
  facet normal -1.000000e+00 -0.000000e+00 0.000000e+00
    outer loop
      vertex   1.546252e+03 1.032940e+03 1.500000e+00
      vertex   1.546252e+03 1.018940e+03 0.000000e+00
      vertex   1.546252e+03 1.018940e+03 1.500000e+00
    endloop
  endfacet
  facet normal 1.000000e+00 0.000000e+00 0.000000e+00
    outer loop
      vertex   1.503752e+03 1.035440e+03 0.000000e+00
      vertex   1.503752e+03 1.049440e+03 0.000000e+00
      vertex   1.503752e+03 1.035440e+03 1.500000e+00
    endloop
  endfacet
  facet normal 1.000000e+00 -0.000000e+00 0.000000e+00
    outer loop
      vertex   1.503752e+03 1.035440e+03 1.500000e+00
      vertex   1.503752e+03 1.049440e+03 0.000000e+00
      vertex   1.503752e+03 1.049440e+03 1.500000e+00
    endloop
  endfacet
  facet normal 0.000000e+00 1.000000e+00 -0.000000e+00
    outer loop
      vertex   1.517752e+03 1.035440e+03 0.000000e+00
      vertex   1.503752e+03 1.035440e+03 0.000000e+00
      vertex   1.517752e+03 1.035440e+03 1.500000e+00
    endloop
  endfacet
  facet normal 0.000000e+00 1.000000e+00 0.000000e+00
    outer loop
      vertex   1.517752e+03 1.035440e+03 1.500000e+00
      vertex   1.503752e+03 1.035440e+03 0.000000e+00
      vertex   1.503752e+03 1.035440e+03 1.500000e+00
    endloop
  endfacet
  facet normal -1.000000e+00 0.000000e+00 0.000000e+00
    outer loop
      vertex   1.517752e+03 1.049440e+03 0.000000e+00
      vertex   1.517752e+03 1.035440e+03 0.000000e+00
      vertex   1.517752e+03 1.049440e+03 1.500000e+00
    endloop
  endfacet
  facet normal -1.000000e+00 -0.000000e+00 0.000000e+00
    outer loop
      vertex   1.517752e+03 1.049440e+03 1.500000e+00
      vertex   1.517752e+03 1.035440e+03 0.000000e+00
      vertex   1.517752e+03 1.035440e+03 1.500000e+00
    endloop
  endfacet
  facet normal 0.000000e+00 -1.000000e+00 0.000000e+00
    outer loop
      vertex   1.503752e+03 1.049440e+03 0.000000e+00
      vertex   1.517752e+03 1.049440e+03 0.000000e+00
      vertex   1.503752e+03 1.049440e+03 1.500000e+00
    endloop
  endfacet
  facet normal 0.000000e+00 -1.000000e+00 0.000000e+00
    outer loop
      vertex   1.503752e+03 1.049440e+03 1.500000e+00
      vertex   1.517752e+03 1.049440e+03 0.000000e+00
      vertex   1.517752e+03 1.049440e+03 1.500000e+00
    endloop
  endfacet
  facet normal 0.000000e+00 -1.000000e+00 0.000000e+00
    outer loop
      vertex   1.503752e+03 1.087440e+03 0.000000e+00
      vertex   1.517752e+03 1.087440e+03 0.000000e+00
      vertex   1.503752e+03 1.087440e+03 1.500000e+00
    endloop
  endfacet
  facet normal 0.000000e+00 -1.000000e+00 0.000000e+00
    outer loop
      vertex   1.503752e+03 1.087440e+03 1.500000e+00
      vertex   1.517752e+03 1.087440e+03 0.000000e+00
      vertex   1.517752e+03 1.087440e+03 1.500000e+00
    endloop
  endfacet
  facet normal 1.000000e+00 0.000000e+00 0.000000e+00
    outer loop
      vertex   1.503752e+03 1.073440e+03 0.000000e+00
      vertex   1.503752e+03 1.087440e+03 0.000000e+00
      vertex   1.503752e+03 1.073440e+03 1.500000e+00
    endloop
  endfacet
  facet normal 1.000000e+00 -0.000000e+00 0.000000e+00
    outer loop
      vertex   1.503752e+03 1.073440e+03 1.500000e+00
      vertex   1.503752e+03 1.087440e+03 0.000000e+00
      vertex   1.503752e+03 1.087440e+03 1.500000e+00
    endloop
  endfacet
  facet normal 0.000000e+00 1.000000e+00 -0.000000e+00
    outer loop
      vertex   1.517752e+03 1.073440e+03 0.000000e+00
      vertex   1.503752e+03 1.073440e+03 0.000000e+00
      vertex   1.517752e+03 1.073440e+03 1.500000e+00
    endloop
  endfacet
  facet normal 0.000000e+00 1.000000e+00 0.000000e+00
    outer loop
      vertex   1.517752e+03 1.073440e+03 1.500000e+00
      vertex   1.503752e+03 1.073440e+03 0.000000e+00
      vertex   1.503752e+03 1.073440e+03 1.500000e+00
    endloop
  endfacet
  facet normal -1.000000e+00 0.000000e+00 0.000000e+00
    outer loop
      vertex   1.517752e+03 1.087440e+03 0.000000e+00
      vertex   1.517752e+03 1.073440e+03 0.000000e+00
      vertex   1.517752e+03 1.087440e+03 1.500000e+00
    endloop
  endfacet
  facet normal -1.000000e+00 -0.000000e+00 0.000000e+00
    outer loop
      vertex   1.517752e+03 1.087440e+03 1.500000e+00
      vertex   1.517752e+03 1.073440e+03 0.000000e+00
      vertex   1.517752e+03 1.073440e+03 1.500000e+00
    endloop
  endfacet
  facet normal 0.000000e+00 1.000000e+00 -0.000000e+00
    outer loop
      vertex   1.517752e+03 1.092440e+03 0.000000e+00
      vertex   1.503752e+03 1.092440e+03 0.000000e+00
      vertex   1.517752e+03 1.092440e+03 1.500000e+00
    endloop
  endfacet
  facet normal 0.000000e+00 1.000000e+00 0.000000e+00
    outer loop
      vertex   1.517752e+03 1.092440e+03 1.500000e+00
      vertex   1.503752e+03 1.092440e+03 0.000000e+00
      vertex   1.503752e+03 1.092440e+03 1.500000e+00
    endloop
  endfacet
  facet normal -1.000000e+00 0.000000e+00 0.000000e+00
    outer loop
      vertex   1.517752e+03 1.106440e+03 0.000000e+00
      vertex   1.517752e+03 1.092440e+03 0.000000e+00
      vertex   1.517752e+03 1.106440e+03 1.500000e+00
    endloop
  endfacet
  facet normal -1.000000e+00 -0.000000e+00 0.000000e+00
    outer loop
      vertex   1.517752e+03 1.106440e+03 1.500000e+00
      vertex   1.517752e+03 1.092440e+03 0.000000e+00
      vertex   1.517752e+03 1.092440e+03 1.500000e+00
    endloop
  endfacet
  facet normal -1.624098e-14 -1.000000e+00 0.000000e+00
    outer loop
      vertex   1.503752e+03 1.106440e+03 0.000000e+00
      vertex   1.517752e+03 1.106440e+03 0.000000e+00
      vertex   1.503752e+03 1.106440e+03 1.500000e+00
    endloop
  endfacet
  facet normal -1.624098e-14 -1.000000e+00 0.000000e+00
    outer loop
      vertex   1.503752e+03 1.106440e+03 1.500000e+00
      vertex   1.517752e+03 1.106440e+03 0.000000e+00
      vertex   1.517752e+03 1.106440e+03 1.500000e+00
    endloop
  endfacet
  facet normal 1.000000e+00 0.000000e+00 0.000000e+00
    outer loop
      vertex   1.503752e+03 1.092440e+03 0.000000e+00
      vertex   1.503752e+03 1.106440e+03 0.000000e+00
      vertex   1.503752e+03 1.092440e+03 1.500000e+00
    endloop
  endfacet
  facet normal 1.000000e+00 -0.000000e+00 0.000000e+00
    outer loop
      vertex   1.503752e+03 1.092440e+03 1.500000e+00
      vertex   1.503752e+03 1.106440e+03 0.000000e+00
      vertex   1.503752e+03 1.106440e+03 1.500000e+00
    endloop
  endfacet
  facet normal 1.000000e+00 0.000000e+00 0.000000e+00
    outer loop
      vertex   1.579817e+03 1.071440e+03 0.000000e+00
      vertex   1.579817e+03 1.085440e+03 0.000000e+00
      vertex   1.579817e+03 1.071440e+03 1.500000e+00
    endloop
  endfacet
  facet normal 1.000000e+00 -0.000000e+00 0.000000e+00
    outer loop
      vertex   1.579817e+03 1.071440e+03 1.500000e+00
      vertex   1.579817e+03 1.085440e+03 0.000000e+00
      vertex   1.579817e+03 1.085440e+03 1.500000e+00
    endloop
  endfacet
  facet normal 0.000000e+00 1.000000e+00 -0.000000e+00
    outer loop
      vertex   1.593817e+03 1.071440e+03 0.000000e+00
      vertex   1.579817e+03 1.071440e+03 0.000000e+00
      vertex   1.593817e+03 1.071440e+03 1.500000e+00
    endloop
  endfacet
  facet normal 0.000000e+00 1.000000e+00 0.000000e+00
    outer loop
      vertex   1.593817e+03 1.071440e+03 1.500000e+00
      vertex   1.579817e+03 1.071440e+03 0.000000e+00
      vertex   1.579817e+03 1.071440e+03 1.500000e+00
    endloop
  endfacet
  facet normal -1.000000e+00 0.000000e+00 0.000000e+00
    outer loop
      vertex   1.593817e+03 1.085440e+03 0.000000e+00
      vertex   1.593817e+03 1.071440e+03 0.000000e+00
      vertex   1.593817e+03 1.085440e+03 1.500000e+00
    endloop
  endfacet
  facet normal -1.000000e+00 -0.000000e+00 0.000000e+00
    outer loop
      vertex   1.593817e+03 1.085440e+03 1.500000e+00
      vertex   1.593817e+03 1.071440e+03 0.000000e+00
      vertex   1.593817e+03 1.071440e+03 1.500000e+00
    endloop
  endfacet
  facet normal 0.000000e+00 -1.000000e+00 0.000000e+00
    outer loop
      vertex   1.579817e+03 1.085440e+03 0.000000e+00
      vertex   1.593817e+03 1.085440e+03 0.000000e+00
      vertex   1.579817e+03 1.085440e+03 1.500000e+00
    endloop
  endfacet
  facet normal 0.000000e+00 -1.000000e+00 0.000000e+00
    outer loop
      vertex   1.579817e+03 1.085440e+03 1.500000e+00
      vertex   1.593817e+03 1.085440e+03 0.000000e+00
      vertex   1.593817e+03 1.085440e+03 1.500000e+00
    endloop
  endfacet
  facet normal 0.000000e+00 -1.000000e+00 0.000000e+00
    outer loop
      vertex   1.579817e+03 1.104440e+03 0.000000e+00
      vertex   1.593817e+03 1.104440e+03 0.000000e+00
      vertex   1.579817e+03 1.104440e+03 1.500000e+00
    endloop
  endfacet
  facet normal 0.000000e+00 -1.000000e+00 0.000000e+00
    outer loop
      vertex   1.579817e+03 1.104440e+03 1.500000e+00
      vertex   1.593817e+03 1.104440e+03 0.000000e+00
      vertex   1.593817e+03 1.104440e+03 1.500000e+00
    endloop
  endfacet
  facet normal 1.000000e+00 0.000000e+00 0.000000e+00
    outer loop
      vertex   1.579817e+03 1.090440e+03 0.000000e+00
      vertex   1.579817e+03 1.104440e+03 0.000000e+00
      vertex   1.579817e+03 1.090440e+03 1.500000e+00
    endloop
  endfacet
  facet normal 1.000000e+00 -0.000000e+00 0.000000e+00
    outer loop
      vertex   1.579817e+03 1.090440e+03 1.500000e+00
      vertex   1.579817e+03 1.104440e+03 0.000000e+00
      vertex   1.579817e+03 1.104440e+03 1.500000e+00
    endloop
  endfacet
  facet normal 0.000000e+00 1.000000e+00 -0.000000e+00
    outer loop
      vertex   1.593817e+03 1.090440e+03 0.000000e+00
      vertex   1.579817e+03 1.090440e+03 0.000000e+00
      vertex   1.593817e+03 1.090440e+03 1.500000e+00
    endloop
  endfacet
  facet normal 0.000000e+00 1.000000e+00 0.000000e+00
    outer loop
      vertex   1.593817e+03 1.090440e+03 1.500000e+00
      vertex   1.579817e+03 1.090440e+03 0.000000e+00
      vertex   1.579817e+03 1.090440e+03 1.500000e+00
    endloop
  endfacet
  facet normal -1.000000e+00 0.000000e+00 0.000000e+00
    outer loop
      vertex   1.593817e+03 1.104440e+03 0.000000e+00
      vertex   1.593817e+03 1.090440e+03 0.000000e+00
      vertex   1.593817e+03 1.104440e+03 1.500000e+00
    endloop
  endfacet
  facet normal -1.000000e+00 -0.000000e+00 0.000000e+00
    outer loop
      vertex   1.593817e+03 1.104440e+03 1.500000e+00
      vertex   1.593817e+03 1.090440e+03 0.000000e+00
      vertex   1.593817e+03 1.090440e+03 1.500000e+00
    endloop
  endfacet
  facet normal 0.000000e+00 1.000000e+00 -0.000000e+00
    outer loop
      vertex   1.536752e+03 1.075940e+03 0.000000e+00
      vertex   1.522752e+03 1.075940e+03 0.000000e+00
      vertex   1.536752e+03 1.075940e+03 1.500000e+00
    endloop
  endfacet
  facet normal 0.000000e+00 1.000000e+00 0.000000e+00
    outer loop
      vertex   1.536752e+03 1.075940e+03 1.500000e+00
      vertex   1.522752e+03 1.075940e+03 0.000000e+00
      vertex   1.522752e+03 1.075940e+03 1.500000e+00
    endloop
  endfacet
  facet normal -1.000000e+00 0.000000e+00 0.000000e+00
    outer loop
      vertex   1.536752e+03 1.089940e+03 0.000000e+00
      vertex   1.536752e+03 1.075940e+03 0.000000e+00
      vertex   1.536752e+03 1.089940e+03 1.500000e+00
    endloop
  endfacet
  facet normal -1.000000e+00 -0.000000e+00 0.000000e+00
    outer loop
      vertex   1.536752e+03 1.089940e+03 1.500000e+00
      vertex   1.536752e+03 1.075940e+03 0.000000e+00
      vertex   1.536752e+03 1.075940e+03 1.500000e+00
    endloop
  endfacet
  facet normal 0.000000e+00 -1.000000e+00 0.000000e+00
    outer loop
      vertex   1.522752e+03 1.089940e+03 0.000000e+00
      vertex   1.536752e+03 1.089940e+03 0.000000e+00
      vertex   1.522752e+03 1.089940e+03 1.500000e+00
    endloop
  endfacet
  facet normal 0.000000e+00 -1.000000e+00 0.000000e+00
    outer loop
      vertex   1.522752e+03 1.089940e+03 1.500000e+00
      vertex   1.536752e+03 1.089940e+03 0.000000e+00
      vertex   1.536752e+03 1.089940e+03 1.500000e+00
    endloop
  endfacet
  facet normal 1.000000e+00 0.000000e+00 0.000000e+00
    outer loop
      vertex   1.522752e+03 1.075940e+03 0.000000e+00
      vertex   1.522752e+03 1.089940e+03 0.000000e+00
      vertex   1.522752e+03 1.075940e+03 1.500000e+00
    endloop
  endfacet
  facet normal 1.000000e+00 -0.000000e+00 0.000000e+00
    outer loop
      vertex   1.522752e+03 1.075940e+03 1.500000e+00
      vertex   1.522752e+03 1.089940e+03 0.000000e+00
      vertex   1.522752e+03 1.089940e+03 1.500000e+00
    endloop
  endfacet
  facet normal 0.000000e+00 1.000000e+00 -0.000000e+00
    outer loop
      vertex   1.612752e+03 1.033440e+03 0.000000e+00
      vertex   1.598752e+03 1.033440e+03 0.000000e+00
      vertex   1.612752e+03 1.033440e+03 1.500000e+00
    endloop
  endfacet
  facet normal 0.000000e+00 1.000000e+00 0.000000e+00
    outer loop
      vertex   1.612752e+03 1.033440e+03 1.500000e+00
      vertex   1.598752e+03 1.033440e+03 0.000000e+00
      vertex   1.598752e+03 1.033440e+03 1.500000e+00
    endloop
  endfacet
  facet normal -1.000000e+00 0.000000e+00 0.000000e+00
    outer loop
      vertex   1.612752e+03 1.047440e+03 0.000000e+00
      vertex   1.612752e+03 1.033440e+03 0.000000e+00
      vertex   1.612752e+03 1.047440e+03 1.500000e+00
    endloop
  endfacet
  facet normal -1.000000e+00 -0.000000e+00 0.000000e+00
    outer loop
      vertex   1.612752e+03 1.047440e+03 1.500000e+00
      vertex   1.612752e+03 1.033440e+03 0.000000e+00
      vertex   1.612752e+03 1.033440e+03 1.500000e+00
    endloop
  endfacet
  facet normal 0.000000e+00 -1.000000e+00 0.000000e+00
    outer loop
      vertex   1.598752e+03 1.047440e+03 0.000000e+00
      vertex   1.612752e+03 1.047440e+03 0.000000e+00
      vertex   1.598752e+03 1.047440e+03 1.500000e+00
    endloop
  endfacet
  facet normal 0.000000e+00 -1.000000e+00 0.000000e+00
    outer loop
      vertex   1.598752e+03 1.047440e+03 1.500000e+00
      vertex   1.612752e+03 1.047440e+03 0.000000e+00
      vertex   1.612752e+03 1.047440e+03 1.500000e+00
    endloop
  endfacet
  facet normal 1.000000e+00 0.000000e+00 0.000000e+00
    outer loop
      vertex   1.598752e+03 1.033440e+03 0.000000e+00
      vertex   1.598752e+03 1.047440e+03 0.000000e+00
      vertex   1.598752e+03 1.033440e+03 1.500000e+00
    endloop
  endfacet
  facet normal 1.000000e+00 -0.000000e+00 0.000000e+00
    outer loop
      vertex   1.598752e+03 1.033440e+03 1.500000e+00
      vertex   1.598752e+03 1.047440e+03 0.000000e+00
      vertex   1.598752e+03 1.047440e+03 1.500000e+00
    endloop
  endfacet
  facet normal 9.999888e-01 4.729486e-03 -0.000000e+00
    outer loop
      vertex   1.522752e+03 1.056940e+03 0.000000e+00
      vertex   1.522685e+03 1.070940e+03 0.000000e+00
      vertex   1.522752e+03 1.056940e+03 1.500000e+00
    endloop
  endfacet
  facet normal 9.999888e-01 4.729486e-03 0.000000e+00
    outer loop
      vertex   1.522752e+03 1.056940e+03 1.500000e+00
      vertex   1.522685e+03 1.070940e+03 0.000000e+00
      vertex   1.522685e+03 1.070940e+03 1.500000e+00
    endloop
  endfacet
  facet normal 0.000000e+00 1.000000e+00 -0.000000e+00
    outer loop
      vertex   1.536752e+03 1.056940e+03 0.000000e+00
      vertex   1.522752e+03 1.056940e+03 0.000000e+00
      vertex   1.536752e+03 1.056940e+03 1.500000e+00
    endloop
  endfacet
  facet normal 0.000000e+00 1.000000e+00 0.000000e+00
    outer loop
      vertex   1.536752e+03 1.056940e+03 1.500000e+00
      vertex   1.522752e+03 1.056940e+03 0.000000e+00
      vertex   1.522752e+03 1.056940e+03 1.500000e+00
    endloop
  endfacet
  facet normal -1.000000e+00 0.000000e+00 0.000000e+00
    outer loop
      vertex   1.536752e+03 1.070940e+03 0.000000e+00
      vertex   1.536752e+03 1.056940e+03 0.000000e+00
      vertex   1.536752e+03 1.070940e+03 1.500000e+00
    endloop
  endfacet
  facet normal -1.000000e+00 -0.000000e+00 0.000000e+00
    outer loop
      vertex   1.536752e+03 1.070940e+03 1.500000e+00
      vertex   1.536752e+03 1.056940e+03 0.000000e+00
      vertex   1.536752e+03 1.056940e+03 1.500000e+00
    endloop
  endfacet
  facet normal 0.000000e+00 -1.000000e+00 0.000000e+00
    outer loop
      vertex   1.522685e+03 1.070940e+03 0.000000e+00
      vertex   1.536752e+03 1.070940e+03 0.000000e+00
      vertex   1.522685e+03 1.070940e+03 1.500000e+00
    endloop
  endfacet
  facet normal 0.000000e+00 -1.000000e+00 0.000000e+00
    outer loop
      vertex   1.522685e+03 1.070940e+03 1.500000e+00
      vertex   1.536752e+03 1.070940e+03 0.000000e+00
      vertex   1.536752e+03 1.070940e+03 1.500000e+00
    endloop
  endfacet
  facet normal -1.000000e+00 0.000000e+00 0.000000e+00
    outer loop
      vertex   1.555752e+03 1.111440e+03 0.000000e+00
      vertex   1.555752e+03 1.097440e+03 0.000000e+00
      vertex   1.555752e+03 1.111440e+03 1.500000e+00
    endloop
  endfacet
  facet normal -1.000000e+00 -0.000000e+00 0.000000e+00
    outer loop
      vertex   1.555752e+03 1.111440e+03 1.500000e+00
      vertex   1.555752e+03 1.097440e+03 0.000000e+00
      vertex   1.555752e+03 1.097440e+03 1.500000e+00
    endloop
  endfacet
  facet normal 0.000000e+00 -1.000000e+00 0.000000e+00
    outer loop
      vertex   1.541752e+03 1.111440e+03 0.000000e+00
      vertex   1.555752e+03 1.111440e+03 0.000000e+00
      vertex   1.541752e+03 1.111440e+03 1.500000e+00
    endloop
  endfacet
  facet normal 0.000000e+00 -1.000000e+00 0.000000e+00
    outer loop
      vertex   1.541752e+03 1.111440e+03 1.500000e+00
      vertex   1.555752e+03 1.111440e+03 0.000000e+00
      vertex   1.555752e+03 1.111440e+03 1.500000e+00
    endloop
  endfacet
  facet normal 1.000000e+00 1.624098e-14 -0.000000e+00
    outer loop
      vertex   1.541752e+03 1.097440e+03 0.000000e+00
      vertex   1.541752e+03 1.111440e+03 0.000000e+00
      vertex   1.541752e+03 1.097440e+03 1.500000e+00
    endloop
  endfacet
  facet normal 1.000000e+00 1.624098e-14 0.000000e+00
    outer loop
      vertex   1.541752e+03 1.097440e+03 1.500000e+00
      vertex   1.541752e+03 1.111440e+03 0.000000e+00
      vertex   1.541752e+03 1.111440e+03 1.500000e+00
    endloop
  endfacet
  facet normal 0.000000e+00 1.000000e+00 -0.000000e+00
    outer loop
      vertex   1.555752e+03 1.097440e+03 0.000000e+00
      vertex   1.541752e+03 1.097440e+03 0.000000e+00
      vertex   1.555752e+03 1.097440e+03 1.500000e+00
    endloop
  endfacet
  facet normal 0.000000e+00 1.000000e+00 0.000000e+00
    outer loop
      vertex   1.555752e+03 1.097440e+03 1.500000e+00
      vertex   1.541752e+03 1.097440e+03 0.000000e+00
      vertex   1.541752e+03 1.097440e+03 1.500000e+00
    endloop
  endfacet
  facet normal 1.000000e+00 0.000000e+00 0.000000e+00
    outer loop
      vertex   1.522752e+03 1.037940e+03 0.000000e+00
      vertex   1.522752e+03 1.051940e+03 0.000000e+00
      vertex   1.522752e+03 1.037940e+03 1.500000e+00
    endloop
  endfacet
  facet normal 1.000000e+00 -0.000000e+00 0.000000e+00
    outer loop
      vertex   1.522752e+03 1.037940e+03 1.500000e+00
      vertex   1.522752e+03 1.051940e+03 0.000000e+00
      vertex   1.522752e+03 1.051940e+03 1.500000e+00
    endloop
  endfacet
  facet normal 0.000000e+00 1.000000e+00 -0.000000e+00
    outer loop
      vertex   1.536752e+03 1.037940e+03 0.000000e+00
      vertex   1.522752e+03 1.037940e+03 0.000000e+00
      vertex   1.536752e+03 1.037940e+03 1.500000e+00
    endloop
  endfacet
  facet normal 0.000000e+00 1.000000e+00 0.000000e+00
    outer loop
      vertex   1.536752e+03 1.037940e+03 1.500000e+00
      vertex   1.522752e+03 1.037940e+03 0.000000e+00
      vertex   1.522752e+03 1.037940e+03 1.500000e+00
    endloop
  endfacet
  facet normal -1.000000e+00 0.000000e+00 0.000000e+00
    outer loop
      vertex   1.536752e+03 1.051940e+03 0.000000e+00
      vertex   1.536752e+03 1.037940e+03 0.000000e+00
      vertex   1.536752e+03 1.051940e+03 1.500000e+00
    endloop
  endfacet
  facet normal -1.000000e+00 -0.000000e+00 0.000000e+00
    outer loop
      vertex   1.536752e+03 1.051940e+03 1.500000e+00
      vertex   1.536752e+03 1.037940e+03 0.000000e+00
      vertex   1.536752e+03 1.037940e+03 1.500000e+00
    endloop
  endfacet
  facet normal 0.000000e+00 -1.000000e+00 0.000000e+00
    outer loop
      vertex   1.522752e+03 1.051940e+03 0.000000e+00
      vertex   1.536752e+03 1.051940e+03 0.000000e+00
      vertex   1.522752e+03 1.051940e+03 1.500000e+00
    endloop
  endfacet
  facet normal 0.000000e+00 -1.000000e+00 0.000000e+00
    outer loop
      vertex   1.522752e+03 1.051940e+03 1.500000e+00
      vertex   1.536752e+03 1.051940e+03 0.000000e+00
      vertex   1.536752e+03 1.051940e+03 1.500000e+00
    endloop
  endfacet
  facet normal 0.000000e+00 -1.000000e+00 0.000000e+00
    outer loop
      vertex   1.503685e+03 1.068440e+03 0.000000e+00
      vertex   1.517752e+03 1.068440e+03 0.000000e+00
      vertex   1.503685e+03 1.068440e+03 1.500000e+00
    endloop
  endfacet
  facet normal 0.000000e+00 -1.000000e+00 0.000000e+00
    outer loop
      vertex   1.503685e+03 1.068440e+03 1.500000e+00
      vertex   1.517752e+03 1.068440e+03 0.000000e+00
      vertex   1.517752e+03 1.068440e+03 1.500000e+00
    endloop
  endfacet
  facet normal 9.999888e-01 4.729486e-03 -0.000000e+00
    outer loop
      vertex   1.503752e+03 1.054440e+03 0.000000e+00
      vertex   1.503685e+03 1.068440e+03 0.000000e+00
      vertex   1.503752e+03 1.054440e+03 1.500000e+00
    endloop
  endfacet
  facet normal 9.999888e-01 4.729486e-03 0.000000e+00
    outer loop
      vertex   1.503752e+03 1.054440e+03 1.500000e+00
      vertex   1.503685e+03 1.068440e+03 0.000000e+00
      vertex   1.503685e+03 1.068440e+03 1.500000e+00
    endloop
  endfacet
  facet normal 0.000000e+00 1.000000e+00 -0.000000e+00
    outer loop
      vertex   1.517752e+03 1.054440e+03 0.000000e+00
      vertex   1.503752e+03 1.054440e+03 0.000000e+00
      vertex   1.517752e+03 1.054440e+03 1.500000e+00
    endloop
  endfacet
  facet normal 0.000000e+00 1.000000e+00 0.000000e+00
    outer loop
      vertex   1.517752e+03 1.054440e+03 1.500000e+00
      vertex   1.503752e+03 1.054440e+03 0.000000e+00
      vertex   1.503752e+03 1.054440e+03 1.500000e+00
    endloop
  endfacet
  facet normal -1.000000e+00 0.000000e+00 0.000000e+00
    outer loop
      vertex   1.517752e+03 1.068440e+03 0.000000e+00
      vertex   1.517752e+03 1.054440e+03 0.000000e+00
      vertex   1.517752e+03 1.068440e+03 1.500000e+00
    endloop
  endfacet
  facet normal -1.000000e+00 -0.000000e+00 0.000000e+00
    outer loop
      vertex   1.517752e+03 1.068440e+03 1.500000e+00
      vertex   1.517752e+03 1.054440e+03 0.000000e+00
      vertex   1.517752e+03 1.054440e+03 1.500000e+00
    endloop
  endfacet
  facet normal 9.999888e-01 4.728971e-03 -0.000000e+00
    outer loop
      vertex   1.579752e+03 1.052440e+03 0.000000e+00
      vertex   1.579685e+03 1.066440e+03 0.000000e+00
      vertex   1.579752e+03 1.052440e+03 1.500000e+00
    endloop
  endfacet
  facet normal 9.999888e-01 4.728971e-03 0.000000e+00
    outer loop
      vertex   1.579752e+03 1.052440e+03 1.500000e+00
      vertex   1.579685e+03 1.066440e+03 0.000000e+00
      vertex   1.579685e+03 1.066440e+03 1.500000e+00
    endloop
  endfacet
  facet normal 0.000000e+00 1.000000e+00 -0.000000e+00
    outer loop
      vertex   1.593752e+03 1.052440e+03 0.000000e+00
      vertex   1.579752e+03 1.052440e+03 0.000000e+00
      vertex   1.593752e+03 1.052440e+03 1.500000e+00
    endloop
  endfacet
  facet normal 0.000000e+00 1.000000e+00 0.000000e+00
    outer loop
      vertex   1.593752e+03 1.052440e+03 1.500000e+00
      vertex   1.579752e+03 1.052440e+03 0.000000e+00
      vertex   1.579752e+03 1.052440e+03 1.500000e+00
    endloop
  endfacet
  facet normal -1.000000e+00 0.000000e+00 0.000000e+00
    outer loop
      vertex   1.593752e+03 1.066440e+03 0.000000e+00
      vertex   1.593752e+03 1.052440e+03 0.000000e+00
      vertex   1.593752e+03 1.066440e+03 1.500000e+00
    endloop
  endfacet
  facet normal -1.000000e+00 -0.000000e+00 0.000000e+00
    outer loop
      vertex   1.593752e+03 1.066440e+03 1.500000e+00
      vertex   1.593752e+03 1.052440e+03 0.000000e+00
      vertex   1.593752e+03 1.052440e+03 1.500000e+00
    endloop
  endfacet
  facet normal 0.000000e+00 -1.000000e+00 0.000000e+00
    outer loop
      vertex   1.579685e+03 1.066440e+03 0.000000e+00
      vertex   1.593752e+03 1.066440e+03 0.000000e+00
      vertex   1.579685e+03 1.066440e+03 1.500000e+00
    endloop
  endfacet
  facet normal 0.000000e+00 -1.000000e+00 0.000000e+00
    outer loop
      vertex   1.579685e+03 1.066440e+03 1.500000e+00
      vertex   1.593752e+03 1.066440e+03 0.000000e+00
      vertex   1.593752e+03 1.066440e+03 1.500000e+00
    endloop
  endfacet
  facet normal -1.000000e+00 0.000000e+00 0.000000e+00
    outer loop
      vertex   1.555752e+03 1.092440e+03 0.000000e+00
      vertex   1.555752e+03 1.078440e+03 0.000000e+00
      vertex   1.555752e+03 1.092440e+03 1.500000e+00
    endloop
  endfacet
  facet normal -1.000000e+00 -0.000000e+00 0.000000e+00
    outer loop
      vertex   1.555752e+03 1.092440e+03 1.500000e+00
      vertex   1.555752e+03 1.078440e+03 0.000000e+00
      vertex   1.555752e+03 1.078440e+03 1.500000e+00
    endloop
  endfacet
  facet normal 0.000000e+00 -1.000000e+00 0.000000e+00
    outer loop
      vertex   1.541752e+03 1.092440e+03 0.000000e+00
      vertex   1.555752e+03 1.092440e+03 0.000000e+00
      vertex   1.541752e+03 1.092440e+03 1.500000e+00
    endloop
  endfacet
  facet normal 0.000000e+00 -1.000000e+00 0.000000e+00
    outer loop
      vertex   1.541752e+03 1.092440e+03 1.500000e+00
      vertex   1.555752e+03 1.092440e+03 0.000000e+00
      vertex   1.555752e+03 1.092440e+03 1.500000e+00
    endloop
  endfacet
  facet normal 1.000000e+00 0.000000e+00 0.000000e+00
    outer loop
      vertex   1.541752e+03 1.078440e+03 0.000000e+00
      vertex   1.541752e+03 1.092440e+03 0.000000e+00
      vertex   1.541752e+03 1.078440e+03 1.500000e+00
    endloop
  endfacet
  facet normal 1.000000e+00 -0.000000e+00 0.000000e+00
    outer loop
      vertex   1.541752e+03 1.078440e+03 1.500000e+00
      vertex   1.541752e+03 1.092440e+03 0.000000e+00
      vertex   1.541752e+03 1.092440e+03 1.500000e+00
    endloop
  endfacet
  facet normal 0.000000e+00 1.000000e+00 -0.000000e+00
    outer loop
      vertex   1.555752e+03 1.078440e+03 0.000000e+00
      vertex   1.541752e+03 1.078440e+03 0.000000e+00
      vertex   1.555752e+03 1.078440e+03 1.500000e+00
    endloop
  endfacet
  facet normal 0.000000e+00 1.000000e+00 0.000000e+00
    outer loop
      vertex   1.555752e+03 1.078440e+03 1.500000e+00
      vertex   1.541752e+03 1.078440e+03 0.000000e+00
      vertex   1.541752e+03 1.078440e+03 1.500000e+00
    endloop
  endfacet
  facet normal -1.000000e+00 0.000000e+00 0.000000e+00
    outer loop
      vertex   1.612752e+03 1.066440e+03 0.000000e+00
      vertex   1.612752e+03 1.052440e+03 0.000000e+00
      vertex   1.612752e+03 1.066440e+03 1.500000e+00
    endloop
  endfacet
  facet normal -1.000000e+00 -0.000000e+00 0.000000e+00
    outer loop
      vertex   1.612752e+03 1.066440e+03 1.500000e+00
      vertex   1.612752e+03 1.052440e+03 0.000000e+00
      vertex   1.612752e+03 1.052440e+03 1.500000e+00
    endloop
  endfacet
  facet normal 0.000000e+00 -1.000000e+00 0.000000e+00
    outer loop
      vertex   1.598752e+03 1.066440e+03 0.000000e+00
      vertex   1.612752e+03 1.066440e+03 0.000000e+00
      vertex   1.598752e+03 1.066440e+03 1.500000e+00
    endloop
  endfacet
  facet normal 0.000000e+00 -1.000000e+00 0.000000e+00
    outer loop
      vertex   1.598752e+03 1.066440e+03 1.500000e+00
      vertex   1.612752e+03 1.066440e+03 0.000000e+00
      vertex   1.612752e+03 1.066440e+03 1.500000e+00
    endloop
  endfacet
  facet normal 1.000000e+00 0.000000e+00 0.000000e+00
    outer loop
      vertex   1.598752e+03 1.052440e+03 0.000000e+00
      vertex   1.598752e+03 1.066440e+03 0.000000e+00
      vertex   1.598752e+03 1.052440e+03 1.500000e+00
    endloop
  endfacet
  facet normal 1.000000e+00 -0.000000e+00 0.000000e+00
    outer loop
      vertex   1.598752e+03 1.052440e+03 1.500000e+00
      vertex   1.598752e+03 1.066440e+03 0.000000e+00
      vertex   1.598752e+03 1.066440e+03 1.500000e+00
    endloop
  endfacet
  facet normal 0.000000e+00 1.000000e+00 -0.000000e+00
    outer loop
      vertex   1.612752e+03 1.052440e+03 0.000000e+00
      vertex   1.598752e+03 1.052440e+03 0.000000e+00
      vertex   1.612752e+03 1.052440e+03 1.500000e+00
    endloop
  endfacet
  facet normal 0.000000e+00 1.000000e+00 0.000000e+00
    outer loop
      vertex   1.612752e+03 1.052440e+03 1.500000e+00
      vertex   1.598752e+03 1.052440e+03 0.000000e+00
      vertex   1.598752e+03 1.052440e+03 1.500000e+00
    endloop
  endfacet
  facet normal -1.000000e+00 0.000000e+00 0.000000e+00
    outer loop
      vertex   1.555752e+03 1.054440e+03 0.000000e+00
      vertex   1.555752e+03 1.040440e+03 0.000000e+00
      vertex   1.555752e+03 1.054440e+03 1.500000e+00
    endloop
  endfacet
  facet normal -1.000000e+00 -0.000000e+00 0.000000e+00
    outer loop
      vertex   1.555752e+03 1.054440e+03 1.500000e+00
      vertex   1.555752e+03 1.040440e+03 0.000000e+00
      vertex   1.555752e+03 1.040440e+03 1.500000e+00
    endloop
  endfacet
  facet normal 0.000000e+00 -1.000000e+00 0.000000e+00
    outer loop
      vertex   1.541752e+03 1.054440e+03 0.000000e+00
      vertex   1.555752e+03 1.054440e+03 0.000000e+00
      vertex   1.541752e+03 1.054440e+03 1.500000e+00
    endloop
  endfacet
  facet normal 0.000000e+00 -1.000000e+00 0.000000e+00
    outer loop
      vertex   1.541752e+03 1.054440e+03 1.500000e+00
      vertex   1.555752e+03 1.054440e+03 0.000000e+00
      vertex   1.555752e+03 1.054440e+03 1.500000e+00
    endloop
  endfacet
  facet normal 1.000000e+00 0.000000e+00 0.000000e+00
    outer loop
      vertex   1.541752e+03 1.040440e+03 0.000000e+00
      vertex   1.541752e+03 1.054440e+03 0.000000e+00
      vertex   1.541752e+03 1.040440e+03 1.500000e+00
    endloop
  endfacet
  facet normal 1.000000e+00 -0.000000e+00 0.000000e+00
    outer loop
      vertex   1.541752e+03 1.040440e+03 1.500000e+00
      vertex   1.541752e+03 1.054440e+03 0.000000e+00
      vertex   1.541752e+03 1.054440e+03 1.500000e+00
    endloop
  endfacet
  facet normal 0.000000e+00 1.000000e+00 -0.000000e+00
    outer loop
      vertex   1.555752e+03 1.040440e+03 0.000000e+00
      vertex   1.541752e+03 1.040440e+03 0.000000e+00
      vertex   1.555752e+03 1.040440e+03 1.500000e+00
    endloop
  endfacet
  facet normal 0.000000e+00 1.000000e+00 0.000000e+00
    outer loop
      vertex   1.555752e+03 1.040440e+03 1.500000e+00
      vertex   1.541752e+03 1.040440e+03 0.000000e+00
      vertex   1.541752e+03 1.040440e+03 1.500000e+00
    endloop
  endfacet
  facet normal 1.000000e+00 0.000000e+00 0.000000e+00
    outer loop
      vertex   1.560752e+03 1.037940e+03 0.000000e+00
      vertex   1.560752e+03 1.051940e+03 0.000000e+00
      vertex   1.560752e+03 1.037940e+03 1.500000e+00
    endloop
  endfacet
  facet normal 1.000000e+00 -0.000000e+00 0.000000e+00
    outer loop
      vertex   1.560752e+03 1.037940e+03 1.500000e+00
      vertex   1.560752e+03 1.051940e+03 0.000000e+00
      vertex   1.560752e+03 1.051940e+03 1.500000e+00
    endloop
  endfacet
  facet normal 0.000000e+00 1.000000e+00 -0.000000e+00
    outer loop
      vertex   1.574752e+03 1.037940e+03 0.000000e+00
      vertex   1.560752e+03 1.037940e+03 0.000000e+00
      vertex   1.574752e+03 1.037940e+03 1.500000e+00
    endloop
  endfacet
  facet normal 0.000000e+00 1.000000e+00 0.000000e+00
    outer loop
      vertex   1.574752e+03 1.037940e+03 1.500000e+00
      vertex   1.560752e+03 1.037940e+03 0.000000e+00
      vertex   1.560752e+03 1.037940e+03 1.500000e+00
    endloop
  endfacet
  facet normal -1.000000e+00 0.000000e+00 0.000000e+00
    outer loop
      vertex   1.574752e+03 1.051940e+03 0.000000e+00
      vertex   1.574752e+03 1.037940e+03 0.000000e+00
      vertex   1.574752e+03 1.051940e+03 1.500000e+00
    endloop
  endfacet
  facet normal -1.000000e+00 -0.000000e+00 0.000000e+00
    outer loop
      vertex   1.574752e+03 1.051940e+03 1.500000e+00
      vertex   1.574752e+03 1.037940e+03 0.000000e+00
      vertex   1.574752e+03 1.037940e+03 1.500000e+00
    endloop
  endfacet
  facet normal 0.000000e+00 -1.000000e+00 0.000000e+00
    outer loop
      vertex   1.560752e+03 1.051940e+03 0.000000e+00
      vertex   1.574752e+03 1.051940e+03 0.000000e+00
      vertex   1.560752e+03 1.051940e+03 1.500000e+00
    endloop
  endfacet
  facet normal 0.000000e+00 -1.000000e+00 0.000000e+00
    outer loop
      vertex   1.560752e+03 1.051940e+03 1.500000e+00
      vertex   1.574752e+03 1.051940e+03 0.000000e+00
      vertex   1.574752e+03 1.051940e+03 1.500000e+00
    endloop
  endfacet
  facet normal 0.000000e+00 1.000000e+00 -0.000000e+00
    outer loop
      vertex   1.555752e+03 1.059440e+03 0.000000e+00
      vertex   1.541752e+03 1.059440e+03 0.000000e+00
      vertex   1.555752e+03 1.059440e+03 1.500000e+00
    endloop
  endfacet
  facet normal 0.000000e+00 1.000000e+00 0.000000e+00
    outer loop
      vertex   1.555752e+03 1.059440e+03 1.500000e+00
      vertex   1.541752e+03 1.059440e+03 0.000000e+00
      vertex   1.541752e+03 1.059440e+03 1.500000e+00
    endloop
  endfacet
  facet normal -1.000000e+00 0.000000e+00 0.000000e+00
    outer loop
      vertex   1.555752e+03 1.073440e+03 0.000000e+00
      vertex   1.555752e+03 1.059440e+03 0.000000e+00
      vertex   1.555752e+03 1.073440e+03 1.500000e+00
    endloop
  endfacet
  facet normal -1.000000e+00 -0.000000e+00 0.000000e+00
    outer loop
      vertex   1.555752e+03 1.073440e+03 1.500000e+00
      vertex   1.555752e+03 1.059440e+03 0.000000e+00
      vertex   1.555752e+03 1.059440e+03 1.500000e+00
    endloop
  endfacet
  facet normal 0.000000e+00 -1.000000e+00 0.000000e+00
    outer loop
      vertex   1.541685e+03 1.073440e+03 0.000000e+00
      vertex   1.555752e+03 1.073440e+03 0.000000e+00
      vertex   1.541685e+03 1.073440e+03 1.500000e+00
    endloop
  endfacet
  facet normal 0.000000e+00 -1.000000e+00 0.000000e+00
    outer loop
      vertex   1.541685e+03 1.073440e+03 1.500000e+00
      vertex   1.555752e+03 1.073440e+03 0.000000e+00
      vertex   1.555752e+03 1.073440e+03 1.500000e+00
    endloop
  endfacet
  facet normal 9.999888e-01 4.729486e-03 -0.000000e+00
    outer loop
      vertex   1.541752e+03 1.059440e+03 0.000000e+00
      vertex   1.541685e+03 1.073440e+03 0.000000e+00
      vertex   1.541752e+03 1.059440e+03 1.500000e+00
    endloop
  endfacet
  facet normal 9.999888e-01 4.729486e-03 0.000000e+00
    outer loop
      vertex   1.541752e+03 1.059440e+03 1.500000e+00
      vertex   1.541685e+03 1.073440e+03 0.000000e+00
      vertex   1.541685e+03 1.073440e+03 1.500000e+00
    endloop
  endfacet
  facet normal 0.000000e+00 1.000000e+00 -0.000000e+00
    outer loop
      vertex   1.536752e+03 1.094940e+03 0.000000e+00
      vertex   1.522752e+03 1.094940e+03 0.000000e+00
      vertex   1.536752e+03 1.094940e+03 1.500000e+00
    endloop
  endfacet
  facet normal 0.000000e+00 1.000000e+00 0.000000e+00
    outer loop
      vertex   1.536752e+03 1.094940e+03 1.500000e+00
      vertex   1.522752e+03 1.094940e+03 0.000000e+00
      vertex   1.522752e+03 1.094940e+03 1.500000e+00
    endloop
  endfacet
  facet normal -1.000000e+00 0.000000e+00 0.000000e+00
    outer loop
      vertex   1.536752e+03 1.108940e+03 0.000000e+00
      vertex   1.536752e+03 1.094940e+03 0.000000e+00
      vertex   1.536752e+03 1.108940e+03 1.500000e+00
    endloop
  endfacet
  facet normal -1.000000e+00 -0.000000e+00 0.000000e+00
    outer loop
      vertex   1.536752e+03 1.108940e+03 1.500000e+00
      vertex   1.536752e+03 1.094940e+03 0.000000e+00
      vertex   1.536752e+03 1.094940e+03 1.500000e+00
    endloop
  endfacet
  facet normal 0.000000e+00 -1.000000e+00 0.000000e+00
    outer loop
      vertex   1.522752e+03 1.108940e+03 0.000000e+00
      vertex   1.536752e+03 1.108940e+03 0.000000e+00
      vertex   1.522752e+03 1.108940e+03 1.500000e+00
    endloop
  endfacet
  facet normal 0.000000e+00 -1.000000e+00 0.000000e+00
    outer loop
      vertex   1.522752e+03 1.108940e+03 1.500000e+00
      vertex   1.536752e+03 1.108940e+03 0.000000e+00
      vertex   1.536752e+03 1.108940e+03 1.500000e+00
    endloop
  endfacet
  facet normal 1.000000e+00 3.248195e-14 -0.000000e+00
    outer loop
      vertex   1.522752e+03 1.094940e+03 0.000000e+00
      vertex   1.522752e+03 1.108940e+03 0.000000e+00
      vertex   1.522752e+03 1.094940e+03 1.500000e+00
    endloop
  endfacet
  facet normal 1.000000e+00 3.248195e-14 0.000000e+00
    outer loop
      vertex   1.522752e+03 1.094940e+03 1.500000e+00
      vertex   1.522752e+03 1.108940e+03 0.000000e+00
      vertex   1.522752e+03 1.108940e+03 1.500000e+00
    endloop
  endfacet
  facet normal 0.000000e+00 1.000000e+00 -0.000000e+00
    outer loop
      vertex   1.612752e+03 1.071440e+03 0.000000e+00
      vertex   1.598752e+03 1.071440e+03 0.000000e+00
      vertex   1.612752e+03 1.071440e+03 1.500000e+00
    endloop
  endfacet
  facet normal 0.000000e+00 1.000000e+00 0.000000e+00
    outer loop
      vertex   1.612752e+03 1.071440e+03 1.500000e+00
      vertex   1.598752e+03 1.071440e+03 0.000000e+00
      vertex   1.598752e+03 1.071440e+03 1.500000e+00
    endloop
  endfacet
  facet normal -1.000000e+00 0.000000e+00 0.000000e+00
    outer loop
      vertex   1.612752e+03 1.085440e+03 0.000000e+00
      vertex   1.612752e+03 1.071440e+03 0.000000e+00
      vertex   1.612752e+03 1.085440e+03 1.500000e+00
    endloop
  endfacet
  facet normal -1.000000e+00 -0.000000e+00 0.000000e+00
    outer loop
      vertex   1.612752e+03 1.085440e+03 1.500000e+00
      vertex   1.612752e+03 1.071440e+03 0.000000e+00
      vertex   1.612752e+03 1.071440e+03 1.500000e+00
    endloop
  endfacet
  facet normal 0.000000e+00 -1.000000e+00 0.000000e+00
    outer loop
      vertex   1.598752e+03 1.085440e+03 0.000000e+00
      vertex   1.612752e+03 1.085440e+03 0.000000e+00
      vertex   1.598752e+03 1.085440e+03 1.500000e+00
    endloop
  endfacet
  facet normal 0.000000e+00 -1.000000e+00 0.000000e+00
    outer loop
      vertex   1.598752e+03 1.085440e+03 1.500000e+00
      vertex   1.612752e+03 1.085440e+03 0.000000e+00
      vertex   1.612752e+03 1.085440e+03 1.500000e+00
    endloop
  endfacet
  facet normal 1.000000e+00 0.000000e+00 0.000000e+00
    outer loop
      vertex   1.598752e+03 1.071440e+03 0.000000e+00
      vertex   1.598752e+03 1.085440e+03 0.000000e+00
      vertex   1.598752e+03 1.071440e+03 1.500000e+00
    endloop
  endfacet
  facet normal 1.000000e+00 -0.000000e+00 0.000000e+00
    outer loop
      vertex   1.598752e+03 1.071440e+03 1.500000e+00
      vertex   1.598752e+03 1.085440e+03 0.000000e+00
      vertex   1.598752e+03 1.085440e+03 1.500000e+00
    endloop
  endfacet
  facet normal 1.000000e+00 0.000000e+00 0.000000e+00
    outer loop
      vertex   1.551252e+03 1.018940e+03 0.000000e+00
      vertex   1.551252e+03 1.032940e+03 0.000000e+00
      vertex   1.551252e+03 1.018940e+03 1.500000e+00
    endloop
  endfacet
  facet normal 1.000000e+00 -0.000000e+00 0.000000e+00
    outer loop
      vertex   1.551252e+03 1.018940e+03 1.500000e+00
      vertex   1.551252e+03 1.032940e+03 0.000000e+00
      vertex   1.551252e+03 1.032940e+03 1.500000e+00
    endloop
  endfacet
  facet normal 0.000000e+00 1.000000e+00 -0.000000e+00
    outer loop
      vertex   1.565252e+03 1.018940e+03 0.000000e+00
      vertex   1.551252e+03 1.018940e+03 0.000000e+00
      vertex   1.565252e+03 1.018940e+03 1.500000e+00
    endloop
  endfacet
  facet normal 0.000000e+00 1.000000e+00 0.000000e+00
    outer loop
      vertex   1.565252e+03 1.018940e+03 1.500000e+00
      vertex   1.551252e+03 1.018940e+03 0.000000e+00
      vertex   1.551252e+03 1.018940e+03 1.500000e+00
    endloop
  endfacet
  facet normal -1.000000e+00 0.000000e+00 0.000000e+00
    outer loop
      vertex   1.565252e+03 1.032940e+03 0.000000e+00
      vertex   1.565252e+03 1.018940e+03 0.000000e+00
      vertex   1.565252e+03 1.032940e+03 1.500000e+00
    endloop
  endfacet
  facet normal -1.000000e+00 -0.000000e+00 0.000000e+00
    outer loop
      vertex   1.565252e+03 1.032940e+03 1.500000e+00
      vertex   1.565252e+03 1.018940e+03 0.000000e+00
      vertex   1.565252e+03 1.018940e+03 1.500000e+00
    endloop
  endfacet
  facet normal 0.000000e+00 -1.000000e+00 0.000000e+00
    outer loop
      vertex   1.551252e+03 1.032940e+03 0.000000e+00
      vertex   1.565252e+03 1.032940e+03 0.000000e+00
      vertex   1.551252e+03 1.032940e+03 1.500000e+00
    endloop
  endfacet
  facet normal 0.000000e+00 -1.000000e+00 0.000000e+00
    outer loop
      vertex   1.551252e+03 1.032940e+03 1.500000e+00
      vertex   1.565252e+03 1.032940e+03 0.000000e+00
      vertex   1.565252e+03 1.032940e+03 1.500000e+00
    endloop
  endfacet
  facet normal 9.999888e-01 4.729486e-03 -0.000000e+00
    outer loop
      vertex   1.560752e+03 1.056940e+03 0.000000e+00
      vertex   1.560685e+03 1.070940e+03 0.000000e+00
      vertex   1.560752e+03 1.056940e+03 1.500000e+00
    endloop
  endfacet
  facet normal 9.999888e-01 4.729486e-03 0.000000e+00
    outer loop
      vertex   1.560752e+03 1.056940e+03 1.500000e+00
      vertex   1.560685e+03 1.070940e+03 0.000000e+00
      vertex   1.560685e+03 1.070940e+03 1.500000e+00
    endloop
  endfacet
  facet normal 0.000000e+00 1.000000e+00 -0.000000e+00
    outer loop
      vertex   1.574752e+03 1.056940e+03 0.000000e+00
      vertex   1.560752e+03 1.056940e+03 0.000000e+00
      vertex   1.574752e+03 1.056940e+03 1.500000e+00
    endloop
  endfacet
  facet normal 0.000000e+00 1.000000e+00 0.000000e+00
    outer loop
      vertex   1.574752e+03 1.056940e+03 1.500000e+00
      vertex   1.560752e+03 1.056940e+03 0.000000e+00
      vertex   1.560752e+03 1.056940e+03 1.500000e+00
    endloop
  endfacet
  facet normal -1.000000e+00 0.000000e+00 0.000000e+00
    outer loop
      vertex   1.574752e+03 1.070940e+03 0.000000e+00
      vertex   1.574752e+03 1.056940e+03 0.000000e+00
      vertex   1.574752e+03 1.070940e+03 1.500000e+00
    endloop
  endfacet
  facet normal -1.000000e+00 -0.000000e+00 0.000000e+00
    outer loop
      vertex   1.574752e+03 1.070940e+03 1.500000e+00
      vertex   1.574752e+03 1.056940e+03 0.000000e+00
      vertex   1.574752e+03 1.056940e+03 1.500000e+00
    endloop
  endfacet
  facet normal 0.000000e+00 -1.000000e+00 0.000000e+00
    outer loop
      vertex   1.560685e+03 1.070940e+03 0.000000e+00
      vertex   1.574752e+03 1.070940e+03 0.000000e+00
      vertex   1.560685e+03 1.070940e+03 1.500000e+00
    endloop
  endfacet
  facet normal 0.000000e+00 -1.000000e+00 0.000000e+00
    outer loop
      vertex   1.560685e+03 1.070940e+03 1.500000e+00
      vertex   1.574752e+03 1.070940e+03 0.000000e+00
      vertex   1.574752e+03 1.070940e+03 1.500000e+00
    endloop
  endfacet
  facet normal -1.000000e+00 0.000000e+00 0.000000e+00
    outer loop
      vertex   1.612752e+03 1.104440e+03 0.000000e+00
      vertex   1.612752e+03 1.090440e+03 0.000000e+00
      vertex   1.612752e+03 1.104440e+03 1.500000e+00
    endloop
  endfacet
  facet normal -1.000000e+00 -0.000000e+00 0.000000e+00
    outer loop
      vertex   1.612752e+03 1.104440e+03 1.500000e+00
      vertex   1.612752e+03 1.090440e+03 0.000000e+00
      vertex   1.612752e+03 1.090440e+03 1.500000e+00
    endloop
  endfacet
  facet normal 0.000000e+00 -1.000000e+00 0.000000e+00
    outer loop
      vertex   1.598752e+03 1.104440e+03 0.000000e+00
      vertex   1.612752e+03 1.104440e+03 0.000000e+00
      vertex   1.598752e+03 1.104440e+03 1.500000e+00
    endloop
  endfacet
  facet normal 0.000000e+00 -1.000000e+00 0.000000e+00
    outer loop
      vertex   1.598752e+03 1.104440e+03 1.500000e+00
      vertex   1.612752e+03 1.104440e+03 0.000000e+00
      vertex   1.612752e+03 1.104440e+03 1.500000e+00
    endloop
  endfacet
  facet normal 1.000000e+00 0.000000e+00 0.000000e+00
    outer loop
      vertex   1.598752e+03 1.090440e+03 0.000000e+00
      vertex   1.598752e+03 1.104440e+03 0.000000e+00
      vertex   1.598752e+03 1.090440e+03 1.500000e+00
    endloop
  endfacet
  facet normal 1.000000e+00 -0.000000e+00 0.000000e+00
    outer loop
      vertex   1.598752e+03 1.090440e+03 1.500000e+00
      vertex   1.598752e+03 1.104440e+03 0.000000e+00
      vertex   1.598752e+03 1.104440e+03 1.500000e+00
    endloop
  endfacet
  facet normal 0.000000e+00 1.000000e+00 -0.000000e+00
    outer loop
      vertex   1.612752e+03 1.090440e+03 0.000000e+00
      vertex   1.598752e+03 1.090440e+03 0.000000e+00
      vertex   1.612752e+03 1.090440e+03 1.500000e+00
    endloop
  endfacet
  facet normal 0.000000e+00 1.000000e+00 0.000000e+00
    outer loop
      vertex   1.612752e+03 1.090440e+03 1.500000e+00
      vertex   1.598752e+03 1.090440e+03 0.000000e+00
      vertex   1.598752e+03 1.090440e+03 1.500000e+00
    endloop
  endfacet
  facet normal 1.000000e+00 0.000000e+00 0.000000e+00
    outer loop
      vertex   1.579752e+03 1.033440e+03 0.000000e+00
      vertex   1.579752e+03 1.047440e+03 0.000000e+00
      vertex   1.579752e+03 1.033440e+03 1.500000e+00
    endloop
  endfacet
  facet normal 1.000000e+00 -0.000000e+00 0.000000e+00
    outer loop
      vertex   1.579752e+03 1.033440e+03 1.500000e+00
      vertex   1.579752e+03 1.047440e+03 0.000000e+00
      vertex   1.579752e+03 1.047440e+03 1.500000e+00
    endloop
  endfacet
  facet normal 0.000000e+00 1.000000e+00 -0.000000e+00
    outer loop
      vertex   1.593752e+03 1.033440e+03 0.000000e+00
      vertex   1.579752e+03 1.033440e+03 0.000000e+00
      vertex   1.593752e+03 1.033440e+03 1.500000e+00
    endloop
  endfacet
  facet normal 0.000000e+00 1.000000e+00 0.000000e+00
    outer loop
      vertex   1.593752e+03 1.033440e+03 1.500000e+00
      vertex   1.579752e+03 1.033440e+03 0.000000e+00
      vertex   1.579752e+03 1.033440e+03 1.500000e+00
    endloop
  endfacet
  facet normal -1.000000e+00 0.000000e+00 0.000000e+00
    outer loop
      vertex   1.593752e+03 1.047440e+03 0.000000e+00
      vertex   1.593752e+03 1.033440e+03 0.000000e+00
      vertex   1.593752e+03 1.047440e+03 1.500000e+00
    endloop
  endfacet
  facet normal -1.000000e+00 -0.000000e+00 0.000000e+00
    outer loop
      vertex   1.593752e+03 1.047440e+03 1.500000e+00
      vertex   1.593752e+03 1.033440e+03 0.000000e+00
      vertex   1.593752e+03 1.033440e+03 1.500000e+00
    endloop
  endfacet
  facet normal 0.000000e+00 -1.000000e+00 0.000000e+00
    outer loop
      vertex   1.579752e+03 1.047440e+03 0.000000e+00
      vertex   1.593752e+03 1.047440e+03 0.000000e+00
      vertex   1.579752e+03 1.047440e+03 1.500000e+00
    endloop
  endfacet
  facet normal 0.000000e+00 -1.000000e+00 0.000000e+00
    outer loop
      vertex   1.579752e+03 1.047440e+03 1.500000e+00
      vertex   1.593752e+03 1.047440e+03 0.000000e+00
      vertex   1.593752e+03 1.047440e+03 1.500000e+00
    endloop
  endfacet
  facet normal -4.472136e-01 8.944272e-01 0.000000e+00
    outer loop
      vertex   1.506491e+03 1.017745e+03 0.000000e+00
      vertex   1.493969e+03 1.011484e+03 0.000000e+00
      vertex   1.506491e+03 1.017745e+03 1.500000e+00
    endloop
  endfacet
  facet normal -4.472136e-01 8.944272e-01 0.000000e+00
    outer loop
      vertex   1.506491e+03 1.017745e+03 1.500000e+00
      vertex   1.493969e+03 1.011484e+03 0.000000e+00
      vertex   1.493969e+03 1.011484e+03 1.500000e+00
    endloop
  endfacet
  facet normal -8.944272e-01 -4.472136e-01 0.000000e+00
    outer loop
      vertex   1.500230e+03 1.030267e+03 0.000000e+00
      vertex   1.506491e+03 1.017745e+03 0.000000e+00
      vertex   1.500230e+03 1.030267e+03 1.500000e+00
    endloop
  endfacet
  facet normal -8.944272e-01 -4.472136e-01 0.000000e+00
    outer loop
      vertex   1.500230e+03 1.030267e+03 1.500000e+00
      vertex   1.506491e+03 1.017745e+03 0.000000e+00
      vertex   1.506491e+03 1.017745e+03 1.500000e+00
    endloop
  endfacet
  facet normal 4.472136e-01 -8.944272e-01 0.000000e+00
    outer loop
      vertex   1.487708e+03 1.024006e+03 0.000000e+00
      vertex   1.500230e+03 1.030267e+03 0.000000e+00
      vertex   1.487708e+03 1.024006e+03 1.500000e+00
    endloop
  endfacet
  facet normal 4.472136e-01 -8.944272e-01 0.000000e+00
    outer loop
      vertex   1.487708e+03 1.024006e+03 1.500000e+00
      vertex   1.500230e+03 1.030267e+03 0.000000e+00
      vertex   1.500230e+03 1.030267e+03 1.500000e+00
    endloop
  endfacet
  facet normal 8.944272e-01 4.472136e-01 -0.000000e+00
    outer loop
      vertex   1.493969e+03 1.011484e+03 0.000000e+00
      vertex   1.487708e+03 1.024006e+03 0.000000e+00
      vertex   1.493969e+03 1.011484e+03 1.500000e+00
    endloop
  endfacet
  facet normal 8.944272e-01 4.472136e-01 0.000000e+00
    outer loop
      vertex   1.493969e+03 1.011484e+03 1.500000e+00
      vertex   1.487708e+03 1.024006e+03 0.000000e+00
      vertex   1.487708e+03 1.024006e+03 1.500000e+00
    endloop
  endfacet
  facet normal -1.000000e+00 0.000000e+00 0.000000e+00
    outer loop
      vertex   1.574752e+03 1.089940e+03 0.000000e+00
      vertex   1.574752e+03 1.075940e+03 0.000000e+00
      vertex   1.574752e+03 1.089940e+03 1.500000e+00
    endloop
  endfacet
  facet normal -1.000000e+00 -0.000000e+00 0.000000e+00
    outer loop
      vertex   1.574752e+03 1.089940e+03 1.500000e+00
      vertex   1.574752e+03 1.075940e+03 0.000000e+00
      vertex   1.574752e+03 1.075940e+03 1.500000e+00
    endloop
  endfacet
  facet normal 0.000000e+00 -1.000000e+00 0.000000e+00
    outer loop
      vertex   1.560752e+03 1.089940e+03 0.000000e+00
      vertex   1.574752e+03 1.089940e+03 0.000000e+00
      vertex   1.560752e+03 1.089940e+03 1.500000e+00
    endloop
  endfacet
  facet normal 0.000000e+00 -1.000000e+00 0.000000e+00
    outer loop
      vertex   1.560752e+03 1.089940e+03 1.500000e+00
      vertex   1.574752e+03 1.089940e+03 0.000000e+00
      vertex   1.574752e+03 1.089940e+03 1.500000e+00
    endloop
  endfacet
  facet normal 1.000000e+00 0.000000e+00 0.000000e+00
    outer loop
      vertex   1.560752e+03 1.075940e+03 0.000000e+00
      vertex   1.560752e+03 1.089940e+03 0.000000e+00
      vertex   1.560752e+03 1.075940e+03 1.500000e+00
    endloop
  endfacet
  facet normal 1.000000e+00 -0.000000e+00 0.000000e+00
    outer loop
      vertex   1.560752e+03 1.075940e+03 1.500000e+00
      vertex   1.560752e+03 1.089940e+03 0.000000e+00
      vertex   1.560752e+03 1.089940e+03 1.500000e+00
    endloop
  endfacet
  facet normal 0.000000e+00 1.000000e+00 -0.000000e+00
    outer loop
      vertex   1.574752e+03 1.075940e+03 0.000000e+00
      vertex   1.560752e+03 1.075940e+03 0.000000e+00
      vertex   1.574752e+03 1.075940e+03 1.500000e+00
    endloop
  endfacet
  facet normal 0.000000e+00 1.000000e+00 0.000000e+00
    outer loop
      vertex   1.574752e+03 1.075940e+03 1.500000e+00
      vertex   1.560752e+03 1.075940e+03 0.000000e+00
      vertex   1.560752e+03 1.075940e+03 1.500000e+00
    endloop
  endfacet
  facet normal -1.000000e+00 0.000000e+00 0.000000e+00
    outer loop
      vertex   1.497000e+03 1.058000e+03 0.000000e+00
      vertex   1.497000e+03 1.044000e+03 0.000000e+00
      vertex   1.497000e+03 1.058000e+03 1.500000e+00
    endloop
  endfacet
  facet normal -1.000000e+00 -0.000000e+00 0.000000e+00
    outer loop
      vertex   1.497000e+03 1.058000e+03 1.500000e+00
      vertex   1.497000e+03 1.044000e+03 0.000000e+00
      vertex   1.497000e+03 1.044000e+03 1.500000e+00
    endloop
  endfacet
  facet normal 0.000000e+00 -1.000000e+00 0.000000e+00
    outer loop
      vertex   1.483000e+03 1.058000e+03 0.000000e+00
      vertex   1.497000e+03 1.058000e+03 0.000000e+00
      vertex   1.483000e+03 1.058000e+03 1.500000e+00
    endloop
  endfacet
  facet normal 0.000000e+00 -1.000000e+00 0.000000e+00
    outer loop
      vertex   1.483000e+03 1.058000e+03 1.500000e+00
      vertex   1.497000e+03 1.058000e+03 0.000000e+00
      vertex   1.497000e+03 1.058000e+03 1.500000e+00
    endloop
  endfacet
  facet normal 1.000000e+00 0.000000e+00 0.000000e+00
    outer loop
      vertex   1.483000e+03 1.044000e+03 0.000000e+00
      vertex   1.483000e+03 1.058000e+03 0.000000e+00
      vertex   1.483000e+03 1.044000e+03 1.500000e+00
    endloop
  endfacet
  facet normal 1.000000e+00 -0.000000e+00 0.000000e+00
    outer loop
      vertex   1.483000e+03 1.044000e+03 1.500000e+00
      vertex   1.483000e+03 1.058000e+03 0.000000e+00
      vertex   1.483000e+03 1.058000e+03 1.500000e+00
    endloop
  endfacet
  facet normal 0.000000e+00 1.000000e+00 -0.000000e+00
    outer loop
      vertex   1.497000e+03 1.044000e+03 0.000000e+00
      vertex   1.483000e+03 1.044000e+03 0.000000e+00
      vertex   1.497000e+03 1.044000e+03 1.500000e+00
    endloop
  endfacet
  facet normal 0.000000e+00 1.000000e+00 0.000000e+00
    outer loop
      vertex   1.497000e+03 1.044000e+03 1.500000e+00
      vertex   1.483000e+03 1.044000e+03 0.000000e+00
      vertex   1.483000e+03 1.044000e+03 1.500000e+00
    endloop
  endfacet
  facet normal 1.000000e+00 0.000000e+00 0.000000e+00
    outer loop
      vertex   1.560752e+03 1.094940e+03 0.000000e+00
      vertex   1.560752e+03 1.108940e+03 0.000000e+00
      vertex   1.560752e+03 1.094940e+03 1.500000e+00
    endloop
  endfacet
  facet normal 1.000000e+00 -0.000000e+00 0.000000e+00
    outer loop
      vertex   1.560752e+03 1.094940e+03 1.500000e+00
      vertex   1.560752e+03 1.108940e+03 0.000000e+00
      vertex   1.560752e+03 1.108940e+03 1.500000e+00
    endloop
  endfacet
  facet normal 0.000000e+00 1.000000e+00 -0.000000e+00
    outer loop
      vertex   1.574752e+03 1.094940e+03 0.000000e+00
      vertex   1.560752e+03 1.094940e+03 0.000000e+00
      vertex   1.574752e+03 1.094940e+03 1.500000e+00
    endloop
  endfacet
  facet normal 0.000000e+00 1.000000e+00 0.000000e+00
    outer loop
      vertex   1.574752e+03 1.094940e+03 1.500000e+00
      vertex   1.560752e+03 1.094940e+03 0.000000e+00
      vertex   1.560752e+03 1.094940e+03 1.500000e+00
    endloop
  endfacet
  facet normal -1.000000e+00 0.000000e+00 0.000000e+00
    outer loop
      vertex   1.574752e+03 1.108940e+03 0.000000e+00
      vertex   1.574752e+03 1.094940e+03 0.000000e+00
      vertex   1.574752e+03 1.108940e+03 1.500000e+00
    endloop
  endfacet
  facet normal -1.000000e+00 -0.000000e+00 0.000000e+00
    outer loop
      vertex   1.574752e+03 1.108940e+03 1.500000e+00
      vertex   1.574752e+03 1.094940e+03 0.000000e+00
      vertex   1.574752e+03 1.094940e+03 1.500000e+00
    endloop
  endfacet
  facet normal 0.000000e+00 -1.000000e+00 0.000000e+00
    outer loop
      vertex   1.560752e+03 1.108940e+03 0.000000e+00
      vertex   1.574752e+03 1.108940e+03 0.000000e+00
      vertex   1.560752e+03 1.108940e+03 1.500000e+00
    endloop
  endfacet
  facet normal 0.000000e+00 -1.000000e+00 0.000000e+00
    outer loop
      vertex   1.560752e+03 1.108940e+03 1.500000e+00
      vertex   1.574752e+03 1.108940e+03 0.000000e+00
      vertex   1.574752e+03 1.108940e+03 1.500000e+00
    endloop
  endfacet
  facet normal -1.000000e+00 0.000000e+00 0.000000e+00
    outer loop
      vertex   1.527252e+03 1.030440e+03 0.000000e+00
      vertex   1.527252e+03 1.016440e+03 0.000000e+00
      vertex   1.527252e+03 1.030440e+03 1.500000e+00
    endloop
  endfacet
  facet normal -1.000000e+00 -0.000000e+00 0.000000e+00
    outer loop
      vertex   1.527252e+03 1.030440e+03 1.500000e+00
      vertex   1.527252e+03 1.016440e+03 0.000000e+00
      vertex   1.527252e+03 1.016440e+03 1.500000e+00
    endloop
  endfacet
  facet normal 0.000000e+00 -1.000000e+00 0.000000e+00
    outer loop
      vertex   1.513252e+03 1.030440e+03 0.000000e+00
      vertex   1.527252e+03 1.030440e+03 0.000000e+00
      vertex   1.513252e+03 1.030440e+03 1.500000e+00
    endloop
  endfacet
  facet normal 0.000000e+00 -1.000000e+00 0.000000e+00
    outer loop
      vertex   1.513252e+03 1.030440e+03 1.500000e+00
      vertex   1.527252e+03 1.030440e+03 0.000000e+00
      vertex   1.527252e+03 1.030440e+03 1.500000e+00
    endloop
  endfacet
  facet normal 1.000000e+00 0.000000e+00 0.000000e+00
    outer loop
      vertex   1.513252e+03 1.016440e+03 0.000000e+00
      vertex   1.513252e+03 1.030440e+03 0.000000e+00
      vertex   1.513252e+03 1.016440e+03 1.500000e+00
    endloop
  endfacet
  facet normal 1.000000e+00 -0.000000e+00 0.000000e+00
    outer loop
      vertex   1.513252e+03 1.016440e+03 1.500000e+00
      vertex   1.513252e+03 1.030440e+03 0.000000e+00
      vertex   1.513252e+03 1.030440e+03 1.500000e+00
    endloop
  endfacet
  facet normal 0.000000e+00 1.000000e+00 -0.000000e+00
    outer loop
      vertex   1.527252e+03 1.016440e+03 0.000000e+00
      vertex   1.513252e+03 1.016440e+03 0.000000e+00
      vertex   1.527252e+03 1.016440e+03 1.500000e+00
    endloop
  endfacet
  facet normal 0.000000e+00 1.000000e+00 0.000000e+00
    outer loop
      vertex   1.527252e+03 1.016440e+03 1.500000e+00
      vertex   1.513252e+03 1.016440e+03 0.000000e+00
      vertex   1.513252e+03 1.016440e+03 1.500000e+00
    endloop
  endfacet
  facet normal -9.758315e-02 9.952274e-01 -2.958379e-14
    outer loop
      vertex   1.499771e+03 1.112638e+03 1.500000e+00
      vertex   1.548752e+03 1.117440e+03 1.500000e+00
      vertex   1.499771e+03 1.112638e+03 0.000000e+00
    endloop
  endfacet
  facet normal -9.758315e-02 9.952274e-01 0.000000e+00
    outer loop
      vertex   1.499771e+03 1.112638e+03 0.000000e+00
      vertex   1.548752e+03 1.117440e+03 1.500000e+00
      vertex   1.548752e+03 1.117440e+03 0.000000e+00
    endloop
  endfacet
endsolid
