solid ASCII
  facet normal -9.497294e-01 -3.130714e-01 6.675155e-04
    outer loop
      vertex   4.148408e+02 7.292470e+02 1.993194e+01
      vertex   4.145488e+02 7.301331e+02 1.996780e+01
      vertex   4.145861e+02 7.299773e+02 0.000000e+00
    endloop
  endfacet
  facet normal -9.724813e-01 -2.329811e-01 0.000000e+00
    outer loop
      vertex   4.145861e+02 7.299773e+02 0.000000e+00
      vertex   4.145488e+02 7.301331e+02 1.996780e+01
      vertex   4.145488e+02 7.301331e+02 1.895999e+01
    endloop
  endfacet
  facet normal -9.907860e-01 -1.354339e-01 -8.377063e-04
    outer loop
      vertex   4.145861e+02 7.299773e+02 0.000000e+00
      vertex   4.145488e+02 7.301331e+02 1.895999e+01
      vertex   4.144397e+02 7.310485e+02 0.000000e+00
    endloop
  endfacet
  facet normal -9.944823e-01 -1.049026e-01 6.576458e-04
    outer loop
      vertex   4.144397e+02 7.310485e+02 0.000000e+00
      vertex   4.145488e+02 7.301331e+02 1.895999e+01
      vertex   4.144389e+02 7.311683e+02 1.794666e+01
    endloop
  endfacet
  facet normal -9.952806e-01 9.703595e-02 -6.907546e-04
    outer loop
      vertex   4.144397e+02 7.310485e+02 0.000000e+00
      vertex   4.144389e+02 7.311683e+02 1.794666e+01
      vertex   4.145446e+02 7.321246e+02 0.000000e+00
    endloop
  endfacet
  facet normal -9.929145e-01 1.188302e-01 4.844448e-04
    outer loop
      vertex   4.145446e+02 7.321246e+02 0.000000e+00
      vertex   4.144389e+02 7.311683e+02 1.794666e+01
      vertex   4.145621e+02 7.322021e+02 1.688285e+01
    endloop
  endfacet
  facet normal -9.459679e-01 3.242598e-01 -5.070864e-04
    outer loop
      vertex   4.145446e+02 7.321246e+02 0.000000e+00
      vertex   4.145621e+02 7.322021e+02 1.688285e+01
      vertex   4.148952e+02 7.331473e+02 0.000000e+00
    endloop
  endfacet
  facet normal -9.416693e-01 3.365396e-01 2.652723e-04
    outer loop
      vertex   4.148952e+02 7.331473e+02 0.000000e+00
      vertex   4.145621e+02 7.322021e+02 1.688285e+01
      vertex   4.149122e+02 7.331825e+02 1.582188e+01
    endloop
  endfacet
  facet normal -8.434912e-01 5.371429e-01 -2.858482e-04
    outer loop
      vertex   4.148952e+02 7.331473e+02 0.000000e+00
      vertex   4.149122e+02 7.331825e+02 1.582188e+01
      vertex   4.154716e+02 7.340604e+02 1.481694e+01
    endloop
  endfacet
  facet normal -8.455138e-01 5.339535e-01 -1.061227e-05
    outer loop
      vertex   4.148952e+02 7.331473e+02 0.000000e+00
      vertex   4.154716e+02 7.340604e+02 1.481694e+01
      vertex   4.154725e+02 7.340615e+02 0.000000e+00
    endloop
  endfacet
  facet normal -7.778422e-01 6.284596e-01 -6.654444e-09
    outer loop
      vertex   4.154725e+02 7.340615e+02 0.000000e+00
      vertex   4.154716e+02 7.340604e+02 1.481694e+01
      vertex   4.154720e+02 7.340610e+02 1.481688e+01
    endloop
  endfacet
  facet normal -7.777507e-01 6.285729e-01 0.000000e+00
    outer loop
      vertex   4.154725e+02 7.340615e+02 0.000000e+00
      vertex   4.154720e+02 7.340610e+02 1.481688e+01
      vertex   4.154725e+02 7.340615e+02 1.481683e+01
    endloop
  endfacet
  facet normal -9.327268e-01 -3.605817e-01 -1.290418e-03
    outer loop
      vertex   4.145861e+02 7.299773e+02 0.000000e+00
      vertex   4.149760e+02 7.289688e+02 0.000000e+00
      vertex   4.148408e+02 7.292470e+02 1.993194e+01
    endloop
  endfacet
  facet normal -8.680980e-01 -4.963918e-01 1.043326e-03
    outer loop
      vertex   4.148408e+02 7.292470e+02 1.993194e+01
      vertex   4.149760e+02 7.289688e+02 0.000000e+00
      vertex   4.153039e+02 7.284371e+02 1.987508e+01
    endloop
  endfacet
  facet normal -8.242421e-01 -5.662354e-01 -1.548839e-03
    outer loop
      vertex   4.153039e+02 7.284371e+02 1.987508e+01
      vertex   4.149760e+02 7.289688e+02 0.000000e+00
      vertex   4.155882e+02 7.280776e+02 0.000000e+00
    endloop
  endfacet
  facet normal -7.515122e-01 -6.597182e-01 1.182023e-03
    outer loop
      vertex   4.153039e+02 7.284371e+02 1.987508e+01
      vertex   4.155882e+02 7.280776e+02 0.000000e+00
      vertex   4.159193e+02 7.277359e+02 1.979951e+01
    endloop
  endfacet
  facet normal -6.711973e-01 -7.412771e-01 -1.569030e-03
    outer loop
      vertex   4.159193e+02 7.277359e+02 1.979951e+01
      vertex   4.155882e+02 7.280776e+02 0.000000e+00
      vertex   4.163896e+02 7.273520e+02 0.000000e+00
    endloop
  endfacet
  facet normal -6.046825e-01 -7.964659e-01 1.081109e-03
    outer loop
      vertex   4.159193e+02 7.277359e+02 1.979951e+01
      vertex   4.163896e+02 7.273520e+02 0.000000e+00
      vertex   4.166623e+02 7.271717e+02 1.970828e+01
    endloop
  endfacet
  facet normal -4.818661e-01 -8.762438e-01 -1.348085e-03
    outer loop
      vertex   4.166623e+02 7.271717e+02 1.970828e+01
      vertex   4.163896e+02 7.273520e+02 0.000000e+00
      vertex   4.173370e+02 7.268310e+02 0.000000e+00
    endloop
  endfacet
  facet normal -4.335398e-01 -9.011341e-01 7.365700e-04
    outer loop
      vertex   4.166623e+02 7.271717e+02 1.970828e+01
      vertex   4.173370e+02 7.268310e+02 0.000000e+00
      vertex   4.175030e+02 7.267671e+02 1.960506e+01
    endloop
  endfacet
  facet normal -3.589452e-01 -9.333586e-01 -0.000000e+00
    outer loop
      vertex   4.175030e+02 7.267671e+02 1.960506e+01
      vertex   4.173370e+02 7.268310e+02 0.000000e+00
      vertex   4.175030e+02 7.267671e+02 1.856751e+01
    endloop
  endfacet
  facet normal -2.664839e-01 -9.638389e-01 -9.314736e-04
    outer loop
      vertex   4.175030e+02 7.267671e+02 1.856751e+01
      vertex   4.173370e+02 7.268310e+02 0.000000e+00
      vertex   4.183791e+02 7.265428e+02 0.000000e+00
    endloop
  endfacet
  facet normal -2.342534e-01 -9.721753e-01 6.899733e-04
    outer loop
      vertex   4.175030e+02 7.267671e+02 1.856751e+01
      vertex   4.183791e+02 7.265428e+02 0.000000e+00
      vertex   4.185026e+02 7.265255e+02 1.743771e+01
    endloop
  endfacet
  facet normal -3.669466e-02 -9.993263e-01 -7.360465e-04
    outer loop
      vertex   4.185026e+02 7.265255e+02 1.743771e+01
      vertex   4.183791e+02 7.265428e+02 0.000000e+00
      vertex   4.194596e+02 7.265032e+02 0.000000e+00
    endloop
  endfacet
  facet normal -1.509326e-02 -9.998860e-01 4.501504e-04
    outer loop
      vertex   4.185026e+02 7.265255e+02 1.743771e+01
      vertex   4.194596e+02 7.265032e+02 0.000000e+00
      vertex   4.195308e+02 7.265094e+02 1.627550e+01
    endloop
  endfacet
  facet normal 1.950784e-01 -9.807875e-01 -4.773604e-04
    outer loop
      vertex   4.195308e+02 7.265094e+02 1.627550e+01
      vertex   4.194596e+02 7.265032e+02 0.000000e+00
      vertex   4.205200e+02 7.267141e+02 0.000000e+00
    endloop
  endfacet
  facet normal 2.046920e-01 -9.788264e-01 1.315765e-04
    outer loop
      vertex   4.195308e+02 7.265094e+02 1.627550e+01
      vertex   4.205200e+02 7.267141e+02 0.000000e+00
      vertex   4.205374e+02 7.267198e+02 1.513773e+01
    endloop
  endfacet
  facet normal 4.145692e-01 -9.100178e-01 -1.363438e-04
    outer loop
      vertex   4.205374e+02 7.267198e+02 1.513773e+01
      vertex   4.205200e+02 7.267141e+02 0.000000e+00
      vertex   4.214732e+02 7.271462e+02 1.408003e+01
    endloop
  endfacet
  facet normal 4.163051e-01 -9.092249e-01 -2.782024e-04
    outer loop
      vertex   4.214732e+02 7.271462e+02 1.408003e+01
      vertex   4.205200e+02 7.267141e+02 0.000000e+00
      vertex   4.215030e+02 7.271642e+02 0.000000e+00
    endloop
  endfacet
  facet normal 5.138439e-01 -8.578837e-01 -6.169672e-06
    outer loop
      vertex   4.214732e+02 7.271462e+02 1.408003e+01
      vertex   4.215030e+02 7.271642e+02 0.000000e+00
      vertex   4.214832e+02 7.271522e+02 1.407881e+01
    endloop
  endfacet
  facet normal 5.159832e-01 -8.565987e-01 -2.056561e-06
    outer loop
      vertex   4.214832e+02 7.271522e+02 1.407881e+01
      vertex   4.215030e+02 7.271642e+02 0.000000e+00
      vertex   4.214931e+02 7.271582e+02 1.407759e+01
    endloop
  endfacet
  facet normal 5.181191e-01 -8.553085e-01 0.000000e+00
    outer loop
      vertex   4.214931e+02 7.271582e+02 1.407759e+01
      vertex   4.215030e+02 7.271642e+02 0.000000e+00
      vertex   4.215030e+02 7.271642e+02 1.407637e+01
    endloop
  endfacet
  facet normal -9.914449e-01 1.305262e-01 0.000000e+00
    outer loop
      vertex   4.211655e+02 7.305819e+02 0.000000e+00
      vertex   4.211655e+02 7.305819e+02 9.837169e+00
      vertex   4.212388e+02 7.311384e+02 0.000000e+00
    endloop
  endfacet
  facet normal -9.914449e-01 1.305262e-01 -5.728997e-15
    outer loop
      vertex   4.212388e+02 7.311384e+02 0.000000e+00
      vertex   4.211655e+02 7.305819e+02 9.837169e+00
      vertex   4.212388e+02 7.311384e+02 9.837169e+00
    endloop
  endfacet
  facet normal -9.914449e-01 -1.305262e-01 -5.728997e-15
    outer loop
      vertex   4.212388e+02 7.311384e+02 0.000000e+00
      vertex   4.212388e+02 7.311384e+02 9.837169e+00
      vertex   4.211655e+02 7.316948e+02 0.000000e+00
    endloop
  endfacet
  facet normal -9.914449e-01 -1.305262e-01 0.000000e+00
    outer loop
      vertex   4.211655e+02 7.316948e+02 0.000000e+00
      vertex   4.212388e+02 7.311384e+02 9.837169e+00
      vertex   4.211655e+02 7.316948e+02 9.837169e+00
    endloop
  endfacet
  facet normal -9.238795e-01 -3.826834e-01 0.000000e+00
    outer loop
      vertex   4.211655e+02 7.316948e+02 0.000000e+00
      vertex   4.211655e+02 7.316948e+02 9.837169e+00
      vertex   4.209508e+02 7.322134e+02 0.000000e+00
    endloop
  endfacet
  facet normal -9.238795e-01 -3.826834e-01 0.000000e+00
    outer loop
      vertex   4.209508e+02 7.322134e+02 0.000000e+00
      vertex   4.211655e+02 7.316948e+02 9.837169e+00
      vertex   4.209508e+02 7.322134e+02 9.837169e+00
    endloop
  endfacet
  facet normal -7.933533e-01 -6.087614e-01 0.000000e+00
    outer loop
      vertex   4.209508e+02 7.322134e+02 0.000000e+00
      vertex   4.209508e+02 7.322134e+02 9.837169e+00
      vertex   4.206091e+02 7.326587e+02 0.000000e+00
    endloop
  endfacet
  facet normal -7.933533e-01 -6.087614e-01 0.000000e+00
    outer loop
      vertex   4.206091e+02 7.326587e+02 0.000000e+00
      vertex   4.209508e+02 7.322134e+02 9.837169e+00
      vertex   4.206091e+02 7.326587e+02 9.837169e+00
    endloop
  endfacet
  facet normal -6.087614e-01 -7.933533e-01 0.000000e+00
    outer loop
      vertex   4.206091e+02 7.326587e+02 0.000000e+00
      vertex   4.206091e+02 7.326587e+02 9.837169e+00
      vertex   4.201638e+02 7.330003e+02 0.000000e+00
    endloop
  endfacet
  facet normal -6.087614e-01 -7.933533e-01 0.000000e+00
    outer loop
      vertex   4.201638e+02 7.330003e+02 0.000000e+00
      vertex   4.206091e+02 7.326587e+02 9.837169e+00
      vertex   4.201638e+02 7.330003e+02 9.837169e+00
    endloop
  endfacet
  facet normal -3.826834e-01 -9.238795e-01 0.000000e+00
    outer loop
      vertex   4.201638e+02 7.330003e+02 0.000000e+00
      vertex   4.201638e+02 7.330003e+02 9.837169e+00
      vertex   4.196453e+02 7.332151e+02 0.000000e+00
    endloop
  endfacet
  facet normal -3.826834e-01 -9.238795e-01 0.000000e+00
    outer loop
      vertex   4.196453e+02 7.332151e+02 0.000000e+00
      vertex   4.201638e+02 7.330003e+02 9.837169e+00
      vertex   4.196453e+02 7.332151e+02 9.837169e+00
    endloop
  endfacet
  facet normal -1.305262e-01 -9.914449e-01 0.000000e+00
    outer loop
      vertex   4.196453e+02 7.332151e+02 0.000000e+00
      vertex   4.196453e+02 7.332151e+02 9.837169e+00
      vertex   4.190888e+02 7.332884e+02 0.000000e+00
    endloop
  endfacet
  facet normal -1.305262e-01 -9.914449e-01 0.000000e+00
    outer loop
      vertex   4.190888e+02 7.332884e+02 0.000000e+00
      vertex   4.196453e+02 7.332151e+02 9.837169e+00
      vertex   4.190888e+02 7.332884e+02 9.837169e+00
    endloop
  endfacet
  facet normal 1.305262e-01 -9.914449e-01 0.000000e+00
    outer loop
      vertex   4.190888e+02 7.332884e+02 0.000000e+00
      vertex   4.190888e+02 7.332884e+02 9.837169e+00
      vertex   4.185323e+02 7.332151e+02 0.000000e+00
    endloop
  endfacet
  facet normal 1.305262e-01 -9.914449e-01 0.000000e+00
    outer loop
      vertex   4.185323e+02 7.332151e+02 0.000000e+00
      vertex   4.190888e+02 7.332884e+02 9.837169e+00
      vertex   4.185323e+02 7.332151e+02 9.837169e+00
    endloop
  endfacet
  facet normal 3.826834e-01 -9.238795e-01 0.000000e+00
    outer loop
      vertex   4.185323e+02 7.332151e+02 0.000000e+00
      vertex   4.185323e+02 7.332151e+02 9.837169e+00
      vertex   4.180138e+02 7.330003e+02 0.000000e+00
    endloop
  endfacet
  facet normal 3.826834e-01 -9.238795e-01 0.000000e+00
    outer loop
      vertex   4.180138e+02 7.330003e+02 0.000000e+00
      vertex   4.185323e+02 7.332151e+02 9.837169e+00
      vertex   4.180138e+02 7.330003e+02 9.837169e+00
    endloop
  endfacet
  facet normal 6.087614e-01 -7.933533e-01 0.000000e+00
    outer loop
      vertex   4.180138e+02 7.330003e+02 0.000000e+00
      vertex   4.180138e+02 7.330003e+02 9.837169e+00
      vertex   4.175685e+02 7.326587e+02 0.000000e+00
    endloop
  endfacet
  facet normal 6.087614e-01 -7.933533e-01 0.000000e+00
    outer loop
      vertex   4.175685e+02 7.326587e+02 0.000000e+00
      vertex   4.180138e+02 7.330003e+02 9.837169e+00
      vertex   4.175685e+02 7.326587e+02 9.837169e+00
    endloop
  endfacet
  facet normal 7.933533e-01 -6.087614e-01 0.000000e+00
    outer loop
      vertex   4.175685e+02 7.326587e+02 0.000000e+00
      vertex   4.175685e+02 7.326587e+02 9.837169e+00
      vertex   4.172268e+02 7.322134e+02 0.000000e+00
    endloop
  endfacet
  facet normal 7.933533e-01 -6.087614e-01 0.000000e+00
    outer loop
      vertex   4.172268e+02 7.322134e+02 0.000000e+00
      vertex   4.175685e+02 7.326587e+02 9.837169e+00
      vertex   4.172268e+02 7.322134e+02 9.837169e+00
    endloop
  endfacet
  facet normal 9.238795e-01 -3.826834e-01 0.000000e+00
    outer loop
      vertex   4.172268e+02 7.322134e+02 0.000000e+00
      vertex   4.172268e+02 7.322134e+02 9.837169e+00
      vertex   4.170121e+02 7.316948e+02 0.000000e+00
    endloop
  endfacet
  facet normal 9.238795e-01 -3.826834e-01 0.000000e+00
    outer loop
      vertex   4.170121e+02 7.316948e+02 0.000000e+00
      vertex   4.172268e+02 7.322134e+02 9.837169e+00
      vertex   4.170121e+02 7.316948e+02 9.837169e+00
    endloop
  endfacet
  facet normal 9.914449e-01 -1.305262e-01 0.000000e+00
    outer loop
      vertex   4.170121e+02 7.316948e+02 0.000000e+00
      vertex   4.170121e+02 7.316948e+02 9.837169e+00
      vertex   4.169388e+02 7.311384e+02 0.000000e+00
    endloop
  endfacet
  facet normal 9.914449e-01 -1.305262e-01 0.000000e+00
    outer loop
      vertex   4.169388e+02 7.311384e+02 0.000000e+00
      vertex   4.170121e+02 7.316948e+02 9.837169e+00
      vertex   4.169388e+02 7.311384e+02 9.837169e+00
    endloop
  endfacet
  facet normal 9.914449e-01 1.305262e-01 -0.000000e+00
    outer loop
      vertex   4.169388e+02 7.311384e+02 0.000000e+00
      vertex   4.169388e+02 7.311384e+02 9.837169e+00
      vertex   4.170121e+02 7.305819e+02 0.000000e+00
    endloop
  endfacet
  facet normal 9.914449e-01 1.305262e-01 -0.000000e+00
    outer loop
      vertex   4.170121e+02 7.305819e+02 0.000000e+00
      vertex   4.169388e+02 7.311384e+02 9.837169e+00
      vertex   4.170121e+02 7.305819e+02 9.837169e+00
    endloop
  endfacet
  facet normal 9.238795e-01 3.826834e-01 -0.000000e+00
    outer loop
      vertex   4.170121e+02 7.305819e+02 0.000000e+00
      vertex   4.170121e+02 7.305819e+02 9.837169e+00
      vertex   4.172268e+02 7.300634e+02 0.000000e+00
    endloop
  endfacet
  facet normal 9.238795e-01 3.826834e-01 -0.000000e+00
    outer loop
      vertex   4.172268e+02 7.300634e+02 0.000000e+00
      vertex   4.170121e+02 7.305819e+02 9.837169e+00
      vertex   4.172268e+02 7.300634e+02 9.837169e+00
    endloop
  endfacet
  facet normal 7.933533e-01 6.087614e-01 -0.000000e+00
    outer loop
      vertex   4.172268e+02 7.300634e+02 0.000000e+00
      vertex   4.172268e+02 7.300634e+02 9.837169e+00
      vertex   4.175685e+02 7.296181e+02 0.000000e+00
    endloop
  endfacet
  facet normal 7.933533e-01 6.087614e-01 -0.000000e+00
    outer loop
      vertex   4.175685e+02 7.296181e+02 0.000000e+00
      vertex   4.172268e+02 7.300634e+02 9.837169e+00
      vertex   4.175685e+02 7.296181e+02 9.837169e+00
    endloop
  endfacet
  facet normal 6.087614e-01 7.933533e-01 -0.000000e+00
    outer loop
      vertex   4.175685e+02 7.296181e+02 0.000000e+00
      vertex   4.175685e+02 7.296181e+02 9.837169e+00
      vertex   4.180138e+02 7.292764e+02 0.000000e+00
    endloop
  endfacet
  facet normal 6.087614e-01 7.933533e-01 -0.000000e+00
    outer loop
      vertex   4.180138e+02 7.292764e+02 0.000000e+00
      vertex   4.175685e+02 7.296181e+02 9.837169e+00
      vertex   4.180138e+02 7.292764e+02 9.837169e+00
    endloop
  endfacet
  facet normal 3.826834e-01 9.238795e-01 -0.000000e+00
    outer loop
      vertex   4.180138e+02 7.292764e+02 0.000000e+00
      vertex   4.180138e+02 7.292764e+02 9.837169e+00
      vertex   4.185323e+02 7.290616e+02 0.000000e+00
    endloop
  endfacet
  facet normal 3.826834e-01 9.238795e-01 -0.000000e+00
    outer loop
      vertex   4.185323e+02 7.290616e+02 0.000000e+00
      vertex   4.180138e+02 7.292764e+02 9.837169e+00
      vertex   4.185323e+02 7.290616e+02 9.837169e+00
    endloop
  endfacet
  facet normal 1.305262e-01 9.914449e-01 -0.000000e+00
    outer loop
      vertex   4.185323e+02 7.290616e+02 0.000000e+00
      vertex   4.185323e+02 7.290616e+02 9.837169e+00
      vertex   4.190888e+02 7.289884e+02 0.000000e+00
    endloop
  endfacet
  facet normal 1.305262e-01 9.914449e-01 -0.000000e+00
    outer loop
      vertex   4.190888e+02 7.289884e+02 0.000000e+00
      vertex   4.185323e+02 7.290616e+02 9.837169e+00
      vertex   4.190888e+02 7.289884e+02 9.837169e+00
    endloop
  endfacet
  facet normal -1.305262e-01 9.914449e-01 0.000000e+00
    outer loop
      vertex   4.190888e+02 7.289884e+02 0.000000e+00
      vertex   4.190888e+02 7.289884e+02 9.837169e+00
      vertex   4.196453e+02 7.290616e+02 0.000000e+00
    endloop
  endfacet
  facet normal -1.305262e-01 9.914449e-01 0.000000e+00
    outer loop
      vertex   4.196453e+02 7.290616e+02 0.000000e+00
      vertex   4.190888e+02 7.289884e+02 9.837169e+00
      vertex   4.196453e+02 7.290616e+02 9.837169e+00
    endloop
  endfacet
  facet normal -3.826834e-01 9.238795e-01 0.000000e+00
    outer loop
      vertex   4.196453e+02 7.290616e+02 0.000000e+00
      vertex   4.196453e+02 7.290616e+02 9.837169e+00
      vertex   4.201638e+02 7.292764e+02 0.000000e+00
    endloop
  endfacet
  facet normal -3.826834e-01 9.238795e-01 0.000000e+00
    outer loop
      vertex   4.201638e+02 7.292764e+02 0.000000e+00
      vertex   4.196453e+02 7.290616e+02 9.837169e+00
      vertex   4.201638e+02 7.292764e+02 9.837169e+00
    endloop
  endfacet
  facet normal -6.087614e-01 7.933533e-01 0.000000e+00
    outer loop
      vertex   4.201638e+02 7.292764e+02 0.000000e+00
      vertex   4.201638e+02 7.292764e+02 9.837169e+00
      vertex   4.206091e+02 7.296181e+02 0.000000e+00
    endloop
  endfacet
  facet normal -6.087614e-01 7.933533e-01 0.000000e+00
    outer loop
      vertex   4.206091e+02 7.296181e+02 0.000000e+00
      vertex   4.201638e+02 7.292764e+02 9.837169e+00
      vertex   4.206091e+02 7.296181e+02 9.837169e+00
    endloop
  endfacet
  facet normal -7.933533e-01 6.087614e-01 0.000000e+00
    outer loop
      vertex   4.206091e+02 7.296181e+02 0.000000e+00
      vertex   4.206091e+02 7.296181e+02 9.837169e+00
      vertex   4.209508e+02 7.300634e+02 0.000000e+00
    endloop
  endfacet
  facet normal -7.933533e-01 6.087614e-01 0.000000e+00
    outer loop
      vertex   4.209508e+02 7.300634e+02 0.000000e+00
      vertex   4.206091e+02 7.296181e+02 9.837169e+00
      vertex   4.209508e+02 7.300634e+02 9.837169e+00
    endloop
  endfacet
  facet normal -9.238795e-01 3.826834e-01 0.000000e+00
    outer loop
      vertex   4.209508e+02 7.300634e+02 0.000000e+00
      vertex   4.209508e+02 7.300634e+02 9.837169e+00
      vertex   4.211655e+02 7.305819e+02 0.000000e+00
    endloop
  endfacet
  facet normal -9.238795e-01 3.826834e-01 0.000000e+00
    outer loop
      vertex   4.211655e+02 7.305819e+02 0.000000e+00
      vertex   4.209508e+02 7.300634e+02 9.837169e+00
      vertex   4.211655e+02 7.305819e+02 9.837169e+00
    endloop
  endfacet
  facet normal -9.914449e-01 -1.305262e-01 -0.000000e+00
    outer loop
      vertex   4.211655e+02 7.316948e+02 1.915536e+01
      vertex   4.211655e+02 7.316948e+02 9.837169e+00
      vertex   4.212388e+02 7.311384e+02 1.914636e+01
    endloop
  endfacet
  facet normal -9.914449e-01 -1.305262e-01 6.053919e-15
    outer loop
      vertex   4.212388e+02 7.311384e+02 1.914636e+01
      vertex   4.211655e+02 7.316948e+02 9.837169e+00
      vertex   4.212388e+02 7.311384e+02 9.837169e+00
    endloop
  endfacet
  facet normal -9.914449e-01 1.305262e-01 6.053919e-15
    outer loop
      vertex   4.212388e+02 7.311384e+02 1.914636e+01
      vertex   4.212388e+02 7.311384e+02 9.837169e+00
      vertex   4.211655e+02 7.305819e+02 9.837169e+00
    endloop
  endfacet
  facet normal -9.238795e-01 -3.826834e-01 0.000000e+00
    outer loop
      vertex   4.211655e+02 7.316948e+02 9.837169e+00
      vertex   4.211655e+02 7.316948e+02 1.915536e+01
      vertex   4.209508e+02 7.322134e+02 9.837169e+00
    endloop
  endfacet
  facet normal -9.238795e-01 -3.826834e-01 0.000000e+00
    outer loop
      vertex   4.209508e+02 7.322134e+02 9.837169e+00
      vertex   4.211655e+02 7.316948e+02 1.915536e+01
      vertex   4.209508e+02 7.322134e+02 1.918173e+01
    endloop
  endfacet
  facet normal -7.933533e-01 -6.087614e-01 0.000000e+00
    outer loop
      vertex   4.209508e+02 7.322134e+02 9.837169e+00
      vertex   4.209508e+02 7.322134e+02 1.918173e+01
      vertex   4.206091e+02 7.326587e+02 9.837169e+00
    endloop
  endfacet
  facet normal -7.933533e-01 -6.087614e-01 0.000000e+00
    outer loop
      vertex   4.206091e+02 7.326587e+02 9.837169e+00
      vertex   4.209508e+02 7.322134e+02 1.918173e+01
      vertex   4.206091e+02 7.326587e+02 1.922368e+01
    endloop
  endfacet
  facet normal -6.087614e-01 -7.933533e-01 0.000000e+00
    outer loop
      vertex   4.206091e+02 7.326587e+02 9.837169e+00
      vertex   4.206091e+02 7.326587e+02 1.922368e+01
      vertex   4.201638e+02 7.330003e+02 9.837169e+00
    endloop
  endfacet
  facet normal -6.087614e-01 -7.933533e-01 0.000000e+00
    outer loop
      vertex   4.201638e+02 7.330003e+02 9.837169e+00
      vertex   4.206091e+02 7.326587e+02 1.922368e+01
      vertex   4.201638e+02 7.330003e+02 1.927836e+01
    endloop
  endfacet
  facet normal -3.826834e-01 -9.238795e-01 0.000000e+00
    outer loop
      vertex   4.201638e+02 7.330003e+02 9.837169e+00
      vertex   4.201638e+02 7.330003e+02 1.927836e+01
      vertex   4.196453e+02 7.332151e+02 9.837169e+00
    endloop
  endfacet
  facet normal -3.826834e-01 -9.238795e-01 0.000000e+00
    outer loop
      vertex   4.196453e+02 7.332151e+02 9.837169e+00
      vertex   4.201638e+02 7.330003e+02 1.927836e+01
      vertex   4.196453e+02 7.332151e+02 1.934203e+01
    endloop
  endfacet
  facet normal -1.305262e-01 -9.914449e-01 0.000000e+00
    outer loop
      vertex   4.196453e+02 7.332151e+02 9.837169e+00
      vertex   4.196453e+02 7.332151e+02 1.934203e+01
      vertex   4.190888e+02 7.332884e+02 9.837169e+00
    endloop
  endfacet
  facet normal -1.305262e-01 -9.914449e-01 0.000000e+00
    outer loop
      vertex   4.190888e+02 7.332884e+02 9.837169e+00
      vertex   4.196453e+02 7.332151e+02 1.934203e+01
      vertex   4.190888e+02 7.332884e+02 1.941035e+01
    endloop
  endfacet
  facet normal 1.305262e-01 -9.914449e-01 0.000000e+00
    outer loop
      vertex   4.190888e+02 7.332884e+02 9.837169e+00
      vertex   4.190888e+02 7.332884e+02 1.941035e+01
      vertex   4.185323e+02 7.332151e+02 9.837169e+00
    endloop
  endfacet
  facet normal 1.305262e-01 -9.914449e-01 0.000000e+00
    outer loop
      vertex   4.185323e+02 7.332151e+02 9.837169e+00
      vertex   4.190888e+02 7.332884e+02 1.941035e+01
      vertex   4.185323e+02 7.332151e+02 1.947868e+01
    endloop
  endfacet
  facet normal 3.826834e-01 -9.238795e-01 0.000000e+00
    outer loop
      vertex   4.185323e+02 7.332151e+02 9.837169e+00
      vertex   4.185323e+02 7.332151e+02 1.947868e+01
      vertex   4.180138e+02 7.330003e+02 9.837169e+00
    endloop
  endfacet
  facet normal 3.826834e-01 -9.238795e-01 0.000000e+00
    outer loop
      vertex   4.180138e+02 7.330003e+02 9.837169e+00
      vertex   4.185323e+02 7.332151e+02 1.947868e+01
      vertex   4.180138e+02 7.330003e+02 1.954234e+01
    endloop
  endfacet
  facet normal 6.087614e-01 -7.933533e-01 0.000000e+00
    outer loop
      vertex   4.180138e+02 7.330003e+02 9.837169e+00
      vertex   4.180138e+02 7.330003e+02 1.954234e+01
      vertex   4.175685e+02 7.326587e+02 9.837169e+00
    endloop
  endfacet
  facet normal 6.087614e-01 -7.933533e-01 0.000000e+00
    outer loop
      vertex   4.175685e+02 7.326587e+02 9.837169e+00
      vertex   4.180138e+02 7.330003e+02 1.954234e+01
      vertex   4.175685e+02 7.326587e+02 1.959702e+01
    endloop
  endfacet
  facet normal 7.933533e-01 -6.087614e-01 0.000000e+00
    outer loop
      vertex   4.175685e+02 7.326587e+02 9.837169e+00
      vertex   4.175685e+02 7.326587e+02 1.959702e+01
      vertex   4.172268e+02 7.322134e+02 9.837169e+00
    endloop
  endfacet
  facet normal 7.933533e-01 -6.087614e-01 0.000000e+00
    outer loop
      vertex   4.172268e+02 7.322134e+02 9.837169e+00
      vertex   4.175685e+02 7.326587e+02 1.959702e+01
      vertex   4.172268e+02 7.322134e+02 1.963897e+01
    endloop
  endfacet
  facet normal 9.238795e-01 -3.826834e-01 0.000000e+00
    outer loop
      vertex   4.172268e+02 7.322134e+02 9.837169e+00
      vertex   4.172268e+02 7.322134e+02 1.963897e+01
      vertex   4.170121e+02 7.316948e+02 9.837169e+00
    endloop
  endfacet
  facet normal 9.238795e-01 -3.826834e-01 0.000000e+00
    outer loop
      vertex   4.170121e+02 7.316948e+02 9.837169e+00
      vertex   4.172268e+02 7.322134e+02 1.963897e+01
      vertex   4.170121e+02 7.316948e+02 1.966534e+01
    endloop
  endfacet
  facet normal 9.914449e-01 -1.305262e-01 0.000000e+00
    outer loop
      vertex   4.170121e+02 7.316948e+02 9.837169e+00
      vertex   4.170121e+02 7.316948e+02 1.966534e+01
      vertex   4.169388e+02 7.311384e+02 9.837169e+00
    endloop
  endfacet
  facet normal 9.914449e-01 -1.305262e-01 0.000000e+00
    outer loop
      vertex   4.169388e+02 7.311384e+02 9.837169e+00
      vertex   4.170121e+02 7.316948e+02 1.966534e+01
      vertex   4.169388e+02 7.311384e+02 1.967434e+01
    endloop
  endfacet
  facet normal 9.914449e-01 1.305262e-01 -0.000000e+00
    outer loop
      vertex   4.169388e+02 7.311384e+02 9.837169e+00
      vertex   4.169388e+02 7.311384e+02 1.967434e+01
      vertex   4.170121e+02 7.305819e+02 1.966534e+01
    endloop
  endfacet
  facet normal 9.914449e-01 1.305262e-01 0.000000e+00
    outer loop
      vertex   4.169388e+02 7.311384e+02 9.837169e+00
      vertex   4.170121e+02 7.305819e+02 1.966534e+01
      vertex   4.170121e+02 7.305819e+02 9.837169e+00
    endloop
  endfacet
  facet normal 9.238795e-01 3.826834e-01 -0.000000e+00
    outer loop
      vertex   4.170121e+02 7.305819e+02 9.837169e+00
      vertex   4.170121e+02 7.305819e+02 1.966534e+01
      vertex   4.172268e+02 7.300634e+02 1.963897e+01
    endloop
  endfacet
  facet normal 9.238795e-01 3.826834e-01 0.000000e+00
    outer loop
      vertex   4.170121e+02 7.305819e+02 9.837169e+00
      vertex   4.172268e+02 7.300634e+02 1.963897e+01
      vertex   4.172268e+02 7.300634e+02 9.837169e+00
    endloop
  endfacet
  facet normal 7.933533e-01 6.087614e-01 -0.000000e+00
    outer loop
      vertex   4.172268e+02 7.300634e+02 9.837169e+00
      vertex   4.172268e+02 7.300634e+02 1.963897e+01
      vertex   4.175685e+02 7.296181e+02 1.959702e+01
    endloop
  endfacet
  facet normal 7.933533e-01 6.087614e-01 0.000000e+00
    outer loop
      vertex   4.172268e+02 7.300634e+02 9.837169e+00
      vertex   4.175685e+02 7.296181e+02 1.959702e+01
      vertex   4.175685e+02 7.296181e+02 9.837169e+00
    endloop
  endfacet
  facet normal 6.087614e-01 7.933533e-01 -0.000000e+00
    outer loop
      vertex   4.175685e+02 7.296181e+02 9.837169e+00
      vertex   4.175685e+02 7.296181e+02 1.959702e+01
      vertex   4.180138e+02 7.292764e+02 1.954234e+01
    endloop
  endfacet
  facet normal 6.087614e-01 7.933533e-01 0.000000e+00
    outer loop
      vertex   4.175685e+02 7.296181e+02 9.837169e+00
      vertex   4.180138e+02 7.292764e+02 1.954234e+01
      vertex   4.180138e+02 7.292764e+02 9.837169e+00
    endloop
  endfacet
  facet normal 3.826834e-01 9.238795e-01 -0.000000e+00
    outer loop
      vertex   4.180138e+02 7.292764e+02 9.837169e+00
      vertex   4.180138e+02 7.292764e+02 1.954234e+01
      vertex   4.185323e+02 7.290616e+02 1.947868e+01
    endloop
  endfacet
  facet normal 3.826834e-01 9.238795e-01 0.000000e+00
    outer loop
      vertex   4.180138e+02 7.292764e+02 9.837169e+00
      vertex   4.185323e+02 7.290616e+02 1.947868e+01
      vertex   4.185323e+02 7.290616e+02 9.837169e+00
    endloop
  endfacet
  facet normal 1.305262e-01 9.914449e-01 -0.000000e+00
    outer loop
      vertex   4.185323e+02 7.290616e+02 9.837169e+00
      vertex   4.185323e+02 7.290616e+02 1.947868e+01
      vertex   4.190888e+02 7.289884e+02 1.941035e+01
    endloop
  endfacet
  facet normal 1.305262e-01 9.914449e-01 0.000000e+00
    outer loop
      vertex   4.185323e+02 7.290616e+02 9.837169e+00
      vertex   4.190888e+02 7.289884e+02 1.941035e+01
      vertex   4.190888e+02 7.289884e+02 9.837169e+00
    endloop
  endfacet
  facet normal -1.305262e-01 9.914449e-01 0.000000e+00
    outer loop
      vertex   4.190888e+02 7.289884e+02 9.837169e+00
      vertex   4.190888e+02 7.289884e+02 1.941035e+01
      vertex   4.196453e+02 7.290616e+02 1.934203e+01
    endloop
  endfacet
  facet normal -1.305262e-01 9.914449e-01 0.000000e+00
    outer loop
      vertex   4.190888e+02 7.289884e+02 9.837169e+00
      vertex   4.196453e+02 7.290616e+02 1.934203e+01
      vertex   4.196453e+02 7.290616e+02 9.837169e+00
    endloop
  endfacet
  facet normal -3.826834e-01 9.238795e-01 0.000000e+00
    outer loop
      vertex   4.196453e+02 7.290616e+02 9.837169e+00
      vertex   4.196453e+02 7.290616e+02 1.934203e+01
      vertex   4.201638e+02 7.292764e+02 1.927836e+01
    endloop
  endfacet
  facet normal -3.826834e-01 9.238795e-01 0.000000e+00
    outer loop
      vertex   4.196453e+02 7.290616e+02 9.837169e+00
      vertex   4.201638e+02 7.292764e+02 1.927836e+01
      vertex   4.201638e+02 7.292764e+02 9.837169e+00
    endloop
  endfacet
  facet normal -6.087614e-01 7.933533e-01 0.000000e+00
    outer loop
      vertex   4.201638e+02 7.292764e+02 9.837169e+00
      vertex   4.201638e+02 7.292764e+02 1.927836e+01
      vertex   4.206091e+02 7.296181e+02 1.922368e+01
    endloop
  endfacet
  facet normal -6.087614e-01 7.933533e-01 0.000000e+00
    outer loop
      vertex   4.201638e+02 7.292764e+02 9.837169e+00
      vertex   4.206091e+02 7.296181e+02 1.922368e+01
      vertex   4.206091e+02 7.296181e+02 9.837169e+00
    endloop
  endfacet
  facet normal -7.933533e-01 6.087614e-01 0.000000e+00
    outer loop
      vertex   4.206091e+02 7.296181e+02 9.837169e+00
      vertex   4.206091e+02 7.296181e+02 1.922368e+01
      vertex   4.209508e+02 7.300634e+02 1.918173e+01
    endloop
  endfacet
  facet normal -7.933533e-01 6.087614e-01 0.000000e+00
    outer loop
      vertex   4.206091e+02 7.296181e+02 9.837169e+00
      vertex   4.209508e+02 7.300634e+02 1.918173e+01
      vertex   4.209508e+02 7.300634e+02 9.837169e+00
    endloop
  endfacet
  facet normal -9.238795e-01 3.826834e-01 0.000000e+00
    outer loop
      vertex   4.209508e+02 7.300634e+02 9.837169e+00
      vertex   4.209508e+02 7.300634e+02 1.918173e+01
      vertex   4.211655e+02 7.305819e+02 1.915536e+01
    endloop
  endfacet
  facet normal -9.238795e-01 3.826834e-01 0.000000e+00
    outer loop
      vertex   4.209508e+02 7.300634e+02 9.837169e+00
      vertex   4.211655e+02 7.305819e+02 1.915536e+01
      vertex   4.211655e+02 7.305819e+02 9.837169e+00
    endloop
  endfacet
  facet normal -9.914449e-01 1.305262e-01 0.000000e+00
    outer loop
      vertex   4.211655e+02 7.305819e+02 9.837169e+00
      vertex   4.211655e+02 7.305819e+02 1.915536e+01
      vertex   4.212388e+02 7.311384e+02 1.914636e+01
    endloop
  endfacet
  facet normal 6.995612e-01 -7.145727e-01 0.000000e+00
    outer loop
      vertex   4.154725e+02 7.340615e+02 2.135438e+01
      vertex   4.154725e+02 7.340615e+02 1.985438e+01
      vertex   4.162431e+02 7.348159e+02 2.125976e+01
    endloop
  endfacet
  facet normal 6.995612e-01 -7.145727e-01 2.537256e-14
    outer loop
      vertex   4.162431e+02 7.348159e+02 2.125976e+01
      vertex   4.154725e+02 7.340615e+02 1.985438e+01
      vertex   4.162431e+02 7.348159e+02 1.975976e+01
    endloop
  endfacet
  facet normal 5.161386e-01 -8.565051e-01 -6.237406e-15
    outer loop
      vertex   4.162431e+02 7.348159e+02 2.125976e+01
      vertex   4.162431e+02 7.348159e+02 1.975976e+01
      vertex   4.171668e+02 7.353726e+02 2.114634e+01
    endloop
  endfacet
  facet normal 5.161386e-01 -8.565051e-01 5.867816e-14
    outer loop
      vertex   4.171668e+02 7.353726e+02 2.114634e+01
      vertex   4.162431e+02 7.348159e+02 1.975976e+01
      vertex   4.171668e+02 7.353726e+02 1.964634e+01
    endloop
  endfacet
  facet normal 3.049536e-01 -9.523672e-01 3.466921e-14
    outer loop
      vertex   4.171668e+02 7.353726e+02 2.114634e+01
      vertex   4.171668e+02 7.353726e+02 1.964634e+01
      vertex   4.181939e+02 7.357014e+02 2.102023e+01
    endloop
  endfacet
  facet normal 3.049536e-01 -9.523672e-01 2.311281e-14
    outer loop
      vertex   4.181939e+02 7.357014e+02 2.102023e+01
      vertex   4.171668e+02 7.353726e+02 1.964634e+01
      vertex   4.181939e+02 7.357014e+02 1.952023e+01
    endloop
  endfacet
  facet normal 7.736556e-02 -9.970028e-01 5.863631e-15
    outer loop
      vertex   4.181939e+02 7.357014e+02 2.102023e+01
      vertex   4.181939e+02 7.357014e+02 1.952023e+01
      vertex   4.192691e+02 7.357849e+02 2.088821e+01
    endloop
  endfacet
  facet normal 7.736556e-02 -9.970028e-01 2.931815e-15
    outer loop
      vertex   4.192691e+02 7.357849e+02 2.088821e+01
      vertex   4.181939e+02 7.357014e+02 1.952023e+01
      vertex   4.192691e+02 7.357849e+02 1.938821e+01
    endloop
  endfacet
  facet normal -1.543839e-01 -9.880109e-01 -5.850471e-15
    outer loop
      vertex   4.192691e+02 7.357849e+02 2.088821e+01
      vertex   4.192691e+02 7.357849e+02 1.938821e+01
      vertex   4.203346e+02 7.356184e+02 2.075739e+01
    endloop
  endfacet
  facet normal -1.543839e-01 -9.880109e-01 -5.850471e-15
    outer loop
      vertex   4.203346e+02 7.356184e+02 2.075739e+01
      vertex   4.192691e+02 7.357849e+02 1.938821e+01
      vertex   4.203346e+02 7.356184e+02 1.925739e+01
    endloop
  endfacet
  facet normal -3.778292e-01 -9.258753e-01 -1.431807e-14
    outer loop
      vertex   4.203346e+02 7.356184e+02 2.075739e+01
      vertex   4.203346e+02 7.356184e+02 1.925739e+01
      vertex   4.213331e+02 7.352109e+02 2.063478e+01
    endloop
  endfacet
  facet normal -3.778292e-01 -9.258753e-01 -2.863614e-14
    outer loop
      vertex   4.213331e+02 7.352109e+02 2.063478e+01
      vertex   4.203346e+02 7.356184e+02 1.925739e+01
      vertex   4.213331e+02 7.352109e+02 1.913478e+01
    endloop
  endfacet
  facet normal -5.809516e-01 -8.139381e-01 -4.403103e-14
    outer loop
      vertex   4.213331e+02 7.352109e+02 2.063478e+01
      vertex   4.213331e+02 7.352109e+02 1.913478e+01
      vertex   4.222109e+02 7.345844e+02 2.052701e+01
    endloop
  endfacet
  facet normal -5.809516e-01 -8.139381e-01 1.765833e-14
    outer loop
      vertex   4.222109e+02 7.345844e+02 2.052701e+01
      vertex   4.213331e+02 7.352109e+02 1.913478e+01
      vertex   4.222109e+02 7.345844e+02 1.902701e+01
    endloop
  endfacet
  facet normal -7.528254e-01 -6.582203e-01 -7.170237e-15
    outer loop
      vertex   4.222109e+02 7.345844e+02 2.052701e+01
      vertex   4.222109e+02 7.345844e+02 1.902701e+01
      vertex   4.229207e+02 7.337725e+02 2.043985e+01
    endloop
  endfacet
  facet normal -7.528254e-01 -6.582203e-01 -2.852878e-14
    outer loop
      vertex   4.229207e+02 7.337725e+02 2.043985e+01
      vertex   4.222109e+02 7.345844e+02 1.902701e+01
      vertex   4.229207e+02 7.337725e+02 1.893985e+01
    endloop
  endfacet
  facet normal -8.842057e-01 -4.670977e-01 -3.350752e-14
    outer loop
      vertex   4.229207e+02 7.337725e+02 2.043985e+01
      vertex   4.229207e+02 7.337725e+02 1.893985e+01
      vertex   4.234245e+02 7.328189e+02 2.037800e+01
    endloop
  endfacet
  facet normal -8.842057e-01 -4.670977e-01 3.540190e-14
    outer loop
      vertex   4.234245e+02 7.328189e+02 2.037800e+01
      vertex   4.229207e+02 7.337725e+02 1.893985e+01
      vertex   4.234245e+02 7.328189e+02 1.887800e+01
    endloop
  endfacet
  facet normal -9.680258e-01 -2.508505e-01 1.901227e-14
    outer loop
      vertex   4.234245e+02 7.328189e+02 2.037800e+01
      vertex   4.234245e+02 7.328189e+02 1.887800e+01
      vertex   4.236950e+02 7.317750e+02 2.034478e+01
    endloop
  endfacet
  facet normal -9.680258e-01 -2.508505e-01 -0.000000e+00
    outer loop
      vertex   4.236950e+02 7.317750e+02 2.034478e+01
      vertex   4.234245e+02 7.328189e+02 1.887800e+01
      vertex   4.236950e+02 7.317750e+02 1.884478e+01
    endloop
  endfacet
  facet normal -9.997772e-01 -2.111042e-02 -0.000000e+00
    outer loop
      vertex   4.236950e+02 7.317750e+02 2.034478e+01
      vertex   4.236950e+02 7.317750e+02 1.884478e+01
      vertex   4.237178e+02 7.306968e+02 2.034198e+01
    endloop
  endfacet
  facet normal -9.997772e-01 -2.111042e-02 -0.000000e+00
    outer loop
      vertex   4.237178e+02 7.306968e+02 2.034198e+01
      vertex   4.236950e+02 7.317750e+02 1.884478e+01
      vertex   4.237178e+02 7.306968e+02 1.884198e+01
    endloop
  endfacet
  facet normal -9.777518e-01 2.097652e-01 0.000000e+00
    outer loop
      vertex   4.237178e+02 7.306968e+02 2.034198e+01
      vertex   4.237178e+02 7.306968e+02 1.884198e+01
      vertex   4.234916e+02 7.296423e+02 1.886976e+01
    endloop
  endfacet
  facet normal -9.777518e-01 2.097652e-01 0.000000e+00
    outer loop
      vertex   4.237178e+02 7.306968e+02 2.034198e+01
      vertex   4.234916e+02 7.296423e+02 1.886976e+01
      vertex   4.234916e+02 7.296423e+02 2.036976e+01
    endloop
  endfacet
  facet normal -9.031345e-01 4.293578e-01 0.000000e+00
    outer loop
      vertex   4.234916e+02 7.296423e+02 2.036976e+01
      vertex   4.234916e+02 7.296423e+02 1.886976e+01
      vertex   4.230285e+02 7.286683e+02 1.892661e+01
    endloop
  endfacet
  facet normal -9.031345e-01 4.293578e-01 6.845948e-14
    outer loop
      vertex   4.234916e+02 7.296423e+02 2.036976e+01
      vertex   4.230285e+02 7.286683e+02 1.892661e+01
      vertex   4.230285e+02 7.286683e+02 2.042661e+01
    endloop
  endfacet
  facet normal -7.799388e-01 6.258558e-01 5.911252e-14
    outer loop
      vertex   4.230285e+02 7.286683e+02 2.042661e+01
      vertex   4.230285e+02 7.286683e+02 1.892661e+01
      vertex   4.223536e+02 7.278272e+02 1.900949e+01
    endloop
  endfacet
  facet normal -7.799388e-01 6.258558e-01 0.000000e+00
    outer loop
      vertex   4.230285e+02 7.286683e+02 2.042661e+01
      vertex   4.223536e+02 7.278272e+02 1.900949e+01
      vertex   4.223536e+02 7.278272e+02 2.050949e+01
    endloop
  endfacet
  facet normal -6.147913e-01 7.886899e-01 0.000000e+00
    outer loop
      vertex   4.223536e+02 7.278272e+02 2.050949e+01
      vertex   4.223536e+02 7.278272e+02 1.900949e+01
      vertex   4.215030e+02 7.271642e+02 1.911392e+01
    endloop
  endfacet
  facet normal -6.147913e-01 7.886899e-01 0.000000e+00
    outer loop
      vertex   4.223536e+02 7.278272e+02 2.050949e+01
      vertex   4.215030e+02 7.271642e+02 1.911392e+01
      vertex   4.215030e+02 7.271642e+02 2.061392e+01
    endloop
  endfacet
  facet normal 9.793146e-01 -2.023437e-01 0.000000e+00
    outer loop
      vertex   3.052563e+02 7.321045e+02 3.338723e+01
      vertex   3.052111e+02 7.318860e+02 1.701187e+01
      vertex   3.052563e+02 7.321045e+02 3.237943e+01
    endloop
  endfacet
  facet normal 9.940827e-01 -1.086173e-01 -1.375982e-03
    outer loop
      vertex   3.052563e+02 7.321045e+02 3.237943e+01
      vertex   3.052111e+02 7.318860e+02 1.701187e+01
      vertex   3.053310e+02 7.329828e+02 1.701187e+01
    endloop
  endfacet
  facet normal 9.978388e-01 -6.570026e-02 1.094954e-03
    outer loop
      vertex   3.052563e+02 7.321045e+02 3.237943e+01
      vertex   3.053310e+02 7.329828e+02 1.701187e+01
      vertex   3.053263e+02 7.331500e+02 3.132937e+01
    endloop
  endfacet
  facet normal 9.916916e-01 1.286324e-01 -1.177491e-03
    outer loop
      vertex   3.053263e+02 7.331500e+02 3.132937e+01
      vertex   3.053310e+02 7.329828e+02 1.701187e+01
      vertex   3.051890e+02 7.340769e+02 1.701187e+01
    endloop
  endfacet
  facet normal 9.872574e-01 1.591290e-01 8.391693e-04
    outer loop
      vertex   3.053263e+02 7.331500e+02 3.132937e+01
      vertex   3.051890e+02 7.340769e+02 1.701187e+01
      vertex   3.051604e+02 7.341847e+02 3.029599e+01
    endloop
  endfacet
  facet normal 9.334751e-01 3.586412e-01 -8.961867e-04
    outer loop
      vertex   3.051604e+02 7.341847e+02 3.029599e+01
      vertex   3.051890e+02 7.340769e+02 1.701187e+01
      vertex   3.047934e+02 7.351067e+02 1.701187e+01
    endloop
  endfacet
  facet normal 9.267047e-01 3.757901e-01 4.811787e-04
    outer loop
      vertex   3.051604e+02 7.341847e+02 3.029599e+01
      vertex   3.047934e+02 7.351067e+02 1.701187e+01
      vertex   3.047670e+02 7.351559e+02 2.933178e+01
    endloop
  endfacet
  facet normal 8.504588e-01 5.260416e-01 -2.815330e-04
    outer loop
      vertex   3.047670e+02 7.351559e+02 2.933178e+01
      vertex   3.047934e+02 7.351067e+02 1.701187e+01
      vertex   3.044909e+02 7.356021e+02 2.889111e+01
    endloop
  endfacet
  facet normal 8.534756e-01 5.211328e-01 0.000000e+00
    outer loop
      vertex   3.044909e+02 7.356021e+02 2.889111e+01
      vertex   3.047934e+02 7.351067e+02 1.701187e+01
      vertex   3.047934e+02 7.351067e+02 0.000000e+00
    endloop
  endfacet
  facet normal 8.227096e-01 5.684607e-01 -1.133661e-03
    outer loop
      vertex   3.044909e+02 7.356021e+02 2.889111e+01
      vertex   3.047934e+02 7.351067e+02 0.000000e+00
      vertex   3.041662e+02 7.360144e+02 0.000000e+00
    endloop
  endfacet
  facet normal 9.586830e-01 -2.844741e-01 1.152742e-03
    outer loop
      vertex   3.052563e+02 7.321045e+02 3.338723e+01
      vertex   3.049691e+02 7.311369e+02 3.342249e+01
      vertex   3.052111e+02 7.318860e+02 1.701187e+01
    endloop
  endfacet
  facet normal 9.405134e-01 -3.397525e-01 -1.638477e-03
    outer loop
      vertex   3.052111e+02 7.318860e+02 1.701187e+01
      vertex   3.049691e+02 7.311369e+02 3.342249e+01
      vertex   3.048363e+02 7.308484e+02 1.701187e+01
    endloop
  endfacet
  facet normal 9.405147e-01 -3.397530e-01 0.000000e+00
    outer loop
      vertex   3.052111e+02 7.318860e+02 1.701187e+01
      vertex   3.048363e+02 7.308484e+02 1.701187e+01
      vertex   3.048363e+02 7.308484e+02 0.000000e+00
    endloop
  endfacet
  facet normal 8.340011e-01 -5.517627e-01 0.000000e+00
    outer loop
      vertex   3.048363e+02 7.308484e+02 0.000000e+00
      vertex   3.048363e+02 7.308484e+02 1.701187e+01
      vertex   3.042275e+02 7.299282e+02 0.000000e+00
    endloop
  endfacet
  facet normal 8.340011e-01 -5.517627e-01 0.000000e+00
    outer loop
      vertex   3.042275e+02 7.299282e+02 0.000000e+00
      vertex   3.048363e+02 7.308484e+02 1.701187e+01
      vertex   3.042275e+02 7.299282e+02 1.701187e+01
    endloop
  endfacet
  facet normal 6.805389e-01 -7.327119e-01 0.000000e+00
    outer loop
      vertex   3.042275e+02 7.299282e+02 0.000000e+00
      vertex   3.042275e+02 7.299282e+02 1.701187e+01
      vertex   3.034192e+02 7.291774e+02 0.000000e+00
    endloop
  endfacet
  facet normal 6.805389e-01 -7.327119e-01 0.000000e+00
    outer loop
      vertex   3.034192e+02 7.291774e+02 0.000000e+00
      vertex   3.042275e+02 7.299282e+02 1.701187e+01
      vertex   3.034192e+02 7.291774e+02 1.701187e+01
    endloop
  endfacet
  facet normal 4.887670e-01 -8.724144e-01 0.000000e+00
    outer loop
      vertex   3.034192e+02 7.291774e+02 0.000000e+00
      vertex   3.034192e+02 7.291774e+02 1.701187e+01
      vertex   3.024567e+02 7.286382e+02 0.000000e+00
    endloop
  endfacet
  facet normal 4.887670e-01 -8.724144e-01 0.000000e+00
    outer loop
      vertex   3.024567e+02 7.286382e+02 0.000000e+00
      vertex   3.034192e+02 7.291774e+02 1.701187e+01
      vertex   3.024567e+02 7.286382e+02 1.701187e+01
    endloop
  endfacet
  facet normal 2.694807e-01 -9.630058e-01 0.000000e+00
    outer loop
      vertex   3.024567e+02 7.286382e+02 0.000000e+00
      vertex   3.024567e+02 7.286382e+02 1.701187e+01
      vertex   3.013942e+02 7.283409e+02 0.000000e+00
    endloop
  endfacet
  facet normal 2.694807e-01 -9.630058e-01 0.000000e+00
    outer loop
      vertex   3.013942e+02 7.283409e+02 0.000000e+00
      vertex   3.024567e+02 7.286382e+02 1.701187e+01
      vertex   3.013942e+02 7.283409e+02 1.701187e+01
    endloop
  endfacet
  facet normal 3.502450e-02 -9.993865e-01 0.000000e+00
    outer loop
      vertex   3.013942e+02 7.283409e+02 0.000000e+00
      vertex   3.013942e+02 7.283409e+02 1.701187e+01
      vertex   3.002916e+02 7.283022e+02 0.000000e+00
    endloop
  endfacet
  facet normal 3.502450e-02 -9.993865e-01 0.000000e+00
    outer loop
      vertex   3.002916e+02 7.283022e+02 0.000000e+00
      vertex   3.013942e+02 7.283409e+02 1.701187e+01
      vertex   3.002916e+02 7.283022e+02 1.701187e+01
    endloop
  endfacet
  facet normal -2.014034e-01 -9.795084e-01 0.000000e+00
    outer loop
      vertex   3.002916e+02 7.283022e+02 0.000000e+00
      vertex   3.002916e+02 7.283022e+02 1.701187e+01
      vertex   2.992109e+02 7.285244e+02 0.000000e+00
    endloop
  endfacet
  facet normal -2.014034e-01 -9.795084e-01 0.000000e+00
    outer loop
      vertex   2.992109e+02 7.285244e+02 0.000000e+00
      vertex   3.002916e+02 7.283022e+02 1.701187e+01
      vertex   2.992109e+02 7.285244e+02 1.701187e+01
    endloop
  endfacet
  facet normal -4.264936e-01 -9.044906e-01 0.000000e+00
    outer loop
      vertex   2.992109e+02 7.285244e+02 0.000000e+00
      vertex   2.992109e+02 7.285244e+02 1.701187e+01
      vertex   2.982130e+02 7.289950e+02 0.000000e+00
    endloop
  endfacet
  facet normal -4.264936e-01 -9.044906e-01 0.000000e+00
    outer loop
      vertex   2.982130e+02 7.289950e+02 0.000000e+00
      vertex   2.992109e+02 7.285244e+02 1.701187e+01
      vertex   2.982130e+02 7.289950e+02 1.701187e+01
    endloop
  endfacet
  facet normal -6.275750e-01 -7.785561e-01 0.000000e+00
    outer loop
      vertex   2.982130e+02 7.289950e+02 0.000000e+00
      vertex   2.982130e+02 7.289950e+02 1.701187e+01
      vertex   2.973541e+02 7.296874e+02 0.000000e+00
    endloop
  endfacet
  facet normal -6.275750e-01 -7.785561e-01 0.000000e+00
    outer loop
      vertex   2.973541e+02 7.296874e+02 0.000000e+00
      vertex   2.982130e+02 7.289950e+02 1.701187e+01
      vertex   2.973541e+02 7.296874e+02 1.701187e+01
    endloop
  endfacet
  facet normal -7.933283e-01 -6.087941e-01 0.000000e+00
    outer loop
      vertex   2.973541e+02 7.296874e+02 0.000000e+00
      vertex   2.973541e+02 7.296874e+02 1.701187e+01
      vertex   2.966824e+02 7.305626e+02 0.000000e+00
    endloop
  endfacet
  facet normal -7.921716e-01 -6.102984e-01 -1.230654e-04
    outer loop
      vertex   2.966824e+02 7.305626e+02 0.000000e+00
      vertex   2.973541e+02 7.296874e+02 1.701187e+01
      vertex   2.966983e+02 7.305361e+02 2.940047e+01
    endloop
  endfacet
  facet normal -8.571116e-01 -5.151307e-01 -2.322862e-06
    outer loop
      vertex   2.966824e+02 7.305626e+02 0.000000e+00
      vertex   2.966983e+02 7.305361e+02 2.940047e+01
      vertex   2.966930e+02 7.305449e+02 2.940112e+01
    endloop
  endfacet
  facet normal 8.747408e-01 -4.845889e-01 1.440580e-03
    outer loop
      vertex   3.049691e+02 7.311369e+02 3.342249e+01
      vertex   3.044799e+02 7.302541e+02 3.348255e+01
      vertex   3.048363e+02 7.308484e+02 1.701187e+01
    endloop
  endfacet
  facet normal 8.339997e-01 -5.517618e-01 -1.864519e-03
    outer loop
      vertex   3.048363e+02 7.308484e+02 1.701187e+01
      vertex   3.044799e+02 7.302541e+02 3.348255e+01
      vertex   3.042275e+02 7.299282e+02 1.701187e+01
    endloop
  endfacet
  facet normal 7.496049e-01 -6.618836e-01 1.607362e-03
    outer loop
      vertex   3.044799e+02 7.302541e+02 3.348255e+01
      vertex   3.038118e+02 7.294976e+02 3.356459e+01
      vertex   3.042275e+02 7.299282e+02 1.701187e+01
    endloop
  endfacet
  facet normal 6.805376e-01 -7.327105e-01 -1.969970e-03
    outer loop
      vertex   3.042275e+02 7.299282e+02 1.701187e+01
      vertex   3.038118e+02 7.294976e+02 3.356459e+01
      vertex   3.034192e+02 7.291774e+02 1.701187e+01
    endloop
  endfacet
  facet normal 5.891592e-01 -8.080153e-01 1.654209e-03
    outer loop
      vertex   3.038118e+02 7.294976e+02 3.356459e+01
      vertex   3.029962e+02 7.289031e+02 3.366473e+01
      vertex   3.034192e+02 7.291774e+02 1.701187e+01
    endloop
  endfacet
  facet normal 4.887660e-01 -8.724127e-01 -1.956601e-03
    outer loop
      vertex   3.034192e+02 7.291774e+02 1.701187e+01
      vertex   3.029962e+02 7.289031e+02 3.366473e+01
      vertex   3.024567e+02 7.286382e+02 1.701187e+01
    endloop
  endfacet
  facet normal 4.009478e-01 -9.160995e-01 1.583538e-03
    outer loop
      vertex   3.029962e+02 7.289031e+02 3.366473e+01
      vertex   3.020715e+02 7.284986e+02 3.377827e+01
      vertex   3.024567e+02 7.286382e+02 1.701187e+01
    endloop
  endfacet
  facet normal 2.694803e-01 -9.630042e-01 -1.827100e-03
    outer loop
      vertex   3.024567e+02 7.286382e+02 1.701187e+01
      vertex   3.020715e+02 7.284986e+02 3.377827e+01
      vertex   3.013942e+02 7.283409e+02 1.701187e+01
    endloop
  endfacet
  facet normal 1.938262e-01 -9.810349e-01 1.398604e-03
    outer loop
      vertex   3.020715e+02 7.284986e+02 3.377827e+01
      vertex   3.010813e+02 7.283031e+02 3.389985e+01
      vertex   3.013942e+02 7.283409e+02 1.701187e+01
    endloop
  endfacet
  facet normal 3.502445e-02 -9.993852e-01 -1.584665e-03
    outer loop
      vertex   3.013942e+02 7.283409e+02 1.701187e+01
      vertex   3.010813e+02 7.283031e+02 3.389985e+01
      vertex   3.002916e+02 7.283022e+02 1.701187e+01
    endloop
  endfacet
  facet normal -2.245122e-02 -9.997473e-01 1.102956e-03
    outer loop
      vertex   3.010813e+02 7.283031e+02 3.389985e+01
      vertex   3.000723e+02 7.283259e+02 3.402374e+01
      vertex   3.002916e+02 7.283022e+02 1.701187e+01
    endloop
  endfacet
  facet normal -1.073967e-01 -9.942163e-01 0.000000e+00
    outer loop
      vertex   3.002916e+02 7.283022e+02 1.701187e+01
      vertex   3.000723e+02 7.283259e+02 3.402374e+01
      vertex   3.000723e+02 7.283259e+02 3.299097e+01
    endloop
  endfacet
  facet normal -2.014032e-01 -9.795075e-01 -1.312233e-03
    outer loop
      vertex   3.002916e+02 7.283022e+02 1.701187e+01
      vertex   3.000723e+02 7.283259e+02 3.299097e+01
      vertex   2.992109e+02 7.285244e+02 1.701187e+01
    endloop
  endfacet
  facet normal -2.419172e-01 -9.702964e-01 9.860146e-04
    outer loop
      vertex   2.992109e+02 7.285244e+02 1.701187e+01
      vertex   3.000723e+02 7.283259e+02 3.299097e+01
      vertex   2.990621e+02 7.285768e+02 3.208076e+01
    endloop
  endfacet
  facet normal -4.264933e-01 -9.044901e-01 -1.065438e-03
    outer loop
      vertex   2.992109e+02 7.285244e+02 1.701187e+01
      vertex   2.990621e+02 7.285768e+02 3.208076e+01
      vertex   2.982130e+02 7.289950e+02 1.701187e+01
    endloop
  endfacet
  facet normal -4.514483e-01 -8.922970e-01 6.790484e-04
    outer loop
      vertex   2.982130e+02 7.289950e+02 1.701187e+01
      vertex   2.990621e+02 7.285768e+02 3.208076e+01
      vertex   2.981332e+02 7.290462e+02 3.114799e+01
    endloop
  endfacet
  facet normal -6.275749e-01 -7.785559e-01 -7.282419e-04
    outer loop
      vertex   2.982130e+02 7.289950e+02 1.701187e+01
      vertex   2.981332e+02 7.290462e+02 3.114799e+01
      vertex   2.973541e+02 7.296874e+02 1.701187e+01
    endloop
  endfacet
  facet normal -6.383156e-01 -7.697747e-01 2.620017e-04
    outer loop
      vertex   2.973541e+02 7.296874e+02 1.701187e+01
      vertex   2.981332e+02 7.290462e+02 3.114799e+01
      vertex   2.973318e+02 7.297103e+02 3.023939e+01
    endloop
  endfacet
  facet normal -7.932664e-01 -6.088747e-01 -2.785663e-04
    outer loop
      vertex   2.973541e+02 7.296874e+02 1.701187e+01
      vertex   2.973318e+02 7.297103e+02 3.023939e+01
      vertex   2.966983e+02 7.305361e+02 2.940047e+01
    endloop
  endfacet
  facet normal -8.582493e-01 -5.132330e-01 -7.742888e-07
    outer loop
      vertex   2.966930e+02 7.305449e+02 2.940112e+01
      vertex   2.966877e+02 7.305538e+02 2.940177e+01
      vertex   2.966824e+02 7.305626e+02 0.000000e+00
    endloop
  endfacet
  facet normal -8.593828e-01 -5.113328e-01 0.000000e+00
    outer loop
      vertex   2.966824e+02 7.305626e+02 0.000000e+00
      vertex   2.966877e+02 7.305538e+02 2.940177e+01
      vertex   2.966824e+02 7.305626e+02 2.940241e+01
    endloop
  endfacet
  facet normal 9.405147e-01 -3.397530e-01 0.000000e+00
    outer loop
      vertex   3.048363e+02 7.308484e+02 0.000000e+00
      vertex   3.052111e+02 7.318860e+02 0.000000e+00
      vertex   3.052111e+02 7.318860e+02 1.701187e+01
    endloop
  endfacet
  facet normal 9.940836e-01 -1.086174e-01 0.000000e+00
    outer loop
      vertex   3.052111e+02 7.318860e+02 1.701187e+01
      vertex   3.052111e+02 7.318860e+02 0.000000e+00
      vertex   3.053310e+02 7.329828e+02 1.701187e+01
    endloop
  endfacet
  facet normal 9.940836e-01 -1.086174e-01 0.000000e+00
    outer loop
      vertex   3.052111e+02 7.318860e+02 0.000000e+00
      vertex   3.053310e+02 7.329828e+02 0.000000e+00
      vertex   3.053310e+02 7.329828e+02 1.701187e+01
    endloop
  endfacet
  facet normal 9.916923e-01 1.286325e-01 0.000000e+00
    outer loop
      vertex   3.053310e+02 7.329828e+02 1.701187e+01
      vertex   3.053310e+02 7.329828e+02 0.000000e+00
      vertex   3.051890e+02 7.340769e+02 1.701187e+01
    endloop
  endfacet
  facet normal 9.916923e-01 1.286325e-01 0.000000e+00
    outer loop
      vertex   3.053310e+02 7.329828e+02 0.000000e+00
      vertex   3.051890e+02 7.340769e+02 0.000000e+00
      vertex   3.051890e+02 7.340769e+02 1.701187e+01
    endloop
  endfacet
  facet normal 9.334754e-01 3.586414e-01 0.000000e+00
    outer loop
      vertex   3.051890e+02 7.340769e+02 1.701187e+01
      vertex   3.051890e+02 7.340769e+02 0.000000e+00
      vertex   3.047934e+02 7.351067e+02 1.701187e+01
    endloop
  endfacet
  facet normal 9.334754e-01 3.586414e-01 0.000000e+00
    outer loop
      vertex   3.051890e+02 7.340769e+02 0.000000e+00
      vertex   3.047934e+02 7.351067e+02 0.000000e+00
      vertex   3.047934e+02 7.351067e+02 1.701187e+01
    endloop
  endfacet
  facet normal 7.856262e-01 6.187014e-01 -0.000000e+00
    outer loop
      vertex   3.041662e+02 7.360144e+02 0.000000e+00
      vertex   3.041662e+02 7.360144e+02 2.848569e+01
      vertex   3.044909e+02 7.356021e+02 2.889111e+01
    endloop
  endfacet
  facet normal -9.914449e-01 1.305262e-01 4.941733e-15
    outer loop
      vertex   3.027579e+02 7.323794e+02 0.000000e+00
      vertex   3.027579e+02 7.323794e+02 1.140432e+01
      vertex   3.028312e+02 7.329359e+02 0.000000e+00
    endloop
  endfacet
  facet normal -9.914449e-01 1.305262e-01 0.000000e+00
    outer loop
      vertex   3.028312e+02 7.329359e+02 0.000000e+00
      vertex   3.027579e+02 7.323794e+02 1.140432e+01
      vertex   3.028312e+02 7.329359e+02 1.140432e+01
    endloop
  endfacet
  facet normal -9.914449e-01 -1.305262e-01 0.000000e+00
    outer loop
      vertex   3.028312e+02 7.329359e+02 0.000000e+00
      vertex   3.028312e+02 7.329359e+02 1.140432e+01
      vertex   3.027579e+02 7.334923e+02 0.000000e+00
    endloop
  endfacet
  facet normal -9.914449e-01 -1.305262e-01 4.941733e-15
    outer loop
      vertex   3.027579e+02 7.334923e+02 0.000000e+00
      vertex   3.028312e+02 7.329359e+02 1.140432e+01
      vertex   3.027579e+02 7.334923e+02 1.140432e+01
    endloop
  endfacet
  facet normal -9.238795e-01 -3.826834e-01 4.604962e-15
    outer loop
      vertex   3.027579e+02 7.334923e+02 0.000000e+00
      vertex   3.027579e+02 7.334923e+02 1.140432e+01
      vertex   3.025431e+02 7.340109e+02 0.000000e+00
    endloop
  endfacet
  facet normal -9.238795e-01 -3.826834e-01 0.000000e+00
    outer loop
      vertex   3.025431e+02 7.340109e+02 0.000000e+00
      vertex   3.027579e+02 7.334923e+02 1.140432e+01
      vertex   3.025431e+02 7.340109e+02 1.140432e+01
    endloop
  endfacet
  facet normal -7.933533e-01 -6.087614e-01 0.000000e+00
    outer loop
      vertex   3.025431e+02 7.340109e+02 0.000000e+00
      vertex   3.025431e+02 7.340109e+02 1.140432e+01
      vertex   3.022015e+02 7.344562e+02 0.000000e+00
    endloop
  endfacet
  facet normal -7.933533e-01 -6.087614e-01 0.000000e+00
    outer loop
      vertex   3.022015e+02 7.344562e+02 0.000000e+00
      vertex   3.025431e+02 7.340109e+02 1.140432e+01
      vertex   3.022015e+02 7.344562e+02 1.140432e+01
    endloop
  endfacet
  facet normal -6.087614e-01 -7.933533e-01 0.000000e+00
    outer loop
      vertex   3.022015e+02 7.344562e+02 0.000000e+00
      vertex   3.022015e+02 7.344562e+02 1.140432e+01
      vertex   3.017562e+02 7.347978e+02 0.000000e+00
    endloop
  endfacet
  facet normal -6.087614e-01 -7.933533e-01 0.000000e+00
    outer loop
      vertex   3.017562e+02 7.347978e+02 0.000000e+00
      vertex   3.022015e+02 7.344562e+02 1.140432e+01
      vertex   3.017562e+02 7.347978e+02 1.140432e+01
    endloop
  endfacet
  facet normal -3.826834e-01 -9.238795e-01 0.000000e+00
    outer loop
      vertex   3.017562e+02 7.347978e+02 0.000000e+00
      vertex   3.017562e+02 7.347978e+02 1.140432e+01
      vertex   3.012376e+02 7.350126e+02 0.000000e+00
    endloop
  endfacet
  facet normal -3.826834e-01 -9.238795e-01 0.000000e+00
    outer loop
      vertex   3.012376e+02 7.350126e+02 0.000000e+00
      vertex   3.017562e+02 7.347978e+02 1.140432e+01
      vertex   3.012376e+02 7.350126e+02 1.140432e+01
    endloop
  endfacet
  facet normal -1.305262e-01 -9.914449e-01 0.000000e+00
    outer loop
      vertex   3.012376e+02 7.350126e+02 0.000000e+00
      vertex   3.012376e+02 7.350126e+02 1.140432e+01
      vertex   3.006812e+02 7.350859e+02 0.000000e+00
    endloop
  endfacet
  facet normal -1.305262e-01 -9.914449e-01 0.000000e+00
    outer loop
      vertex   3.006812e+02 7.350859e+02 0.000000e+00
      vertex   3.012376e+02 7.350126e+02 1.140432e+01
      vertex   3.006812e+02 7.350859e+02 1.140432e+01
    endloop
  endfacet
  facet normal 1.305262e-01 -9.914449e-01 0.000000e+00
    outer loop
      vertex   3.006812e+02 7.350859e+02 0.000000e+00
      vertex   3.006812e+02 7.350859e+02 1.140432e+01
      vertex   3.001247e+02 7.350126e+02 0.000000e+00
    endloop
  endfacet
  facet normal 1.305262e-01 -9.914449e-01 0.000000e+00
    outer loop
      vertex   3.001247e+02 7.350126e+02 0.000000e+00
      vertex   3.006812e+02 7.350859e+02 1.140432e+01
      vertex   3.001247e+02 7.350126e+02 1.140432e+01
    endloop
  endfacet
  facet normal 3.826834e-01 -9.238795e-01 0.000000e+00
    outer loop
      vertex   3.001247e+02 7.350126e+02 0.000000e+00
      vertex   3.001247e+02 7.350126e+02 1.140432e+01
      vertex   2.996062e+02 7.347978e+02 0.000000e+00
    endloop
  endfacet
  facet normal 3.826834e-01 -9.238795e-01 0.000000e+00
    outer loop
      vertex   2.996062e+02 7.347978e+02 0.000000e+00
      vertex   3.001247e+02 7.350126e+02 1.140432e+01
      vertex   2.996062e+02 7.347978e+02 1.140432e+01
    endloop
  endfacet
  facet normal 6.087614e-01 -7.933533e-01 0.000000e+00
    outer loop
      vertex   2.996062e+02 7.347978e+02 0.000000e+00
      vertex   2.996062e+02 7.347978e+02 1.140432e+01
      vertex   2.991609e+02 7.344562e+02 0.000000e+00
    endloop
  endfacet
  facet normal 6.087614e-01 -7.933533e-01 0.000000e+00
    outer loop
      vertex   2.991609e+02 7.344562e+02 0.000000e+00
      vertex   2.996062e+02 7.347978e+02 1.140432e+01
      vertex   2.991609e+02 7.344562e+02 1.140432e+01
    endloop
  endfacet
  facet normal 7.933533e-01 -6.087614e-01 0.000000e+00
    outer loop
      vertex   2.991609e+02 7.344562e+02 0.000000e+00
      vertex   2.991609e+02 7.344562e+02 1.140432e+01
      vertex   2.988192e+02 7.340109e+02 0.000000e+00
    endloop
  endfacet
  facet normal 7.933533e-01 -6.087614e-01 0.000000e+00
    outer loop
      vertex   2.988192e+02 7.340109e+02 0.000000e+00
      vertex   2.991609e+02 7.344562e+02 1.140432e+01
      vertex   2.988192e+02 7.340109e+02 1.140432e+01
    endloop
  endfacet
  facet normal 9.238795e-01 -3.826834e-01 0.000000e+00
    outer loop
      vertex   2.988192e+02 7.340109e+02 0.000000e+00
      vertex   2.988192e+02 7.340109e+02 1.140432e+01
      vertex   2.986044e+02 7.334923e+02 0.000000e+00
    endloop
  endfacet
  facet normal 9.238795e-01 -3.826834e-01 0.000000e+00
    outer loop
      vertex   2.986044e+02 7.334923e+02 0.000000e+00
      vertex   2.988192e+02 7.340109e+02 1.140432e+01
      vertex   2.986044e+02 7.334923e+02 1.140432e+01
    endloop
  endfacet
  facet normal 9.914449e-01 -1.305262e-01 0.000000e+00
    outer loop
      vertex   2.986044e+02 7.334923e+02 0.000000e+00
      vertex   2.986044e+02 7.334923e+02 1.140432e+01
      vertex   2.985312e+02 7.329359e+02 0.000000e+00
    endloop
  endfacet
  facet normal 9.914449e-01 -1.305262e-01 0.000000e+00
    outer loop
      vertex   2.985312e+02 7.329359e+02 0.000000e+00
      vertex   2.986044e+02 7.334923e+02 1.140432e+01
      vertex   2.985312e+02 7.329359e+02 1.140432e+01
    endloop
  endfacet
  facet normal 9.914449e-01 1.305262e-01 -0.000000e+00
    outer loop
      vertex   2.985312e+02 7.329359e+02 0.000000e+00
      vertex   2.985312e+02 7.329359e+02 1.140432e+01
      vertex   2.986044e+02 7.323794e+02 0.000000e+00
    endloop
  endfacet
  facet normal 9.914449e-01 1.305262e-01 -0.000000e+00
    outer loop
      vertex   2.986044e+02 7.323794e+02 0.000000e+00
      vertex   2.985312e+02 7.329359e+02 1.140432e+01
      vertex   2.986044e+02 7.323794e+02 1.140432e+01
    endloop
  endfacet
  facet normal 9.238795e-01 3.826834e-01 -0.000000e+00
    outer loop
      vertex   2.986044e+02 7.323794e+02 0.000000e+00
      vertex   2.986044e+02 7.323794e+02 1.140432e+01
      vertex   2.988192e+02 7.318609e+02 0.000000e+00
    endloop
  endfacet
  facet normal 9.238795e-01 3.826834e-01 -0.000000e+00
    outer loop
      vertex   2.988192e+02 7.318609e+02 0.000000e+00
      vertex   2.986044e+02 7.323794e+02 1.140432e+01
      vertex   2.988192e+02 7.318609e+02 1.140432e+01
    endloop
  endfacet
  facet normal 7.933533e-01 6.087614e-01 -0.000000e+00
    outer loop
      vertex   2.988192e+02 7.318609e+02 0.000000e+00
      vertex   2.988192e+02 7.318609e+02 1.140432e+01
      vertex   2.991609e+02 7.314156e+02 0.000000e+00
    endloop
  endfacet
  facet normal 7.933533e-01 6.087614e-01 -0.000000e+00
    outer loop
      vertex   2.991609e+02 7.314156e+02 0.000000e+00
      vertex   2.988192e+02 7.318609e+02 1.140432e+01
      vertex   2.991609e+02 7.314156e+02 1.140432e+01
    endloop
  endfacet
  facet normal 6.087614e-01 7.933533e-01 -0.000000e+00
    outer loop
      vertex   2.991609e+02 7.314156e+02 0.000000e+00
      vertex   2.991609e+02 7.314156e+02 1.140432e+01
      vertex   2.996062e+02 7.310739e+02 0.000000e+00
    endloop
  endfacet
  facet normal 6.087614e-01 7.933533e-01 -0.000000e+00
    outer loop
      vertex   2.996062e+02 7.310739e+02 0.000000e+00
      vertex   2.991609e+02 7.314156e+02 1.140432e+01
      vertex   2.996062e+02 7.310739e+02 1.140432e+01
    endloop
  endfacet
  facet normal 3.826834e-01 9.238795e-01 -0.000000e+00
    outer loop
      vertex   2.996062e+02 7.310739e+02 0.000000e+00
      vertex   2.996062e+02 7.310739e+02 1.140432e+01
      vertex   3.001247e+02 7.308591e+02 0.000000e+00
    endloop
  endfacet
  facet normal 3.826834e-01 9.238795e-01 -0.000000e+00
    outer loop
      vertex   3.001247e+02 7.308591e+02 0.000000e+00
      vertex   2.996062e+02 7.310739e+02 1.140432e+01
      vertex   3.001247e+02 7.308591e+02 1.140432e+01
    endloop
  endfacet
  facet normal 1.305262e-01 9.914449e-01 -0.000000e+00
    outer loop
      vertex   3.001247e+02 7.308591e+02 0.000000e+00
      vertex   3.001247e+02 7.308591e+02 1.140432e+01
      vertex   3.006812e+02 7.307859e+02 0.000000e+00
    endloop
  endfacet
  facet normal 1.305262e-01 9.914449e-01 -0.000000e+00
    outer loop
      vertex   3.006812e+02 7.307859e+02 0.000000e+00
      vertex   3.001247e+02 7.308591e+02 1.140432e+01
      vertex   3.006812e+02 7.307859e+02 1.140432e+01
    endloop
  endfacet
  facet normal -1.305262e-01 9.914449e-01 0.000000e+00
    outer loop
      vertex   3.006812e+02 7.307859e+02 0.000000e+00
      vertex   3.006812e+02 7.307859e+02 1.140432e+01
      vertex   3.012376e+02 7.308591e+02 0.000000e+00
    endloop
  endfacet
  facet normal -1.305262e-01 9.914449e-01 0.000000e+00
    outer loop
      vertex   3.012376e+02 7.308591e+02 0.000000e+00
      vertex   3.006812e+02 7.307859e+02 1.140432e+01
      vertex   3.012376e+02 7.308591e+02 1.140432e+01
    endloop
  endfacet
  facet normal -3.826834e-01 9.238795e-01 0.000000e+00
    outer loop
      vertex   3.012376e+02 7.308591e+02 0.000000e+00
      vertex   3.012376e+02 7.308591e+02 1.140432e+01
      vertex   3.017562e+02 7.310739e+02 0.000000e+00
    endloop
  endfacet
  facet normal -3.826834e-01 9.238795e-01 0.000000e+00
    outer loop
      vertex   3.017562e+02 7.310739e+02 0.000000e+00
      vertex   3.012376e+02 7.308591e+02 1.140432e+01
      vertex   3.017562e+02 7.310739e+02 1.140432e+01
    endloop
  endfacet
  facet normal -6.087614e-01 7.933533e-01 0.000000e+00
    outer loop
      vertex   3.017562e+02 7.310739e+02 0.000000e+00
      vertex   3.017562e+02 7.310739e+02 1.140432e+01
      vertex   3.022015e+02 7.314156e+02 0.000000e+00
    endloop
  endfacet
  facet normal -6.087614e-01 7.933533e-01 0.000000e+00
    outer loop
      vertex   3.022015e+02 7.314156e+02 0.000000e+00
      vertex   3.017562e+02 7.310739e+02 1.140432e+01
      vertex   3.022015e+02 7.314156e+02 1.140432e+01
    endloop
  endfacet
  facet normal -7.933533e-01 6.087614e-01 0.000000e+00
    outer loop
      vertex   3.022015e+02 7.314156e+02 0.000000e+00
      vertex   3.022015e+02 7.314156e+02 1.140432e+01
      vertex   3.025431e+02 7.318609e+02 0.000000e+00
    endloop
  endfacet
  facet normal -7.933533e-01 6.087614e-01 0.000000e+00
    outer loop
      vertex   3.025431e+02 7.318609e+02 0.000000e+00
      vertex   3.022015e+02 7.314156e+02 1.140432e+01
      vertex   3.025431e+02 7.318609e+02 1.140432e+01
    endloop
  endfacet
  facet normal -9.238795e-01 3.826834e-01 0.000000e+00
    outer loop
      vertex   3.025431e+02 7.318609e+02 0.000000e+00
      vertex   3.025431e+02 7.318609e+02 1.140432e+01
      vertex   3.027579e+02 7.323794e+02 0.000000e+00
    endloop
  endfacet
  facet normal -9.238795e-01 3.826834e-01 4.604962e-15
    outer loop
      vertex   3.027579e+02 7.323794e+02 0.000000e+00
      vertex   3.025431e+02 7.318609e+02 1.140432e+01
      vertex   3.027579e+02 7.323794e+02 1.140432e+01
    endloop
  endfacet
  facet normal -9.914449e-01 -1.305262e-01 -5.177339e-15
    outer loop
      vertex   3.027579e+02 7.334923e+02 3.369399e+01
      vertex   3.027579e+02 7.334923e+02 2.280864e+01
      vertex   3.028312e+02 7.329359e+02 3.368499e+01
    endloop
  endfacet
  facet normal -9.914449e-01 -1.305262e-01 -0.000000e+00
    outer loop
      vertex   3.028312e+02 7.329359e+02 3.368499e+01
      vertex   3.027579e+02 7.334923e+02 2.280864e+01
      vertex   3.028312e+02 7.329359e+02 2.280864e+01
    endloop
  endfacet
  facet normal -9.914449e-01 1.305262e-01 0.000000e+00
    outer loop
      vertex   3.028312e+02 7.329359e+02 3.368499e+01
      vertex   3.028312e+02 7.329359e+02 2.280864e+01
      vertex   3.027579e+02 7.323794e+02 2.280864e+01
    endloop
  endfacet
  facet normal -9.914449e-01 1.305262e-01 0.000000e+00
    outer loop
      vertex   3.027579e+02 7.323794e+02 2.280864e+01
      vertex   3.028312e+02 7.329359e+02 2.280864e+01
      vertex   3.028312e+02 7.329359e+02 1.140432e+01
    endloop
  endfacet
  facet normal -9.914449e-01 1.305262e-01 0.000000e+00
    outer loop
      vertex   3.027579e+02 7.323794e+02 2.280864e+01
      vertex   3.028312e+02 7.329359e+02 1.140432e+01
      vertex   3.027579e+02 7.323794e+02 1.140432e+01
    endloop
  endfacet
  facet normal -9.238795e-01 -3.826834e-01 -4.824512e-15
    outer loop
      vertex   3.027579e+02 7.334923e+02 2.280864e+01
      vertex   3.027579e+02 7.334923e+02 3.369399e+01
      vertex   3.025431e+02 7.340109e+02 2.280864e+01
    endloop
  endfacet
  facet normal -9.238795e-01 -3.826834e-01 0.000000e+00
    outer loop
      vertex   3.025431e+02 7.340109e+02 2.280864e+01
      vertex   3.027579e+02 7.334923e+02 3.369399e+01
      vertex   3.025431e+02 7.340109e+02 3.372036e+01
    endloop
  endfacet
  facet normal -7.933533e-01 -6.087614e-01 0.000000e+00
    outer loop
      vertex   3.025431e+02 7.340109e+02 2.280864e+01
      vertex   3.025431e+02 7.340109e+02 3.372036e+01
      vertex   3.022015e+02 7.344562e+02 2.280864e+01
    endloop
  endfacet
  facet normal -7.933533e-01 -6.087614e-01 0.000000e+00
    outer loop
      vertex   3.022015e+02 7.344562e+02 2.280864e+01
      vertex   3.025431e+02 7.340109e+02 3.372036e+01
      vertex   3.022015e+02 7.344562e+02 3.376231e+01
    endloop
  endfacet
  facet normal -6.087614e-01 -7.933533e-01 0.000000e+00
    outer loop
      vertex   3.022015e+02 7.344562e+02 2.280864e+01
      vertex   3.022015e+02 7.344562e+02 3.376231e+01
      vertex   3.017562e+02 7.347978e+02 2.280864e+01
    endloop
  endfacet
  facet normal -6.087614e-01 -7.933533e-01 0.000000e+00
    outer loop
      vertex   3.017562e+02 7.347978e+02 2.280864e+01
      vertex   3.022015e+02 7.344562e+02 3.376231e+01
      vertex   3.017562e+02 7.347978e+02 3.381698e+01
    endloop
  endfacet
  facet normal -3.826834e-01 -9.238795e-01 0.000000e+00
    outer loop
      vertex   3.017562e+02 7.347978e+02 2.280864e+01
      vertex   3.017562e+02 7.347978e+02 3.381698e+01
      vertex   3.012376e+02 7.350126e+02 2.280864e+01
    endloop
  endfacet
  facet normal -3.826834e-01 -9.238795e-01 0.000000e+00
    outer loop
      vertex   3.012376e+02 7.350126e+02 2.280864e+01
      vertex   3.017562e+02 7.347978e+02 3.381698e+01
      vertex   3.012376e+02 7.350126e+02 3.388065e+01
    endloop
  endfacet
  facet normal -1.305262e-01 -9.914449e-01 0.000000e+00
    outer loop
      vertex   3.012376e+02 7.350126e+02 2.280864e+01
      vertex   3.012376e+02 7.350126e+02 3.388065e+01
      vertex   3.006812e+02 7.350859e+02 2.280864e+01
    endloop
  endfacet
  facet normal -1.305262e-01 -9.914449e-01 0.000000e+00
    outer loop
      vertex   3.006812e+02 7.350859e+02 2.280864e+01
      vertex   3.012376e+02 7.350126e+02 3.388065e+01
      vertex   3.006812e+02 7.350859e+02 3.394898e+01
    endloop
  endfacet
  facet normal 1.305262e-01 -9.914449e-01 0.000000e+00
    outer loop
      vertex   3.006812e+02 7.350859e+02 2.280864e+01
      vertex   3.006812e+02 7.350859e+02 3.394898e+01
      vertex   3.001247e+02 7.350126e+02 2.280864e+01
    endloop
  endfacet
  facet normal 1.305262e-01 -9.914449e-01 0.000000e+00
    outer loop
      vertex   3.001247e+02 7.350126e+02 2.280864e+01
      vertex   3.006812e+02 7.350859e+02 3.394898e+01
      vertex   3.001247e+02 7.350126e+02 3.401730e+01
    endloop
  endfacet
  facet normal 3.826834e-01 -9.238795e-01 0.000000e+00
    outer loop
      vertex   3.001247e+02 7.350126e+02 2.280864e+01
      vertex   3.001247e+02 7.350126e+02 3.401730e+01
      vertex   2.996062e+02 7.347978e+02 2.280864e+01
    endloop
  endfacet
  facet normal 3.826834e-01 -9.238795e-01 0.000000e+00
    outer loop
      vertex   2.996062e+02 7.347978e+02 2.280864e+01
      vertex   3.001247e+02 7.350126e+02 3.401730e+01
      vertex   2.996062e+02 7.347978e+02 3.408097e+01
    endloop
  endfacet
  facet normal 6.087614e-01 -7.933533e-01 0.000000e+00
    outer loop
      vertex   2.996062e+02 7.347978e+02 2.280864e+01
      vertex   2.996062e+02 7.347978e+02 3.408097e+01
      vertex   2.991609e+02 7.344562e+02 2.280864e+01
    endloop
  endfacet
  facet normal 6.087614e-01 -7.933533e-01 0.000000e+00
    outer loop
      vertex   2.991609e+02 7.344562e+02 2.280864e+01
      vertex   2.996062e+02 7.347978e+02 3.408097e+01
      vertex   2.991609e+02 7.344562e+02 3.413564e+01
    endloop
  endfacet
  facet normal 7.933533e-01 -6.087614e-01 0.000000e+00
    outer loop
      vertex   2.991609e+02 7.344562e+02 2.280864e+01
      vertex   2.991609e+02 7.344562e+02 3.413564e+01
      vertex   2.988192e+02 7.340109e+02 2.280864e+01
    endloop
  endfacet
  facet normal 7.933533e-01 -6.087614e-01 0.000000e+00
    outer loop
      vertex   2.988192e+02 7.340109e+02 2.280864e+01
      vertex   2.991609e+02 7.344562e+02 3.413564e+01
      vertex   2.988192e+02 7.340109e+02 3.417760e+01
    endloop
  endfacet
  facet normal 9.238795e-01 -3.826834e-01 0.000000e+00
    outer loop
      vertex   2.988192e+02 7.340109e+02 2.280864e+01
      vertex   2.988192e+02 7.340109e+02 3.417760e+01
      vertex   2.986044e+02 7.334923e+02 2.280864e+01
    endloop
  endfacet
  facet normal 9.238795e-01 -3.826834e-01 0.000000e+00
    outer loop
      vertex   2.986044e+02 7.334923e+02 2.280864e+01
      vertex   2.988192e+02 7.340109e+02 3.417760e+01
      vertex   2.986044e+02 7.334923e+02 3.420397e+01
    endloop
  endfacet
  facet normal 9.914449e-01 -1.305262e-01 0.000000e+00
    outer loop
      vertex   2.986044e+02 7.334923e+02 2.280864e+01
      vertex   2.986044e+02 7.334923e+02 3.420397e+01
      vertex   2.985312e+02 7.329359e+02 2.280864e+01
    endloop
  endfacet
  facet normal 9.914449e-01 -1.305262e-01 0.000000e+00
    outer loop
      vertex   2.985312e+02 7.329359e+02 2.280864e+01
      vertex   2.986044e+02 7.334923e+02 3.420397e+01
      vertex   2.985312e+02 7.329359e+02 3.421296e+01
    endloop
  endfacet
  facet normal 9.914449e-01 1.305262e-01 -0.000000e+00
    outer loop
      vertex   2.985312e+02 7.329359e+02 2.280864e+01
      vertex   2.985312e+02 7.329359e+02 3.421296e+01
      vertex   2.986044e+02 7.323794e+02 3.420397e+01
    endloop
  endfacet
  facet normal 9.914449e-01 1.305262e-01 0.000000e+00
    outer loop
      vertex   2.985312e+02 7.329359e+02 2.280864e+01
      vertex   2.986044e+02 7.323794e+02 3.420397e+01
      vertex   2.986044e+02 7.323794e+02 2.280864e+01
    endloop
  endfacet
  facet normal 9.238795e-01 3.826834e-01 -0.000000e+00
    outer loop
      vertex   2.986044e+02 7.323794e+02 2.280864e+01
      vertex   2.986044e+02 7.323794e+02 3.420397e+01
      vertex   2.988192e+02 7.318609e+02 3.417760e+01
    endloop
  endfacet
  facet normal 9.238795e-01 3.826834e-01 0.000000e+00
    outer loop
      vertex   2.986044e+02 7.323794e+02 2.280864e+01
      vertex   2.988192e+02 7.318609e+02 3.417760e+01
      vertex   2.988192e+02 7.318609e+02 2.280864e+01
    endloop
  endfacet
  facet normal 7.933533e-01 6.087614e-01 -0.000000e+00
    outer loop
      vertex   2.988192e+02 7.318609e+02 2.280864e+01
      vertex   2.988192e+02 7.318609e+02 3.417760e+01
      vertex   2.991609e+02 7.314156e+02 3.413564e+01
    endloop
  endfacet
  facet normal 7.933533e-01 6.087614e-01 0.000000e+00
    outer loop
      vertex   2.988192e+02 7.318609e+02 2.280864e+01
      vertex   2.991609e+02 7.314156e+02 3.413564e+01
      vertex   2.991609e+02 7.314156e+02 2.280864e+01
    endloop
  endfacet
  facet normal 6.087614e-01 7.933533e-01 -0.000000e+00
    outer loop
      vertex   2.991609e+02 7.314156e+02 2.280864e+01
      vertex   2.991609e+02 7.314156e+02 3.413564e+01
      vertex   2.996062e+02 7.310739e+02 3.408097e+01
    endloop
  endfacet
  facet normal 6.087614e-01 7.933533e-01 0.000000e+00
    outer loop
      vertex   2.991609e+02 7.314156e+02 2.280864e+01
      vertex   2.996062e+02 7.310739e+02 3.408097e+01
      vertex   2.996062e+02 7.310739e+02 2.280864e+01
    endloop
  endfacet
  facet normal 3.826834e-01 9.238795e-01 -0.000000e+00
    outer loop
      vertex   2.996062e+02 7.310739e+02 2.280864e+01
      vertex   2.996062e+02 7.310739e+02 3.408097e+01
      vertex   3.001247e+02 7.308591e+02 3.401730e+01
    endloop
  endfacet
  facet normal 3.826834e-01 9.238795e-01 0.000000e+00
    outer loop
      vertex   2.996062e+02 7.310739e+02 2.280864e+01
      vertex   3.001247e+02 7.308591e+02 3.401730e+01
      vertex   3.001247e+02 7.308591e+02 2.280864e+01
    endloop
  endfacet
  facet normal 1.305262e-01 9.914449e-01 -0.000000e+00
    outer loop
      vertex   3.001247e+02 7.308591e+02 2.280864e+01
      vertex   3.001247e+02 7.308591e+02 3.401730e+01
      vertex   3.006812e+02 7.307859e+02 3.394898e+01
    endloop
  endfacet
  facet normal 1.305262e-01 9.914449e-01 0.000000e+00
    outer loop
      vertex   3.001247e+02 7.308591e+02 2.280864e+01
      vertex   3.006812e+02 7.307859e+02 3.394898e+01
      vertex   3.006812e+02 7.307859e+02 2.280864e+01
    endloop
  endfacet
  facet normal -1.305262e-01 9.914449e-01 0.000000e+00
    outer loop
      vertex   3.006812e+02 7.307859e+02 2.280864e+01
      vertex   3.006812e+02 7.307859e+02 3.394898e+01
      vertex   3.012376e+02 7.308591e+02 3.388065e+01
    endloop
  endfacet
  facet normal -1.305262e-01 9.914449e-01 0.000000e+00
    outer loop
      vertex   3.006812e+02 7.307859e+02 2.280864e+01
      vertex   3.012376e+02 7.308591e+02 3.388065e+01
      vertex   3.012376e+02 7.308591e+02 2.280864e+01
    endloop
  endfacet
  facet normal -3.826834e-01 9.238795e-01 0.000000e+00
    outer loop
      vertex   3.012376e+02 7.308591e+02 2.280864e+01
      vertex   3.012376e+02 7.308591e+02 3.388065e+01
      vertex   3.017562e+02 7.310739e+02 3.381698e+01
    endloop
  endfacet
  facet normal -3.826834e-01 9.238795e-01 0.000000e+00
    outer loop
      vertex   3.012376e+02 7.308591e+02 2.280864e+01
      vertex   3.017562e+02 7.310739e+02 3.381698e+01
      vertex   3.017562e+02 7.310739e+02 2.280864e+01
    endloop
  endfacet
  facet normal -6.087614e-01 7.933533e-01 0.000000e+00
    outer loop
      vertex   3.017562e+02 7.310739e+02 2.280864e+01
      vertex   3.017562e+02 7.310739e+02 3.381698e+01
      vertex   3.022015e+02 7.314156e+02 3.376231e+01
    endloop
  endfacet
  facet normal -6.087614e-01 7.933533e-01 0.000000e+00
    outer loop
      vertex   3.017562e+02 7.310739e+02 2.280864e+01
      vertex   3.022015e+02 7.314156e+02 3.376231e+01
      vertex   3.022015e+02 7.314156e+02 2.280864e+01
    endloop
  endfacet
  facet normal -7.933533e-01 6.087614e-01 0.000000e+00
    outer loop
      vertex   3.022015e+02 7.314156e+02 2.280864e+01
      vertex   3.022015e+02 7.314156e+02 3.376231e+01
      vertex   3.025431e+02 7.318609e+02 3.372036e+01
    endloop
  endfacet
  facet normal -7.933533e-01 6.087614e-01 0.000000e+00
    outer loop
      vertex   3.022015e+02 7.314156e+02 2.280864e+01
      vertex   3.025431e+02 7.318609e+02 3.372036e+01
      vertex   3.025431e+02 7.318609e+02 2.280864e+01
    endloop
  endfacet
  facet normal -9.238795e-01 3.826834e-01 0.000000e+00
    outer loop
      vertex   3.025431e+02 7.318609e+02 2.280864e+01
      vertex   3.025431e+02 7.318609e+02 3.372036e+01
      vertex   3.027579e+02 7.323794e+02 3.369399e+01
    endloop
  endfacet
  facet normal -9.238795e-01 3.826834e-01 -4.824658e-15
    outer loop
      vertex   3.025431e+02 7.318609e+02 2.280864e+01
      vertex   3.027579e+02 7.323794e+02 3.369399e+01
      vertex   3.027579e+02 7.323794e+02 2.280864e+01
    endloop
  endfacet
  facet normal -9.914449e-01 1.305262e-01 -5.177339e-15
    outer loop
      vertex   3.027579e+02 7.323794e+02 2.280864e+01
      vertex   3.027579e+02 7.323794e+02 3.369399e+01
      vertex   3.028312e+02 7.329359e+02 3.368499e+01
    endloop
  endfacet
  facet normal -9.914449e-01 -1.305262e-01 0.000000e+00
    outer loop
      vertex   3.028312e+02 7.329359e+02 1.140432e+01
      vertex   3.028312e+02 7.329359e+02 2.280864e+01
      vertex   3.027579e+02 7.334923e+02 1.140432e+01
    endloop
  endfacet
  facet normal -9.914449e-01 -1.305262e-01 0.000000e+00
    outer loop
      vertex   3.027579e+02 7.334923e+02 1.140432e+01
      vertex   3.028312e+02 7.329359e+02 2.280864e+01
      vertex   3.027579e+02 7.334923e+02 2.280864e+01
    endloop
  endfacet
  facet normal -9.238795e-01 -3.826834e-01 0.000000e+00
    outer loop
      vertex   3.027579e+02 7.334923e+02 1.140432e+01
      vertex   3.027579e+02 7.334923e+02 2.280864e+01
      vertex   3.025431e+02 7.340109e+02 1.140432e+01
    endloop
  endfacet
  facet normal -9.238795e-01 -3.826834e-01 0.000000e+00
    outer loop
      vertex   3.025431e+02 7.340109e+02 1.140432e+01
      vertex   3.027579e+02 7.334923e+02 2.280864e+01
      vertex   3.025431e+02 7.340109e+02 2.280864e+01
    endloop
  endfacet
  facet normal -7.933533e-01 -6.087614e-01 0.000000e+00
    outer loop
      vertex   3.025431e+02 7.340109e+02 1.140432e+01
      vertex   3.025431e+02 7.340109e+02 2.280864e+01
      vertex   3.022015e+02 7.344562e+02 1.140432e+01
    endloop
  endfacet
  facet normal -7.933533e-01 -6.087614e-01 0.000000e+00
    outer loop
      vertex   3.022015e+02 7.344562e+02 1.140432e+01
      vertex   3.025431e+02 7.340109e+02 2.280864e+01
      vertex   3.022015e+02 7.344562e+02 2.280864e+01
    endloop
  endfacet
  facet normal -6.087614e-01 -7.933533e-01 0.000000e+00
    outer loop
      vertex   3.022015e+02 7.344562e+02 1.140432e+01
      vertex   3.022015e+02 7.344562e+02 2.280864e+01
      vertex   3.017562e+02 7.347978e+02 1.140432e+01
    endloop
  endfacet
  facet normal -6.087614e-01 -7.933533e-01 0.000000e+00
    outer loop
      vertex   3.017562e+02 7.347978e+02 1.140432e+01
      vertex   3.022015e+02 7.344562e+02 2.280864e+01
      vertex   3.017562e+02 7.347978e+02 2.280864e+01
    endloop
  endfacet
  facet normal -3.826834e-01 -9.238795e-01 0.000000e+00
    outer loop
      vertex   3.017562e+02 7.347978e+02 1.140432e+01
      vertex   3.017562e+02 7.347978e+02 2.280864e+01
      vertex   3.012376e+02 7.350126e+02 1.140432e+01
    endloop
  endfacet
  facet normal -3.826834e-01 -9.238795e-01 0.000000e+00
    outer loop
      vertex   3.012376e+02 7.350126e+02 1.140432e+01
      vertex   3.017562e+02 7.347978e+02 2.280864e+01
      vertex   3.012376e+02 7.350126e+02 2.280864e+01
    endloop
  endfacet
  facet normal -1.305262e-01 -9.914449e-01 0.000000e+00
    outer loop
      vertex   3.012376e+02 7.350126e+02 1.140432e+01
      vertex   3.012376e+02 7.350126e+02 2.280864e+01
      vertex   3.006812e+02 7.350859e+02 1.140432e+01
    endloop
  endfacet
  facet normal -1.305262e-01 -9.914449e-01 0.000000e+00
    outer loop
      vertex   3.006812e+02 7.350859e+02 1.140432e+01
      vertex   3.012376e+02 7.350126e+02 2.280864e+01
      vertex   3.006812e+02 7.350859e+02 2.280864e+01
    endloop
  endfacet
  facet normal 1.305262e-01 -9.914449e-01 0.000000e+00
    outer loop
      vertex   3.006812e+02 7.350859e+02 1.140432e+01
      vertex   3.006812e+02 7.350859e+02 2.280864e+01
      vertex   3.001247e+02 7.350126e+02 1.140432e+01
    endloop
  endfacet
  facet normal 1.305262e-01 -9.914449e-01 0.000000e+00
    outer loop
      vertex   3.001247e+02 7.350126e+02 1.140432e+01
      vertex   3.006812e+02 7.350859e+02 2.280864e+01
      vertex   3.001247e+02 7.350126e+02 2.280864e+01
    endloop
  endfacet
  facet normal 3.826834e-01 -9.238795e-01 0.000000e+00
    outer loop
      vertex   3.001247e+02 7.350126e+02 1.140432e+01
      vertex   3.001247e+02 7.350126e+02 2.280864e+01
      vertex   2.996062e+02 7.347978e+02 1.140432e+01
    endloop
  endfacet
  facet normal 3.826834e-01 -9.238795e-01 0.000000e+00
    outer loop
      vertex   2.996062e+02 7.347978e+02 1.140432e+01
      vertex   3.001247e+02 7.350126e+02 2.280864e+01
      vertex   2.996062e+02 7.347978e+02 2.280864e+01
    endloop
  endfacet
  facet normal 6.087614e-01 -7.933533e-01 0.000000e+00
    outer loop
      vertex   2.996062e+02 7.347978e+02 1.140432e+01
      vertex   2.996062e+02 7.347978e+02 2.280864e+01
      vertex   2.991609e+02 7.344562e+02 1.140432e+01
    endloop
  endfacet
  facet normal 6.087614e-01 -7.933533e-01 0.000000e+00
    outer loop
      vertex   2.991609e+02 7.344562e+02 1.140432e+01
      vertex   2.996062e+02 7.347978e+02 2.280864e+01
      vertex   2.991609e+02 7.344562e+02 2.280864e+01
    endloop
  endfacet
  facet normal 7.933533e-01 -6.087614e-01 0.000000e+00
    outer loop
      vertex   2.991609e+02 7.344562e+02 1.140432e+01
      vertex   2.991609e+02 7.344562e+02 2.280864e+01
      vertex   2.988192e+02 7.340109e+02 1.140432e+01
    endloop
  endfacet
  facet normal 7.933533e-01 -6.087614e-01 0.000000e+00
    outer loop
      vertex   2.988192e+02 7.340109e+02 1.140432e+01
      vertex   2.991609e+02 7.344562e+02 2.280864e+01
      vertex   2.988192e+02 7.340109e+02 2.280864e+01
    endloop
  endfacet
  facet normal 9.238795e-01 -3.826834e-01 0.000000e+00
    outer loop
      vertex   2.988192e+02 7.340109e+02 1.140432e+01
      vertex   2.988192e+02 7.340109e+02 2.280864e+01
      vertex   2.986044e+02 7.334923e+02 1.140432e+01
    endloop
  endfacet
  facet normal 9.238795e-01 -3.826834e-01 0.000000e+00
    outer loop
      vertex   2.986044e+02 7.334923e+02 1.140432e+01
      vertex   2.988192e+02 7.340109e+02 2.280864e+01
      vertex   2.986044e+02 7.334923e+02 2.280864e+01
    endloop
  endfacet
  facet normal 9.914449e-01 -1.305262e-01 0.000000e+00
    outer loop
      vertex   2.986044e+02 7.334923e+02 1.140432e+01
      vertex   2.986044e+02 7.334923e+02 2.280864e+01
      vertex   2.985312e+02 7.329359e+02 1.140432e+01
    endloop
  endfacet
  facet normal 9.914449e-01 -1.305262e-01 0.000000e+00
    outer loop
      vertex   2.985312e+02 7.329359e+02 1.140432e+01
      vertex   2.986044e+02 7.334923e+02 2.280864e+01
      vertex   2.985312e+02 7.329359e+02 2.280864e+01
    endloop
  endfacet
  facet normal 9.914449e-01 1.305262e-01 -0.000000e+00
    outer loop
      vertex   2.985312e+02 7.329359e+02 1.140432e+01
      vertex   2.985312e+02 7.329359e+02 2.280864e+01
      vertex   2.986044e+02 7.323794e+02 1.140432e+01
    endloop
  endfacet
  facet normal 9.914449e-01 1.305262e-01 -0.000000e+00
    outer loop
      vertex   2.986044e+02 7.323794e+02 1.140432e+01
      vertex   2.985312e+02 7.329359e+02 2.280864e+01
      vertex   2.986044e+02 7.323794e+02 2.280864e+01
    endloop
  endfacet
  facet normal 9.238795e-01 3.826834e-01 -0.000000e+00
    outer loop
      vertex   2.986044e+02 7.323794e+02 1.140432e+01
      vertex   2.986044e+02 7.323794e+02 2.280864e+01
      vertex   2.988192e+02 7.318609e+02 1.140432e+01
    endloop
  endfacet
  facet normal 9.238795e-01 3.826834e-01 -0.000000e+00
    outer loop
      vertex   2.988192e+02 7.318609e+02 1.140432e+01
      vertex   2.986044e+02 7.323794e+02 2.280864e+01
      vertex   2.988192e+02 7.318609e+02 2.280864e+01
    endloop
  endfacet
  facet normal 7.933533e-01 6.087614e-01 -0.000000e+00
    outer loop
      vertex   2.988192e+02 7.318609e+02 1.140432e+01
      vertex   2.988192e+02 7.318609e+02 2.280864e+01
      vertex   2.991609e+02 7.314156e+02 1.140432e+01
    endloop
  endfacet
  facet normal 7.933533e-01 6.087614e-01 -0.000000e+00
    outer loop
      vertex   2.991609e+02 7.314156e+02 1.140432e+01
      vertex   2.988192e+02 7.318609e+02 2.280864e+01
      vertex   2.991609e+02 7.314156e+02 2.280864e+01
    endloop
  endfacet
  facet normal 6.087614e-01 7.933533e-01 -0.000000e+00
    outer loop
      vertex   2.991609e+02 7.314156e+02 1.140432e+01
      vertex   2.991609e+02 7.314156e+02 2.280864e+01
      vertex   2.996062e+02 7.310739e+02 1.140432e+01
    endloop
  endfacet
  facet normal 6.087614e-01 7.933533e-01 -0.000000e+00
    outer loop
      vertex   2.996062e+02 7.310739e+02 1.140432e+01
      vertex   2.991609e+02 7.314156e+02 2.280864e+01
      vertex   2.996062e+02 7.310739e+02 2.280864e+01
    endloop
  endfacet
  facet normal 3.826834e-01 9.238795e-01 -0.000000e+00
    outer loop
      vertex   2.996062e+02 7.310739e+02 1.140432e+01
      vertex   2.996062e+02 7.310739e+02 2.280864e+01
      vertex   3.001247e+02 7.308591e+02 1.140432e+01
    endloop
  endfacet
  facet normal 3.826834e-01 9.238795e-01 -0.000000e+00
    outer loop
      vertex   3.001247e+02 7.308591e+02 1.140432e+01
      vertex   2.996062e+02 7.310739e+02 2.280864e+01
      vertex   3.001247e+02 7.308591e+02 2.280864e+01
    endloop
  endfacet
  facet normal 1.305262e-01 9.914449e-01 -0.000000e+00
    outer loop
      vertex   3.001247e+02 7.308591e+02 1.140432e+01
      vertex   3.001247e+02 7.308591e+02 2.280864e+01
      vertex   3.006812e+02 7.307859e+02 1.140432e+01
    endloop
  endfacet
  facet normal 1.305262e-01 9.914449e-01 -0.000000e+00
    outer loop
      vertex   3.006812e+02 7.307859e+02 1.140432e+01
      vertex   3.001247e+02 7.308591e+02 2.280864e+01
      vertex   3.006812e+02 7.307859e+02 2.280864e+01
    endloop
  endfacet
  facet normal -1.305262e-01 9.914449e-01 0.000000e+00
    outer loop
      vertex   3.006812e+02 7.307859e+02 1.140432e+01
      vertex   3.006812e+02 7.307859e+02 2.280864e+01
      vertex   3.012376e+02 7.308591e+02 1.140432e+01
    endloop
  endfacet
  facet normal -1.305262e-01 9.914449e-01 0.000000e+00
    outer loop
      vertex   3.012376e+02 7.308591e+02 1.140432e+01
      vertex   3.006812e+02 7.307859e+02 2.280864e+01
      vertex   3.012376e+02 7.308591e+02 2.280864e+01
    endloop
  endfacet
  facet normal -3.826834e-01 9.238795e-01 0.000000e+00
    outer loop
      vertex   3.012376e+02 7.308591e+02 1.140432e+01
      vertex   3.012376e+02 7.308591e+02 2.280864e+01
      vertex   3.017562e+02 7.310739e+02 1.140432e+01
    endloop
  endfacet
  facet normal -3.826834e-01 9.238795e-01 0.000000e+00
    outer loop
      vertex   3.017562e+02 7.310739e+02 1.140432e+01
      vertex   3.012376e+02 7.308591e+02 2.280864e+01
      vertex   3.017562e+02 7.310739e+02 2.280864e+01
    endloop
  endfacet
  facet normal -6.087614e-01 7.933533e-01 0.000000e+00
    outer loop
      vertex   3.017562e+02 7.310739e+02 1.140432e+01
      vertex   3.017562e+02 7.310739e+02 2.280864e+01
      vertex   3.022015e+02 7.314156e+02 1.140432e+01
    endloop
  endfacet
  facet normal -6.087614e-01 7.933533e-01 0.000000e+00
    outer loop
      vertex   3.022015e+02 7.314156e+02 1.140432e+01
      vertex   3.017562e+02 7.310739e+02 2.280864e+01
      vertex   3.022015e+02 7.314156e+02 2.280864e+01
    endloop
  endfacet
  facet normal -7.933533e-01 6.087614e-01 0.000000e+00
    outer loop
      vertex   3.022015e+02 7.314156e+02 1.140432e+01
      vertex   3.022015e+02 7.314156e+02 2.280864e+01
      vertex   3.025431e+02 7.318609e+02 1.140432e+01
    endloop
  endfacet
  facet normal -7.933533e-01 6.087614e-01 0.000000e+00
    outer loop
      vertex   3.025431e+02 7.318609e+02 1.140432e+01
      vertex   3.022015e+02 7.314156e+02 2.280864e+01
      vertex   3.025431e+02 7.318609e+02 2.280864e+01
    endloop
  endfacet
  facet normal -9.238795e-01 3.826834e-01 0.000000e+00
    outer loop
      vertex   3.025431e+02 7.318609e+02 1.140432e+01
      vertex   3.025431e+02 7.318609e+02 2.280864e+01
      vertex   3.027579e+02 7.323794e+02 1.140432e+01
    endloop
  endfacet
  facet normal -9.238795e-01 3.826834e-01 0.000000e+00
    outer loop
      vertex   3.027579e+02 7.323794e+02 1.140432e+01
      vertex   3.025431e+02 7.318609e+02 2.280864e+01
      vertex   3.027579e+02 7.323794e+02 2.280864e+01
    endloop
  endfacet
  facet normal -1.731322e-02 -7.079556e-01 -7.060447e-01
    outer loop
      vertex   3.505001e+02 7.365383e+02 2.682419e+01
      vertex   3.052563e+02 7.321045e+02 3.237943e+01
      vertex   3.505000e+02 7.365383e+02 2.682419e+01
    endloop
  endfacet
  facet normal -1.731322e-02 -7.079556e-01 -7.060447e-01
    outer loop
      vertex   3.505000e+02 7.365383e+02 2.682419e+01
      vertex   3.052563e+02 7.321045e+02 3.237943e+01
      vertex   3.053263e+02 7.331500e+02 3.132937e+01
    endloop
  endfacet
  facet normal -1.731322e-02 -7.079556e-01 -7.060447e-01
    outer loop
      vertex   3.505000e+02 7.365383e+02 2.682419e+01
      vertex   3.053263e+02 7.331500e+02 3.132937e+01
      vertex   3.051604e+02 7.341847e+02 3.029599e+01
    endloop
  endfacet
  facet normal -1.731322e-02 -7.079556e-01 -7.060447e-01
    outer loop
      vertex   3.051604e+02 7.341847e+02 3.029599e+01
      vertex   3.047670e+02 7.351559e+02 2.933178e+01
      vertex   3.505000e+02 7.365383e+02 2.682419e+01
    endloop
  endfacet
  facet normal -1.731322e-02 -7.079556e-01 -7.060447e-01
    outer loop
      vertex   3.505000e+02 7.365383e+02 2.682419e+01
      vertex   3.047670e+02 7.351559e+02 2.933178e+01
      vertex   3.044909e+02 7.356021e+02 2.889111e+01
    endloop
  endfacet
  facet normal -1.731322e-02 -7.079556e-01 -7.060447e-01
    outer loop
      vertex   3.505000e+02 7.365383e+02 2.682419e+01
      vertex   3.044909e+02 7.356021e+02 2.889111e+01
      vertex   3.041662e+02 7.360144e+02 2.848569e+01
    endloop
  endfacet
  facet normal -1.731322e-02 -7.079556e-01 -7.060447e-01
    outer loop
      vertex   3.041662e+02 7.360144e+02 2.848569e+01
      vertex   3.447736e+02 7.399960e+02 2.349757e+01
      vertex   3.505000e+02 7.365383e+02 2.682419e+01
    endloop
  endfacet
  facet normal -1.731322e-02 -7.079556e-01 -7.060447e-01
    outer loop
      vertex   3.505000e+02 7.365383e+02 2.682419e+01
      vertex   3.447736e+02 7.399960e+02 2.349757e+01
      vertex   3.505040e+02 7.405576e+02 2.279395e+01
    endloop
  endfacet
  facet normal -1.218693e-01 -5.502198e-12 -9.925462e-01
    outer loop
      vertex   3.447736e+02 7.399960e+02 2.349757e+01
      vertex   3.505541e+02 7.405628e+02 2.278781e+01
      vertex   3.505040e+02 7.405576e+02 2.279395e+01
    endloop
  endfacet
  facet normal -1.218693e-01 -1.637918e-13 -9.925462e-01
    outer loop
      vertex   3.505040e+02 7.405576e+02 2.279395e+01
      vertex   3.505541e+02 7.405628e+02 2.278781e+01
      vertex   4.154725e+02 7.340615e+02 1.481683e+01
    endloop
  endfacet
  facet normal -1.218693e-01 9.154412e-12 -9.925462e-01
    outer loop
      vertex   3.505040e+02 7.405576e+02 2.279395e+01
      vertex   4.154725e+02 7.340615e+02 1.481683e+01
      vertex   4.154720e+02 7.340610e+02 1.481688e+01
    endloop
  endfacet
  facet normal -1.218693e-01 -9.362581e-12 -9.925462e-01
    outer loop
      vertex   4.154720e+02 7.340610e+02 1.481688e+01
      vertex   4.154716e+02 7.340604e+02 1.481694e+01
      vertex   3.505040e+02 7.405576e+02 2.279395e+01
    endloop
  endfacet
  facet normal -1.555977e-01 -6.993693e-01 -6.976188e-01
    outer loop
      vertex   3.505040e+02 7.405576e+02 2.279395e+01
      vertex   4.154716e+02 7.340604e+02 1.481694e+01
      vertex   3.505000e+02 7.365383e+02 2.682419e+01
    endloop
  endfacet
  facet normal -1.555977e-01 -6.993693e-01 -6.976188e-01
    outer loop
      vertex   3.505000e+02 7.365383e+02 2.682419e+01
      vertex   4.154716e+02 7.340604e+02 1.481694e+01
      vertex   4.149122e+02 7.331825e+02 1.582188e+01
    endloop
  endfacet
  facet normal -1.555977e-01 -6.993693e-01 -6.976188e-01
    outer loop
      vertex   3.505000e+02 7.365383e+02 2.682419e+01
      vertex   4.149122e+02 7.331825e+02 1.582188e+01
      vertex   4.145621e+02 7.322021e+02 1.688285e+01
    endloop
  endfacet
  facet normal -1.555977e-01 -6.993693e-01 -6.976188e-01
    outer loop
      vertex   4.145621e+02 7.322021e+02 1.688285e+01
      vertex   4.144389e+02 7.311683e+02 1.794666e+01
      vertex   3.505000e+02 7.365383e+02 2.682419e+01
    endloop
  endfacet
  facet normal -1.555977e-01 -6.993693e-01 -6.976188e-01
    outer loop
      vertex   3.505000e+02 7.365383e+02 2.682419e+01
      vertex   4.144389e+02 7.311683e+02 1.794666e+01
      vertex   4.145488e+02 7.301331e+02 1.895999e+01
    endloop
  endfacet
  facet normal -9.950932e-02 -9.950366e-01 0.000000e+00
    outer loop
      vertex   4.145488e+02 7.301331e+02 1.895999e+01
      vertex   4.145488e+02 7.301331e+02 1.996780e+01
      vertex   3.505000e+02 7.365383e+02 2.682419e+01
    endloop
  endfacet
  facet normal -9.950932e-02 -9.950366e-01 -7.591664e-09
    outer loop
      vertex   3.505000e+02 7.365383e+02 2.682419e+01
      vertex   4.145488e+02 7.301331e+02 1.996780e+01
      vertex   3.505001e+02 7.365383e+02 2.682419e+01
    endloop
  endfacet
  facet normal -9.950932e-02 -9.950366e-01 0.000000e+00
    outer loop
      vertex   3.505001e+02 7.365383e+02 2.682419e+01
      vertex   4.145488e+02 7.301331e+02 1.996780e+01
      vertex   3.505001e+02 7.365383e+02 2.783198e+01
    endloop
  endfacet
  facet normal 9.753070e-02 -9.952325e-01 0.000000e+00
    outer loop
      vertex   3.505001e+02 7.365383e+02 2.682419e+01
      vertex   3.505001e+02 7.365383e+02 2.783198e+01
      vertex   3.052563e+02 7.321045e+02 3.237943e+01
    endloop
  endfacet
  facet normal 9.753070e-02 -9.952325e-01 0.000000e+00
    outer loop
      vertex   3.052563e+02 7.321045e+02 3.237943e+01
      vertex   3.505001e+02 7.365383e+02 2.783198e+01
      vertex   3.052563e+02 7.321045e+02 3.338723e+01
    endloop
  endfacet
  facet normal 1.218693e-01 -3.224382e-16 9.925462e-01
    outer loop
      vertex   3.505541e+02 7.405628e+02 2.782536e+01
      vertex   3.505001e+02 7.365383e+02 2.783198e+01
      vertex   4.154725e+02 7.340615e+02 1.985438e+01
    endloop
  endfacet
  facet normal 1.218693e-01 -1.081723e-15 9.925462e-01
    outer loop
      vertex   4.154725e+02 7.340615e+02 1.985438e+01
      vertex   3.505001e+02 7.365383e+02 2.783198e+01
      vertex   4.145488e+02 7.301331e+02 1.996780e+01
    endloop
  endfacet
  facet normal 1.218693e-01 -2.375394e-15 9.925462e-01
    outer loop
      vertex   4.154725e+02 7.340615e+02 1.985438e+01
      vertex   4.145488e+02 7.301331e+02 1.996780e+01
      vertex   4.170121e+02 7.316948e+02 1.966534e+01
    endloop
  endfacet
  facet normal 1.218693e-01 1.134785e-14 9.925462e-01
    outer loop
      vertex   4.170121e+02 7.316948e+02 1.966534e+01
      vertex   4.145488e+02 7.301331e+02 1.996780e+01
      vertex   4.169388e+02 7.311384e+02 1.967434e+01
    endloop
  endfacet
  facet normal 1.218693e-01 -1.015701e-14 9.925462e-01
    outer loop
      vertex   4.169388e+02 7.311384e+02 1.967434e+01
      vertex   4.145488e+02 7.301331e+02 1.996780e+01
      vertex   4.170121e+02 7.305819e+02 1.966534e+01
    endloop
  endfacet
  facet normal 1.218693e-01 -8.668033e-15 9.925462e-01
    outer loop
      vertex   4.170121e+02 7.305819e+02 1.966534e+01
      vertex   4.145488e+02 7.301331e+02 1.996780e+01
      vertex   4.148408e+02 7.292470e+02 1.993194e+01
    endloop
  endfacet
  facet normal 1.218693e-01 -1.877098e-15 9.925462e-01
    outer loop
      vertex   4.170121e+02 7.305819e+02 1.966534e+01
      vertex   4.148408e+02 7.292470e+02 1.993194e+01
      vertex   4.172268e+02 7.300634e+02 1.963897e+01
    endloop
  endfacet
  facet normal 1.218693e-01 1.001540e-15 9.925462e-01
    outer loop
      vertex   4.172268e+02 7.300634e+02 1.963897e+01
      vertex   4.148408e+02 7.292470e+02 1.993194e+01
      vertex   4.153039e+02 7.284371e+02 1.987508e+01
    endloop
  endfacet
  facet normal 1.218693e-01 5.863230e-15 9.925462e-01
    outer loop
      vertex   4.172268e+02 7.300634e+02 1.963897e+01
      vertex   4.153039e+02 7.284371e+02 1.987508e+01
      vertex   4.175685e+02 7.296181e+02 1.959702e+01
    endloop
  endfacet
  facet normal 1.218693e-01 5.712643e-16 9.925462e-01
    outer loop
      vertex   4.175685e+02 7.296181e+02 1.959702e+01
      vertex   4.153039e+02 7.284371e+02 1.987508e+01
      vertex   4.159193e+02 7.277359e+02 1.979951e+01
    endloop
  endfacet
  facet normal 1.218693e-01 -5.346217e-15 9.925462e-01
    outer loop
      vertex   4.175685e+02 7.296181e+02 1.959702e+01
      vertex   4.159193e+02 7.277359e+02 1.979951e+01
      vertex   4.180138e+02 7.292764e+02 1.954234e+01
    endloop
  endfacet
  facet normal 1.218693e-01 -6.868276e-16 9.925462e-01
    outer loop
      vertex   4.180138e+02 7.292764e+02 1.954234e+01
      vertex   4.159193e+02 7.277359e+02 1.979951e+01
      vertex   4.166623e+02 7.271717e+02 1.970828e+01
    endloop
  endfacet
  facet normal 1.218693e-01 7.277616e-15 9.925462e-01
    outer loop
      vertex   4.180138e+02 7.292764e+02 1.954234e+01
      vertex   4.166623e+02 7.271717e+02 1.970828e+01
      vertex   4.185323e+02 7.290616e+02 1.947868e+01
    endloop
  endfacet
  facet normal 1.218693e-01 4.346015e-16 9.925462e-01
    outer loop
      vertex   4.185323e+02 7.290616e+02 1.947868e+01
      vertex   4.166623e+02 7.271717e+02 1.970828e+01
      vertex   4.175030e+02 7.267671e+02 1.960506e+01
    endloop
  endfacet
  facet normal 1.218693e-01 -4.196856e-15 9.925462e-01
    outer loop
      vertex   4.185323e+02 7.290616e+02 1.947868e+01
      vertex   4.175030e+02 7.267671e+02 1.960506e+01
      vertex   4.190888e+02 7.289884e+02 1.941035e+01
    endloop
  endfacet
  facet normal 1.218693e-01 1.388228e-15 9.925462e-01
    outer loop
      vertex   4.190888e+02 7.289884e+02 1.941035e+01
      vertex   4.175030e+02 7.267671e+02 1.960506e+01
      vertex   4.215030e+02 7.271642e+02 1.911392e+01
    endloop
  endfacet
  facet normal 1.218693e-01 1.063168e-14 9.925462e-01
    outer loop
      vertex   4.190888e+02 7.289884e+02 1.941035e+01
      vertex   4.215030e+02 7.271642e+02 1.911392e+01
      vertex   4.196453e+02 7.290616e+02 1.934203e+01
    endloop
  endfacet
  facet normal 1.218693e-01 -1.384493e-15 9.925462e-01
    outer loop
      vertex   4.196453e+02 7.290616e+02 1.934203e+01
      vertex   4.215030e+02 7.271642e+02 1.911392e+01
      vertex   4.201638e+02 7.292764e+02 1.927836e+01
    endloop
  endfacet
  facet normal 1.218693e-01 3.981717e-15 9.925462e-01
    outer loop
      vertex   4.201638e+02 7.292764e+02 1.927836e+01
      vertex   4.215030e+02 7.271642e+02 1.911392e+01
      vertex   4.223536e+02 7.278272e+02 1.900949e+01
    endloop
  endfacet
  facet normal 1.218693e-01 6.988537e-15 9.925462e-01
    outer loop
      vertex   4.201638e+02 7.292764e+02 1.927836e+01
      vertex   4.223536e+02 7.278272e+02 1.900949e+01
      vertex   4.206091e+02 7.296181e+02 1.922368e+01
    endloop
  endfacet
  facet normal 1.218693e-01 4.200114e-15 9.925462e-01
    outer loop
      vertex   4.206091e+02 7.296181e+02 1.922368e+01
      vertex   4.223536e+02 7.278272e+02 1.900949e+01
      vertex   4.230285e+02 7.286683e+02 1.892661e+01
    endloop
  endfacet
  facet normal 1.218693e-01 -6.720932e-15 9.925462e-01
    outer loop
      vertex   4.206091e+02 7.296181e+02 1.922368e+01
      vertex   4.230285e+02 7.286683e+02 1.892661e+01
      vertex   4.209508e+02 7.300634e+02 1.918173e+01
    endloop
  endfacet
  facet normal 1.218693e-01 -8.296602e-15 9.925462e-01
    outer loop
      vertex   4.209508e+02 7.300634e+02 1.918173e+01
      vertex   4.230285e+02 7.286683e+02 1.892661e+01
      vertex   4.234916e+02 7.296423e+02 1.886976e+01
    endloop
  endfacet
  facet normal 1.218693e-01 -9.313700e-15 9.925462e-01
    outer loop
      vertex   4.209508e+02 7.300634e+02 1.918173e+01
      vertex   4.234916e+02 7.296423e+02 1.886976e+01
      vertex   4.211655e+02 7.305819e+02 1.915536e+01
    endloop
  endfacet
  facet normal 1.218693e-01 5.540262e-15 9.925462e-01
    outer loop
      vertex   4.211655e+02 7.305819e+02 1.915536e+01
      vertex   4.234916e+02 7.296423e+02 1.886976e+01
      vertex   4.237178e+02 7.306968e+02 1.884198e+01
    endloop
  endfacet
  facet normal 1.218693e-01 -1.851300e-15 9.925462e-01
    outer loop
      vertex   4.211655e+02 7.305819e+02 1.915536e+01
      vertex   4.237178e+02 7.306968e+02 1.884198e+01
      vertex   4.212388e+02 7.311384e+02 1.914636e+01
    endloop
  endfacet
  facet normal 1.218693e-01 -4.386603e-15 9.925462e-01
    outer loop
      vertex   4.212388e+02 7.311384e+02 1.914636e+01
      vertex   4.237178e+02 7.306968e+02 1.884198e+01
      vertex   4.236950e+02 7.317750e+02 1.884478e+01
    endloop
  endfacet
  facet normal 1.218693e-01 1.588493e-15 9.925462e-01
    outer loop
      vertex   4.212388e+02 7.311384e+02 1.914636e+01
      vertex   4.236950e+02 7.317750e+02 1.884478e+01
      vertex   4.211655e+02 7.316948e+02 1.915536e+01
    endloop
  endfacet
  facet normal 1.218693e-01 4.677054e-15 9.925462e-01
    outer loop
      vertex   4.211655e+02 7.316948e+02 1.915536e+01
      vertex   4.236950e+02 7.317750e+02 1.884478e+01
      vertex   4.234245e+02 7.328189e+02 1.887800e+01
    endloop
  endfacet
  facet normal 1.218693e-01 9.983706e-15 9.925462e-01
    outer loop
      vertex   4.211655e+02 7.316948e+02 1.915536e+01
      vertex   4.234245e+02 7.328189e+02 1.887800e+01
      vertex   4.209508e+02 7.322134e+02 1.918173e+01
    endloop
  endfacet
  facet normal 1.218693e-01 -4.963875e-15 9.925462e-01
    outer loop
      vertex   4.209508e+02 7.322134e+02 1.918173e+01
      vertex   4.234245e+02 7.328189e+02 1.887800e+01
      vertex   4.229207e+02 7.337725e+02 1.893985e+01
    endloop
  endfacet
  facet normal 1.218693e-01 4.220477e-15 9.925462e-01
    outer loop
      vertex   4.209508e+02 7.322134e+02 1.918173e+01
      vertex   4.229207e+02 7.337725e+02 1.893985e+01
      vertex   4.206091e+02 7.326587e+02 1.922368e+01
    endloop
  endfacet
  facet normal 1.218693e-01 -8.509960e-15 9.925462e-01
    outer loop
      vertex   4.206091e+02 7.326587e+02 1.922368e+01
      vertex   4.229207e+02 7.337725e+02 1.893985e+01
      vertex   4.222109e+02 7.345844e+02 1.902701e+01
    endloop
  endfacet
  facet normal 1.218693e-01 -1.007981e-14 9.925462e-01
    outer loop
      vertex   4.206091e+02 7.326587e+02 1.922368e+01
      vertex   4.222109e+02 7.345844e+02 1.902701e+01
      vertex   4.201638e+02 7.330003e+02 1.927836e+01
    endloop
  endfacet
  facet normal 1.218693e-01 6.595957e-16 9.925462e-01
    outer loop
      vertex   4.201638e+02 7.330003e+02 1.927836e+01
      vertex   4.222109e+02 7.345844e+02 1.902701e+01
      vertex   4.213331e+02 7.352109e+02 1.913478e+01
    endloop
  endfacet
  facet normal 1.218693e-01 6.899859e-16 9.925462e-01
    outer loop
      vertex   4.201638e+02 7.330003e+02 1.927836e+01
      vertex   4.213331e+02 7.352109e+02 1.913478e+01
      vertex   4.196453e+02 7.332151e+02 1.934203e+01
    endloop
  endfacet
  facet normal 1.218693e-01 1.407977e-15 9.925462e-01
    outer loop
      vertex   4.196453e+02 7.332151e+02 1.934203e+01
      vertex   4.213331e+02 7.352109e+02 1.913478e+01
      vertex   4.203346e+02 7.356184e+02 1.925739e+01
    endloop
  endfacet
  facet normal 1.218693e-01 -2.729409e-15 9.925462e-01
    outer loop
      vertex   4.196453e+02 7.332151e+02 1.934203e+01
      vertex   4.203346e+02 7.356184e+02 1.925739e+01
      vertex   4.190888e+02 7.332884e+02 1.941035e+01
    endloop
  endfacet
  facet normal 1.218693e-01 -1.762704e-15 9.925462e-01
    outer loop
      vertex   4.190888e+02 7.332884e+02 1.941035e+01
      vertex   4.203346e+02 7.356184e+02 1.925739e+01
      vertex   4.192691e+02 7.357849e+02 1.938821e+01
    endloop
  endfacet
  facet normal 1.218693e-01 -1.474588e-15 9.925462e-01
    outer loop
      vertex   4.190888e+02 7.332884e+02 1.941035e+01
      vertex   4.192691e+02 7.357849e+02 1.938821e+01
      vertex   4.181939e+02 7.357014e+02 1.952023e+01
    endloop
  endfacet
  facet normal 1.218693e-01 -3.241870e-16 9.925462e-01
    outer loop
      vertex   3.505541e+02 7.405628e+02 2.782536e+01
      vertex   3.041662e+02 7.360144e+02 3.352107e+01
      vertex   3.505001e+02 7.365383e+02 2.783198e+01
    endloop
  endfacet
  facet normal 1.218693e-01 2.794105e-15 9.925462e-01
    outer loop
      vertex   3.505001e+02 7.365383e+02 2.783198e+01
      vertex   3.041662e+02 7.360144e+02 3.352107e+01
      vertex   3.052563e+02 7.321045e+02 3.338723e+01
    endloop
  endfacet
  facet normal 1.218693e-01 2.649627e-15 9.925462e-01
    outer loop
      vertex   3.052563e+02 7.321045e+02 3.338723e+01
      vertex   3.041662e+02 7.360144e+02 3.352107e+01
      vertex   3.027579e+02 7.334923e+02 3.369399e+01
    endloop
  endfacet
  facet normal 1.218693e-01 -5.387648e-15 9.925462e-01
    outer loop
      vertex   3.052563e+02 7.321045e+02 3.338723e+01
      vertex   3.027579e+02 7.334923e+02 3.369399e+01
      vertex   3.028312e+02 7.329359e+02 3.368499e+01
    endloop
  endfacet
  facet normal 1.218693e-01 -4.359939e-16 9.925462e-01
    outer loop
      vertex   3.033832e+02 7.367203e+02 3.361722e+01
      vertex   3.017562e+02 7.347978e+02 3.381698e+01
      vertex   3.041662e+02 7.360144e+02 3.352107e+01
    endloop
  endfacet
  facet normal 1.218693e-01 -2.421602e-16 9.925462e-01
    outer loop
      vertex   3.041662e+02 7.360144e+02 3.352107e+01
      vertex   3.017562e+02 7.347978e+02 3.381698e+01
      vertex   3.022015e+02 7.344562e+02 3.376231e+01
    endloop
  endfacet
  facet normal 1.218693e-01 -3.367089e-15 9.925462e-01
    outer loop
      vertex   3.041662e+02 7.360144e+02 3.352107e+01
      vertex   3.022015e+02 7.344562e+02 3.376231e+01
      vertex   3.025431e+02 7.340109e+02 3.372036e+01
    endloop
  endfacet
  facet normal 1.218693e-01 3.353243e-15 9.925462e-01
    outer loop
      vertex   3.033832e+02 7.367203e+02 3.361722e+01
      vertex   3.024613e+02 7.372317e+02 3.373041e+01
      vertex   3.017562e+02 7.347978e+02 3.381698e+01
    endloop
  endfacet
  facet normal 1.218693e-01 4.073404e-15 9.925462e-01
    outer loop
      vertex   3.017562e+02 7.347978e+02 3.381698e+01
      vertex   3.024613e+02 7.372317e+02 3.373041e+01
      vertex   3.012376e+02 7.350126e+02 3.388065e+01
    endloop
  endfacet
  facet normal 1.218693e-01 -2.932753e-15 9.925462e-01
    outer loop
      vertex   3.012376e+02 7.350126e+02 3.388065e+01
      vertex   3.024613e+02 7.372317e+02 3.373041e+01
      vertex   3.014479e+02 7.375222e+02 3.385484e+01
    endloop
  endfacet
  facet normal 1.218693e-01 -2.888951e-15 9.925462e-01
    outer loop
      vertex   3.012376e+02 7.350126e+02 3.388065e+01
      vertex   3.014479e+02 7.375222e+02 3.385484e+01
      vertex   3.006812e+02 7.350859e+02 3.394898e+01
    endloop
  endfacet
  facet normal 1.218693e-01 -1.804309e-15 9.925462e-01
    outer loop
      vertex   3.006812e+02 7.350859e+02 3.394898e+01
      vertex   3.014479e+02 7.375222e+02 3.385484e+01
      vertex   3.003951e+02 7.375771e+02 3.398411e+01
    endloop
  endfacet
  facet normal 1.218693e-01 -2.750541e-15 9.925462e-01
    outer loop
      vertex   3.006812e+02 7.350859e+02 3.394898e+01
      vertex   3.003951e+02 7.375771e+02 3.398411e+01
      vertex   3.001247e+02 7.350126e+02 3.401730e+01
    endloop
  endfacet
  facet normal 1.218693e-01 -2.482028e-15 9.925462e-01
    outer loop
      vertex   3.001247e+02 7.350126e+02 3.401730e+01
      vertex   3.003951e+02 7.375771e+02 3.398411e+01
      vertex   2.993570e+02 7.373933e+02 3.411157e+01
    endloop
  endfacet
  facet normal 1.218693e-01 1.164316e-15 9.925462e-01
    outer loop
      vertex   3.001247e+02 7.350126e+02 3.401730e+01
      vertex   2.993570e+02 7.373933e+02 3.411157e+01
      vertex   2.983869e+02 7.369805e+02 3.423068e+01
    endloop
  endfacet
  facet normal 1.218693e-01 2.431340e-15 9.925462e-01
    outer loop
      vertex   3.001247e+02 7.350126e+02 3.401730e+01
      vertex   2.983869e+02 7.369805e+02 3.423068e+01
      vertex   2.996062e+02 7.347978e+02 3.408097e+01
    endloop
  endfacet
  facet normal 1.218693e-01 -1.789757e-15 9.925462e-01
    outer loop
      vertex   2.996062e+02 7.347978e+02 3.408097e+01
      vertex   2.983869e+02 7.369805e+02 3.423068e+01
      vertex   2.975348e+02 7.363597e+02 3.433530e+01
    endloop
  endfacet
  facet normal 1.218693e-01 1.698207e-15 9.925462e-01
    outer loop
      vertex   2.996062e+02 7.347978e+02 3.408097e+01
      vertex   2.975348e+02 7.363597e+02 3.433530e+01
      vertex   2.991609e+02 7.344562e+02 3.413564e+01
    endloop
  endfacet
  facet normal 1.218693e-01 2.026752e-15 9.925462e-01
    outer loop
      vertex   2.991609e+02 7.344562e+02 3.413564e+01
      vertex   2.975348e+02 7.363597e+02 3.433530e+01
      vertex   2.968444e+02 7.355630e+02 3.442007e+01
    endloop
  endfacet
  facet normal 1.218693e-01 -6.576139e-15 9.925462e-01
    outer loop
      vertex   2.991609e+02 7.344562e+02 3.413564e+01
      vertex   2.968444e+02 7.355630e+02 3.442007e+01
      vertex   2.988192e+02 7.340109e+02 3.417760e+01
    endloop
  endfacet
  facet normal 1.218693e-01 -6.766833e-16 9.925462e-01
    outer loop
      vertex   2.988192e+02 7.340109e+02 3.417760e+01
      vertex   2.968444e+02 7.355630e+02 3.442007e+01
      vertex   2.963513e+02 7.346312e+02 3.448063e+01
    endloop
  endfacet
  facet normal 1.218693e-01 1.472010e-15 9.925462e-01
    outer loop
      vertex   2.988192e+02 7.340109e+02 3.417760e+01
      vertex   2.963513e+02 7.346312e+02 3.448063e+01
      vertex   2.986044e+02 7.334923e+02 3.420397e+01
    endloop
  endfacet
  facet normal 1.218693e-01 2.877593e-15 9.925462e-01
    outer loop
      vertex   2.986044e+02 7.334923e+02 3.420397e+01
      vertex   2.963513e+02 7.346312e+02 3.448063e+01
      vertex   2.960807e+02 7.336123e+02 3.451385e+01
    endloop
  endfacet
  facet normal 1.218693e-01 4.398350e-15 9.925462e-01
    outer loop
      vertex   2.986044e+02 7.334923e+02 3.420397e+01
      vertex   2.960807e+02 7.336123e+02 3.451385e+01
      vertex   2.985312e+02 7.329359e+02 3.421296e+01
    endloop
  endfacet
  facet normal 1.218693e-01 -4.399026e-15 9.925462e-01
    outer loop
      vertex   2.985312e+02 7.329359e+02 3.421296e+01
      vertex   2.960807e+02 7.336123e+02 3.451385e+01
      vertex   2.960465e+02 7.325586e+02 3.451804e+01
    endloop
  endfacet
  facet normal 1.218693e-01 -4.710251e-15 9.925462e-01
    outer loop
      vertex   2.985312e+02 7.329359e+02 3.421296e+01
      vertex   2.960465e+02 7.325586e+02 3.451804e+01
      vertex   2.986044e+02 7.323794e+02 3.420397e+01
    endloop
  endfacet
  facet normal 1.218693e-01 1.098115e-15 9.925462e-01
    outer loop
      vertex   2.986044e+02 7.323794e+02 3.420397e+01
      vertex   2.960465e+02 7.325586e+02 3.451804e+01
      vertex   2.962506e+02 7.315244e+02 3.449298e+01
    endloop
  endfacet
  facet normal 1.218693e-01 -1.554769e-15 9.925462e-01
    outer loop
      vertex   2.986044e+02 7.323794e+02 3.420397e+01
      vertex   2.962506e+02 7.315244e+02 3.449298e+01
      vertex   2.988192e+02 7.318609e+02 3.417760e+01
    endloop
  endfacet
  facet normal 1.218693e-01 -2.822618e-15 9.925462e-01
    outer loop
      vertex   2.988192e+02 7.318609e+02 3.417760e+01
      vertex   2.962506e+02 7.315244e+02 3.449298e+01
      vertex   2.966824e+02 7.305626e+02 3.443996e+01
    endloop
  endfacet
  facet normal 1.218693e-01 6.269759e-15 9.925462e-01
    outer loop
      vertex   2.988192e+02 7.318609e+02 3.417760e+01
      vertex   2.966824e+02 7.305626e+02 3.443996e+01
      vertex   2.991609e+02 7.314156e+02 3.413564e+01
    endloop
  endfacet
  facet normal 1.218693e-01 -1.695607e-14 9.925462e-01
    outer loop
      vertex   2.991609e+02 7.314156e+02 3.413564e+01
      vertex   2.966824e+02 7.305626e+02 3.443996e+01
      vertex   2.996062e+02 7.310739e+02 3.408097e+01
    endloop
  endfacet
  facet normal 1.218693e-01 1.511833e-15 9.925462e-01
    outer loop
      vertex   2.996062e+02 7.310739e+02 3.408097e+01
      vertex   2.966824e+02 7.305626e+02 3.443996e+01
      vertex   3.000723e+02 7.283259e+02 3.402374e+01
    endloop
  endfacet
  facet normal 1.218693e-01 1.507562e-16 9.925462e-01
    outer loop
      vertex   2.996062e+02 7.310739e+02 3.408097e+01
      vertex   3.000723e+02 7.283259e+02 3.402374e+01
      vertex   3.001247e+02 7.308591e+02 3.401730e+01
    endloop
  endfacet
  facet normal 1.218693e-01 1.160263e-16 9.925462e-01
    outer loop
      vertex   3.001247e+02 7.308591e+02 3.401730e+01
      vertex   3.000723e+02 7.283259e+02 3.402374e+01
      vertex   3.006812e+02 7.307859e+02 3.394898e+01
    endloop
  endfacet
  facet normal 1.218693e-01 -5.463226e-16 9.925462e-01
    outer loop
      vertex   3.006812e+02 7.307859e+02 3.394898e+01
      vertex   3.000723e+02 7.283259e+02 3.402374e+01
      vertex   3.010813e+02 7.283031e+02 3.389985e+01
    endloop
  endfacet
  facet normal 1.218693e-01 1.008033e-15 9.925462e-01
    outer loop
      vertex   3.006812e+02 7.307859e+02 3.394898e+01
      vertex   3.010813e+02 7.283031e+02 3.389985e+01
      vertex   3.012376e+02 7.308591e+02 3.388065e+01
    endloop
  endfacet
  facet normal 1.218693e-01 1.094897e-15 9.925462e-01
    outer loop
      vertex   3.012376e+02 7.308591e+02 3.388065e+01
      vertex   3.010813e+02 7.283031e+02 3.389985e+01
      vertex   3.020715e+02 7.284986e+02 3.377827e+01
    endloop
  endfacet
  facet normal 1.218693e-01 -4.154050e-15 9.925462e-01
    outer loop
      vertex   3.012376e+02 7.308591e+02 3.388065e+01
      vertex   3.020715e+02 7.284986e+02 3.377827e+01
      vertex   3.029962e+02 7.289031e+02 3.366473e+01
    endloop
  endfacet
  facet normal 1.218693e-01 -2.186340e-16 9.925462e-01
    outer loop
      vertex   2.966824e+02 7.305626e+02 3.443996e+01
      vertex   2.774239e+02 6.861750e+02 3.680461e+01
      vertex   3.000723e+02 7.283259e+02 3.402374e+01
    endloop
  endfacet
  facet normal 1.218693e-01 1.018518e-15 9.925462e-01
    outer loop
      vertex   3.000723e+02 7.283259e+02 3.402374e+01
      vertex   2.774239e+02 6.861750e+02 3.680461e+01
      vertex   2.814692e+02 6.854491e+02 3.630791e+01
    endloop
  endfacet
  facet normal 1.218693e-01 7.664658e-16 9.925462e-01
    outer loop
      vertex   2.814692e+02 6.854491e+02 3.630791e+01
      vertex   2.774239e+02 6.861750e+02 3.680461e+01
      vertex   2.792662e+02 6.837831e+02 3.657841e+01
    endloop
  endfacet
  facet normal 1.218693e-01 4.450492e-15 9.925462e-01
    outer loop
      vertex   2.814692e+02 6.854491e+02 3.630791e+01
      vertex   2.792662e+02 6.837831e+02 3.657841e+01
      vertex   2.797848e+02 6.835683e+02 3.651474e+01
    endloop
  endfacet
  facet normal 1.218693e-01 5.719005e-15 9.925462e-01
    outer loop
      vertex   2.764912e+02 6.857930e+02 3.691914e+01
      vertex   2.781533e+02 6.837831e+02 3.671505e+01
      vertex   2.774239e+02 6.861750e+02 3.680461e+01
    endloop
  endfacet
  facet normal 1.218693e-01 1.452597e-15 9.925462e-01
    outer loop
      vertex   2.774239e+02 6.861750e+02 3.680461e+01
      vertex   2.781533e+02 6.837831e+02 3.671505e+01
      vertex   2.787098e+02 6.838564e+02 3.664673e+01
    endloop
  endfacet
  facet normal 1.218693e-01 9.121078e-15 9.925462e-01
    outer loop
      vertex   2.774239e+02 6.861750e+02 3.680461e+01
      vertex   2.787098e+02 6.838564e+02 3.664673e+01
      vertex   2.792662e+02 6.837831e+02 3.657841e+01
    endloop
  endfacet
  facet normal 1.218693e-01 2.874583e-15 9.925462e-01
    outer loop
      vertex   2.781533e+02 6.837831e+02 3.671505e+01
      vertex   2.764912e+02 6.857930e+02 3.691914e+01
      vertex   2.776348e+02 6.835683e+02 3.677872e+01
    endloop
  endfacet
  facet normal 1.218693e-01 -1.432773e-15 9.925462e-01
    outer loop
      vertex   2.776348e+02 6.835683e+02 3.677872e+01
      vertex   2.764912e+02 6.857930e+02 3.691914e+01
      vertex   2.756627e+02 6.852189e+02 3.702086e+01
    endloop
  endfacet
  facet normal 1.218693e-01 -7.352705e-15 9.925462e-01
    outer loop
      vertex   2.776348e+02 6.835683e+02 3.677872e+01
      vertex   2.756627e+02 6.852189e+02 3.702086e+01
      vertex   2.771895e+02 6.832266e+02 3.683340e+01
    endloop
  endfacet
  facet normal 1.218693e-01 -2.607086e-15 9.925462e-01
    outer loop
      vertex   2.771895e+02 6.832266e+02 3.683340e+01
      vertex   2.756627e+02 6.852189e+02 3.702086e+01
      vertex   2.749774e+02 6.844798e+02 3.710501e+01
    endloop
  endfacet
  facet normal 1.218693e-01 4.756601e-15 9.925462e-01
    outer loop
      vertex   2.771895e+02 6.832266e+02 3.683340e+01
      vertex   2.749774e+02 6.844798e+02 3.710501e+01
      vertex   2.768478e+02 6.827814e+02 3.687535e+01
    endloop
  endfacet
  facet normal 1.218693e-01 1.326431e-15 9.925462e-01
    outer loop
      vertex   2.768478e+02 6.827814e+02 3.687535e+01
      vertex   2.749774e+02 6.844798e+02 3.710501e+01
      vertex   2.744674e+02 6.836104e+02 3.716762e+01
    endloop
  endfacet
  facet normal 1.218693e-01 -9.450314e-15 9.925462e-01
    outer loop
      vertex   2.768478e+02 6.827814e+02 3.687535e+01
      vertex   2.744674e+02 6.836104e+02 3.716762e+01
      vertex   2.766330e+02 6.822628e+02 3.690172e+01
    endloop
  endfacet
  facet normal 1.218693e-01 -7.949592e-16 9.925462e-01
    outer loop
      vertex   2.766330e+02 6.822628e+02 3.690172e+01
      vertex   2.744674e+02 6.836104e+02 3.716762e+01
      vertex   2.741568e+02 6.826515e+02 3.720576e+01
    endloop
  endfacet
  facet normal 1.218693e-01 4.542054e-15 9.925462e-01
    outer loop
      vertex   2.766330e+02 6.822628e+02 3.690172e+01
      vertex   2.741568e+02 6.826515e+02 3.720576e+01
      vertex   2.765598e+02 6.817064e+02 3.691072e+01
    endloop
  endfacet
  facet normal 1.218693e-01 1.321159e-15 9.925462e-01
    outer loop
      vertex   2.765598e+02 6.817064e+02 3.691072e+01
      vertex   2.741568e+02 6.826515e+02 3.720576e+01
      vertex   2.740601e+02 6.816482e+02 3.721763e+01
    endloop
  endfacet
  facet normal 1.218693e-01 -4.687014e-15 9.925462e-01
    outer loop
      vertex   2.765598e+02 6.817064e+02 3.691072e+01
      vertex   2.740601e+02 6.816482e+02 3.721763e+01
      vertex   2.766330e+02 6.811499e+02 3.690172e+01
    endloop
  endfacet
  facet normal 1.218693e-01 3.287894e-15 9.925462e-01
    outer loop
      vertex   2.766330e+02 6.811499e+02 3.690172e+01
      vertex   2.740601e+02 6.816482e+02 3.721763e+01
      vertex   2.741819e+02 6.806476e+02 3.720268e+01
    endloop
  endfacet
  facet normal 1.218693e-01 1.148791e-14 9.925462e-01
    outer loop
      vertex   2.766330e+02 6.811499e+02 3.690172e+01
      vertex   2.741819e+02 6.806476e+02 3.720268e+01
      vertex   2.768478e+02 6.806314e+02 3.687535e+01
    endloop
  endfacet
  facet normal 1.218693e-01 -7.711302e-15 9.925462e-01
    outer loop
      vertex   2.768478e+02 6.806314e+02 3.687535e+01
      vertex   2.741819e+02 6.806476e+02 3.720268e+01
      vertex   2.745164e+02 6.796968e+02 3.716161e+01
    endloop
  endfacet
  facet normal 1.218693e-01 -2.165592e-15 9.925462e-01
    outer loop
      vertex   2.768478e+02 6.806314e+02 3.687535e+01
      vertex   2.745164e+02 6.796968e+02 3.716161e+01
      vertex   2.750479e+02 6.788404e+02 3.709635e+01
    endloop
  endfacet
  facet normal 1.218693e-01 -5.477145e-15 9.925462e-01
    outer loop
      vertex   2.768478e+02 6.806314e+02 3.687535e+01
      vertex   2.750479e+02 6.788404e+02 3.709635e+01
      vertex   2.771895e+02 6.801861e+02 3.683340e+01
    endloop
  endfacet
  facet normal 1.218693e-01 1.812698e-15 9.925462e-01
    outer loop
      vertex   2.771895e+02 6.801861e+02 3.683340e+01
      vertex   2.750479e+02 6.788404e+02 3.709635e+01
      vertex   2.757515e+02 6.781187e+02 3.700996e+01
    endloop
  endfacet
  facet normal 1.218693e-01 -1.102433e-15 9.925462e-01
    outer loop
      vertex   2.771895e+02 6.801861e+02 3.683340e+01
      vertex   2.757515e+02 6.781187e+02 3.700996e+01
      vertex   2.776348e+02 6.798444e+02 3.677872e+01
    endloop
  endfacet
  facet normal 1.218693e-01 5.173314e-15 9.925462e-01
    outer loop
      vertex   2.776348e+02 6.798444e+02 3.677872e+01
      vertex   2.757515e+02 6.781187e+02 3.700996e+01
      vertex   2.781533e+02 6.796296e+02 3.671505e+01
    endloop
  endfacet
  facet normal 1.218693e-01 -6.960670e-16 9.925462e-01
    outer loop
      vertex   2.781533e+02 6.796296e+02 3.671505e+01
      vertex   2.757515e+02 6.781187e+02 3.700996e+01
      vertex   2.797515e+02 6.771746e+02 3.651882e+01
    endloop
  endfacet
  facet normal 1.218693e-01 -3.639153e-15 9.925462e-01
    outer loop
      vertex   2.781533e+02 6.796296e+02 3.671505e+01
      vertex   2.797515e+02 6.771746e+02 3.651882e+01
      vertex   2.787098e+02 6.795564e+02 3.664673e+01
    endloop
  endfacet
  facet normal 1.218693e-01 1.906416e-15 9.925462e-01
    outer loop
      vertex   2.787098e+02 6.795564e+02 3.664673e+01
      vertex   2.797515e+02 6.771746e+02 3.651882e+01
      vertex   2.792662e+02 6.796296e+02 3.657841e+01
    endloop
  endfacet
  facet normal 1.218693e-01 9.042189e-16 9.925462e-01
    outer loop
      vertex   2.792662e+02 6.796296e+02 3.657841e+01
      vertex   2.797515e+02 6.771746e+02 3.651882e+01
      vertex   2.807490e+02 6.775274e+02 3.639634e+01
    endloop
  endfacet
  facet normal 1.218693e-01 -4.195140e-15 9.925462e-01
    outer loop
      vertex   2.792662e+02 6.796296e+02 3.657841e+01
      vertex   2.807490e+02 6.775274e+02 3.639634e+01
      vertex   2.797848e+02 6.798444e+02 3.651474e+01
    endloop
  endfacet
  facet normal 1.218693e-01 -2.843933e-15 9.925462e-01
    outer loop
      vertex   2.797848e+02 6.798444e+02 3.651474e+01
      vertex   2.807490e+02 6.775274e+02 3.639634e+01
      vertex   2.816409e+02 6.780965e+02 3.628683e+01
    endloop
  endfacet
  facet normal 1.218693e-01 6.436190e-16 9.925462e-01
    outer loop
      vertex   2.797848e+02 6.798444e+02 3.651474e+01
      vertex   2.816409e+02 6.780965e+02 3.628683e+01
      vertex   2.802300e+02 6.801861e+02 3.646006e+01
    endloop
  endfacet
  facet normal 1.218693e-01 1.517991e-15 9.925462e-01
    outer loop
      vertex   2.802300e+02 6.801861e+02 3.646006e+01
      vertex   2.816409e+02 6.780965e+02 3.628683e+01
      vertex   2.823811e+02 6.788526e+02 3.619595e+01
    endloop
  endfacet
  facet normal 1.218693e-01 3.537558e-15 9.925462e-01
    outer loop
      vertex   2.802300e+02 6.801861e+02 3.646006e+01
      vertex   2.823811e+02 6.788526e+02 3.619595e+01
      vertex   2.805717e+02 6.806314e+02 3.641811e+01
    endloop
  endfacet
  facet normal 1.218693e-01 2.529520e-16 9.925462e-01
    outer loop
      vertex   2.805717e+02 6.806314e+02 3.641811e+01
      vertex   2.823811e+02 6.788526e+02 3.619595e+01
      vertex   2.829312e+02 6.797564e+02 3.612841e+01
    endloop
  endfacet
  facet normal 1.218693e-01 1.766453e-15 9.925462e-01
    outer loop
      vertex   2.805717e+02 6.806314e+02 3.641811e+01
      vertex   2.829312e+02 6.797564e+02 3.612841e+01
      vertex   2.807865e+02 6.811499e+02 3.639174e+01
    endloop
  endfacet
  facet normal 1.218693e-01 -4.084589e-15 9.925462e-01
    outer loop
      vertex   2.807865e+02 6.811499e+02 3.639174e+01
      vertex   2.829312e+02 6.797564e+02 3.612841e+01
      vertex   2.832627e+02 6.807612e+02 3.608770e+01
    endloop
  endfacet
  facet normal 1.218693e-01 -7.502346e-15 9.925462e-01
    outer loop
      vertex   2.807865e+02 6.811499e+02 3.639174e+01
      vertex   2.832627e+02 6.807612e+02 3.608770e+01
      vertex   2.808598e+02 6.817064e+02 3.638274e+01
    endloop
  endfacet
  facet normal 1.218693e-01 9.664198e-16 9.925462e-01
    outer loop
      vertex   2.808598e+02 6.817064e+02 3.638274e+01
      vertex   2.832627e+02 6.807612e+02 3.608770e+01
      vertex   2.833585e+02 6.818149e+02 3.607594e+01
    endloop
  endfacet
  facet normal 1.218693e-01 7.902215e-15 9.925462e-01
    outer loop
      vertex   2.808598e+02 6.817064e+02 3.638274e+01
      vertex   2.833585e+02 6.818149e+02 3.607594e+01
      vertex   2.807865e+02 6.822628e+02 3.639174e+01
    endloop
  endfacet
  facet normal 1.218693e-01 1.675463e-16 9.925462e-01
    outer loop
      vertex   2.807865e+02 6.822628e+02 3.639174e+01
      vertex   2.833585e+02 6.818149e+02 3.607594e+01
      vertex   2.832136e+02 6.828630e+02 3.609373e+01
    endloop
  endfacet
  facet normal 1.218693e-01 -2.591132e-15 9.925462e-01
    outer loop
      vertex   2.807865e+02 6.822628e+02 3.639174e+01
      vertex   2.832136e+02 6.828630e+02 3.609373e+01
      vertex   2.805717e+02 6.827814e+02 3.641811e+01
    endloop
  endfacet
  facet normal 1.218693e-01 -5.464670e-15 9.925462e-01
    outer loop
      vertex   2.805717e+02 6.827814e+02 3.641811e+01
      vertex   2.832136e+02 6.828630e+02 3.609373e+01
      vertex   2.828355e+02 6.838512e+02 3.614015e+01
    endloop
  endfacet
  facet normal 1.218693e-01 -6.618509e-15 9.925462e-01
    outer loop
      vertex   2.805717e+02 6.827814e+02 3.641811e+01
      vertex   2.828355e+02 6.838512e+02 3.614015e+01
      vertex   2.802300e+02 6.832266e+02 3.646006e+01
    endloop
  endfacet
  facet normal 1.218693e-01 7.802908e-15 9.925462e-01
    outer loop
      vertex   2.802300e+02 6.832266e+02 3.646006e+01
      vertex   2.828355e+02 6.838512e+02 3.614015e+01
      vertex   2.822439e+02 6.847284e+02 3.621280e+01
    endloop
  endfacet
  facet normal 1.218693e-01 2.538076e-16 9.925462e-01
    outer loop
      vertex   2.802300e+02 6.832266e+02 3.646006e+01
      vertex   2.822439e+02 6.847284e+02 3.621280e+01
      vertex   2.797848e+02 6.835683e+02 3.651474e+01
    endloop
  endfacet
  facet normal 1.218693e-01 -3.465619e-15 9.925462e-01
    outer loop
      vertex   2.797848e+02 6.835683e+02 3.651474e+01
      vertex   2.822439e+02 6.847284e+02 3.621280e+01
      vertex   2.814692e+02 6.854491e+02 3.630791e+01
    endloop
  endfacet
  facet normal 1.218693e-01 0.000000e+00 9.925462e-01
    outer loop
      vertex   2.797515e+02 6.771746e+02 3.651882e+01
      vertex   2.757515e+02 6.781187e+02 3.700996e+01
      vertex   2.797515e+02 6.543548e+02 3.651882e+01
    endloop
  endfacet
  facet normal 1.218693e-01 0.000000e+00 9.925462e-01
    outer loop
      vertex   2.797515e+02 6.543548e+02 3.651882e+01
      vertex   2.757515e+02 6.781187e+02 3.700996e+01
      vertex   2.757515e+02 6.534105e+02 3.700996e+01
    endloop
  endfacet
  facet normal 1.218693e-01 -4.881712e-16 9.925462e-01
    outer loop
      vertex   2.797515e+02 6.543548e+02 3.651882e+01
      vertex   2.757515e+02 6.534105e+02 3.700996e+01
      vertex   2.963072e+02 6.212434e+02 3.448603e+01
    endloop
  endfacet
  facet normal 1.218693e-01 8.131501e-16 9.925462e-01
    outer loop
      vertex   2.963072e+02 6.212434e+02 3.448603e+01
      vertex   2.757515e+02 6.534105e+02 3.700996e+01
      vertex   2.929632e+02 6.189872e+02 3.489663e+01
    endloop
  endfacet
  facet normal 1.218693e-01 -2.638107e-16 9.925462e-01
    outer loop
      vertex   2.963072e+02 6.212434e+02 3.448603e+01
      vertex   2.929632e+02 6.189872e+02 3.489663e+01
      vertex   2.959036e+02 6.185041e+02 3.453559e+01
    endloop
  endfacet
  facet normal 1.218693e-01 1.684866e-14 9.925462e-01
    outer loop
      vertex   2.959036e+02 6.185041e+02 3.453559e+01
      vertex   2.929632e+02 6.189872e+02 3.489663e+01
      vertex   2.954583e+02 6.181624e+02 3.459027e+01
    endloop
  endfacet
  facet normal 1.218693e-01 -6.942470e-15 9.925462e-01
    outer loop
      vertex   2.954583e+02 6.181624e+02 3.459027e+01
      vertex   2.929632e+02 6.189872e+02 3.489663e+01
      vertex   2.951166e+02 6.177171e+02 3.463222e+01
    endloop
  endfacet
  facet normal 1.218693e-01 -8.443309e-15 9.925462e-01
    outer loop
      vertex   2.951166e+02 6.177171e+02 3.463222e+01
      vertex   2.929632e+02 6.189872e+02 3.489663e+01
      vertex   2.925422e+02 6.180354e+02 3.494832e+01
    endloop
  endfacet
  facet normal 1.218693e-01 3.317720e-15 9.925462e-01
    outer loop
      vertex   2.951166e+02 6.177171e+02 3.463222e+01
      vertex   2.925422e+02 6.180354e+02 3.494832e+01
      vertex   2.949018e+02 6.171986e+02 3.465859e+01
    endloop
  endfacet
  facet normal 1.218693e-01 4.447626e-15 9.925462e-01
    outer loop
      vertex   2.949018e+02 6.171986e+02 3.465859e+01
      vertex   2.925422e+02 6.180354e+02 3.494832e+01
      vertex   2.923435e+02 6.170139e+02 3.497272e+01
    endloop
  endfacet
  facet normal 1.218693e-01 5.042890e-15 9.925462e-01
    outer loop
      vertex   2.949018e+02 6.171986e+02 3.465859e+01
      vertex   2.923435e+02 6.170139e+02 3.497272e+01
      vertex   2.948286e+02 6.166421e+02 3.466759e+01
    endloop
  endfacet
  facet normal 1.218693e-01 1.670627e-15 9.925462e-01
    outer loop
      vertex   2.948286e+02 6.166421e+02 3.466759e+01
      vertex   2.923435e+02 6.170139e+02 3.497272e+01
      vertex   2.923769e+02 6.159738e+02 3.496862e+01
    endloop
  endfacet
  facet normal 1.218693e-01 -4.873293e-15 9.925462e-01
    outer loop
      vertex   2.948286e+02 6.166421e+02 3.466759e+01
      vertex   2.923769e+02 6.159738e+02 3.496862e+01
      vertex   2.949018e+02 6.160857e+02 3.465859e+01
    endloop
  endfacet
  facet normal 1.218693e-01 -3.428420e-15 9.925462e-01
    outer loop
      vertex   2.949018e+02 6.160857e+02 3.465859e+01
      vertex   2.923769e+02 6.159738e+02 3.496862e+01
      vertex   2.926408e+02 6.149671e+02 3.493622e+01
    endloop
  endfacet
  facet normal 1.218693e-01 -2.788573e-15 9.925462e-01
    outer loop
      vertex   2.949018e+02 6.160857e+02 3.465859e+01
      vertex   2.926408e+02 6.149671e+02 3.493622e+01
      vertex   2.951166e+02 6.155671e+02 3.463222e+01
    endloop
  endfacet
  facet normal 1.218693e-01 -1.498750e-15 9.925462e-01
    outer loop
      vertex   2.951166e+02 6.155671e+02 3.463222e+01
      vertex   2.926408e+02 6.149671e+02 3.493622e+01
      vertex   2.931219e+02 6.140443e+02 3.487714e+01
    endloop
  endfacet
  facet normal 1.218693e-01 4.566967e-15 9.925462e-01
    outer loop
      vertex   2.951166e+02 6.155671e+02 3.463222e+01
      vertex   2.931219e+02 6.140443e+02 3.487714e+01
      vertex   2.954583e+02 6.151219e+02 3.459027e+01
    endloop
  endfacet
  facet normal 1.218693e-01 2.735066e-15 9.925462e-01
    outer loop
      vertex   2.954583e+02 6.151219e+02 3.459027e+01
      vertex   2.931219e+02 6.140443e+02 3.487714e+01
      vertex   2.937962e+02 6.132517e+02 3.479435e+01
    endloop
  endfacet
  facet normal 1.218693e-01 -1.054243e-14 9.925462e-01
    outer loop
      vertex   2.954583e+02 6.151219e+02 3.459027e+01
      vertex   2.937962e+02 6.132517e+02 3.479435e+01
      vertex   2.959036e+02 6.147802e+02 3.453559e+01
    endloop
  endfacet
  facet normal 1.218693e-01 -2.768867e-15 9.925462e-01
    outer loop
      vertex   2.959036e+02 6.147802e+02 3.453559e+01
      vertex   2.937962e+02 6.132517e+02 3.479435e+01
      vertex   2.946299e+02 6.126289e+02 3.469198e+01
    endloop
  endfacet
  facet normal 1.218693e-01 2.935135e-15 9.925462e-01
    outer loop
      vertex   2.959036e+02 6.147802e+02 3.453559e+01
      vertex   2.946299e+02 6.126289e+02 3.469198e+01
      vertex   2.964221e+02 6.145654e+02 3.447192e+01
    endloop
  endfacet
  facet normal 1.218693e-01 3.880538e-15 9.925462e-01
    outer loop
      vertex   2.964221e+02 6.145654e+02 3.447192e+01
      vertex   2.946299e+02 6.126289e+02 3.469198e+01
      vertex   2.955813e+02 6.122070e+02 3.457517e+01
    endloop
  endfacet
  facet normal 1.218693e-01 3.341246e-16 9.925462e-01
    outer loop
      vertex   2.964221e+02 6.145654e+02 3.447192e+01
      vertex   2.955813e+02 6.122070e+02 3.457517e+01
      vertex   2.966026e+02 6.120074e+02 3.444976e+01
    endloop
  endfacet
  facet normal 1.218693e-01 6.300030e-16 9.925462e-01
    outer loop
      vertex   2.964221e+02 6.145654e+02 3.447192e+01
      vertex   2.966026e+02 6.120074e+02 3.444976e+01
      vertex   2.969786e+02 6.144921e+02 3.440360e+01
    endloop
  endfacet
  facet normal 1.218693e-01 1.550188e-15 9.925462e-01
    outer loop
      vertex   2.969786e+02 6.144921e+02 3.440360e+01
      vertex   2.966026e+02 6.120074e+02 3.444976e+01
      vertex   2.976428e+02 6.120398e+02 3.432205e+01
    endloop
  endfacet
  facet normal 1.218693e-01 -1.900543e-16 9.925462e-01
    outer loop
      vertex   2.969786e+02 6.144921e+02 3.440360e+01
      vertex   2.976428e+02 6.120398e+02 3.432205e+01
      vertex   2.975350e+02 6.145654e+02 3.433527e+01
    endloop
  endfacet
  facet normal 1.218693e-01 7.432673e-17 9.925462e-01
    outer loop
      vertex   2.975350e+02 6.145654e+02 3.433527e+01
      vertex   2.976428e+02 6.120398e+02 3.432205e+01
      vertex   2.986497e+02 6.123028e+02 3.419841e+01
    endloop
  endfacet
  facet normal 1.218693e-01 -5.458894e-16 9.925462e-01
    outer loop
      vertex   2.975350e+02 6.145654e+02 3.433527e+01
      vertex   2.986497e+02 6.123028e+02 3.419841e+01
      vertex   2.995729e+02 6.127831e+02 3.408506e+01
    endloop
  endfacet
  facet normal 1.218693e-01 4.753662e-15 9.925462e-01
    outer loop
      vertex   2.975350e+02 6.145654e+02 3.433527e+01
      vertex   2.995729e+02 6.127831e+02 3.408506e+01
      vertex   2.980536e+02 6.147802e+02 3.427161e+01
    endloop
  endfacet
  facet normal 1.218693e-01 1.310029e-15 9.925462e-01
    outer loop
      vertex   2.980536e+02 6.147802e+02 3.427161e+01
      vertex   2.995729e+02 6.127831e+02 3.408506e+01
      vertex   3.003661e+02 6.134567e+02 3.398766e+01
    endloop
  endfacet
  facet normal 1.218693e-01 1.957124e-15 9.925462e-01
    outer loop
      vertex   2.980536e+02 6.147802e+02 3.427161e+01
      vertex   3.003661e+02 6.134567e+02 3.398766e+01
      vertex   2.984989e+02 6.151219e+02 3.421693e+01
    endloop
  endfacet
  facet normal 1.218693e-01 -4.842623e-15 9.925462e-01
    outer loop
      vertex   2.984989e+02 6.151219e+02 3.421693e+01
      vertex   3.003661e+02 6.134567e+02 3.398766e+01
      vertex   3.009897e+02 6.142899e+02 3.391109e+01
    endloop
  endfacet
  facet normal 1.218693e-01 -4.695559e-15 9.925462e-01
    outer loop
      vertex   2.984989e+02 6.151219e+02 3.421693e+01
      vertex   3.009897e+02 6.142899e+02 3.391109e+01
      vertex   2.988405e+02 6.155671e+02 3.417498e+01
    endloop
  endfacet
  facet normal 1.218693e-01 2.857553e-15 9.925462e-01
    outer loop
      vertex   2.988405e+02 6.155671e+02 3.417498e+01
      vertex   3.009897e+02 6.142899e+02 3.391109e+01
      vertex   3.014124e+02 6.152408e+02 3.385919e+01
    endloop
  endfacet
  facet normal 1.218693e-01 -1.015631e-14 9.925462e-01
    outer loop
      vertex   2.988405e+02 6.155671e+02 3.417498e+01
      vertex   3.014124e+02 6.152408e+02 3.385919e+01
      vertex   2.990553e+02 6.160857e+02 3.414861e+01
    endloop
  endfacet
  facet normal 1.218693e-01 4.440116e-15 9.925462e-01
    outer loop
      vertex   2.990553e+02 6.160857e+02 3.414861e+01
      vertex   3.014124e+02 6.152408e+02 3.385919e+01
      vertex   2.991286e+02 6.166421e+02 3.413961e+01
    endloop
  endfacet
  facet normal 1.218693e-01 -5.220490e-15 9.925462e-01
    outer loop
      vertex   2.991286e+02 6.166421e+02 3.413961e+01
      vertex   3.014124e+02 6.152408e+02 3.385919e+01
      vertex   2.990553e+02 6.171986e+02 3.414861e+01
    endloop
  endfacet
  facet normal 1.218693e-01 1.448876e-15 9.925462e-01
    outer loop
      vertex   2.990553e+02 6.171986e+02 3.414861e+01
      vertex   3.014124e+02 6.152408e+02 3.385919e+01
      vertex   3.008393e+02 6.192339e+02 3.392956e+01
    endloop
  endfacet
  facet normal 1.218693e-01 8.726363e-15 9.925462e-01
    outer loop
      vertex   2.990553e+02 6.171986e+02 3.414861e+01
      vertex   3.008393e+02 6.192339e+02 3.392956e+01
      vertex   2.988405e+02 6.177171e+02 3.417498e+01
    endloop
  endfacet
  facet normal 1.218693e-01 5.878464e-15 9.925462e-01
    outer loop
      vertex   2.988405e+02 6.177171e+02 3.417498e+01
      vertex   3.008393e+02 6.192339e+02 3.392956e+01
      vertex   2.984989e+02 6.181624e+02 3.421693e+01
    endloop
  endfacet
  facet normal 1.218693e-01 -1.065411e-15 9.925462e-01
    outer loop
      vertex   2.984989e+02 6.181624e+02 3.421693e+01
      vertex   3.008393e+02 6.192339e+02 3.392956e+01
      vertex   3.001641e+02 6.200296e+02 3.401247e+01
    endloop
  endfacet
  facet normal 1.218693e-01 -1.034754e-14 9.925462e-01
    outer loop
      vertex   2.984989e+02 6.181624e+02 3.421693e+01
      vertex   3.001641e+02 6.200296e+02 3.401247e+01
      vertex   2.980536e+02 6.185041e+02 3.427161e+01
    endloop
  endfacet
  facet normal 1.218693e-01 -4.672842e-16 9.925462e-01
    outer loop
      vertex   2.980536e+02 6.185041e+02 3.427161e+01
      vertex   3.001641e+02 6.200296e+02 3.401247e+01
      vertex   2.993285e+02 6.206547e+02 3.411507e+01
    endloop
  endfacet
  facet normal 1.218693e-01 4.006383e-15 9.925462e-01
    outer loop
      vertex   2.980536e+02 6.185041e+02 3.427161e+01
      vertex   2.993285e+02 6.206547e+02 3.411507e+01
      vertex   2.975350e+02 6.187189e+02 3.433527e+01
    endloop
  endfacet
  facet normal 1.218693e-01 -2.654067e-15 9.925462e-01
    outer loop
      vertex   2.975350e+02 6.187189e+02 3.433527e+01
      vertex   2.993285e+02 6.206547e+02 3.411507e+01
      vertex   2.983745e+02 6.210777e+02 3.423220e+01
    endloop
  endfacet
  facet normal 1.218693e-01 -2.389791e-15 9.925462e-01
    outer loop
      vertex   2.975350e+02 6.187189e+02 3.433527e+01
      vertex   2.983745e+02 6.210777e+02 3.423220e+01
      vertex   2.973502e+02 6.212773e+02 3.435797e+01
    endloop
  endfacet
  facet normal 1.218693e-01 1.087206e-15 9.925462e-01
    outer loop
      vertex   3.014124e+02 6.152408e+02 3.385919e+01
      vertex   4.162103e+02 6.473157e+02 1.976379e+01
      vertex   3.008393e+02 6.192339e+02 3.392956e+01
    endloop
  endfacet
  facet normal 1.218693e-01 -1.435004e-15 9.925462e-01
    outer loop
      vertex   3.008393e+02 6.192339e+02 3.392956e+01
      vertex   4.162103e+02 6.473157e+02 1.976379e+01
      vertex   4.144388e+02 6.509739e+02 1.998130e+01
    endloop
  endfacet
  facet normal 1.218693e-01 -6.385157e-16 9.925462e-01
    outer loop
      vertex   4.144388e+02 6.509739e+02 1.998130e+01
      vertex   4.162103e+02 6.473157e+02 1.976379e+01
      vertex   4.172268e+02 6.498926e+02 1.963897e+01
    endloop
  endfacet
  facet normal 1.218693e-01 -1.634595e-15 9.925462e-01
    outer loop
      vertex   4.144388e+02 6.509739e+02 1.998130e+01
      vertex   4.172268e+02 6.498926e+02 1.963897e+01
      vertex   4.170121e+02 6.504111e+02 1.966534e+01
    endloop
  endfacet
  facet normal 1.218693e-01 1.697120e-15 9.925462e-01
    outer loop
      vertex   4.171316e+02 6.467495e+02 1.965066e+01
      vertex   4.180138e+02 6.491056e+02 1.954234e+01
      vertex   4.162103e+02 6.473157e+02 1.976379e+01
    endloop
  endfacet
  facet normal 1.218693e-01 -5.185144e-15 9.925462e-01
    outer loop
      vertex   4.162103e+02 6.473157e+02 1.976379e+01
      vertex   4.180138e+02 6.491056e+02 1.954234e+01
      vertex   4.175685e+02 6.494473e+02 1.959702e+01
    endloop
  endfacet
  facet normal 1.218693e-01 3.182352e-15 9.925462e-01
    outer loop
      vertex   4.162103e+02 6.473157e+02 1.976379e+01
      vertex   4.175685e+02 6.494473e+02 1.959702e+01
      vertex   4.172268e+02 6.498926e+02 1.963897e+01
    endloop
  endfacet
  facet normal 1.218693e-01 5.397656e-15 9.925462e-01
    outer loop
      vertex   4.180138e+02 6.491056e+02 1.954234e+01
      vertex   4.171316e+02 6.467495e+02 1.965066e+01
      vertex   4.185323e+02 6.488909e+02 1.947868e+01
    endloop
  endfacet
  facet normal 1.218693e-01 1.767494e-15 9.925462e-01
    outer loop
      vertex   4.185323e+02 6.488909e+02 1.947868e+01
      vertex   4.171316e+02 6.467495e+02 1.965066e+01
      vertex   4.181589e+02 6.464115e+02 1.952453e+01
    endloop
  endfacet
  facet normal 1.218693e-01 -1.909015e-16 9.925462e-01
    outer loop
      vertex   4.185323e+02 6.488909e+02 1.947868e+01
      vertex   4.181589e+02 6.464115e+02 1.952453e+01
      vertex   4.190888e+02 6.488176e+02 1.941035e+01
    endloop
  endfacet
  facet normal 1.218693e-01 -8.680504e-16 9.925462e-01
    outer loop
      vertex   4.190888e+02 6.488176e+02 1.941035e+01
      vertex   4.181589e+02 6.464115e+02 1.952453e+01
      vertex   4.192364e+02 6.463199e+02 1.939223e+01
    endloop
  endfacet
  facet normal 1.218693e-01 -1.592154e-15 9.925462e-01
    outer loop
      vertex   4.190888e+02 6.488176e+02 1.941035e+01
      vertex   4.192364e+02 6.463199e+02 1.939223e+01
      vertex   4.203059e+02 6.464797e+02 1.926091e+01
    endloop
  endfacet
  facet normal 1.218693e-01 3.636538e-15 9.925462e-01
    outer loop
      vertex   4.190888e+02 6.488176e+02 1.941035e+01
      vertex   4.203059e+02 6.464797e+02 1.926091e+01
      vertex   4.196453e+02 6.488909e+02 1.934203e+01
    endloop
  endfacet
  facet normal 1.218693e-01 -1.097437e-15 9.925462e-01
    outer loop
      vertex   4.196453e+02 6.488909e+02 1.934203e+01
      vertex   4.203059e+02 6.464797e+02 1.926091e+01
      vertex   4.213096e+02 6.468822e+02 1.913767e+01
    endloop
  endfacet
  facet normal 1.218693e-01 1.348836e-15 9.925462e-01
    outer loop
      vertex   4.196453e+02 6.488909e+02 1.934203e+01
      vertex   4.213096e+02 6.468822e+02 1.913767e+01
      vertex   4.201638e+02 6.491056e+02 1.927836e+01
    endloop
  endfacet
  facet normal 1.218693e-01 4.524636e-15 9.925462e-01
    outer loop
      vertex   4.201638e+02 6.491056e+02 1.927836e+01
      vertex   4.213096e+02 6.468822e+02 1.913767e+01
      vertex   4.221932e+02 6.475056e+02 1.902918e+01
    endloop
  endfacet
  facet normal 1.218693e-01 9.219824e-15 9.925462e-01
    outer loop
      vertex   4.201638e+02 6.491056e+02 1.927836e+01
      vertex   4.221932e+02 6.475056e+02 1.902918e+01
      vertex   4.206091e+02 6.494473e+02 1.922368e+01
    endloop
  endfacet
  facet normal 1.218693e-01 4.883567e-15 9.925462e-01
    outer loop
      vertex   4.206091e+02 6.494473e+02 1.922368e+01
      vertex   4.221932e+02 6.475056e+02 1.902918e+01
      vertex   4.229089e+02 6.483163e+02 1.894130e+01
    endloop
  endfacet
  facet normal 1.218693e-01 -3.593731e-15 9.925462e-01
    outer loop
      vertex   4.206091e+02 6.494473e+02 1.922368e+01
      vertex   4.229089e+02 6.483163e+02 1.894130e+01
      vertex   4.209508e+02 6.498926e+02 1.918173e+01
    endloop
  endfacet
  facet normal 1.218693e-01 2.681948e-15 9.925462e-01
    outer loop
      vertex   4.209508e+02 6.498926e+02 1.918173e+01
      vertex   4.229089e+02 6.483163e+02 1.894130e+01
      vertex   4.234180e+02 6.492704e+02 1.887879e+01
    endloop
  endfacet
  facet normal 1.218693e-01 -9.017142e-15 9.925462e-01
    outer loop
      vertex   4.209508e+02 6.498926e+02 1.918173e+01
      vertex   4.234180e+02 6.492704e+02 1.887879e+01
      vertex   4.211655e+02 6.504111e+02 1.915536e+01
    endloop
  endfacet
  facet normal 1.218693e-01 1.238413e-15 9.925462e-01
    outer loop
      vertex   4.211655e+02 6.504111e+02 1.915536e+01
      vertex   4.234180e+02 6.492704e+02 1.887879e+01
      vertex   4.236930e+02 6.503163e+02 1.884503e+01
    endloop
  endfacet
  facet normal 1.218693e-01 -1.591005e-15 9.925462e-01
    outer loop
      vertex   4.211655e+02 6.504111e+02 1.915536e+01
      vertex   4.236930e+02 6.503163e+02 1.884503e+01
      vertex   4.212388e+02 6.509676e+02 1.914636e+01
    endloop
  endfacet
  facet normal 1.218693e-01 -5.282622e-15 9.925462e-01
    outer loop
      vertex   4.212388e+02 6.509676e+02 1.914636e+01
      vertex   4.236930e+02 6.503163e+02 1.884503e+01
      vertex   4.237189e+02 6.513973e+02 1.884185e+01
    endloop
  endfacet
  facet normal 1.218693e-01 1.312482e-15 9.925462e-01
    outer loop
      vertex   4.212388e+02 6.509676e+02 1.914636e+01
      vertex   4.237189e+02 6.513973e+02 1.884185e+01
      vertex   4.211655e+02 6.515241e+02 1.915536e+01
    endloop
  endfacet
  facet normal 1.218693e-01 7.421573e-15 9.925462e-01
    outer loop
      vertex   4.211655e+02 6.515241e+02 1.915536e+01
      vertex   4.237189e+02 6.513973e+02 1.884185e+01
      vertex   4.234944e+02 6.524552e+02 1.886941e+01
    endloop
  endfacet
  facet normal 1.218693e-01 9.951954e-15 9.925462e-01
    outer loop
      vertex   4.211655e+02 6.515241e+02 1.915536e+01
      vertex   4.234944e+02 6.524552e+02 1.886941e+01
      vertex   4.209508e+02 6.520426e+02 1.918173e+01
    endloop
  endfacet
  facet normal 1.218693e-01 -6.174310e-16 9.925462e-01
    outer loop
      vertex   4.209508e+02 6.520426e+02 1.918173e+01
      vertex   4.234944e+02 6.524552e+02 1.886941e+01
      vertex   4.230317e+02 6.534326e+02 1.892623e+01
    endloop
  endfacet
  facet normal 1.218693e-01 5.248232e-15 9.925462e-01
    outer loop
      vertex   4.209508e+02 6.520426e+02 1.918173e+01
      vertex   4.230317e+02 6.534326e+02 1.892623e+01
      vertex   4.206091e+02 6.524879e+02 1.922368e+01
    endloop
  endfacet
  facet normal 1.218693e-01 -3.203004e-15 9.925462e-01
    outer loop
      vertex   4.206091e+02 6.524879e+02 1.922368e+01
      vertex   4.230317e+02 6.534326e+02 1.892623e+01
      vertex   4.223557e+02 6.542767e+02 1.900923e+01
    endloop
  endfacet
  facet normal 1.218693e-01 -8.027630e-15 9.925462e-01
    outer loop
      vertex   4.206091e+02 6.524879e+02 1.922368e+01
      vertex   4.223557e+02 6.542767e+02 1.900923e+01
      vertex   4.201638e+02 6.528295e+02 1.927836e+01
    endloop
  endfacet
  facet normal 1.218693e-01 5.117213e-16 9.925462e-01
    outer loop
      vertex   4.201638e+02 6.528295e+02 1.927836e+01
      vertex   4.223557e+02 6.542767e+02 1.900923e+01
      vertex   4.215030e+02 6.549418e+02 1.911392e+01
    endloop
  endfacet
  facet normal 1.218693e-01 2.719184e-15 9.925462e-01
    outer loop
      vertex   4.201638e+02 6.528295e+02 1.927836e+01
      vertex   4.215030e+02 6.549418e+02 1.911392e+01
      vertex   4.196453e+02 6.530443e+02 1.934203e+01
    endloop
  endfacet
  facet normal 1.218693e-01 -8.967593e-15 9.925462e-01
    outer loop
      vertex   4.196453e+02 6.530443e+02 1.934203e+01
      vertex   4.215030e+02 6.549418e+02 1.911392e+01
      vertex   4.190888e+02 6.531176e+02 1.941035e+01
    endloop
  endfacet
  facet normal 1.218693e-01 -2.769782e-15 9.925462e-01
    outer loop
      vertex   4.190888e+02 6.531176e+02 1.941035e+01
      vertex   4.215030e+02 6.549418e+02 1.911392e+01
      vertex   4.175030e+02 6.553388e+02 1.960506e+01
    endloop
  endfacet
  facet normal 1.218693e-01 1.293691e-15 9.925462e-01
    outer loop
      vertex   4.190888e+02 6.531176e+02 1.941035e+01
      vertex   4.175030e+02 6.553388e+02 1.960506e+01
      vertex   4.185323e+02 6.530443e+02 1.947868e+01
    endloop
  endfacet
  facet normal 1.218693e-01 -5.462237e-15 9.925462e-01
    outer loop
      vertex   4.185323e+02 6.530443e+02 1.947868e+01
      vertex   4.175030e+02 6.553388e+02 1.960506e+01
      vertex   4.166520e+02 6.549280e+02 1.970955e+01
    endloop
  endfacet
  facet normal 1.218693e-01 -7.792049e-15 9.925462e-01
    outer loop
      vertex   4.185323e+02 6.530443e+02 1.947868e+01
      vertex   4.166520e+02 6.549280e+02 1.970955e+01
      vertex   4.180138e+02 6.528295e+02 1.954234e+01
    endloop
  endfacet
  facet normal 1.218693e-01 2.711894e-15 9.925462e-01
    outer loop
      vertex   4.180138e+02 6.528295e+02 1.954234e+01
      vertex   4.166520e+02 6.549280e+02 1.970955e+01
      vertex   4.159017e+02 6.543536e+02 1.980168e+01
    endloop
  endfacet
  facet normal 1.218693e-01 3.698681e-15 9.925462e-01
    outer loop
      vertex   4.180138e+02 6.528295e+02 1.954234e+01
      vertex   4.159017e+02 6.543536e+02 1.980168e+01
      vertex   4.175685e+02 6.524879e+02 1.959702e+01
    endloop
  endfacet
  facet normal 1.218693e-01 -2.091224e-15 9.925462e-01
    outer loop
      vertex   4.175685e+02 6.524879e+02 1.959702e+01
      vertex   4.159017e+02 6.543536e+02 1.980168e+01
      vertex   4.152830e+02 6.536393e+02 1.987765e+01
    endloop
  endfacet
  facet normal 1.218693e-01 -7.194008e-15 9.925462e-01
    outer loop
      vertex   4.175685e+02 6.524879e+02 1.959702e+01
      vertex   4.152830e+02 6.536393e+02 1.987765e+01
      vertex   4.172268e+02 6.520426e+02 1.963897e+01
    endloop
  endfacet
  facet normal 1.218693e-01 -8.947965e-15 9.925462e-01
    outer loop
      vertex   4.172268e+02 6.520426e+02 1.963897e+01
      vertex   4.152830e+02 6.536393e+02 1.987765e+01
      vertex   4.148214e+02 6.528147e+02 1.993432e+01
    endloop
  endfacet
  facet normal 1.218693e-01 2.358831e-15 9.925462e-01
    outer loop
      vertex   4.172268e+02 6.520426e+02 1.963897e+01
      vertex   4.148214e+02 6.528147e+02 1.993432e+01
      vertex   4.170121e+02 6.515241e+02 1.966534e+01
    endloop
  endfacet
  facet normal 1.218693e-01 -6.587974e-16 9.925462e-01
    outer loop
      vertex   4.170121e+02 6.515241e+02 1.966534e+01
      vertex   4.148214e+02 6.528147e+02 1.993432e+01
      vertex   4.145361e+02 6.519139e+02 1.996935e+01
    endloop
  endfacet
  facet normal 1.218693e-01 1.089641e-14 9.925462e-01
    outer loop
      vertex   4.170121e+02 6.515241e+02 1.966534e+01
      vertex   4.145361e+02 6.519139e+02 1.996935e+01
      vertex   4.169388e+02 6.509676e+02 1.967434e+01
    endloop
  endfacet
  facet normal 1.218693e-01 1.040776e-14 9.925462e-01
    outer loop
      vertex   4.169388e+02 6.509676e+02 1.967434e+01
      vertex   4.145361e+02 6.519139e+02 1.996935e+01
      vertex   4.144388e+02 6.509739e+02 1.998130e+01
    endloop
  endfacet
  facet normal 1.218693e-01 -1.092737e-14 9.925462e-01
    outer loop
      vertex   4.169388e+02 6.509676e+02 1.967434e+01
      vertex   4.144388e+02 6.509739e+02 1.998130e+01
      vertex   4.170121e+02 6.504111e+02 1.966534e+01
    endloop
  endfacet
  facet normal 1.218693e-01 9.873490e-17 9.925462e-01
    outer loop
      vertex   4.175030e+02 6.553388e+02 1.960506e+01
      vertex   4.215030e+02 6.549418e+02 1.911392e+01
      vertex   4.175030e+02 7.267671e+02 1.960506e+01
    endloop
  endfacet
  facet normal 1.218693e-01 -4.882462e-17 9.925462e-01
    outer loop
      vertex   4.175030e+02 7.267671e+02 1.960506e+01
      vertex   4.215030e+02 6.549418e+02 1.911392e+01
      vertex   4.215030e+02 7.271642e+02 1.911392e+01
    endloop
  endfacet
  facet normal 1.218693e-01 7.726633e-16 9.925462e-01
    outer loop
      vertex   4.190888e+02 7.332884e+02 1.941035e+01
      vertex   4.181939e+02 7.357014e+02 1.952023e+01
      vertex   4.185323e+02 7.332151e+02 1.947868e+01
    endloop
  endfacet
  facet normal 1.218693e-01 -5.065307e-16 9.925462e-01
    outer loop
      vertex   4.185323e+02 7.332151e+02 1.947868e+01
      vertex   4.181939e+02 7.357014e+02 1.952023e+01
      vertex   4.171668e+02 7.353726e+02 1.964634e+01
    endloop
  endfacet
  facet normal 1.218693e-01 -6.077390e-15 9.925462e-01
    outer loop
      vertex   4.185323e+02 7.332151e+02 1.947868e+01
      vertex   4.171668e+02 7.353726e+02 1.964634e+01
      vertex   4.180138e+02 7.330003e+02 1.954234e+01
    endloop
  endfacet
  facet normal 1.218693e-01 -9.621955e-16 9.925462e-01
    outer loop
      vertex   4.180138e+02 7.330003e+02 1.954234e+01
      vertex   4.171668e+02 7.353726e+02 1.964634e+01
      vertex   4.162431e+02 7.348159e+02 1.975976e+01
    endloop
  endfacet
  facet normal 1.218693e-01 2.855324e-15 9.925462e-01
    outer loop
      vertex   4.180138e+02 7.330003e+02 1.954234e+01
      vertex   4.162431e+02 7.348159e+02 1.975976e+01
      vertex   4.175685e+02 7.326587e+02 1.959702e+01
    endloop
  endfacet
  facet normal 1.218693e-01 2.524732e-15 9.925462e-01
    outer loop
      vertex   4.175685e+02 7.326587e+02 1.959702e+01
      vertex   4.162431e+02 7.348159e+02 1.975976e+01
      vertex   4.154725e+02 7.340615e+02 1.985438e+01
    endloop
  endfacet
  facet normal 1.218693e-01 -8.531901e-15 9.925462e-01
    outer loop
      vertex   4.175685e+02 7.326587e+02 1.959702e+01
      vertex   4.154725e+02 7.340615e+02 1.985438e+01
      vertex   4.172268e+02 7.322134e+02 1.963897e+01
    endloop
  endfacet
  facet normal 1.218693e-01 -8.169757e-16 9.925462e-01
    outer loop
      vertex   4.172268e+02 7.322134e+02 1.963897e+01
      vertex   4.154725e+02 7.340615e+02 1.985438e+01
      vertex   4.170121e+02 7.316948e+02 1.966534e+01
    endloop
  endfacet
  facet normal 1.218693e-01 1.110207e-15 9.925462e-01
    outer loop
      vertex   2.959036e+02 6.185041e+02 3.453559e+01
      vertex   2.964221e+02 6.187189e+02 3.447192e+01
      vertex   2.963072e+02 6.212434e+02 3.448603e+01
    endloop
  endfacet
  facet normal 1.218693e-01 1.769035e-15 9.925462e-01
    outer loop
      vertex   2.963072e+02 6.212434e+02 3.448603e+01
      vertex   2.964221e+02 6.187189e+02 3.447192e+01
      vertex   2.969786e+02 6.187921e+02 3.440360e+01
    endloop
  endfacet
  facet normal 1.218693e-01 -2.456440e-15 9.925462e-01
    outer loop
      vertex   2.963072e+02 6.212434e+02 3.448603e+01
      vertex   2.969786e+02 6.187921e+02 3.440360e+01
      vertex   2.973502e+02 6.212773e+02 3.435797e+01
    endloop
  endfacet
  facet normal 1.218693e-01 -2.873113e-15 9.925462e-01
    outer loop
      vertex   2.973502e+02 6.212773e+02 3.435797e+01
      vertex   2.969786e+02 6.187921e+02 3.440360e+01
      vertex   2.975350e+02 6.187189e+02 3.433527e+01
    endloop
  endfacet
  facet normal 1.218693e-01 4.963826e-15 9.925462e-01
    outer loop
      vertex   3.028312e+02 7.329359e+02 3.368499e+01
      vertex   3.027579e+02 7.323794e+02 3.369399e+01
      vertex   3.052563e+02 7.321045e+02 3.338723e+01
    endloop
  endfacet
  facet normal 1.218693e-01 -8.872821e-15 9.925462e-01
    outer loop
      vertex   3.052563e+02 7.321045e+02 3.338723e+01
      vertex   3.027579e+02 7.323794e+02 3.369399e+01
      vertex   3.049691e+02 7.311369e+02 3.342249e+01
    endloop
  endfacet
  facet normal 1.218693e-01 -9.823133e-15 9.925462e-01
    outer loop
      vertex   3.049691e+02 7.311369e+02 3.342249e+01
      vertex   3.027579e+02 7.323794e+02 3.369399e+01
      vertex   3.025431e+02 7.318609e+02 3.372036e+01
    endloop
  endfacet
  facet normal 1.218693e-01 -1.103778e-16 9.925462e-01
    outer loop
      vertex   3.049691e+02 7.311369e+02 3.342249e+01
      vertex   3.025431e+02 7.318609e+02 3.372036e+01
      vertex   3.044799e+02 7.302541e+02 3.348255e+01
    endloop
  endfacet
  facet normal 1.218693e-01 4.294066e-15 9.925462e-01
    outer loop
      vertex   3.044799e+02 7.302541e+02 3.348255e+01
      vertex   3.025431e+02 7.318609e+02 3.372036e+01
      vertex   3.022015e+02 7.314156e+02 3.376231e+01
    endloop
  endfacet
  facet normal 1.218693e-01 5.301049e-15 9.925462e-01
    outer loop
      vertex   3.044799e+02 7.302541e+02 3.348255e+01
      vertex   3.022015e+02 7.314156e+02 3.376231e+01
      vertex   3.038118e+02 7.294976e+02 3.356459e+01
    endloop
  endfacet
  facet normal 1.218693e-01 2.432630e-15 9.925462e-01
    outer loop
      vertex   3.038118e+02 7.294976e+02 3.356459e+01
      vertex   3.022015e+02 7.314156e+02 3.376231e+01
      vertex   3.017562e+02 7.310739e+02 3.381698e+01
    endloop
  endfacet
  facet normal 1.218693e-01 1.636824e-15 9.925462e-01
    outer loop
      vertex   3.038118e+02 7.294976e+02 3.356459e+01
      vertex   3.017562e+02 7.310739e+02 3.381698e+01
      vertex   3.029962e+02 7.289031e+02 3.366473e+01
    endloop
  endfacet
  facet normal 1.218693e-01 -1.583269e-15 9.925462e-01
    outer loop
      vertex   3.029962e+02 7.289031e+02 3.366473e+01
      vertex   3.017562e+02 7.310739e+02 3.381698e+01
      vertex   3.012376e+02 7.308591e+02 3.388065e+01
    endloop
  endfacet
  facet normal 1.218693e-01 7.483107e-15 9.925462e-01
    outer loop
      vertex   3.025431e+02 7.340109e+02 3.372036e+01
      vertex   3.027579e+02 7.334923e+02 3.369399e+01
      vertex   3.041662e+02 7.360144e+02 3.352107e+01
    endloop
  endfacet
  facet normal 9.758315e-02 -9.952274e-01 0.000000e+00
    outer loop
      vertex   3.505541e+02 7.405628e+02 2.782536e+01
      vertex   3.505541e+02 7.405628e+02 2.932536e+01
      vertex   3.041662e+02 7.360144e+02 3.352107e+01
    endloop
  endfacet
  facet normal 9.758315e-02 -9.952274e-01 0.000000e+00
    outer loop
      vertex   3.041662e+02 7.360144e+02 3.352107e+01
      vertex   3.505541e+02 7.405628e+02 2.932536e+01
      vertex   3.041662e+02 7.360144e+02 3.502107e+01
    endloop
  endfacet
  facet normal -9.964700e-02 -9.950229e-01 -0.000000e+00
    outer loop
      vertex   3.505541e+02 7.405628e+02 2.278781e+01
      vertex   3.505541e+02 7.405628e+02 0.000000e+00
      vertex   4.154725e+02 7.340615e+02 1.481683e+01
    endloop
  endfacet
  facet normal -9.964700e-02 -9.950229e-01 -0.000000e+00
    outer loop
      vertex   4.154725e+02 7.340615e+02 1.481683e+01
      vertex   3.505541e+02 7.405628e+02 0.000000e+00
      vertex   4.154725e+02 7.340615e+02 0.000000e+00
    endloop
  endfacet
  facet normal -7.489557e-01 -0.000000e+00 -6.626200e-01
    outer loop
      vertex   4.175030e+02 7.267671e+02 1.856751e+01
      vertex   4.185026e+02 7.265255e+02 1.743771e+01
      vertex   4.175030e+02 6.553388e+02 1.856751e+01
    endloop
  endfacet
  facet normal -7.489557e-01 -1.035316e-15 -6.626200e-01
    outer loop
      vertex   4.175030e+02 6.553388e+02 1.856751e+01
      vertex   4.185026e+02 7.265255e+02 1.743771e+01
      vertex   4.185026e+02 6.555805e+02 1.743771e+01
    endloop
  endfacet
  facet normal -7.489557e-01 -1.034265e-15 -6.626200e-01
    outer loop
      vertex   4.185026e+02 6.555805e+02 1.743771e+01
      vertex   4.185026e+02 7.265255e+02 1.743771e+01
      vertex   4.195308e+02 7.265094e+02 1.627550e+01
    endloop
  endfacet
  facet normal -7.489557e-01 1.311597e-16 -6.626200e-01
    outer loop
      vertex   4.185026e+02 6.555805e+02 1.743771e+01
      vertex   4.195308e+02 7.265094e+02 1.627550e+01
      vertex   4.195308e+02 6.555965e+02 1.627550e+01
    endloop
  endfacet
  facet normal -7.489557e-01 1.327882e-16 -6.626200e-01
    outer loop
      vertex   4.195308e+02 6.555965e+02 1.627550e+01
      vertex   4.195308e+02 7.265094e+02 1.627550e+01
      vertex   4.205374e+02 6.553862e+02 1.513773e+01
    endloop
  endfacet
  facet normal -7.489557e-01 9.900382e-17 -6.626200e-01
    outer loop
      vertex   4.205374e+02 6.553862e+02 1.513773e+01
      vertex   4.195308e+02 7.265094e+02 1.627550e+01
      vertex   4.205374e+02 7.267198e+02 1.513773e+01
    endloop
  endfacet
  facet normal -7.489557e-01 9.900382e-17 -6.626200e-01
    outer loop
      vertex   4.205374e+02 6.553862e+02 1.513773e+01
      vertex   4.205374e+02 7.267198e+02 1.513773e+01
      vertex   4.214732e+02 6.549597e+02 1.408003e+01
    endloop
  endfacet
  facet normal -7.489557e-01 -1.630567e-17 -6.626200e-01
    outer loop
      vertex   4.214732e+02 6.549597e+02 1.408003e+01
      vertex   4.205374e+02 7.267198e+02 1.513773e+01
      vertex   4.214732e+02 7.271462e+02 1.408003e+01
    endloop
  endfacet
  facet normal -1.218693e-01 -2.442446e-17 -9.925462e-01
    outer loop
      vertex   4.214732e+02 6.549597e+02 1.408003e+01
      vertex   4.214732e+02 7.271462e+02 1.408003e+01
      vertex   4.214832e+02 6.549538e+02 1.407881e+01
    endloop
  endfacet
  facet normal -1.218693e-01 -4.710958e-17 -9.925462e-01
    outer loop
      vertex   4.214832e+02 6.549538e+02 1.407881e+01
      vertex   4.214732e+02 7.271462e+02 1.408003e+01
      vertex   4.214832e+02 7.271522e+02 1.407881e+01
    endloop
  endfacet
  facet normal -1.218693e-01 -4.710958e-17 -9.925462e-01
    outer loop
      vertex   4.214832e+02 6.549538e+02 1.407881e+01
      vertex   4.214832e+02 7.271522e+02 1.407881e+01
      vertex   4.214931e+02 6.549478e+02 1.407759e+01
    endloop
  endfacet
  facet normal -1.218693e-01 2.441637e-17 -9.925462e-01
    outer loop
      vertex   4.214931e+02 6.549478e+02 1.407759e+01
      vertex   4.214832e+02 7.271522e+02 1.407881e+01
      vertex   4.214931e+02 7.271582e+02 1.407759e+01
    endloop
  endfacet
  facet normal -1.218693e-01 2.441637e-17 -9.925462e-01
    outer loop
      vertex   4.214931e+02 6.549478e+02 1.407759e+01
      vertex   4.214931e+02 7.271582e+02 1.407759e+01
      vertex   4.215030e+02 6.549418e+02 1.407637e+01
    endloop
  endfacet
  facet normal -1.218693e-01 0.000000e+00 -9.925462e-01
    outer loop
      vertex   4.215030e+02 6.549418e+02 1.407637e+01
      vertex   4.214931e+02 7.271582e+02 1.407759e+01
      vertex   4.215030e+02 7.271642e+02 1.407637e+01
    endloop
  endfacet
  facet normal -1.000000e+00 0.000000e+00 0.000000e+00
    outer loop
      vertex   4.175030e+02 7.267671e+02 1.856751e+01
      vertex   4.175030e+02 6.553388e+02 1.856751e+01
      vertex   4.175030e+02 7.267671e+02 1.960506e+01
    endloop
  endfacet
  facet normal -1.000000e+00 -0.000000e+00 0.000000e+00
    outer loop
      vertex   4.175030e+02 7.267671e+02 1.960506e+01
      vertex   4.175030e+02 6.553388e+02 1.856751e+01
      vertex   4.175030e+02 6.553388e+02 1.960506e+01
    endloop
  endfacet
  facet normal -4.347126e-01 9.005690e-01 7.031038e-04
    outer loop
      vertex   4.166520e+02 6.549280e+02 1.970955e+01
      vertex   4.175030e+02 6.553388e+02 1.960506e+01
      vertex   4.173497e+02 6.552801e+02 0.000000e+00
    endloop
  endfacet
  facet normal -3.575729e-01 9.338852e-01 0.000000e+00
    outer loop
      vertex   4.173497e+02 6.552801e+02 0.000000e+00
      vertex   4.175030e+02 6.553388e+02 1.960506e+01
      vertex   4.175030e+02 6.553388e+02 1.856751e+01
    endloop
  endfacet
  facet normal -2.640038e-01 9.645213e-01 -8.695984e-04
    outer loop
      vertex   4.173497e+02 6.552801e+02 0.000000e+00
      vertex   4.175030e+02 6.553388e+02 1.856751e+01
      vertex   4.183892e+02 6.555647e+02 0.000000e+00
    endloop
  endfacet
  facet normal -2.343059e-01 9.721627e-01 6.408048e-04
    outer loop
      vertex   4.183892e+02 6.555647e+02 0.000000e+00
      vertex   4.175030e+02 6.553388e+02 1.856751e+01
      vertex   4.185026e+02 6.555805e+02 1.743771e+01
    endloop
  endfacet
  facet normal -3.485854e-02 9.993920e-01 -6.803343e-04
    outer loop
      vertex   4.183892e+02 6.555647e+02 0.000000e+00
      vertex   4.185026e+02 6.555805e+02 1.743771e+01
      vertex   4.194664e+02 6.556022e+02 0.000000e+00
    endloop
  endfacet
  facet normal -1.513837e-02 9.998853e-01 4.102243e-04
    outer loop
      vertex   4.194664e+02 6.556022e+02 0.000000e+00
      vertex   4.185026e+02 6.555805e+02 1.743771e+01
      vertex   4.195308e+02 6.555965e+02 1.627550e+01
    endloop
  endfacet
  facet normal 1.961595e-01 9.805719e-01 -4.332022e-04
    outer loop
      vertex   4.194664e+02 6.556022e+02 0.000000e+00
      vertex   4.195308e+02 6.555965e+02 1.627550e+01
      vertex   4.205232e+02 6.553908e+02 0.000000e+00
    endloop
  endfacet
  facet normal 2.046659e-01 9.788319e-01 1.074762e-04
    outer loop
      vertex   4.205232e+02 6.553908e+02 0.000000e+00
      vertex   4.195308e+02 6.555965e+02 1.627550e+01
      vertex   4.205374e+02 6.553862e+02 1.513773e+01
    endloop
  endfacet
  facet normal 4.145932e-01 9.100068e-01 -1.106349e-04
    outer loop
      vertex   4.205232e+02 6.553908e+02 0.000000e+00
      vertex   4.205374e+02 6.553862e+02 1.513773e+01
      vertex   4.214732e+02 6.549597e+02 1.408003e+01
    endloop
  endfacet
  facet normal 4.166392e-01 9.090719e-01 -2.772998e-04
    outer loop
      vertex   4.205232e+02 6.553908e+02 0.000000e+00
      vertex   4.214732e+02 6.549597e+02 1.408003e+01
      vertex   4.215030e+02 6.549418e+02 0.000000e+00
    endloop
  endfacet
  facet normal 5.138439e-01 8.578837e-01 -6.169672e-06
    outer loop
      vertex   4.215030e+02 6.549418e+02 0.000000e+00
      vertex   4.214732e+02 6.549597e+02 1.408003e+01
      vertex   4.214832e+02 6.549538e+02 1.407881e+01
    endloop
  endfacet
  facet normal 5.159832e-01 8.565987e-01 -2.056561e-06
    outer loop
      vertex   4.215030e+02 6.549418e+02 0.000000e+00
      vertex   4.214832e+02 6.549538e+02 1.407881e+01
      vertex   4.214931e+02 6.549478e+02 1.407759e+01
    endloop
  endfacet
  facet normal 5.181191e-01 8.553085e-01 0.000000e+00
    outer loop
      vertex   4.214931e+02 6.549478e+02 1.407759e+01
      vertex   4.215030e+02 6.549418e+02 1.407637e+01
      vertex   4.215030e+02 6.549418e+02 0.000000e+00
    endloop
  endfacet
  facet normal -4.789656e-01 8.778327e-01 -1.269504e-03
    outer loop
      vertex   4.173497e+02 6.552801e+02 0.000000e+00
      vertex   4.164036e+02 6.547639e+02 0.000000e+00
      vertex   4.166520e+02 6.549280e+02 1.970955e+01
    endloop
  endfacet
  facet normal -6.077821e-01 7.941031e-01 1.051545e-03
    outer loop
      vertex   4.166520e+02 6.549280e+02 1.970955e+01
      vertex   4.164036e+02 6.547639e+02 0.000000e+00
      vertex   4.159017e+02 6.543536e+02 1.980168e+01
    endloop
  endfacet
  facet normal -6.681956e-01 7.439841e-01 -1.518177e-03
    outer loop
      vertex   4.159017e+02 6.543536e+02 1.980168e+01
      vertex   4.164036e+02 6.547639e+02 0.000000e+00
      vertex   4.156017e+02 6.540437e+02 0.000000e+00
    endloop
  endfacet
  facet normal -7.557775e-01 6.548274e-01 1.203768e-03
    outer loop
      vertex   4.159017e+02 6.543536e+02 1.980168e+01
      vertex   4.156017e+02 6.540437e+02 0.000000e+00
      vertex   4.152830e+02 6.536393e+02 1.987765e+01
    endloop
  endfacet
  facet normal -8.215278e-01 5.701663e-01 -1.572895e-03
    outer loop
      vertex   4.152830e+02 6.536393e+02 1.987765e+01
      vertex   4.156017e+02 6.540437e+02 0.000000e+00
      vertex   4.149872e+02 6.531583e+02 0.000000e+00
    endloop
  endfacet
  facet normal -8.725695e-01 4.884886e-01 1.163231e-03
    outer loop
      vertex   4.152830e+02 6.536393e+02 1.987765e+01
      vertex   4.149872e+02 6.531583e+02 0.000000e+00
      vertex   4.148214e+02 6.528147e+02 1.993432e+01
    endloop
  endfacet
  facet normal -9.307249e-01 3.657172e-01 -1.436183e-03
    outer loop
      vertex   4.148214e+02 6.528147e+02 1.993432e+01
      vertex   4.149872e+02 6.531583e+02 0.000000e+00
      vertex   4.145930e+02 6.521552e+02 0.000000e+00
    endloop
  endfacet
  facet normal -9.533192e-01 3.019631e-01 9.321848e-04
    outer loop
      vertex   4.148214e+02 6.528147e+02 1.993432e+01
      vertex   4.145930e+02 6.521552e+02 0.000000e+00
      vertex   4.145361e+02 6.519139e+02 1.996935e+01
    endloop
  endfacet
  facet normal -9.899204e-01 1.416204e-01 -1.109513e-03
    outer loop
      vertex   4.145361e+02 6.519139e+02 1.996935e+01
      vertex   4.145930e+02 6.521552e+02 0.000000e+00
      vertex   4.144404e+02 6.510882e+02 0.000000e+00
    endloop
  endfacet
  facet normal -9.946844e-01 1.029697e-01 5.113570e-04
    outer loop
      vertex   4.145361e+02 6.519139e+02 1.996935e+01
      vertex   4.144404e+02 6.510882e+02 0.000000e+00
      vertex   4.144388e+02 6.509739e+02 1.998130e+01
    endloop
  endfacet
  facet normal -9.999068e-01 1.365275e-02 0.000000e+00
    outer loop
      vertex   4.144388e+02 6.509739e+02 1.998130e+01
      vertex   4.144404e+02 6.510882e+02 0.000000e+00
      vertex   4.144388e+02 6.509739e+02 1.897162e+01
    endloop
  endfacet
  facet normal -9.959339e-01 -9.008485e-02 -6.247005e-04
    outer loop
      vertex   4.144388e+02 6.509739e+02 1.897162e+01
      vertex   4.144404e+02 6.510882e+02 0.000000e+00
      vertex   4.145375e+02 6.500148e+02 0.000000e+00
    endloop
  endfacet
  facet normal -9.937186e-01 -1.119063e-01 4.899968e-04
    outer loop
      vertex   4.144388e+02 6.509739e+02 1.897162e+01
      vertex   4.145375e+02 6.500148e+02 0.000000e+00
      vertex   4.145556e+02 6.499317e+02 1.791429e+01
    endloop
  endfacet
  facet normal -9.484419e-01 -3.169505e-01 -5.071809e-04
    outer loop
      vertex   4.145556e+02 6.499317e+02 1.791429e+01
      vertex   4.145375e+02 6.500148e+02 0.000000e+00
      vertex   4.148791e+02 6.489926e+02 0.000000e+00
    endloop
  endfacet
  facet normal -9.434088e-01 -3.316318e-01 3.533211e-04
    outer loop
      vertex   4.145556e+02 6.499317e+02 1.791429e+01
      vertex   4.148791e+02 6.489926e+02 0.000000e+00
      vertex   4.149031e+02 6.489422e+02 1.681726e+01
    endloop
  endfacet
  facet normal -8.499963e-01 -5.267886e-01 -3.649188e-04
    outer loop
      vertex   4.149031e+02 6.489422e+02 1.681726e+01
      vertex   4.148791e+02 6.489926e+02 0.000000e+00
      vertex   4.154468e+02 6.480765e+02 0.000000e+00
    endloop
  endfacet
  facet normal -8.451929e-01 -5.344613e-01 1.853687e-04
    outer loop
      vertex   4.149031e+02 6.489422e+02 1.681726e+01
      vertex   4.154468e+02 6.480765e+02 0.000000e+00
      vertex   4.154634e+02 6.480557e+02 1.573634e+01
    endloop
  endfacet
  facet normal -7.058858e-01 -7.083256e-01 -1.909684e-04
    outer loop
      vertex   4.154634e+02 6.480557e+02 1.573634e+01
      vertex   4.154468e+02 6.480765e+02 0.000000e+00
      vertex   4.162103e+02 6.473157e+02 0.000000e+00
    endloop
  endfacet
  facet normal -7.040758e-01 -7.101249e-01 -2.045268e-05
    outer loop
      vertex   4.154634e+02 6.480557e+02 1.573634e+01
      vertex   4.162103e+02 6.473157e+02 0.000000e+00
      vertex   4.162082e+02 6.473173e+02 1.472650e+01
    endloop
  endfacet
  facet normal -6.194152e-01 -7.850636e-01 -3.454016e-08
    outer loop
      vertex   4.162082e+02 6.473173e+02 1.472650e+01
      vertex   4.162103e+02 6.473157e+02 0.000000e+00
      vertex   4.162089e+02 6.473168e+02 1.472641e+01
    endloop
  endfacet
  facet normal -6.192653e-01 -7.851818e-01 -1.151339e-08
    outer loop
      vertex   4.162089e+02 6.473168e+02 1.472641e+01
      vertex   4.162103e+02 6.473157e+02 0.000000e+00
      vertex   4.162096e+02 6.473162e+02 1.472633e+01
    endloop
  endfacet
  facet normal -6.191154e-01 -7.853001e-01 0.000000e+00
    outer loop
      vertex   4.162096e+02 6.473162e+02 1.472633e+01
      vertex   4.162103e+02 6.473157e+02 0.000000e+00
      vertex   4.162103e+02 6.473157e+02 1.472624e+01
    endloop
  endfacet
  facet normal -1.000000e+00 -0.000000e+00 0.000000e+00
    outer loop
      vertex   4.215030e+02 7.271642e+02 1.911392e+01
      vertex   4.215030e+02 6.549418e+02 1.911392e+01
      vertex   4.215030e+02 7.271642e+02 2.061392e+01
    endloop
  endfacet
  facet normal -1.000000e+00 -0.000000e+00 0.000000e+00
    outer loop
      vertex   4.215030e+02 7.271642e+02 2.061392e+01
      vertex   4.215030e+02 6.549418e+02 1.911392e+01
      vertex   4.215030e+02 6.549418e+02 2.061392e+01
    endloop
  endfacet
  facet normal -1.000000e+00 0.000000e+00 0.000000e+00
    outer loop
      vertex   4.215030e+02 6.549418e+02 1.407637e+01
      vertex   4.215030e+02 7.271642e+02 1.407637e+01
      vertex   4.215030e+02 6.549418e+02 0.000000e+00
    endloop
  endfacet
  facet normal -1.000000e+00 0.000000e+00 0.000000e+00
    outer loop
      vertex   4.215030e+02 6.549418e+02 0.000000e+00
      vertex   4.215030e+02 7.271642e+02 1.407637e+01
      vertex   4.215030e+02 7.271642e+02 0.000000e+00
    endloop
  endfacet
  facet normal -9.914449e-01 1.305262e-01 0.000000e+00
    outer loop
      vertex   4.211655e+02 6.504111e+02 0.000000e+00
      vertex   4.211655e+02 6.504111e+02 9.837169e+00
      vertex   4.212388e+02 6.509676e+02 0.000000e+00
    endloop
  endfacet
  facet normal -9.914449e-01 1.305262e-01 -5.728997e-15
    outer loop
      vertex   4.212388e+02 6.509676e+02 0.000000e+00
      vertex   4.211655e+02 6.504111e+02 9.837169e+00
      vertex   4.212388e+02 6.509676e+02 9.837169e+00
    endloop
  endfacet
  facet normal -9.914449e-01 -1.305262e-01 -5.728997e-15
    outer loop
      vertex   4.212388e+02 6.509676e+02 0.000000e+00
      vertex   4.212388e+02 6.509676e+02 9.837169e+00
      vertex   4.211655e+02 6.515241e+02 0.000000e+00
    endloop
  endfacet
  facet normal -9.914449e-01 -1.305262e-01 0.000000e+00
    outer loop
      vertex   4.211655e+02 6.515241e+02 0.000000e+00
      vertex   4.212388e+02 6.509676e+02 9.837169e+00
      vertex   4.211655e+02 6.515241e+02 9.837169e+00
    endloop
  endfacet
  facet normal -9.238795e-01 -3.826834e-01 0.000000e+00
    outer loop
      vertex   4.211655e+02 6.515241e+02 0.000000e+00
      vertex   4.211655e+02 6.515241e+02 9.837169e+00
      vertex   4.209508e+02 6.520426e+02 0.000000e+00
    endloop
  endfacet
  facet normal -9.238795e-01 -3.826834e-01 0.000000e+00
    outer loop
      vertex   4.209508e+02 6.520426e+02 0.000000e+00
      vertex   4.211655e+02 6.515241e+02 9.837169e+00
      vertex   4.209508e+02 6.520426e+02 9.837169e+00
    endloop
  endfacet
  facet normal -7.933533e-01 -6.087614e-01 0.000000e+00
    outer loop
      vertex   4.209508e+02 6.520426e+02 0.000000e+00
      vertex   4.209508e+02 6.520426e+02 9.837169e+00
      vertex   4.206091e+02 6.524879e+02 0.000000e+00
    endloop
  endfacet
  facet normal -7.933533e-01 -6.087614e-01 0.000000e+00
    outer loop
      vertex   4.206091e+02 6.524879e+02 0.000000e+00
      vertex   4.209508e+02 6.520426e+02 9.837169e+00
      vertex   4.206091e+02 6.524879e+02 9.837169e+00
    endloop
  endfacet
  facet normal -6.087614e-01 -7.933533e-01 0.000000e+00
    outer loop
      vertex   4.206091e+02 6.524879e+02 0.000000e+00
      vertex   4.206091e+02 6.524879e+02 9.837169e+00
      vertex   4.201638e+02 6.528295e+02 0.000000e+00
    endloop
  endfacet
  facet normal -6.087614e-01 -7.933533e-01 0.000000e+00
    outer loop
      vertex   4.201638e+02 6.528295e+02 0.000000e+00
      vertex   4.206091e+02 6.524879e+02 9.837169e+00
      vertex   4.201638e+02 6.528295e+02 9.837169e+00
    endloop
  endfacet
  facet normal -3.826834e-01 -9.238795e-01 0.000000e+00
    outer loop
      vertex   4.201638e+02 6.528295e+02 0.000000e+00
      vertex   4.201638e+02 6.528295e+02 9.837169e+00
      vertex   4.196453e+02 6.530443e+02 0.000000e+00
    endloop
  endfacet
  facet normal -3.826834e-01 -9.238795e-01 0.000000e+00
    outer loop
      vertex   4.196453e+02 6.530443e+02 0.000000e+00
      vertex   4.201638e+02 6.528295e+02 9.837169e+00
      vertex   4.196453e+02 6.530443e+02 9.837169e+00
    endloop
  endfacet
  facet normal -1.305262e-01 -9.914449e-01 0.000000e+00
    outer loop
      vertex   4.196453e+02 6.530443e+02 0.000000e+00
      vertex   4.196453e+02 6.530443e+02 9.837169e+00
      vertex   4.190888e+02 6.531176e+02 0.000000e+00
    endloop
  endfacet
  facet normal -1.305262e-01 -9.914449e-01 0.000000e+00
    outer loop
      vertex   4.190888e+02 6.531176e+02 0.000000e+00
      vertex   4.196453e+02 6.530443e+02 9.837169e+00
      vertex   4.190888e+02 6.531176e+02 9.837169e+00
    endloop
  endfacet
  facet normal 1.305262e-01 -9.914449e-01 0.000000e+00
    outer loop
      vertex   4.190888e+02 6.531176e+02 0.000000e+00
      vertex   4.190888e+02 6.531176e+02 9.837169e+00
      vertex   4.185323e+02 6.530443e+02 0.000000e+00
    endloop
  endfacet
  facet normal 1.305262e-01 -9.914449e-01 0.000000e+00
    outer loop
      vertex   4.185323e+02 6.530443e+02 0.000000e+00
      vertex   4.190888e+02 6.531176e+02 9.837169e+00
      vertex   4.185323e+02 6.530443e+02 9.837169e+00
    endloop
  endfacet
  facet normal 3.826834e-01 -9.238795e-01 0.000000e+00
    outer loop
      vertex   4.185323e+02 6.530443e+02 0.000000e+00
      vertex   4.185323e+02 6.530443e+02 9.837169e+00
      vertex   4.180138e+02 6.528295e+02 0.000000e+00
    endloop
  endfacet
  facet normal 3.826834e-01 -9.238795e-01 0.000000e+00
    outer loop
      vertex   4.180138e+02 6.528295e+02 0.000000e+00
      vertex   4.185323e+02 6.530443e+02 9.837169e+00
      vertex   4.180138e+02 6.528295e+02 9.837169e+00
    endloop
  endfacet
  facet normal 6.087614e-01 -7.933533e-01 0.000000e+00
    outer loop
      vertex   4.180138e+02 6.528295e+02 0.000000e+00
      vertex   4.180138e+02 6.528295e+02 9.837169e+00
      vertex   4.175685e+02 6.524879e+02 0.000000e+00
    endloop
  endfacet
  facet normal 6.087614e-01 -7.933533e-01 0.000000e+00
    outer loop
      vertex   4.175685e+02 6.524879e+02 0.000000e+00
      vertex   4.180138e+02 6.528295e+02 9.837169e+00
      vertex   4.175685e+02 6.524879e+02 9.837169e+00
    endloop
  endfacet
  facet normal 7.933533e-01 -6.087614e-01 0.000000e+00
    outer loop
      vertex   4.175685e+02 6.524879e+02 0.000000e+00
      vertex   4.175685e+02 6.524879e+02 9.837169e+00
      vertex   4.172268e+02 6.520426e+02 0.000000e+00
    endloop
  endfacet
  facet normal 7.933533e-01 -6.087614e-01 0.000000e+00
    outer loop
      vertex   4.172268e+02 6.520426e+02 0.000000e+00
      vertex   4.175685e+02 6.524879e+02 9.837169e+00
      vertex   4.172268e+02 6.520426e+02 9.837169e+00
    endloop
  endfacet
  facet normal 9.238795e-01 -3.826834e-01 0.000000e+00
    outer loop
      vertex   4.172268e+02 6.520426e+02 0.000000e+00
      vertex   4.172268e+02 6.520426e+02 9.837169e+00
      vertex   4.170121e+02 6.515241e+02 0.000000e+00
    endloop
  endfacet
  facet normal 9.238795e-01 -3.826834e-01 0.000000e+00
    outer loop
      vertex   4.170121e+02 6.515241e+02 0.000000e+00
      vertex   4.172268e+02 6.520426e+02 9.837169e+00
      vertex   4.170121e+02 6.515241e+02 9.837169e+00
    endloop
  endfacet
  facet normal 9.914449e-01 -1.305262e-01 0.000000e+00
    outer loop
      vertex   4.170121e+02 6.515241e+02 0.000000e+00
      vertex   4.170121e+02 6.515241e+02 9.837169e+00
      vertex   4.169388e+02 6.509676e+02 0.000000e+00
    endloop
  endfacet
  facet normal 9.914449e-01 -1.305262e-01 0.000000e+00
    outer loop
      vertex   4.169388e+02 6.509676e+02 0.000000e+00
      vertex   4.170121e+02 6.515241e+02 9.837169e+00
      vertex   4.169388e+02 6.509676e+02 9.837169e+00
    endloop
  endfacet
  facet normal 9.914449e-01 1.305262e-01 -0.000000e+00
    outer loop
      vertex   4.169388e+02 6.509676e+02 0.000000e+00
      vertex   4.169388e+02 6.509676e+02 9.837169e+00
      vertex   4.170121e+02 6.504111e+02 0.000000e+00
    endloop
  endfacet
  facet normal 9.914449e-01 1.305262e-01 -0.000000e+00
    outer loop
      vertex   4.170121e+02 6.504111e+02 0.000000e+00
      vertex   4.169388e+02 6.509676e+02 9.837169e+00
      vertex   4.170121e+02 6.504111e+02 9.837169e+00
    endloop
  endfacet
  facet normal 9.238795e-01 3.826834e-01 -0.000000e+00
    outer loop
      vertex   4.170121e+02 6.504111e+02 0.000000e+00
      vertex   4.170121e+02 6.504111e+02 9.837169e+00
      vertex   4.172268e+02 6.498926e+02 0.000000e+00
    endloop
  endfacet
  facet normal 9.238795e-01 3.826834e-01 -0.000000e+00
    outer loop
      vertex   4.172268e+02 6.498926e+02 0.000000e+00
      vertex   4.170121e+02 6.504111e+02 9.837169e+00
      vertex   4.172268e+02 6.498926e+02 9.837169e+00
    endloop
  endfacet
  facet normal 7.933533e-01 6.087614e-01 -0.000000e+00
    outer loop
      vertex   4.172268e+02 6.498926e+02 0.000000e+00
      vertex   4.172268e+02 6.498926e+02 9.837169e+00
      vertex   4.175685e+02 6.494473e+02 0.000000e+00
    endloop
  endfacet
  facet normal 7.933533e-01 6.087614e-01 -0.000000e+00
    outer loop
      vertex   4.175685e+02 6.494473e+02 0.000000e+00
      vertex   4.172268e+02 6.498926e+02 9.837169e+00
      vertex   4.175685e+02 6.494473e+02 9.837169e+00
    endloop
  endfacet
  facet normal 6.087614e-01 7.933533e-01 -0.000000e+00
    outer loop
      vertex   4.175685e+02 6.494473e+02 0.000000e+00
      vertex   4.175685e+02 6.494473e+02 9.837169e+00
      vertex   4.180138e+02 6.491056e+02 0.000000e+00
    endloop
  endfacet
  facet normal 6.087614e-01 7.933533e-01 -0.000000e+00
    outer loop
      vertex   4.180138e+02 6.491056e+02 0.000000e+00
      vertex   4.175685e+02 6.494473e+02 9.837169e+00
      vertex   4.180138e+02 6.491056e+02 9.837169e+00
    endloop
  endfacet
  facet normal 3.826834e-01 9.238795e-01 -0.000000e+00
    outer loop
      vertex   4.180138e+02 6.491056e+02 0.000000e+00
      vertex   4.180138e+02 6.491056e+02 9.837169e+00
      vertex   4.185323e+02 6.488909e+02 0.000000e+00
    endloop
  endfacet
  facet normal 3.826834e-01 9.238795e-01 -0.000000e+00
    outer loop
      vertex   4.185323e+02 6.488909e+02 0.000000e+00
      vertex   4.180138e+02 6.491056e+02 9.837169e+00
      vertex   4.185323e+02 6.488909e+02 9.837169e+00
    endloop
  endfacet
  facet normal 1.305262e-01 9.914449e-01 -0.000000e+00
    outer loop
      vertex   4.185323e+02 6.488909e+02 0.000000e+00
      vertex   4.185323e+02 6.488909e+02 9.837169e+00
      vertex   4.190888e+02 6.488176e+02 0.000000e+00
    endloop
  endfacet
  facet normal 1.305262e-01 9.914449e-01 -0.000000e+00
    outer loop
      vertex   4.190888e+02 6.488176e+02 0.000000e+00
      vertex   4.185323e+02 6.488909e+02 9.837169e+00
      vertex   4.190888e+02 6.488176e+02 9.837169e+00
    endloop
  endfacet
  facet normal -1.305262e-01 9.914449e-01 0.000000e+00
    outer loop
      vertex   4.190888e+02 6.488176e+02 0.000000e+00
      vertex   4.190888e+02 6.488176e+02 9.837169e+00
      vertex   4.196453e+02 6.488909e+02 0.000000e+00
    endloop
  endfacet
  facet normal -1.305262e-01 9.914449e-01 0.000000e+00
    outer loop
      vertex   4.196453e+02 6.488909e+02 0.000000e+00
      vertex   4.190888e+02 6.488176e+02 9.837169e+00
      vertex   4.196453e+02 6.488909e+02 9.837169e+00
    endloop
  endfacet
  facet normal -3.826834e-01 9.238795e-01 0.000000e+00
    outer loop
      vertex   4.196453e+02 6.488909e+02 0.000000e+00
      vertex   4.196453e+02 6.488909e+02 9.837169e+00
      vertex   4.201638e+02 6.491056e+02 0.000000e+00
    endloop
  endfacet
  facet normal -3.826834e-01 9.238795e-01 0.000000e+00
    outer loop
      vertex   4.201638e+02 6.491056e+02 0.000000e+00
      vertex   4.196453e+02 6.488909e+02 9.837169e+00
      vertex   4.201638e+02 6.491056e+02 9.837169e+00
    endloop
  endfacet
  facet normal -6.087614e-01 7.933533e-01 0.000000e+00
    outer loop
      vertex   4.201638e+02 6.491056e+02 0.000000e+00
      vertex   4.201638e+02 6.491056e+02 9.837169e+00
      vertex   4.206091e+02 6.494473e+02 0.000000e+00
    endloop
  endfacet
  facet normal -6.087614e-01 7.933533e-01 0.000000e+00
    outer loop
      vertex   4.206091e+02 6.494473e+02 0.000000e+00
      vertex   4.201638e+02 6.491056e+02 9.837169e+00
      vertex   4.206091e+02 6.494473e+02 9.837169e+00
    endloop
  endfacet
  facet normal -7.933533e-01 6.087614e-01 0.000000e+00
    outer loop
      vertex   4.206091e+02 6.494473e+02 0.000000e+00
      vertex   4.206091e+02 6.494473e+02 9.837169e+00
      vertex   4.209508e+02 6.498926e+02 0.000000e+00
    endloop
  endfacet
  facet normal -7.933533e-01 6.087614e-01 0.000000e+00
    outer loop
      vertex   4.209508e+02 6.498926e+02 0.000000e+00
      vertex   4.206091e+02 6.494473e+02 9.837169e+00
      vertex   4.209508e+02 6.498926e+02 9.837169e+00
    endloop
  endfacet
  facet normal -9.238795e-01 3.826834e-01 0.000000e+00
    outer loop
      vertex   4.209508e+02 6.498926e+02 0.000000e+00
      vertex   4.209508e+02 6.498926e+02 9.837169e+00
      vertex   4.211655e+02 6.504111e+02 0.000000e+00
    endloop
  endfacet
  facet normal -9.238795e-01 3.826834e-01 0.000000e+00
    outer loop
      vertex   4.211655e+02 6.504111e+02 0.000000e+00
      vertex   4.209508e+02 6.498926e+02 9.837169e+00
      vertex   4.211655e+02 6.504111e+02 9.837169e+00
    endloop
  endfacet
  facet normal -9.914449e-01 -1.305262e-01 -0.000000e+00
    outer loop
      vertex   4.211655e+02 6.515241e+02 1.915536e+01
      vertex   4.211655e+02 6.515241e+02 9.837169e+00
      vertex   4.212388e+02 6.509676e+02 1.914636e+01
    endloop
  endfacet
  facet normal -9.914449e-01 -1.305262e-01 6.053919e-15
    outer loop
      vertex   4.212388e+02 6.509676e+02 1.914636e+01
      vertex   4.211655e+02 6.515241e+02 9.837169e+00
      vertex   4.212388e+02 6.509676e+02 9.837169e+00
    endloop
  endfacet
  facet normal -9.914449e-01 1.305262e-01 6.053919e-15
    outer loop
      vertex   4.212388e+02 6.509676e+02 1.914636e+01
      vertex   4.212388e+02 6.509676e+02 9.837169e+00
      vertex   4.211655e+02 6.504111e+02 9.837169e+00
    endloop
  endfacet
  facet normal -9.238795e-01 -3.826834e-01 0.000000e+00
    outer loop
      vertex   4.211655e+02 6.515241e+02 9.837169e+00
      vertex   4.211655e+02 6.515241e+02 1.915536e+01
      vertex   4.209508e+02 6.520426e+02 9.837169e+00
    endloop
  endfacet
  facet normal -9.238795e-01 -3.826834e-01 0.000000e+00
    outer loop
      vertex   4.209508e+02 6.520426e+02 9.837169e+00
      vertex   4.211655e+02 6.515241e+02 1.915536e+01
      vertex   4.209508e+02 6.520426e+02 1.918173e+01
    endloop
  endfacet
  facet normal -7.933533e-01 -6.087614e-01 0.000000e+00
    outer loop
      vertex   4.209508e+02 6.520426e+02 9.837169e+00
      vertex   4.209508e+02 6.520426e+02 1.918173e+01
      vertex   4.206091e+02 6.524879e+02 9.837169e+00
    endloop
  endfacet
  facet normal -7.933533e-01 -6.087614e-01 0.000000e+00
    outer loop
      vertex   4.206091e+02 6.524879e+02 9.837169e+00
      vertex   4.209508e+02 6.520426e+02 1.918173e+01
      vertex   4.206091e+02 6.524879e+02 1.922368e+01
    endloop
  endfacet
  facet normal -6.087614e-01 -7.933533e-01 0.000000e+00
    outer loop
      vertex   4.206091e+02 6.524879e+02 9.837169e+00
      vertex   4.206091e+02 6.524879e+02 1.922368e+01
      vertex   4.201638e+02 6.528295e+02 9.837169e+00
    endloop
  endfacet
  facet normal -6.087614e-01 -7.933533e-01 0.000000e+00
    outer loop
      vertex   4.201638e+02 6.528295e+02 9.837169e+00
      vertex   4.206091e+02 6.524879e+02 1.922368e+01
      vertex   4.201638e+02 6.528295e+02 1.927836e+01
    endloop
  endfacet
  facet normal -3.826834e-01 -9.238795e-01 0.000000e+00
    outer loop
      vertex   4.201638e+02 6.528295e+02 9.837169e+00
      vertex   4.201638e+02 6.528295e+02 1.927836e+01
      vertex   4.196453e+02 6.530443e+02 9.837169e+00
    endloop
  endfacet
  facet normal -3.826834e-01 -9.238795e-01 0.000000e+00
    outer loop
      vertex   4.196453e+02 6.530443e+02 9.837169e+00
      vertex   4.201638e+02 6.528295e+02 1.927836e+01
      vertex   4.196453e+02 6.530443e+02 1.934203e+01
    endloop
  endfacet
  facet normal -1.305262e-01 -9.914449e-01 0.000000e+00
    outer loop
      vertex   4.196453e+02 6.530443e+02 9.837169e+00
      vertex   4.196453e+02 6.530443e+02 1.934203e+01
      vertex   4.190888e+02 6.531176e+02 9.837169e+00
    endloop
  endfacet
  facet normal -1.305262e-01 -9.914449e-01 0.000000e+00
    outer loop
      vertex   4.190888e+02 6.531176e+02 9.837169e+00
      vertex   4.196453e+02 6.530443e+02 1.934203e+01
      vertex   4.190888e+02 6.531176e+02 1.941035e+01
    endloop
  endfacet
  facet normal 1.305262e-01 -9.914449e-01 0.000000e+00
    outer loop
      vertex   4.190888e+02 6.531176e+02 9.837169e+00
      vertex   4.190888e+02 6.531176e+02 1.941035e+01
      vertex   4.185323e+02 6.530443e+02 9.837169e+00
    endloop
  endfacet
  facet normal 1.305262e-01 -9.914449e-01 0.000000e+00
    outer loop
      vertex   4.185323e+02 6.530443e+02 9.837169e+00
      vertex   4.190888e+02 6.531176e+02 1.941035e+01
      vertex   4.185323e+02 6.530443e+02 1.947868e+01
    endloop
  endfacet
  facet normal 3.826834e-01 -9.238795e-01 0.000000e+00
    outer loop
      vertex   4.185323e+02 6.530443e+02 9.837169e+00
      vertex   4.185323e+02 6.530443e+02 1.947868e+01
      vertex   4.180138e+02 6.528295e+02 9.837169e+00
    endloop
  endfacet
  facet normal 3.826834e-01 -9.238795e-01 0.000000e+00
    outer loop
      vertex   4.180138e+02 6.528295e+02 9.837169e+00
      vertex   4.185323e+02 6.530443e+02 1.947868e+01
      vertex   4.180138e+02 6.528295e+02 1.954234e+01
    endloop
  endfacet
  facet normal 6.087614e-01 -7.933533e-01 0.000000e+00
    outer loop
      vertex   4.180138e+02 6.528295e+02 9.837169e+00
      vertex   4.180138e+02 6.528295e+02 1.954234e+01
      vertex   4.175685e+02 6.524879e+02 9.837169e+00
    endloop
  endfacet
  facet normal 6.087614e-01 -7.933533e-01 0.000000e+00
    outer loop
      vertex   4.175685e+02 6.524879e+02 9.837169e+00
      vertex   4.180138e+02 6.528295e+02 1.954234e+01
      vertex   4.175685e+02 6.524879e+02 1.959702e+01
    endloop
  endfacet
  facet normal 7.933533e-01 -6.087614e-01 0.000000e+00
    outer loop
      vertex   4.175685e+02 6.524879e+02 9.837169e+00
      vertex   4.175685e+02 6.524879e+02 1.959702e+01
      vertex   4.172268e+02 6.520426e+02 9.837169e+00
    endloop
  endfacet
  facet normal 7.933533e-01 -6.087614e-01 0.000000e+00
    outer loop
      vertex   4.172268e+02 6.520426e+02 9.837169e+00
      vertex   4.175685e+02 6.524879e+02 1.959702e+01
      vertex   4.172268e+02 6.520426e+02 1.963897e+01
    endloop
  endfacet
  facet normal 9.238795e-01 -3.826834e-01 0.000000e+00
    outer loop
      vertex   4.172268e+02 6.520426e+02 9.837169e+00
      vertex   4.172268e+02 6.520426e+02 1.963897e+01
      vertex   4.170121e+02 6.515241e+02 9.837169e+00
    endloop
  endfacet
  facet normal 9.238795e-01 -3.826834e-01 0.000000e+00
    outer loop
      vertex   4.170121e+02 6.515241e+02 9.837169e+00
      vertex   4.172268e+02 6.520426e+02 1.963897e+01
      vertex   4.170121e+02 6.515241e+02 1.966534e+01
    endloop
  endfacet
  facet normal 9.914449e-01 -1.305262e-01 0.000000e+00
    outer loop
      vertex   4.170121e+02 6.515241e+02 9.837169e+00
      vertex   4.170121e+02 6.515241e+02 1.966534e+01
      vertex   4.169388e+02 6.509676e+02 9.837169e+00
    endloop
  endfacet
  facet normal 9.914449e-01 -1.305262e-01 0.000000e+00
    outer loop
      vertex   4.169388e+02 6.509676e+02 9.837169e+00
      vertex   4.170121e+02 6.515241e+02 1.966534e+01
      vertex   4.169388e+02 6.509676e+02 1.967434e+01
    endloop
  endfacet
  facet normal 9.914449e-01 1.305262e-01 -0.000000e+00
    outer loop
      vertex   4.169388e+02 6.509676e+02 9.837169e+00
      vertex   4.169388e+02 6.509676e+02 1.967434e+01
      vertex   4.170121e+02 6.504111e+02 1.966534e+01
    endloop
  endfacet
  facet normal 9.914449e-01 1.305262e-01 0.000000e+00
    outer loop
      vertex   4.169388e+02 6.509676e+02 9.837169e+00
      vertex   4.170121e+02 6.504111e+02 1.966534e+01
      vertex   4.170121e+02 6.504111e+02 9.837169e+00
    endloop
  endfacet
  facet normal 9.238795e-01 3.826834e-01 -0.000000e+00
    outer loop
      vertex   4.170121e+02 6.504111e+02 9.837169e+00
      vertex   4.170121e+02 6.504111e+02 1.966534e+01
      vertex   4.172268e+02 6.498926e+02 1.963897e+01
    endloop
  endfacet
  facet normal 9.238795e-01 3.826834e-01 0.000000e+00
    outer loop
      vertex   4.170121e+02 6.504111e+02 9.837169e+00
      vertex   4.172268e+02 6.498926e+02 1.963897e+01
      vertex   4.172268e+02 6.498926e+02 9.837169e+00
    endloop
  endfacet
  facet normal 7.933533e-01 6.087614e-01 -0.000000e+00
    outer loop
      vertex   4.172268e+02 6.498926e+02 9.837169e+00
      vertex   4.172268e+02 6.498926e+02 1.963897e+01
      vertex   4.175685e+02 6.494473e+02 1.959702e+01
    endloop
  endfacet
  facet normal 7.933533e-01 6.087614e-01 0.000000e+00
    outer loop
      vertex   4.172268e+02 6.498926e+02 9.837169e+00
      vertex   4.175685e+02 6.494473e+02 1.959702e+01
      vertex   4.175685e+02 6.494473e+02 9.837169e+00
    endloop
  endfacet
  facet normal 6.087614e-01 7.933533e-01 -0.000000e+00
    outer loop
      vertex   4.175685e+02 6.494473e+02 9.837169e+00
      vertex   4.175685e+02 6.494473e+02 1.959702e+01
      vertex   4.180138e+02 6.491056e+02 1.954234e+01
    endloop
  endfacet
  facet normal 6.087614e-01 7.933533e-01 0.000000e+00
    outer loop
      vertex   4.175685e+02 6.494473e+02 9.837169e+00
      vertex   4.180138e+02 6.491056e+02 1.954234e+01
      vertex   4.180138e+02 6.491056e+02 9.837169e+00
    endloop
  endfacet
  facet normal 3.826834e-01 9.238795e-01 -0.000000e+00
    outer loop
      vertex   4.180138e+02 6.491056e+02 9.837169e+00
      vertex   4.180138e+02 6.491056e+02 1.954234e+01
      vertex   4.185323e+02 6.488909e+02 1.947868e+01
    endloop
  endfacet
  facet normal 3.826834e-01 9.238795e-01 0.000000e+00
    outer loop
      vertex   4.180138e+02 6.491056e+02 9.837169e+00
      vertex   4.185323e+02 6.488909e+02 1.947868e+01
      vertex   4.185323e+02 6.488909e+02 9.837169e+00
    endloop
  endfacet
  facet normal 1.305262e-01 9.914449e-01 -0.000000e+00
    outer loop
      vertex   4.185323e+02 6.488909e+02 9.837169e+00
      vertex   4.185323e+02 6.488909e+02 1.947868e+01
      vertex   4.190888e+02 6.488176e+02 1.941035e+01
    endloop
  endfacet
  facet normal 1.305262e-01 9.914449e-01 0.000000e+00
    outer loop
      vertex   4.185323e+02 6.488909e+02 9.837169e+00
      vertex   4.190888e+02 6.488176e+02 1.941035e+01
      vertex   4.190888e+02 6.488176e+02 9.837169e+00
    endloop
  endfacet
  facet normal -1.305262e-01 9.914449e-01 0.000000e+00
    outer loop
      vertex   4.190888e+02 6.488176e+02 9.837169e+00
      vertex   4.190888e+02 6.488176e+02 1.941035e+01
      vertex   4.196453e+02 6.488909e+02 1.934203e+01
    endloop
  endfacet
  facet normal -1.305262e-01 9.914449e-01 0.000000e+00
    outer loop
      vertex   4.190888e+02 6.488176e+02 9.837169e+00
      vertex   4.196453e+02 6.488909e+02 1.934203e+01
      vertex   4.196453e+02 6.488909e+02 9.837169e+00
    endloop
  endfacet
  facet normal -3.826834e-01 9.238795e-01 0.000000e+00
    outer loop
      vertex   4.196453e+02 6.488909e+02 9.837169e+00
      vertex   4.196453e+02 6.488909e+02 1.934203e+01
      vertex   4.201638e+02 6.491056e+02 1.927836e+01
    endloop
  endfacet
  facet normal -3.826834e-01 9.238795e-01 0.000000e+00
    outer loop
      vertex   4.196453e+02 6.488909e+02 9.837169e+00
      vertex   4.201638e+02 6.491056e+02 1.927836e+01
      vertex   4.201638e+02 6.491056e+02 9.837169e+00
    endloop
  endfacet
  facet normal -6.087614e-01 7.933533e-01 0.000000e+00
    outer loop
      vertex   4.201638e+02 6.491056e+02 9.837169e+00
      vertex   4.201638e+02 6.491056e+02 1.927836e+01
      vertex   4.206091e+02 6.494473e+02 1.922368e+01
    endloop
  endfacet
  facet normal -6.087614e-01 7.933533e-01 0.000000e+00
    outer loop
      vertex   4.201638e+02 6.491056e+02 9.837169e+00
      vertex   4.206091e+02 6.494473e+02 1.922368e+01
      vertex   4.206091e+02 6.494473e+02 9.837169e+00
    endloop
  endfacet
  facet normal -7.933533e-01 6.087614e-01 0.000000e+00
    outer loop
      vertex   4.206091e+02 6.494473e+02 9.837169e+00
      vertex   4.206091e+02 6.494473e+02 1.922368e+01
      vertex   4.209508e+02 6.498926e+02 1.918173e+01
    endloop
  endfacet
  facet normal -7.933533e-01 6.087614e-01 0.000000e+00
    outer loop
      vertex   4.206091e+02 6.494473e+02 9.837169e+00
      vertex   4.209508e+02 6.498926e+02 1.918173e+01
      vertex   4.209508e+02 6.498926e+02 9.837169e+00
    endloop
  endfacet
  facet normal -9.238795e-01 3.826834e-01 0.000000e+00
    outer loop
      vertex   4.209508e+02 6.498926e+02 9.837169e+00
      vertex   4.209508e+02 6.498926e+02 1.918173e+01
      vertex   4.211655e+02 6.504111e+02 1.915536e+01
    endloop
  endfacet
  facet normal -9.238795e-01 3.826834e-01 0.000000e+00
    outer loop
      vertex   4.209508e+02 6.498926e+02 9.837169e+00
      vertex   4.211655e+02 6.504111e+02 1.915536e+01
      vertex   4.211655e+02 6.504111e+02 9.837169e+00
    endloop
  endfacet
  facet normal -9.914449e-01 1.305262e-01 0.000000e+00
    outer loop
      vertex   4.211655e+02 6.504111e+02 9.837169e+00
      vertex   4.211655e+02 6.504111e+02 1.915536e+01
      vertex   4.212388e+02 6.509676e+02 1.914636e+01
    endloop
  endfacet
  facet normal -6.150436e-01 -7.884931e-01 -0.000000e+00
    outer loop
      vertex   4.215030e+02 6.549418e+02 2.061392e+01
      vertex   4.215030e+02 6.549418e+02 1.911392e+01
      vertex   4.223557e+02 6.542767e+02 2.050923e+01
    endloop
  endfacet
  facet normal -6.150436e-01 -7.884931e-01 -0.000000e+00
    outer loop
      vertex   4.223557e+02 6.542767e+02 2.050923e+01
      vertex   4.215030e+02 6.549418e+02 1.911392e+01
      vertex   4.223557e+02 6.542767e+02 1.900923e+01
    endloop
  endfacet
  facet normal -7.805393e-01 -6.251067e-01 -0.000000e+00
    outer loop
      vertex   4.223557e+02 6.542767e+02 2.050923e+01
      vertex   4.223557e+02 6.542767e+02 1.900923e+01
      vertex   4.230317e+02 6.534326e+02 2.042623e+01
    endloop
  endfacet
  facet normal -7.805393e-01 -6.251067e-01 -0.000000e+00
    outer loop
      vertex   4.230317e+02 6.534326e+02 2.042623e+01
      vertex   4.223557e+02 6.542767e+02 1.900923e+01
      vertex   4.230317e+02 6.534326e+02 1.892623e+01
    endloop
  endfacet
  facet normal -9.038203e-01 -4.279121e-01 -0.000000e+00
    outer loop
      vertex   4.230317e+02 6.534326e+02 2.042623e+01
      vertex   4.230317e+02 6.534326e+02 1.892623e+01
      vertex   4.234944e+02 6.524552e+02 2.036941e+01
    endloop
  endfacet
  facet normal -9.038203e-01 -4.279121e-01 -0.000000e+00
    outer loop
      vertex   4.234944e+02 6.524552e+02 2.036941e+01
      vertex   4.230317e+02 6.534326e+02 1.892623e+01
      vertex   4.234944e+02 6.524552e+02 1.886941e+01
    endloop
  endfacet
  facet normal -9.782192e-01 -2.075744e-01 -0.000000e+00
    outer loop
      vertex   4.234944e+02 6.524552e+02 2.036941e+01
      vertex   4.234944e+02 6.524552e+02 1.886941e+01
      vertex   4.237189e+02 6.513973e+02 2.034185e+01
    endloop
  endfacet
  facet normal -9.782192e-01 -2.075744e-01 -0.000000e+00
    outer loop
      vertex   4.237189e+02 6.513973e+02 2.034185e+01
      vertex   4.234944e+02 6.524552e+02 1.886941e+01
      vertex   4.237189e+02 6.513973e+02 1.884185e+01
    endloop
  endfacet
  facet normal -9.997122e-01 2.398981e-02 0.000000e+00
    outer loop
      vertex   4.237189e+02 6.513973e+02 2.034185e+01
      vertex   4.237189e+02 6.513973e+02 1.884185e+01
      vertex   4.236930e+02 6.503163e+02 1.884503e+01
    endloop
  endfacet
  facet normal -9.997122e-01 2.398981e-02 0.000000e+00
    outer loop
      vertex   4.237189e+02 6.513973e+02 2.034185e+01
      vertex   4.236930e+02 6.503163e+02 1.884503e+01
      vertex   4.236930e+02 6.503163e+02 2.034503e+01
    endloop
  endfacet
  facet normal -9.671368e-01 2.542565e-01 0.000000e+00
    outer loop
      vertex   4.236930e+02 6.503163e+02 2.034503e+01
      vertex   4.236930e+02 6.503163e+02 1.884503e+01
      vertex   4.234180e+02 6.492704e+02 1.887879e+01
    endloop
  endfacet
  facet normal -9.671368e-01 2.542565e-01 0.000000e+00
    outer loop
      vertex   4.236930e+02 6.503163e+02 2.034503e+01
      vertex   4.234180e+02 6.492704e+02 1.887879e+01
      vertex   4.234180e+02 6.492704e+02 2.037879e+01
    endloop
  endfacet
  facet normal -8.822549e-01 4.707721e-01 0.000000e+00
    outer loop
      vertex   4.234180e+02 6.492704e+02 2.037879e+01
      vertex   4.234180e+02 6.492704e+02 1.887879e+01
      vertex   4.229089e+02 6.483163e+02 1.894130e+01
    endloop
  endfacet
  facet normal -8.822549e-01 4.707721e-01 -3.343463e-14
    outer loop
      vertex   4.234180e+02 6.492704e+02 2.037879e+01
      vertex   4.229089e+02 6.483163e+02 1.894130e+01
      vertex   4.229089e+02 6.483163e+02 2.044130e+01
    endloop
  endfacet
  facet normal -7.496571e-01 6.618264e-01 -2.840872e-14
    outer loop
      vertex   4.229089e+02 6.483163e+02 2.044130e+01
      vertex   4.229089e+02 6.483163e+02 1.894130e+01
      vertex   4.221932e+02 6.475056e+02 1.902918e+01
    endloop
  endfacet
  facet normal -7.496571e-01 6.618264e-01 -2.840403e-14
    outer loop
      vertex   4.229089e+02 6.483163e+02 2.044130e+01
      vertex   4.221932e+02 6.475056e+02 1.902918e+01
      vertex   4.221932e+02 6.475056e+02 2.052918e+01
    endloop
  endfacet
  facet normal -5.765150e-01 8.170866e-01 -2.184739e-14
    outer loop
      vertex   4.221932e+02 6.475056e+02 2.052918e+01
      vertex   4.221932e+02 6.475056e+02 1.902918e+01
      vertex   4.213096e+02 6.468822e+02 1.913767e+01
    endloop
  endfacet
  facet normal -5.765150e-01 8.170866e-01 1.827440e-14
    outer loop
      vertex   4.221932e+02 6.475056e+02 2.052918e+01
      vertex   4.213096e+02 6.468822e+02 1.913767e+01
      vertex   4.213096e+02 6.468822e+02 2.063767e+01
    endloop
  endfacet
  facet normal -3.721927e-01 9.281555e-01 4.213710e-14
    outer loop
      vertex   4.213096e+02 6.468822e+02 2.063767e+01
      vertex   4.213096e+02 6.468822e+02 1.913767e+01
      vertex   4.203059e+02 6.464797e+02 1.926091e+01
    endloop
  endfacet
  facet normal -3.721927e-01 9.281555e-01 -1.409935e-14
    outer loop
      vertex   4.213096e+02 6.468822e+02 2.063767e+01
      vertex   4.203059e+02 6.464797e+02 1.926091e+01
      vertex   4.203059e+02 6.464797e+02 2.076091e+01
    endloop
  endfacet
  facet normal -1.477407e-01 9.890261e-01 -5.598724e-15
    outer loop
      vertex   4.203059e+02 6.464797e+02 2.076091e+01
      vertex   4.203059e+02 6.464797e+02 1.926091e+01
      vertex   4.192364e+02 6.463199e+02 1.939223e+01
    endloop
  endfacet
  facet normal -1.477407e-01 9.890261e-01 -5.595253e-15
    outer loop
      vertex   4.203059e+02 6.464797e+02 2.076091e+01
      vertex   4.192364e+02 6.463199e+02 1.939223e+01
      vertex   4.192364e+02 6.463199e+02 2.089223e+01
    endloop
  endfacet
  facet normal 8.470166e-02 9.964064e-01 3.209821e-15
    outer loop
      vertex   4.192364e+02 6.463199e+02 2.089223e+01
      vertex   4.192364e+02 6.463199e+02 1.939223e+01
      vertex   4.181589e+02 6.464115e+02 1.952453e+01
    endloop
  endfacet
  facet normal 8.470166e-02 9.964064e-01 -6.589394e-14
    outer loop
      vertex   4.192364e+02 6.463199e+02 2.089223e+01
      vertex   4.181589e+02 6.464115e+02 1.952453e+01
      vertex   4.181589e+02 6.464115e+02 2.102453e+01
    endloop
  endfacet
  facet normal 3.125630e-01 9.498970e-01 -3.645956e-14
    outer loop
      vertex   4.181589e+02 6.464115e+02 2.102453e+01
      vertex   4.181589e+02 6.464115e+02 1.952453e+01
      vertex   4.171316e+02 6.467495e+02 1.965066e+01
    endloop
  endfacet
  facet normal 3.125630e-01 9.498970e-01 1.184072e-14
    outer loop
      vertex   4.181589e+02 6.464115e+02 2.102453e+01
      vertex   4.171316e+02 6.467495e+02 1.965066e+01
      vertex   4.171316e+02 6.467495e+02 2.115066e+01
    endloop
  endfacet
  facet normal 5.235198e-01 8.520135e-01 1.983910e-14
    outer loop
      vertex   4.171316e+02 6.467495e+02 2.115066e+01
      vertex   4.171316e+02 6.467495e+02 1.965066e+01
      vertex   4.162103e+02 6.473157e+02 1.976379e+01
    endloop
  endfacet
  facet normal 5.235198e-01 8.520135e-01 0.000000e+00
    outer loop
      vertex   4.171316e+02 6.467495e+02 2.115066e+01
      vertex   4.162103e+02 6.473157e+02 1.976379e+01
      vertex   4.162103e+02 6.473157e+02 2.126379e+01
    endloop
  endfacet
  facet normal 6.808756e-01 7.323991e-01 0.000000e+00
    outer loop
      vertex   2.814692e+02 6.854491e+02 3.630791e+01
      vertex   2.822416e+02 6.847310e+02 1.825941e+01
      vertex   2.814692e+02 6.854491e+02 3.527514e+01
    endloop
  endfacet
  facet normal 6.805460e-01 7.327053e-01 -2.788531e-05
    outer loop
      vertex   2.814692e+02 6.854491e+02 3.527514e+01
      vertex   2.822416e+02 6.847310e+02 1.825941e+01
      vertex   2.814658e+02 6.854516e+02 1.825941e+01
    endloop
  endfacet
  facet normal 4.983728e-01 8.669628e-01 2.776152e-05
    outer loop
      vertex   2.814692e+02 6.854491e+02 3.527514e+01
      vertex   2.814658e+02 6.854516e+02 1.825941e+01
      vertex   2.805555e+02 6.859743e+02 3.433222e+01
    endloop
  endfacet
  facet normal 4.966415e-01 8.679558e-01 -1.025872e-04
    outer loop
      vertex   2.805555e+02 6.859743e+02 3.433222e+01
      vertex   2.814658e+02 6.854516e+02 1.825941e+01
      vertex   2.805421e+02 6.859801e+02 1.825941e+01
    endloop
  endfacet
  facet normal 2.902860e-01 9.569399e-01 1.016561e-04
    outer loop
      vertex   2.805555e+02 6.859743e+02 3.433222e+01
      vertex   2.805421e+02 6.859801e+02 1.825941e+01
      vertex   2.795471e+02 6.862804e+02 3.340123e+01
    endloop
  endfacet
  facet normal 2.867531e-01 9.580045e-01 -1.516180e-04
    outer loop
      vertex   2.795471e+02 6.862804e+02 3.340123e+01
      vertex   2.805421e+02 6.859801e+02 1.825941e+01
      vertex   2.795268e+02 6.862840e+02 1.825941e+01
    endloop
  endfacet
  facet normal 6.730960e-02 9.977321e-01 1.509260e-04
    outer loop
      vertex   2.795471e+02 6.862804e+02 3.340123e+01
      vertex   2.795268e+02 6.862840e+02 1.825941e+01
      vertex   2.784956e+02 6.863514e+02 3.252998e+01
    endloop
  endfacet
  facet normal 6.238907e-02 9.980519e-01 -2.061698e-04
    outer loop
      vertex   2.784956e+02 6.863514e+02 3.252998e+01
      vertex   2.795268e+02 6.862840e+02 1.825941e+01
      vertex   2.784691e+02 6.863501e+02 1.825941e+01
    endloop
  endfacet
  facet normal -1.027564e-01 9.947065e-01 1.001573e-04
    outer loop
      vertex   2.784956e+02 6.863514e+02 3.252998e+01
      vertex   2.784691e+02 6.863501e+02 1.825941e+01
      vertex   2.779706e+02 6.862972e+02 3.213093e+01
    endloop
  endfacet
  facet normal -2.120885e-01 9.772427e-01 -3.895976e-03
    outer loop
      vertex   2.779706e+02 6.862972e+02 3.213093e+01
      vertex   2.784691e+02 6.863501e+02 1.825941e+01
      vertex   2.774551e+02 6.861839e+02 3.176324e+01
    endloop
  endfacet
  facet normal -1.617777e-01 9.868272e-01 0.000000e+00
    outer loop
      vertex   2.774551e+02 6.861839e+02 3.176324e+01
      vertex   2.784691e+02 6.863501e+02 1.825941e+01
      vertex   2.784691e+02 6.863501e+02 0.000000e+00
    endloop
  endfacet
  facet normal -1.652157e-01 9.862575e-01 -1.127411e-04
    outer loop
      vertex   2.774551e+02 6.861839e+02 3.176324e+01
      vertex   2.784691e+02 6.863501e+02 0.000000e+00
      vertex   2.774239e+02 6.861750e+02 0.000000e+00
    endloop
  endfacet
  facet normal 6.811479e-01 7.321458e-01 2.173025e-05
    outer loop
      vertex   2.814692e+02 6.854491e+02 3.630791e+01
      vertex   2.822439e+02 6.847284e+02 3.621280e+01
      vertex   2.822416e+02 6.847310e+02 1.825941e+01
    endloop
  endfacet
  facet normal 8.286624e-01 5.597487e-01 -2.174834e-05
    outer loop
      vertex   2.822416e+02 6.847310e+02 1.825941e+01
      vertex   2.822439e+02 6.847284e+02 3.621280e+01
      vertex   2.828343e+02 6.838535e+02 1.825941e+01
    endloop
  endfacet
  facet normal 8.286624e-01 5.597487e-01 1.635651e-05
    outer loop
      vertex   2.822416e+02 6.847310e+02 1.825941e+01
      vertex   2.828343e+02 6.838535e+02 1.825941e+01
      vertex   2.828331e+02 6.838559e+02 0.000000e+00
    endloop
  endfacet
  facet normal 9.336463e-01 3.581962e-01 -1.636989e-05
    outer loop
      vertex   2.828331e+02 6.838559e+02 0.000000e+00
      vertex   2.828343e+02 6.838535e+02 1.825941e+01
      vertex   2.832127e+02 6.828664e+02 0.000000e+00
    endloop
  endfacet
  facet normal 9.338151e-01 3.577559e-01 1.092730e-05
    outer loop
      vertex   2.832127e+02 6.828664e+02 0.000000e+00
      vertex   2.828343e+02 6.838535e+02 1.825941e+01
      vertex   2.832132e+02 6.828647e+02 1.825941e+01
    endloop
  endfacet
  facet normal 9.905029e-01 1.374919e-01 -1.093627e-05
    outer loop
      vertex   2.832127e+02 6.828664e+02 0.000000e+00
      vertex   2.832132e+02 6.828647e+02 1.825941e+01
      vertex   2.833584e+02 6.818167e+02 0.000000e+00
    endloop
  endfacet
  facet normal 9.905418e-01 1.372114e-01 5.470834e-06
    outer loop
      vertex   2.833584e+02 6.818167e+02 0.000000e+00
      vertex   2.832132e+02 6.828647e+02 1.825941e+01
      vertex   2.833585e+02 6.818158e+02 1.825941e+01
    endloop
  endfacet
  facet normal 9.959097e-01 -9.035408e-02 -5.475340e-06
    outer loop
      vertex   2.833584e+02 6.818167e+02 0.000000e+00
      vertex   2.833585e+02 6.818158e+02 1.825941e+01
      vertex   2.832627e+02 6.807612e+02 0.000000e+00
    endloop
  endfacet
  facet normal 9.959012e-01 -9.044811e-02 1.410897e-15
    outer loop
      vertex   2.832627e+02 6.807612e+02 0.000000e+00
      vertex   2.833585e+02 6.818158e+02 1.825941e+01
      vertex   2.832627e+02 6.807612e+02 1.825941e+01
    endloop
  endfacet
  facet normal 9.496155e-01 -3.134173e-01 -2.897951e-15
    outer loop
      vertex   2.832627e+02 6.807612e+02 0.000000e+00
      vertex   2.832627e+02 6.807612e+02 1.825941e+01
      vertex   2.829308e+02 6.797557e+02 1.825941e+01
    endloop
  endfacet
  facet normal 9.496155e-01 -3.134173e-01 -5.462993e-06
    outer loop
      vertex   2.829308e+02 6.797557e+02 1.825941e+01
      vertex   2.832627e+02 6.807612e+02 1.825941e+01
      vertex   2.829312e+02 6.797564e+02 3.612841e+01
    endloop
  endfacet
  facet normal 8.542291e-01 -5.198968e-01 5.458575e-06
    outer loop
      vertex   2.829308e+02 6.797557e+02 1.825941e+01
      vertex   2.829312e+02 6.797564e+02 3.612841e+01
      vertex   2.823811e+02 6.788526e+02 3.619595e+01
    endloop
  endfacet
  facet normal 8.290249e-01 5.592117e-01 1.634388e-05
    outer loop
      vertex   2.822439e+02 6.847284e+02 3.621280e+01
      vertex   2.828355e+02 6.838512e+02 3.614015e+01
      vertex   2.828343e+02 6.838535e+02 1.825941e+01
    endloop
  endfacet
  facet normal 9.338151e-01 3.577559e-01 -1.635728e-05
    outer loop
      vertex   2.828343e+02 6.838535e+02 1.825941e+01
      vertex   2.828355e+02 6.838512e+02 3.614015e+01
      vertex   2.832132e+02 6.828647e+02 1.825941e+01
    endloop
  endfacet
  facet normal 9.339802e-01 3.573248e-01 1.091883e-05
    outer loop
      vertex   2.828355e+02 6.838512e+02 3.614015e+01
      vertex   2.832136e+02 6.828630e+02 3.609373e+01
      vertex   2.832132e+02 6.828647e+02 1.825941e+01
    endloop
  endfacet
  facet normal 9.905418e-01 1.372114e-01 -1.092769e-05
    outer loop
      vertex   2.832132e+02 6.828647e+02 1.825941e+01
      vertex   2.832136e+02 6.828630e+02 3.609373e+01
      vertex   2.833585e+02 6.818158e+02 1.825941e+01
    endloop
  endfacet
  facet normal 9.905797e-01 1.369375e-01 5.466533e-06
    outer loop
      vertex   2.832136e+02 6.828630e+02 3.609373e+01
      vertex   2.833585e+02 6.818149e+02 3.607594e+01
      vertex   2.833585e+02 6.818158e+02 1.825941e+01
    endloop
  endfacet
  facet normal 9.959012e-01 -9.044811e-02 -5.470939e-06
    outer loop
      vertex   2.833585e+02 6.818158e+02 1.825941e+01
      vertex   2.833585e+02 6.818149e+02 3.607594e+01
      vertex   2.832627e+02 6.807612e+02 1.825941e+01
    endloop
  endfacet
  facet normal 9.958928e-01 -9.053986e-02 2.597757e-15
    outer loop
      vertex   2.833585e+02 6.818149e+02 3.607594e+01
      vertex   2.832627e+02 6.807612e+02 3.608770e+01
      vertex   2.832627e+02 6.807612e+02 1.825941e+01
    endloop
  endfacet
  facet normal 9.496444e-01 -3.133297e-01 1.029800e-15
    outer loop
      vertex   2.832627e+02 6.807612e+02 1.825941e+01
      vertex   2.832627e+02 6.807612e+02 3.608770e+01
      vertex   2.829312e+02 6.797564e+02 3.612841e+01
    endloop
  endfacet
  facet normal 8.540848e-01 -5.201338e-01 -1.089681e-05
    outer loop
      vertex   2.829308e+02 6.797557e+02 1.825941e+01
      vertex   2.823811e+02 6.788526e+02 3.619595e+01
      vertex   2.823800e+02 6.788513e+02 1.825941e+01
    endloop
  endfacet
  facet normal 7.145870e-01 -6.995466e-01 1.088790e-05
    outer loop
      vertex   2.823800e+02 6.788513e+02 1.825941e+01
      vertex   2.823811e+02 6.788526e+02 3.619595e+01
      vertex   2.816409e+02 6.780965e+02 3.628683e+01
    endloop
  endfacet
  facet normal 7.142625e-01 -6.998780e-01 -1.629108e-05
    outer loop
      vertex   2.823800e+02 6.788513e+02 1.825941e+01
      vertex   2.816409e+02 6.780965e+02 3.628683e+01
      vertex   2.816389e+02 6.780949e+02 1.825941e+01
    endloop
  endfacet
  facet normal 5.379481e-01 -8.429780e-01 1.627757e-05
    outer loop
      vertex   2.816389e+02 6.780949e+02 1.825941e+01
      vertex   2.816409e+02 6.780965e+02 3.628683e+01
      vertex   2.807490e+02 6.775274e+02 3.639634e+01
    endloop
  endfacet
  facet normal 5.373987e-01 -8.433283e-01 -2.163844e-05
    outer loop
      vertex   2.816389e+02 6.780949e+02 1.825941e+01
      vertex   2.807490e+02 6.775274e+02 3.639634e+01
      vertex   2.807459e+02 6.775259e+02 1.825941e+01
    endloop
  endfacet
  facet normal 3.334375e-01 -9.427722e-01 2.162422e-05
    outer loop
      vertex   2.807459e+02 6.775259e+02 1.825941e+01
      vertex   2.807490e+02 6.775274e+02 3.639634e+01
      vertex   2.797515e+02 6.771746e+02 3.548127e+01
    endloop
  endfacet
  facet normal 3.326777e-01 -9.430406e-01 -2.772285e-05
    outer loop
      vertex   2.807459e+02 6.775259e+02 1.825941e+01
      vertex   2.797515e+02 6.771746e+02 3.548127e+01
      vertex   2.797474e+02 6.771736e+02 1.825941e+01
    endloop
  endfacet
  facet normal 1.122870e-01 -9.936758e-01 2.755956e-05
    outer loop
      vertex   2.797474e+02 6.771736e+02 1.825941e+01
      vertex   2.797515e+02 6.771746e+02 3.548127e+01
      vertex   2.787058e+02 6.770564e+02 3.455610e+01
    endloop
  endfacet
  facet normal 1.101371e-01 -9.939164e-01 -1.115817e-04
    outer loop
      vertex   2.797474e+02 6.771736e+02 1.825941e+01
      vertex   2.787058e+02 6.770564e+02 3.455610e+01
      vertex   2.786897e+02 6.770564e+02 1.825941e+01
    endloop
  endfacet
  facet normal -1.141016e-01 -9.934691e-01 1.104159e-04
    outer loop
      vertex   2.786897e+02 6.770564e+02 1.825941e+01
      vertex   2.787058e+02 6.770564e+02 3.455610e+01
      vertex   2.776603e+02 6.771763e+02 3.363111e+01
    endloop
  endfacet
  facet normal -1.182480e-01 -9.929841e-01 -1.710368e-04
    outer loop
      vertex   2.786897e+02 6.770564e+02 1.825941e+01
      vertex   2.776603e+02 6.771763e+02 3.363111e+01
      vertex   2.776373e+02 6.771817e+02 1.825941e+01
    endloop
  endfacet
  facet normal -3.346157e-01 -9.423547e-01 1.700295e-04
    outer loop
      vertex   2.776373e+02 6.771817e+02 1.825941e+01
      vertex   2.776603e+02 6.771763e+02 3.363111e+01
      vertex   2.766685e+02 6.775283e+02 3.275368e+01
    endloop
  endfacet
  facet normal -3.400139e-01 -9.404204e-01 -2.370344e-04
    outer loop
      vertex   2.776373e+02 6.771817e+02 1.825941e+01
      vertex   2.766685e+02 6.775283e+02 3.275368e+01
      vertex   2.766407e+02 6.775421e+02 1.825941e+01
    endloop
  endfacet
  facet normal -5.379754e-01 -8.429605e-01 2.357007e-04
    outer loop
      vertex   2.766407e+02 6.775421e+02 1.825941e+01
      vertex   2.766685e+02 6.775283e+02 3.275368e+01
      vertex   2.757813e+02 6.780943e+02 3.196875e+01
    endloop
  endfacet
  facet normal -5.421638e-01 -8.402728e-01 -1.351118e-04
    outer loop
      vertex   2.766407e+02 6.775421e+02 1.825941e+01
      vertex   2.757813e+02 6.780943e+02 3.196875e+01
      vertex   2.757515e+02 6.781187e+02 0.000000e+00
    endloop
  endfacet
  facet normal -6.308432e-01 -7.759103e-01 -3.325554e-06
    outer loop
      vertex   2.757515e+02 6.781187e+02 0.000000e+00
      vertex   2.757813e+02 6.780943e+02 3.196875e+01
      vertex   2.757714e+02 6.781024e+02 3.196997e+01
    endloop
  endfacet
  facet normal -6.329828e-01 -7.741659e-01 -1.108521e-06
    outer loop
      vertex   2.757515e+02 6.781187e+02 0.000000e+00
      vertex   2.757714e+02 6.781024e+02 3.196997e+01
      vertex   2.757614e+02 6.781106e+02 3.197119e+01
    endloop
  endfacet
  facet normal 3.334552e-01 -9.427660e-01 0.000000e+00
    outer loop
      vertex   2.807490e+02 6.775274e+02 3.639634e+01
      vertex   2.797515e+02 6.771746e+02 3.651882e+01
      vertex   2.797515e+02 6.771746e+02 3.548127e+01
    endloop
  endfacet
  facet normal -6.351176e-01 -7.724155e-01 0.000000e+00
    outer loop
      vertex   2.757614e+02 6.781106e+02 3.197119e+01
      vertex   2.757515e+02 6.781187e+02 3.197241e+01
      vertex   2.757515e+02 6.781187e+02 0.000000e+00
    endloop
  endfacet
  facet normal -5.441184e-01 -8.390085e-01 -1.692501e-15
    outer loop
      vertex   2.757515e+02 6.781187e+02 0.000000e+00
      vertex   2.766407e+02 6.775421e+02 0.000000e+00
      vertex   2.766407e+02 6.775421e+02 1.825941e+01
    endloop
  endfacet
  facet normal -3.400139e-01 -9.404204e-01 -1.058498e-15
    outer loop
      vertex   2.766407e+02 6.775421e+02 1.825941e+01
      vertex   2.766407e+02 6.775421e+02 0.000000e+00
      vertex   2.776373e+02 6.771817e+02 1.825941e+01
    endloop
  endfacet
  facet normal -3.400139e-01 -9.404204e-01 -1.058530e-15
    outer loop
      vertex   2.766407e+02 6.775421e+02 0.000000e+00
      vertex   2.776373e+02 6.771817e+02 0.000000e+00
      vertex   2.776373e+02 6.771817e+02 1.825941e+01
    endloop
  endfacet
  facet normal -1.182480e-01 -9.929841e-01 -3.681182e-16
    outer loop
      vertex   2.776373e+02 6.771817e+02 1.825941e+01
      vertex   2.776373e+02 6.771817e+02 0.000000e+00
      vertex   2.786897e+02 6.770564e+02 1.825941e+01
    endloop
  endfacet
  facet normal -1.182480e-01 -9.929841e-01 0.000000e+00
    outer loop
      vertex   2.776373e+02 6.771817e+02 0.000000e+00
      vertex   2.786897e+02 6.770564e+02 0.000000e+00
      vertex   2.786897e+02 6.770564e+02 1.825941e+01
    endloop
  endfacet
  facet normal 1.096600e-01 -9.939692e-01 0.000000e+00
    outer loop
      vertex   2.786897e+02 6.770564e+02 1.825941e+01
      vertex   2.786897e+02 6.770564e+02 0.000000e+00
      vertex   2.797431e+02 6.771726e+02 0.000000e+00
    endloop
  endfacet
  facet normal 1.101371e-01 -9.939164e-01 2.785846e-05
    outer loop
      vertex   2.786897e+02 6.770564e+02 1.825941e+01
      vertex   2.797431e+02 6.771726e+02 0.000000e+00
      vertex   2.797474e+02 6.771736e+02 1.825941e+01
    endloop
  endfacet
  facet normal 3.318719e-01 -9.433244e-01 -2.774188e-05
    outer loop
      vertex   2.797474e+02 6.771736e+02 1.825941e+01
      vertex   2.797431e+02 6.771726e+02 0.000000e+00
      vertex   2.807428e+02 6.775243e+02 0.000000e+00
    endloop
  endfacet
  facet normal 3.326777e-01 -9.430406e-01 2.163552e-05
    outer loop
      vertex   2.797474e+02 6.771736e+02 1.825941e+01
      vertex   2.807428e+02 6.775243e+02 0.000000e+00
      vertex   2.807459e+02 6.775259e+02 1.825941e+01
    endloop
  endfacet
  facet normal 5.368454e-01 -8.436806e-01 -2.165553e-05
    outer loop
      vertex   2.807459e+02 6.775259e+02 1.825941e+01
      vertex   2.807428e+02 6.775243e+02 0.000000e+00
      vertex   2.816369e+02 6.780933e+02 0.000000e+00
    endloop
  endfacet
  facet normal 5.373987e-01 -8.433283e-01 1.629067e-05
    outer loop
      vertex   2.807459e+02 6.775259e+02 1.825941e+01
      vertex   2.816369e+02 6.780933e+02 0.000000e+00
      vertex   2.816389e+02 6.780949e+02 1.825941e+01
    endloop
  endfacet
  facet normal 7.139336e-01 -7.002134e-01 -1.630388e-05
    outer loop
      vertex   2.816389e+02 6.780949e+02 1.825941e+01
      vertex   2.816369e+02 6.780933e+02 0.000000e+00
      vertex   2.823790e+02 6.788499e+02 0.000000e+00
    endloop
  endfacet
  facet normal 7.142625e-01 -6.998780e-01 1.089655e-05
    outer loop
      vertex   2.816389e+02 6.780949e+02 1.825941e+01
      vertex   2.823790e+02 6.788499e+02 0.000000e+00
      vertex   2.823800e+02 6.788513e+02 1.825941e+01
    endloop
  endfacet
  facet normal 8.539378e-01 -5.203751e-01 -1.090544e-05
    outer loop
      vertex   2.823800e+02 6.788513e+02 1.825941e+01
      vertex   2.823790e+02 6.788499e+02 0.000000e+00
      vertex   2.829304e+02 6.797549e+02 0.000000e+00
    endloop
  endfacet
  facet normal 8.540848e-01 -5.201338e-01 5.462914e-06
    outer loop
      vertex   2.823800e+02 6.788513e+02 1.825941e+01
      vertex   2.829304e+02 6.797549e+02 0.000000e+00
      vertex   2.829308e+02 6.797557e+02 1.825941e+01
    endloop
  endfacet
  facet normal 9.495859e-01 -3.135068e-01 -5.467395e-06
    outer loop
      vertex   2.829308e+02 6.797557e+02 1.825941e+01
      vertex   2.829304e+02 6.797549e+02 0.000000e+00
      vertex   2.832627e+02 6.807612e+02 0.000000e+00
    endloop
  endfacet
  facet normal 8.282934e-01 5.602946e-01 -2.176493e-05
    outer loop
      vertex   2.828331e+02 6.838559e+02 0.000000e+00
      vertex   2.822393e+02 6.847337e+02 0.000000e+00
      vertex   2.822416e+02 6.847310e+02 1.825941e+01
    endloop
  endfacet
  facet normal 6.805460e-01 7.327053e-01 2.174465e-05
    outer loop
      vertex   2.822416e+02 6.847310e+02 1.825941e+01
      vertex   2.822393e+02 6.847337e+02 0.000000e+00
      vertex   2.814658e+02 6.854516e+02 1.825941e+01
    endloop
  endfacet
  facet normal 6.799164e-01 7.332897e-01 -2.790331e-05
    outer loop
      vertex   2.822393e+02 6.847337e+02 0.000000e+00
      vertex   2.814622e+02 6.854542e+02 0.000000e+00
      vertex   2.814658e+02 6.854516e+02 1.825941e+01
    endloop
  endfacet
  facet normal 4.966415e-01 8.679558e-01 2.802126e-05
    outer loop
      vertex   2.814658e+02 6.854516e+02 1.825941e+01
      vertex   2.814622e+02 6.854542e+02 0.000000e+00
      vertex   2.805421e+02 6.859801e+02 1.825941e+01
    endloop
  endfacet
  facet normal 4.962224e-01 8.681954e-01 0.000000e+00
    outer loop
      vertex   2.814622e+02 6.854542e+02 0.000000e+00
      vertex   2.805421e+02 6.859801e+02 0.000000e+00
      vertex   2.805421e+02 6.859801e+02 1.825941e+01
    endloop
  endfacet
  facet normal 2.867532e-01 9.580045e-01 0.000000e+00
    outer loop
      vertex   2.805421e+02 6.859801e+02 1.825941e+01
      vertex   2.805421e+02 6.859801e+02 0.000000e+00
      vertex   2.795268e+02 6.862840e+02 1.825941e+01
    endloop
  endfacet
  facet normal 2.867532e-01 9.580045e-01 0.000000e+00
    outer loop
      vertex   2.805421e+02 6.859801e+02 0.000000e+00
      vertex   2.795268e+02 6.862840e+02 0.000000e+00
      vertex   2.795268e+02 6.862840e+02 1.825941e+01
    endloop
  endfacet
  facet normal 6.238907e-02 9.980519e-01 0.000000e+00
    outer loop
      vertex   2.795268e+02 6.862840e+02 1.825941e+01
      vertex   2.795268e+02 6.862840e+02 0.000000e+00
      vertex   2.784691e+02 6.863501e+02 1.825941e+01
    endloop
  endfacet
  facet normal 6.238907e-02 9.980519e-01 0.000000e+00
    outer loop
      vertex   2.795268e+02 6.862840e+02 0.000000e+00
      vertex   2.784691e+02 6.863501e+02 0.000000e+00
      vertex   2.784691e+02 6.863501e+02 1.825941e+01
    endloop
  endfacet
  facet normal -2.754120e-01 9.613263e-01 0.000000e+00
    outer loop
      vertex   2.774239e+02 6.861750e+02 3.176706e+01
      vertex   2.774343e+02 6.861780e+02 3.176579e+01
      vertex   2.774239e+02 6.861750e+02 0.000000e+00
    endloop
  endfacet
  facet normal -2.731779e-01 9.619635e-01 -7.900960e-07
    outer loop
      vertex   2.774239e+02 6.861750e+02 0.000000e+00
      vertex   2.774343e+02 6.861780e+02 3.176579e+01
      vertex   2.774447e+02 6.861810e+02 3.176451e+01
    endloop
  endfacet
  facet normal -2.709424e-01 9.625956e-01 -2.370284e-06
    outer loop
      vertex   2.774239e+02 6.861750e+02 0.000000e+00
      vertex   2.774447e+02 6.861810e+02 3.176451e+01
      vertex   2.774551e+02 6.861839e+02 3.176324e+01
    endloop
  endfacet
  facet normal -9.914449e-01 1.305262e-01 4.580549e-15
    outer loop
      vertex   2.807865e+02 6.811499e+02 0.000000e+00
      vertex   2.807865e+02 6.811499e+02 1.230357e+01
      vertex   2.808598e+02 6.817064e+02 0.000000e+00
    endloop
  endfacet
  facet normal -9.914449e-01 1.305262e-01 0.000000e+00
    outer loop
      vertex   2.808598e+02 6.817064e+02 0.000000e+00
      vertex   2.807865e+02 6.811499e+02 1.230357e+01
      vertex   2.808598e+02 6.817064e+02 1.230357e+01
    endloop
  endfacet
  facet normal -9.914449e-01 -1.305262e-01 0.000000e+00
    outer loop
      vertex   2.808598e+02 6.817064e+02 0.000000e+00
      vertex   2.808598e+02 6.817064e+02 1.230357e+01
      vertex   2.807865e+02 6.822628e+02 0.000000e+00
    endloop
  endfacet
  facet normal -9.914449e-01 -1.305262e-01 4.580549e-15
    outer loop
      vertex   2.807865e+02 6.822628e+02 0.000000e+00
      vertex   2.808598e+02 6.817064e+02 1.230357e+01
      vertex   2.807865e+02 6.822628e+02 1.230357e+01
    endloop
  endfacet
  facet normal -9.238795e-01 -3.826834e-01 4.268392e-15
    outer loop
      vertex   2.807865e+02 6.822628e+02 0.000000e+00
      vertex   2.807865e+02 6.822628e+02 1.230357e+01
      vertex   2.805717e+02 6.827814e+02 0.000000e+00
    endloop
  endfacet
  facet normal -9.238795e-01 -3.826834e-01 0.000000e+00
    outer loop
      vertex   2.805717e+02 6.827814e+02 0.000000e+00
      vertex   2.807865e+02 6.822628e+02 1.230357e+01
      vertex   2.805717e+02 6.827814e+02 1.230357e+01
    endloop
  endfacet
  facet normal -7.933533e-01 -6.087614e-01 0.000000e+00
    outer loop
      vertex   2.805717e+02 6.827814e+02 0.000000e+00
      vertex   2.805717e+02 6.827814e+02 1.230357e+01
      vertex   2.802300e+02 6.832266e+02 0.000000e+00
    endloop
  endfacet
  facet normal -7.933533e-01 -6.087614e-01 -3.665351e-15
    outer loop
      vertex   2.802300e+02 6.832266e+02 0.000000e+00
      vertex   2.805717e+02 6.827814e+02 1.230357e+01
      vertex   2.802300e+02 6.832266e+02 1.230357e+01
    endloop
  endfacet
  facet normal -6.087614e-01 -7.933533e-01 -2.812523e-15
    outer loop
      vertex   2.802300e+02 6.832266e+02 0.000000e+00
      vertex   2.802300e+02 6.832266e+02 1.230357e+01
      vertex   2.797848e+02 6.835683e+02 0.000000e+00
    endloop
  endfacet
  facet normal -6.087614e-01 -7.933533e-01 0.000000e+00
    outer loop
      vertex   2.797848e+02 6.835683e+02 0.000000e+00
      vertex   2.802300e+02 6.832266e+02 1.230357e+01
      vertex   2.797848e+02 6.835683e+02 1.230357e+01
    endloop
  endfacet
  facet normal -3.826834e-01 -9.238795e-01 0.000000e+00
    outer loop
      vertex   2.797848e+02 6.835683e+02 0.000000e+00
      vertex   2.797848e+02 6.835683e+02 1.230357e+01
      vertex   2.792662e+02 6.837831e+02 0.000000e+00
    endloop
  endfacet
  facet normal -3.826834e-01 -9.238795e-01 0.000000e+00
    outer loop
      vertex   2.792662e+02 6.837831e+02 0.000000e+00
      vertex   2.797848e+02 6.835683e+02 1.230357e+01
      vertex   2.792662e+02 6.837831e+02 1.230357e+01
    endloop
  endfacet
  facet normal -1.305262e-01 -9.914449e-01 0.000000e+00
    outer loop
      vertex   2.792662e+02 6.837831e+02 0.000000e+00
      vertex   2.792662e+02 6.837831e+02 1.230357e+01
      vertex   2.787098e+02 6.838564e+02 0.000000e+00
    endloop
  endfacet
  facet normal -1.305262e-01 -9.914449e-01 0.000000e+00
    outer loop
      vertex   2.787098e+02 6.838564e+02 0.000000e+00
      vertex   2.792662e+02 6.837831e+02 1.230357e+01
      vertex   2.787098e+02 6.838564e+02 1.230357e+01
    endloop
  endfacet
  facet normal 1.305262e-01 -9.914449e-01 0.000000e+00
    outer loop
      vertex   2.787098e+02 6.838564e+02 0.000000e+00
      vertex   2.787098e+02 6.838564e+02 1.230357e+01
      vertex   2.781533e+02 6.837831e+02 0.000000e+00
    endloop
  endfacet
  facet normal 1.305262e-01 -9.914449e-01 0.000000e+00
    outer loop
      vertex   2.781533e+02 6.837831e+02 0.000000e+00
      vertex   2.787098e+02 6.838564e+02 1.230357e+01
      vertex   2.781533e+02 6.837831e+02 1.230357e+01
    endloop
  endfacet
  facet normal 3.826834e-01 -9.238795e-01 0.000000e+00
    outer loop
      vertex   2.781533e+02 6.837831e+02 0.000000e+00
      vertex   2.781533e+02 6.837831e+02 1.230357e+01
      vertex   2.776348e+02 6.835683e+02 0.000000e+00
    endloop
  endfacet
  facet normal 3.826834e-01 -9.238795e-01 0.000000e+00
    outer loop
      vertex   2.776348e+02 6.835683e+02 0.000000e+00
      vertex   2.781533e+02 6.837831e+02 1.230357e+01
      vertex   2.776348e+02 6.835683e+02 1.230357e+01
    endloop
  endfacet
  facet normal 6.087614e-01 -7.933533e-01 0.000000e+00
    outer loop
      vertex   2.776348e+02 6.835683e+02 0.000000e+00
      vertex   2.776348e+02 6.835683e+02 1.230357e+01
      vertex   2.771895e+02 6.832266e+02 0.000000e+00
    endloop
  endfacet
  facet normal 6.087614e-01 -7.933533e-01 -2.812523e-15
    outer loop
      vertex   2.771895e+02 6.832266e+02 0.000000e+00
      vertex   2.776348e+02 6.835683e+02 1.230357e+01
      vertex   2.771895e+02 6.832266e+02 1.230357e+01
    endloop
  endfacet
  facet normal 7.933533e-01 -6.087614e-01 -3.665351e-15
    outer loop
      vertex   2.771895e+02 6.832266e+02 0.000000e+00
      vertex   2.771895e+02 6.832266e+02 1.230357e+01
      vertex   2.768478e+02 6.827814e+02 0.000000e+00
    endloop
  endfacet
  facet normal 7.933533e-01 -6.087614e-01 0.000000e+00
    outer loop
      vertex   2.768478e+02 6.827814e+02 0.000000e+00
      vertex   2.771895e+02 6.832266e+02 1.230357e+01
      vertex   2.768478e+02 6.827814e+02 1.230357e+01
    endloop
  endfacet
  facet normal 9.238795e-01 -3.826834e-01 0.000000e+00
    outer loop
      vertex   2.768478e+02 6.827814e+02 0.000000e+00
      vertex   2.768478e+02 6.827814e+02 1.230357e+01
      vertex   2.766330e+02 6.822628e+02 0.000000e+00
    endloop
  endfacet
  facet normal 9.238795e-01 -3.826834e-01 0.000000e+00
    outer loop
      vertex   2.766330e+02 6.822628e+02 0.000000e+00
      vertex   2.768478e+02 6.827814e+02 1.230357e+01
      vertex   2.766330e+02 6.822628e+02 1.230357e+01
    endloop
  endfacet
  facet normal 9.914449e-01 -1.305262e-01 0.000000e+00
    outer loop
      vertex   2.766330e+02 6.822628e+02 0.000000e+00
      vertex   2.766330e+02 6.822628e+02 1.230357e+01
      vertex   2.765598e+02 6.817064e+02 0.000000e+00
    endloop
  endfacet
  facet normal 9.914449e-01 -1.305262e-01 0.000000e+00
    outer loop
      vertex   2.765598e+02 6.817064e+02 0.000000e+00
      vertex   2.766330e+02 6.822628e+02 1.230357e+01
      vertex   2.765598e+02 6.817064e+02 1.230357e+01
    endloop
  endfacet
  facet normal 9.914449e-01 1.305262e-01 -0.000000e+00
    outer loop
      vertex   2.765598e+02 6.817064e+02 0.000000e+00
      vertex   2.765598e+02 6.817064e+02 1.230357e+01
      vertex   2.766330e+02 6.811499e+02 0.000000e+00
    endloop
  endfacet
  facet normal 9.914449e-01 1.305262e-01 -0.000000e+00
    outer loop
      vertex   2.766330e+02 6.811499e+02 0.000000e+00
      vertex   2.765598e+02 6.817064e+02 1.230357e+01
      vertex   2.766330e+02 6.811499e+02 1.230357e+01
    endloop
  endfacet
  facet normal 9.238795e-01 3.826834e-01 -0.000000e+00
    outer loop
      vertex   2.766330e+02 6.811499e+02 0.000000e+00
      vertex   2.766330e+02 6.811499e+02 1.230357e+01
      vertex   2.768478e+02 6.806314e+02 0.000000e+00
    endloop
  endfacet
  facet normal 9.238795e-01 3.826834e-01 -0.000000e+00
    outer loop
      vertex   2.768478e+02 6.806314e+02 0.000000e+00
      vertex   2.766330e+02 6.811499e+02 1.230357e+01
      vertex   2.768478e+02 6.806314e+02 1.230357e+01
    endloop
  endfacet
  facet normal 7.933533e-01 6.087614e-01 -0.000000e+00
    outer loop
      vertex   2.768478e+02 6.806314e+02 0.000000e+00
      vertex   2.768478e+02 6.806314e+02 1.230357e+01
      vertex   2.771895e+02 6.801861e+02 0.000000e+00
    endloop
  endfacet
  facet normal 7.933533e-01 6.087614e-01 -3.665351e-15
    outer loop
      vertex   2.771895e+02 6.801861e+02 0.000000e+00
      vertex   2.768478e+02 6.806314e+02 1.230357e+01
      vertex   2.771895e+02 6.801861e+02 1.230357e+01
    endloop
  endfacet
  facet normal 6.087614e-01 7.933533e-01 -2.812523e-15
    outer loop
      vertex   2.771895e+02 6.801861e+02 0.000000e+00
      vertex   2.771895e+02 6.801861e+02 1.230357e+01
      vertex   2.776348e+02 6.798444e+02 0.000000e+00
    endloop
  endfacet
  facet normal 6.087614e-01 7.933533e-01 -0.000000e+00
    outer loop
      vertex   2.776348e+02 6.798444e+02 0.000000e+00
      vertex   2.771895e+02 6.801861e+02 1.230357e+01
      vertex   2.776348e+02 6.798444e+02 1.230357e+01
    endloop
  endfacet
  facet normal 3.826834e-01 9.238795e-01 -0.000000e+00
    outer loop
      vertex   2.776348e+02 6.798444e+02 0.000000e+00
      vertex   2.776348e+02 6.798444e+02 1.230357e+01
      vertex   2.781533e+02 6.796296e+02 0.000000e+00
    endloop
  endfacet
  facet normal 3.826834e-01 9.238795e-01 -0.000000e+00
    outer loop
      vertex   2.781533e+02 6.796296e+02 0.000000e+00
      vertex   2.776348e+02 6.798444e+02 1.230357e+01
      vertex   2.781533e+02 6.796296e+02 1.230357e+01
    endloop
  endfacet
  facet normal 1.305262e-01 9.914449e-01 -0.000000e+00
    outer loop
      vertex   2.781533e+02 6.796296e+02 0.000000e+00
      vertex   2.781533e+02 6.796296e+02 1.230357e+01
      vertex   2.787098e+02 6.795564e+02 0.000000e+00
    endloop
  endfacet
  facet normal 1.305262e-01 9.914449e-01 -0.000000e+00
    outer loop
      vertex   2.787098e+02 6.795564e+02 0.000000e+00
      vertex   2.781533e+02 6.796296e+02 1.230357e+01
      vertex   2.787098e+02 6.795564e+02 1.230357e+01
    endloop
  endfacet
  facet normal -1.305262e-01 9.914449e-01 0.000000e+00
    outer loop
      vertex   2.787098e+02 6.795564e+02 0.000000e+00
      vertex   2.787098e+02 6.795564e+02 1.230357e+01
      vertex   2.792662e+02 6.796296e+02 0.000000e+00
    endloop
  endfacet
  facet normal -1.305262e-01 9.914449e-01 0.000000e+00
    outer loop
      vertex   2.792662e+02 6.796296e+02 0.000000e+00
      vertex   2.787098e+02 6.795564e+02 1.230357e+01
      vertex   2.792662e+02 6.796296e+02 1.230357e+01
    endloop
  endfacet
  facet normal -3.826834e-01 9.238795e-01 0.000000e+00
    outer loop
      vertex   2.792662e+02 6.796296e+02 0.000000e+00
      vertex   2.792662e+02 6.796296e+02 1.230357e+01
      vertex   2.797848e+02 6.798444e+02 0.000000e+00
    endloop
  endfacet
  facet normal -3.826834e-01 9.238795e-01 0.000000e+00
    outer loop
      vertex   2.797848e+02 6.798444e+02 0.000000e+00
      vertex   2.792662e+02 6.796296e+02 1.230357e+01
      vertex   2.797848e+02 6.798444e+02 1.230357e+01
    endloop
  endfacet
  facet normal -6.087614e-01 7.933533e-01 0.000000e+00
    outer loop
      vertex   2.797848e+02 6.798444e+02 0.000000e+00
      vertex   2.797848e+02 6.798444e+02 1.230357e+01
      vertex   2.802300e+02 6.801861e+02 0.000000e+00
    endloop
  endfacet
  facet normal -6.087614e-01 7.933533e-01 -2.812523e-15
    outer loop
      vertex   2.802300e+02 6.801861e+02 0.000000e+00
      vertex   2.797848e+02 6.798444e+02 1.230357e+01
      vertex   2.802300e+02 6.801861e+02 1.230357e+01
    endloop
  endfacet
  facet normal -7.933533e-01 6.087614e-01 -3.665351e-15
    outer loop
      vertex   2.802300e+02 6.801861e+02 0.000000e+00
      vertex   2.802300e+02 6.801861e+02 1.230357e+01
      vertex   2.805717e+02 6.806314e+02 0.000000e+00
    endloop
  endfacet
  facet normal -7.933533e-01 6.087614e-01 0.000000e+00
    outer loop
      vertex   2.805717e+02 6.806314e+02 0.000000e+00
      vertex   2.802300e+02 6.801861e+02 1.230357e+01
      vertex   2.805717e+02 6.806314e+02 1.230357e+01
    endloop
  endfacet
  facet normal -9.238795e-01 3.826834e-01 0.000000e+00
    outer loop
      vertex   2.805717e+02 6.806314e+02 0.000000e+00
      vertex   2.805717e+02 6.806314e+02 1.230357e+01
      vertex   2.807865e+02 6.811499e+02 0.000000e+00
    endloop
  endfacet
  facet normal -9.238795e-01 3.826834e-01 4.268392e-15
    outer loop
      vertex   2.807865e+02 6.811499e+02 0.000000e+00
      vertex   2.805717e+02 6.806314e+02 1.230357e+01
      vertex   2.807865e+02 6.811499e+02 1.230357e+01
    endloop
  endfacet
  facet normal -9.914449e-01 -1.305262e-01 -4.782271e-15
    outer loop
      vertex   2.807865e+02 6.822628e+02 3.639174e+01
      vertex   2.807865e+02 6.822628e+02 2.460714e+01
      vertex   2.808598e+02 6.817064e+02 3.638274e+01
    endloop
  endfacet
  facet normal -9.914449e-01 -1.305262e-01 -0.000000e+00
    outer loop
      vertex   2.808598e+02 6.817064e+02 3.638274e+01
      vertex   2.807865e+02 6.822628e+02 2.460714e+01
      vertex   2.808598e+02 6.817064e+02 2.460714e+01
    endloop
  endfacet
  facet normal -9.914449e-01 1.305262e-01 0.000000e+00
    outer loop
      vertex   2.808598e+02 6.817064e+02 3.638274e+01
      vertex   2.808598e+02 6.817064e+02 2.460714e+01
      vertex   2.807865e+02 6.811499e+02 2.460714e+01
    endloop
  endfacet
  facet normal -9.914449e-01 1.305262e-01 0.000000e+00
    outer loop
      vertex   2.807865e+02 6.811499e+02 2.460714e+01
      vertex   2.808598e+02 6.817064e+02 2.460714e+01
      vertex   2.808598e+02 6.817064e+02 1.230357e+01
    endloop
  endfacet
  facet normal -9.914449e-01 1.305262e-01 0.000000e+00
    outer loop
      vertex   2.807865e+02 6.811499e+02 2.460714e+01
      vertex   2.808598e+02 6.817064e+02 1.230357e+01
      vertex   2.807865e+02 6.811499e+02 1.230357e+01
    endloop
  endfacet
  facet normal -9.238795e-01 -3.826834e-01 -4.456367e-15
    outer loop
      vertex   2.807865e+02 6.822628e+02 2.460714e+01
      vertex   2.807865e+02 6.822628e+02 3.639174e+01
      vertex   2.805717e+02 6.827814e+02 2.460714e+01
    endloop
  endfacet
  facet normal -9.238795e-01 -3.826834e-01 0.000000e+00
    outer loop
      vertex   2.805717e+02 6.827814e+02 2.460714e+01
      vertex   2.807865e+02 6.822628e+02 3.639174e+01
      vertex   2.805717e+02 6.827814e+02 3.641811e+01
    endloop
  endfacet
  facet normal -7.933533e-01 -6.087614e-01 0.000000e+00
    outer loop
      vertex   2.805717e+02 6.827814e+02 2.460714e+01
      vertex   2.805717e+02 6.827814e+02 3.641811e+01
      vertex   2.802300e+02 6.832266e+02 2.460714e+01
    endloop
  endfacet
  facet normal -7.933533e-01 -6.087614e-01 3.804710e-15
    outer loop
      vertex   2.802300e+02 6.832266e+02 2.460714e+01
      vertex   2.805717e+02 6.827814e+02 3.641811e+01
      vertex   2.802300e+02 6.832266e+02 3.646006e+01
    endloop
  endfacet
  facet normal -6.087614e-01 -7.933533e-01 2.919457e-15
    outer loop
      vertex   2.802300e+02 6.832266e+02 2.460714e+01
      vertex   2.802300e+02 6.832266e+02 3.646006e+01
      vertex   2.797848e+02 6.835683e+02 2.460714e+01
    endloop
  endfacet
  facet normal -6.087614e-01 -7.933533e-01 0.000000e+00
    outer loop
      vertex   2.797848e+02 6.835683e+02 2.460714e+01
      vertex   2.802300e+02 6.832266e+02 3.646006e+01
      vertex   2.797848e+02 6.835683e+02 3.651474e+01
    endloop
  endfacet
  facet normal -3.826834e-01 -9.238795e-01 0.000000e+00
    outer loop
      vertex   2.797848e+02 6.835683e+02 2.460714e+01
      vertex   2.797848e+02 6.835683e+02 3.651474e+01
      vertex   2.792662e+02 6.837831e+02 2.460714e+01
    endloop
  endfacet
  facet normal -3.826834e-01 -9.238795e-01 0.000000e+00
    outer loop
      vertex   2.792662e+02 6.837831e+02 2.460714e+01
      vertex   2.797848e+02 6.835683e+02 3.651474e+01
      vertex   2.792662e+02 6.837831e+02 3.657841e+01
    endloop
  endfacet
  facet normal -1.305262e-01 -9.914449e-01 0.000000e+00
    outer loop
      vertex   2.792662e+02 6.837831e+02 2.460714e+01
      vertex   2.792662e+02 6.837831e+02 3.657841e+01
      vertex   2.787098e+02 6.838564e+02 2.460714e+01
    endloop
  endfacet
  facet normal -1.305262e-01 -9.914449e-01 0.000000e+00
    outer loop
      vertex   2.787098e+02 6.838564e+02 2.460714e+01
      vertex   2.792662e+02 6.837831e+02 3.657841e+01
      vertex   2.787098e+02 6.838564e+02 3.664673e+01
    endloop
  endfacet
  facet normal 1.305262e-01 -9.914449e-01 0.000000e+00
    outer loop
      vertex   2.787098e+02 6.838564e+02 2.460714e+01
      vertex   2.787098e+02 6.838564e+02 3.664673e+01
      vertex   2.781533e+02 6.837831e+02 2.460714e+01
    endloop
  endfacet
  facet normal 1.305262e-01 -9.914449e-01 0.000000e+00
    outer loop
      vertex   2.781533e+02 6.837831e+02 2.460714e+01
      vertex   2.787098e+02 6.838564e+02 3.664673e+01
      vertex   2.781533e+02 6.837831e+02 3.671505e+01
    endloop
  endfacet
  facet normal 3.826834e-01 -9.238795e-01 0.000000e+00
    outer loop
      vertex   2.781533e+02 6.837831e+02 2.460714e+01
      vertex   2.781533e+02 6.837831e+02 3.671505e+01
      vertex   2.776348e+02 6.835683e+02 2.460714e+01
    endloop
  endfacet
  facet normal 3.826834e-01 -9.238795e-01 0.000000e+00
    outer loop
      vertex   2.776348e+02 6.835683e+02 2.460714e+01
      vertex   2.781533e+02 6.837831e+02 3.671505e+01
      vertex   2.776348e+02 6.835683e+02 3.677872e+01
    endloop
  endfacet
  facet normal 6.087614e-01 -7.933533e-01 0.000000e+00
    outer loop
      vertex   2.776348e+02 6.835683e+02 2.460714e+01
      vertex   2.776348e+02 6.835683e+02 3.677872e+01
      vertex   2.771895e+02 6.832266e+02 2.460714e+01
    endloop
  endfacet
  facet normal 6.087614e-01 -7.933533e-01 2.830310e-15
    outer loop
      vertex   2.771895e+02 6.832266e+02 2.460714e+01
      vertex   2.776348e+02 6.835683e+02 3.677872e+01
      vertex   2.771895e+02 6.832266e+02 3.683340e+01
    endloop
  endfacet
  facet normal 7.933533e-01 -6.087614e-01 3.688531e-15
    outer loop
      vertex   2.771895e+02 6.832266e+02 2.460714e+01
      vertex   2.771895e+02 6.832266e+02 3.683340e+01
      vertex   2.768478e+02 6.827814e+02 2.460714e+01
    endloop
  endfacet
  facet normal 7.933533e-01 -6.087614e-01 0.000000e+00
    outer loop
      vertex   2.768478e+02 6.827814e+02 2.460714e+01
      vertex   2.771895e+02 6.832266e+02 3.683340e+01
      vertex   2.768478e+02 6.827814e+02 3.687535e+01
    endloop
  endfacet
  facet normal 9.238795e-01 -3.826834e-01 0.000000e+00
    outer loop
      vertex   2.768478e+02 6.827814e+02 2.460714e+01
      vertex   2.768478e+02 6.827814e+02 3.687535e+01
      vertex   2.766330e+02 6.822628e+02 2.460714e+01
    endloop
  endfacet
  facet normal 9.238795e-01 -3.826834e-01 0.000000e+00
    outer loop
      vertex   2.766330e+02 6.822628e+02 2.460714e+01
      vertex   2.768478e+02 6.827814e+02 3.687535e+01
      vertex   2.766330e+02 6.822628e+02 3.690172e+01
    endloop
  endfacet
  facet normal 9.914449e-01 -1.305262e-01 0.000000e+00
    outer loop
      vertex   2.766330e+02 6.822628e+02 2.460714e+01
      vertex   2.766330e+02 6.822628e+02 3.690172e+01
      vertex   2.765598e+02 6.817064e+02 2.460714e+01
    endloop
  endfacet
  facet normal 9.914449e-01 -1.305262e-01 0.000000e+00
    outer loop
      vertex   2.765598e+02 6.817064e+02 2.460714e+01
      vertex   2.766330e+02 6.822628e+02 3.690172e+01
      vertex   2.765598e+02 6.817064e+02 3.691072e+01
    endloop
  endfacet
  facet normal 9.914449e-01 1.305262e-01 -0.000000e+00
    outer loop
      vertex   2.765598e+02 6.817064e+02 2.460714e+01
      vertex   2.765598e+02 6.817064e+02 3.691072e+01
      vertex   2.766330e+02 6.811499e+02 3.690172e+01
    endloop
  endfacet
  facet normal 9.914449e-01 1.305262e-01 0.000000e+00
    outer loop
      vertex   2.765598e+02 6.817064e+02 2.460714e+01
      vertex   2.766330e+02 6.811499e+02 3.690172e+01
      vertex   2.766330e+02 6.811499e+02 2.460714e+01
    endloop
  endfacet
  facet normal 9.238795e-01 3.826834e-01 -0.000000e+00
    outer loop
      vertex   2.766330e+02 6.811499e+02 2.460714e+01
      vertex   2.766330e+02 6.811499e+02 3.690172e+01
      vertex   2.768478e+02 6.806314e+02 3.687535e+01
    endloop
  endfacet
  facet normal 9.238795e-01 3.826834e-01 0.000000e+00
    outer loop
      vertex   2.766330e+02 6.811499e+02 2.460714e+01
      vertex   2.768478e+02 6.806314e+02 3.687535e+01
      vertex   2.768478e+02 6.806314e+02 2.460714e+01
    endloop
  endfacet
  facet normal 7.933533e-01 6.087614e-01 -0.000000e+00
    outer loop
      vertex   2.768478e+02 6.806314e+02 2.460714e+01
      vertex   2.768478e+02 6.806314e+02 3.687535e+01
      vertex   2.771895e+02 6.801861e+02 3.683340e+01
    endloop
  endfacet
  facet normal 7.933533e-01 6.087614e-01 3.688804e-15
    outer loop
      vertex   2.768478e+02 6.806314e+02 2.460714e+01
      vertex   2.771895e+02 6.801861e+02 3.683340e+01
      vertex   2.771895e+02 6.801861e+02 2.460714e+01
    endloop
  endfacet
  facet normal 6.087614e-01 7.933533e-01 2.830310e-15
    outer loop
      vertex   2.771895e+02 6.801861e+02 2.460714e+01
      vertex   2.771895e+02 6.801861e+02 3.683340e+01
      vertex   2.776348e+02 6.798444e+02 3.677872e+01
    endloop
  endfacet
  facet normal 6.087614e-01 7.933533e-01 0.000000e+00
    outer loop
      vertex   2.771895e+02 6.801861e+02 2.460714e+01
      vertex   2.776348e+02 6.798444e+02 3.677872e+01
      vertex   2.776348e+02 6.798444e+02 2.460714e+01
    endloop
  endfacet
  facet normal 3.826834e-01 9.238795e-01 -0.000000e+00
    outer loop
      vertex   2.776348e+02 6.798444e+02 2.460714e+01
      vertex   2.776348e+02 6.798444e+02 3.677872e+01
      vertex   2.781533e+02 6.796296e+02 3.671505e+01
    endloop
  endfacet
  facet normal 3.826834e-01 9.238795e-01 0.000000e+00
    outer loop
      vertex   2.776348e+02 6.798444e+02 2.460714e+01
      vertex   2.781533e+02 6.796296e+02 3.671505e+01
      vertex   2.781533e+02 6.796296e+02 2.460714e+01
    endloop
  endfacet
  facet normal 1.305262e-01 9.914449e-01 -0.000000e+00
    outer loop
      vertex   2.781533e+02 6.796296e+02 2.460714e+01
      vertex   2.781533e+02 6.796296e+02 3.671505e+01
      vertex   2.787098e+02 6.795564e+02 3.664673e+01
    endloop
  endfacet
  facet normal 1.305262e-01 9.914449e-01 0.000000e+00
    outer loop
      vertex   2.781533e+02 6.796296e+02 2.460714e+01
      vertex   2.787098e+02 6.795564e+02 3.664673e+01
      vertex   2.787098e+02 6.795564e+02 2.460714e+01
    endloop
  endfacet
  facet normal -1.305262e-01 9.914449e-01 0.000000e+00
    outer loop
      vertex   2.787098e+02 6.795564e+02 2.460714e+01
      vertex   2.787098e+02 6.795564e+02 3.664673e+01
      vertex   2.792662e+02 6.796296e+02 3.657841e+01
    endloop
  endfacet
  facet normal -1.305262e-01 9.914449e-01 0.000000e+00
    outer loop
      vertex   2.787098e+02 6.795564e+02 2.460714e+01
      vertex   2.792662e+02 6.796296e+02 3.657841e+01
      vertex   2.792662e+02 6.796296e+02 2.460714e+01
    endloop
  endfacet
  facet normal -3.826834e-01 9.238795e-01 0.000000e+00
    outer loop
      vertex   2.792662e+02 6.796296e+02 2.460714e+01
      vertex   2.792662e+02 6.796296e+02 3.657841e+01
      vertex   2.797848e+02 6.798444e+02 3.651474e+01
    endloop
  endfacet
  facet normal -3.826834e-01 9.238795e-01 0.000000e+00
    outer loop
      vertex   2.792662e+02 6.796296e+02 2.460714e+01
      vertex   2.797848e+02 6.798444e+02 3.651474e+01
      vertex   2.797848e+02 6.798444e+02 2.460714e+01
    endloop
  endfacet
  facet normal -6.087614e-01 7.933533e-01 0.000000e+00
    outer loop
      vertex   2.797848e+02 6.798444e+02 2.460714e+01
      vertex   2.797848e+02 6.798444e+02 3.651474e+01
      vertex   2.802300e+02 6.801861e+02 3.646006e+01
    endloop
  endfacet
  facet normal -6.087614e-01 7.933533e-01 2.920498e-15
    outer loop
      vertex   2.797848e+02 6.798444e+02 2.460714e+01
      vertex   2.802300e+02 6.801861e+02 3.646006e+01
      vertex   2.802300e+02 6.801861e+02 2.460714e+01
    endloop
  endfacet
  facet normal -7.933533e-01 6.087614e-01 3.804710e-15
    outer loop
      vertex   2.802300e+02 6.801861e+02 2.460714e+01
      vertex   2.802300e+02 6.801861e+02 3.646006e+01
      vertex   2.805717e+02 6.806314e+02 3.641811e+01
    endloop
  endfacet
  facet normal -7.933533e-01 6.087614e-01 0.000000e+00
    outer loop
      vertex   2.802300e+02 6.801861e+02 2.460714e+01
      vertex   2.805717e+02 6.806314e+02 3.641811e+01
      vertex   2.805717e+02 6.806314e+02 2.460714e+01
    endloop
  endfacet
  facet normal -9.238795e-01 3.826834e-01 0.000000e+00
    outer loop
      vertex   2.805717e+02 6.806314e+02 2.460714e+01
      vertex   2.805717e+02 6.806314e+02 3.641811e+01
      vertex   2.807865e+02 6.811499e+02 3.639174e+01
    endloop
  endfacet
  facet normal -9.238795e-01 3.826834e-01 -4.456501e-15
    outer loop
      vertex   2.805717e+02 6.806314e+02 2.460714e+01
      vertex   2.807865e+02 6.811499e+02 3.639174e+01
      vertex   2.807865e+02 6.811499e+02 2.460714e+01
    endloop
  endfacet
  facet normal -9.914449e-01 1.305262e-01 -4.782271e-15
    outer loop
      vertex   2.807865e+02 6.811499e+02 2.460714e+01
      vertex   2.807865e+02 6.811499e+02 3.639174e+01
      vertex   2.808598e+02 6.817064e+02 3.638274e+01
    endloop
  endfacet
  facet normal -9.914449e-01 -1.305262e-01 0.000000e+00
    outer loop
      vertex   2.808598e+02 6.817064e+02 1.230357e+01
      vertex   2.808598e+02 6.817064e+02 2.460714e+01
      vertex   2.807865e+02 6.822628e+02 1.230357e+01
    endloop
  endfacet
  facet normal -9.914449e-01 -1.305262e-01 0.000000e+00
    outer loop
      vertex   2.807865e+02 6.822628e+02 1.230357e+01
      vertex   2.808598e+02 6.817064e+02 2.460714e+01
      vertex   2.807865e+02 6.822628e+02 2.460714e+01
    endloop
  endfacet
  facet normal -9.238795e-01 -3.826834e-01 0.000000e+00
    outer loop
      vertex   2.807865e+02 6.822628e+02 1.230357e+01
      vertex   2.807865e+02 6.822628e+02 2.460714e+01
      vertex   2.805717e+02 6.827814e+02 1.230357e+01
    endloop
  endfacet
  facet normal -9.238795e-01 -3.826834e-01 0.000000e+00
    outer loop
      vertex   2.805717e+02 6.827814e+02 1.230357e+01
      vertex   2.807865e+02 6.822628e+02 2.460714e+01
      vertex   2.805717e+02 6.827814e+02 2.460714e+01
    endloop
  endfacet
  facet normal -7.933533e-01 -6.087614e-01 0.000000e+00
    outer loop
      vertex   2.805717e+02 6.827814e+02 1.230357e+01
      vertex   2.805717e+02 6.827814e+02 2.460714e+01
      vertex   2.802300e+02 6.832266e+02 1.230357e+01
    endloop
  endfacet
  facet normal -7.933533e-01 -6.087614e-01 0.000000e+00
    outer loop
      vertex   2.802300e+02 6.832266e+02 1.230357e+01
      vertex   2.805717e+02 6.827814e+02 2.460714e+01
      vertex   2.802300e+02 6.832266e+02 2.460714e+01
    endloop
  endfacet
  facet normal -6.087614e-01 -7.933533e-01 0.000000e+00
    outer loop
      vertex   2.802300e+02 6.832266e+02 1.230357e+01
      vertex   2.802300e+02 6.832266e+02 2.460714e+01
      vertex   2.797848e+02 6.835683e+02 1.230357e+01
    endloop
  endfacet
  facet normal -6.087614e-01 -7.933533e-01 0.000000e+00
    outer loop
      vertex   2.797848e+02 6.835683e+02 1.230357e+01
      vertex   2.802300e+02 6.832266e+02 2.460714e+01
      vertex   2.797848e+02 6.835683e+02 2.460714e+01
    endloop
  endfacet
  facet normal -3.826834e-01 -9.238795e-01 0.000000e+00
    outer loop
      vertex   2.797848e+02 6.835683e+02 1.230357e+01
      vertex   2.797848e+02 6.835683e+02 2.460714e+01
      vertex   2.792662e+02 6.837831e+02 1.230357e+01
    endloop
  endfacet
  facet normal -3.826834e-01 -9.238795e-01 0.000000e+00
    outer loop
      vertex   2.792662e+02 6.837831e+02 1.230357e+01
      vertex   2.797848e+02 6.835683e+02 2.460714e+01
      vertex   2.792662e+02 6.837831e+02 2.460714e+01
    endloop
  endfacet
  facet normal -1.305262e-01 -9.914449e-01 0.000000e+00
    outer loop
      vertex   2.792662e+02 6.837831e+02 1.230357e+01
      vertex   2.792662e+02 6.837831e+02 2.460714e+01
      vertex   2.787098e+02 6.838564e+02 1.230357e+01
    endloop
  endfacet
  facet normal -1.305262e-01 -9.914449e-01 0.000000e+00
    outer loop
      vertex   2.787098e+02 6.838564e+02 1.230357e+01
      vertex   2.792662e+02 6.837831e+02 2.460714e+01
      vertex   2.787098e+02 6.838564e+02 2.460714e+01
    endloop
  endfacet
  facet normal 1.305262e-01 -9.914449e-01 0.000000e+00
    outer loop
      vertex   2.787098e+02 6.838564e+02 1.230357e+01
      vertex   2.787098e+02 6.838564e+02 2.460714e+01
      vertex   2.781533e+02 6.837831e+02 1.230357e+01
    endloop
  endfacet
  facet normal 1.305262e-01 -9.914449e-01 0.000000e+00
    outer loop
      vertex   2.781533e+02 6.837831e+02 1.230357e+01
      vertex   2.787098e+02 6.838564e+02 2.460714e+01
      vertex   2.781533e+02 6.837831e+02 2.460714e+01
    endloop
  endfacet
  facet normal 3.826834e-01 -9.238795e-01 0.000000e+00
    outer loop
      vertex   2.781533e+02 6.837831e+02 1.230357e+01
      vertex   2.781533e+02 6.837831e+02 2.460714e+01
      vertex   2.776348e+02 6.835683e+02 1.230357e+01
    endloop
  endfacet
  facet normal 3.826834e-01 -9.238795e-01 0.000000e+00
    outer loop
      vertex   2.776348e+02 6.835683e+02 1.230357e+01
      vertex   2.781533e+02 6.837831e+02 2.460714e+01
      vertex   2.776348e+02 6.835683e+02 2.460714e+01
    endloop
  endfacet
  facet normal 6.087614e-01 -7.933533e-01 0.000000e+00
    outer loop
      vertex   2.776348e+02 6.835683e+02 1.230357e+01
      vertex   2.776348e+02 6.835683e+02 2.460714e+01
      vertex   2.771895e+02 6.832266e+02 1.230357e+01
    endloop
  endfacet
  facet normal 6.087614e-01 -7.933533e-01 0.000000e+00
    outer loop
      vertex   2.771895e+02 6.832266e+02 1.230357e+01
      vertex   2.776348e+02 6.835683e+02 2.460714e+01
      vertex   2.771895e+02 6.832266e+02 2.460714e+01
    endloop
  endfacet
  facet normal 7.933533e-01 -6.087614e-01 0.000000e+00
    outer loop
      vertex   2.771895e+02 6.832266e+02 1.230357e+01
      vertex   2.771895e+02 6.832266e+02 2.460714e+01
      vertex   2.768478e+02 6.827814e+02 1.230357e+01
    endloop
  endfacet
  facet normal 7.933533e-01 -6.087614e-01 0.000000e+00
    outer loop
      vertex   2.768478e+02 6.827814e+02 1.230357e+01
      vertex   2.771895e+02 6.832266e+02 2.460714e+01
      vertex   2.768478e+02 6.827814e+02 2.460714e+01
    endloop
  endfacet
  facet normal 9.238795e-01 -3.826834e-01 0.000000e+00
    outer loop
      vertex   2.768478e+02 6.827814e+02 1.230357e+01
      vertex   2.768478e+02 6.827814e+02 2.460714e+01
      vertex   2.766330e+02 6.822628e+02 1.230357e+01
    endloop
  endfacet
  facet normal 9.238795e-01 -3.826834e-01 0.000000e+00
    outer loop
      vertex   2.766330e+02 6.822628e+02 1.230357e+01
      vertex   2.768478e+02 6.827814e+02 2.460714e+01
      vertex   2.766330e+02 6.822628e+02 2.460714e+01
    endloop
  endfacet
  facet normal 9.914449e-01 -1.305262e-01 0.000000e+00
    outer loop
      vertex   2.766330e+02 6.822628e+02 1.230357e+01
      vertex   2.766330e+02 6.822628e+02 2.460714e+01
      vertex   2.765598e+02 6.817064e+02 1.230357e+01
    endloop
  endfacet
  facet normal 9.914449e-01 -1.305262e-01 0.000000e+00
    outer loop
      vertex   2.765598e+02 6.817064e+02 1.230357e+01
      vertex   2.766330e+02 6.822628e+02 2.460714e+01
      vertex   2.765598e+02 6.817064e+02 2.460714e+01
    endloop
  endfacet
  facet normal 9.914449e-01 1.305262e-01 -0.000000e+00
    outer loop
      vertex   2.765598e+02 6.817064e+02 1.230357e+01
      vertex   2.765598e+02 6.817064e+02 2.460714e+01
      vertex   2.766330e+02 6.811499e+02 1.230357e+01
    endloop
  endfacet
  facet normal 9.914449e-01 1.305262e-01 -0.000000e+00
    outer loop
      vertex   2.766330e+02 6.811499e+02 1.230357e+01
      vertex   2.765598e+02 6.817064e+02 2.460714e+01
      vertex   2.766330e+02 6.811499e+02 2.460714e+01
    endloop
  endfacet
  facet normal 9.238795e-01 3.826834e-01 -0.000000e+00
    outer loop
      vertex   2.766330e+02 6.811499e+02 1.230357e+01
      vertex   2.766330e+02 6.811499e+02 2.460714e+01
      vertex   2.768478e+02 6.806314e+02 1.230357e+01
    endloop
  endfacet
  facet normal 9.238795e-01 3.826834e-01 -0.000000e+00
    outer loop
      vertex   2.768478e+02 6.806314e+02 1.230357e+01
      vertex   2.766330e+02 6.811499e+02 2.460714e+01
      vertex   2.768478e+02 6.806314e+02 2.460714e+01
    endloop
  endfacet
  facet normal 7.933533e-01 6.087614e-01 -0.000000e+00
    outer loop
      vertex   2.768478e+02 6.806314e+02 1.230357e+01
      vertex   2.768478e+02 6.806314e+02 2.460714e+01
      vertex   2.771895e+02 6.801861e+02 1.230357e+01
    endloop
  endfacet
  facet normal 7.933533e-01 6.087614e-01 -0.000000e+00
    outer loop
      vertex   2.771895e+02 6.801861e+02 1.230357e+01
      vertex   2.768478e+02 6.806314e+02 2.460714e+01
      vertex   2.771895e+02 6.801861e+02 2.460714e+01
    endloop
  endfacet
  facet normal 6.087614e-01 7.933533e-01 -0.000000e+00
    outer loop
      vertex   2.771895e+02 6.801861e+02 1.230357e+01
      vertex   2.771895e+02 6.801861e+02 2.460714e+01
      vertex   2.776348e+02 6.798444e+02 1.230357e+01
    endloop
  endfacet
  facet normal 6.087614e-01 7.933533e-01 -0.000000e+00
    outer loop
      vertex   2.776348e+02 6.798444e+02 1.230357e+01
      vertex   2.771895e+02 6.801861e+02 2.460714e+01
      vertex   2.776348e+02 6.798444e+02 2.460714e+01
    endloop
  endfacet
  facet normal 3.826834e-01 9.238795e-01 -0.000000e+00
    outer loop
      vertex   2.776348e+02 6.798444e+02 1.230357e+01
      vertex   2.776348e+02 6.798444e+02 2.460714e+01
      vertex   2.781533e+02 6.796296e+02 1.230357e+01
    endloop
  endfacet
  facet normal 3.826834e-01 9.238795e-01 -0.000000e+00
    outer loop
      vertex   2.781533e+02 6.796296e+02 1.230357e+01
      vertex   2.776348e+02 6.798444e+02 2.460714e+01
      vertex   2.781533e+02 6.796296e+02 2.460714e+01
    endloop
  endfacet
  facet normal 1.305262e-01 9.914449e-01 -0.000000e+00
    outer loop
      vertex   2.781533e+02 6.796296e+02 1.230357e+01
      vertex   2.781533e+02 6.796296e+02 2.460714e+01
      vertex   2.787098e+02 6.795564e+02 1.230357e+01
    endloop
  endfacet
  facet normal 1.305262e-01 9.914449e-01 -0.000000e+00
    outer loop
      vertex   2.787098e+02 6.795564e+02 1.230357e+01
      vertex   2.781533e+02 6.796296e+02 2.460714e+01
      vertex   2.787098e+02 6.795564e+02 2.460714e+01
    endloop
  endfacet
  facet normal -1.305262e-01 9.914449e-01 0.000000e+00
    outer loop
      vertex   2.787098e+02 6.795564e+02 1.230357e+01
      vertex   2.787098e+02 6.795564e+02 2.460714e+01
      vertex   2.792662e+02 6.796296e+02 1.230357e+01
    endloop
  endfacet
  facet normal -1.305262e-01 9.914449e-01 0.000000e+00
    outer loop
      vertex   2.792662e+02 6.796296e+02 1.230357e+01
      vertex   2.787098e+02 6.795564e+02 2.460714e+01
      vertex   2.792662e+02 6.796296e+02 2.460714e+01
    endloop
  endfacet
  facet normal -3.826834e-01 9.238795e-01 0.000000e+00
    outer loop
      vertex   2.792662e+02 6.796296e+02 1.230357e+01
      vertex   2.792662e+02 6.796296e+02 2.460714e+01
      vertex   2.797848e+02 6.798444e+02 1.230357e+01
    endloop
  endfacet
  facet normal -3.826834e-01 9.238795e-01 0.000000e+00
    outer loop
      vertex   2.797848e+02 6.798444e+02 1.230357e+01
      vertex   2.792662e+02 6.796296e+02 2.460714e+01
      vertex   2.797848e+02 6.798444e+02 2.460714e+01
    endloop
  endfacet
  facet normal -6.087614e-01 7.933533e-01 0.000000e+00
    outer loop
      vertex   2.797848e+02 6.798444e+02 1.230357e+01
      vertex   2.797848e+02 6.798444e+02 2.460714e+01
      vertex   2.802300e+02 6.801861e+02 1.230357e+01
    endloop
  endfacet
  facet normal -6.087614e-01 7.933533e-01 0.000000e+00
    outer loop
      vertex   2.802300e+02 6.801861e+02 1.230357e+01
      vertex   2.797848e+02 6.798444e+02 2.460714e+01
      vertex   2.802300e+02 6.801861e+02 2.460714e+01
    endloop
  endfacet
  facet normal -7.933533e-01 6.087614e-01 0.000000e+00
    outer loop
      vertex   2.802300e+02 6.801861e+02 1.230357e+01
      vertex   2.802300e+02 6.801861e+02 2.460714e+01
      vertex   2.805717e+02 6.806314e+02 1.230357e+01
    endloop
  endfacet
  facet normal -7.933533e-01 6.087614e-01 0.000000e+00
    outer loop
      vertex   2.805717e+02 6.806314e+02 1.230357e+01
      vertex   2.802300e+02 6.801861e+02 2.460714e+01
      vertex   2.805717e+02 6.806314e+02 2.460714e+01
    endloop
  endfacet
  facet normal -9.238795e-01 3.826834e-01 0.000000e+00
    outer loop
      vertex   2.805717e+02 6.806314e+02 1.230357e+01
      vertex   2.805717e+02 6.806314e+02 2.460714e+01
      vertex   2.807865e+02 6.811499e+02 1.230357e+01
    endloop
  endfacet
  facet normal -9.238795e-01 3.826834e-01 0.000000e+00
    outer loop
      vertex   2.807865e+02 6.811499e+02 1.230357e+01
      vertex   2.805717e+02 6.806314e+02 2.460714e+01
      vertex   2.807865e+02 6.811499e+02 2.460714e+01
    endloop
  endfacet
  facet normal 7.624786e-01 6.470134e-01 0.000000e+00
    outer loop
      vertex   3.008393e+02 6.192339e+02 3.392956e+01
      vertex   3.008393e+02 6.192339e+02 3.291988e+01
      vertex   3.001641e+02 6.200296e+02 3.401247e+01
    endloop
  endfacet
  facet normal 7.624879e-01 6.470025e-01 1.368002e-05
    outer loop
      vertex   3.001641e+02 6.200296e+02 3.401247e+01
      vertex   3.008393e+02 6.192339e+02 3.291988e+01
      vertex   3.008383e+02 6.192355e+02 1.724302e+01
    endloop
  endfacet
  facet normal 7.622626e-01 6.472679e-01 -7.945358e-06
    outer loop
      vertex   3.001641e+02 6.200296e+02 3.401247e+01
      vertex   3.008383e+02 6.192355e+02 1.724302e+01
      vertex   3.001633e+02 6.200304e+02 1.724302e+01
    endloop
  endfacet
  facet normal 7.622626e-01 6.472679e-01 1.366980e-05
    outer loop
      vertex   3.001633e+02 6.200304e+02 1.724302e+01
      vertex   3.008383e+02 6.192355e+02 1.724302e+01
      vertex   3.008371e+02 6.192372e+02 0.000000e+00
    endloop
  endfacet
  facet normal 7.620308e-01 6.475408e-01 -7.938410e-06
    outer loop
      vertex   3.001633e+02 6.200304e+02 1.724302e+01
      vertex   3.008371e+02 6.192372e+02 0.000000e+00
      vertex   3.001624e+02 6.200312e+02 0.000000e+00
    endloop
  endfacet
  facet normal 8.872535e-01 4.612822e-01 -1.365006e-05
    outer loop
      vertex   3.008383e+02 6.192355e+02 1.724302e+01
      vertex   3.008393e+02 6.192339e+02 3.291988e+01
      vertex   3.013185e+02 6.183117e+02 1.724302e+01
    endloop
  endfacet
  facet normal 8.874064e-01 4.609880e-01 8.331035e-06
    outer loop
      vertex   3.013185e+02 6.183117e+02 1.724302e+01
      vertex   3.008393e+02 6.192339e+02 3.291988e+01
      vertex   3.013189e+02 6.183107e+02 3.183517e+01
    endloop
  endfacet
  facet normal 9.676446e-01 2.523172e-01 -8.337805e-06
    outer loop
      vertex   3.013185e+02 6.183117e+02 1.724302e+01
      vertex   3.013189e+02 6.183107e+02 3.183517e+01
      vertex   3.015812e+02 6.173043e+02 1.724302e+01
    endloop
  endfacet
  facet normal 9.676834e-01 2.521682e-01 2.639578e-06
    outer loop
      vertex   3.015812e+02 6.173043e+02 1.724302e+01
      vertex   3.013189e+02 6.183107e+02 3.183517e+01
      vertex   3.015812e+02 6.173040e+02 3.075499e+01
    endloop
  endfacet
  facet normal 9.995278e-01 3.072673e-02 -2.641191e-06
    outer loop
      vertex   3.015812e+02 6.173043e+02 1.724302e+01
      vertex   3.015812e+02 6.173040e+02 3.075499e+01
      vertex   3.016132e+02 6.162642e+02 2.973340e+01
    endloop
  endfacet
  facet normal 9.995281e-01 3.071680e-02 -3.468622e-06
    outer loop
      vertex   3.015812e+02 6.173043e+02 1.724302e+01
      vertex   3.016132e+02 6.162642e+02 2.973340e+01
      vertex   3.016132e+02 6.162638e+02 1.724302e+01
    endloop
  endfacet
  facet normal 9.905730e-01 -1.369860e-01 1.735270e-06
    outer loop
      vertex   3.016132e+02 6.162638e+02 1.724302e+01
      vertex   3.016132e+02 6.162642e+02 2.973340e+01
      vertex   3.015418e+02 6.157481e+02 2.926075e+01
    endloop
  endfacet
  facet normal 9.699876e-01 -2.431094e-01 -4.674214e-03
    outer loop
      vertex   3.016132e+02 6.162638e+02 1.724302e+01
      vertex   3.015418e+02 6.157481e+02 2.926075e+01
      vertex   3.014132e+02 6.152433e+02 2.882155e+01
    endloop
  endfacet
  facet normal 9.813146e-01 -1.924103e-01 -9.983059e-06
    outer loop
      vertex   3.016132e+02 6.162638e+02 1.724302e+01
      vertex   3.014132e+02 6.152433e+02 2.882155e+01
      vertex   3.014124e+02 6.152408e+02 0.000000e+00
    endloop
  endfacet
  facet normal 9.536503e-01 -3.009170e-01 -1.641907e-08
    outer loop
      vertex   3.014124e+02 6.152408e+02 0.000000e+00
      vertex   3.014132e+02 6.152433e+02 2.882155e+01
      vertex   3.014129e+02 6.152425e+02 2.882158e+01
    endloop
  endfacet
  facet normal 9.535949e-01 -3.010926e-01 -5.473020e-09
    outer loop
      vertex   3.014124e+02 6.152408e+02 0.000000e+00
      vertex   3.014129e+02 6.152425e+02 2.882158e+01
      vertex   3.014127e+02 6.152416e+02 2.882161e+01
    endloop
  endfacet
  facet normal 9.535394e-01 -3.012683e-01 1.880616e-15
    outer loop
      vertex   3.014127e+02 6.152416e+02 2.882161e+01
      vertex   3.014124e+02 6.152408e+02 2.882164e+01
      vertex   3.014124e+02 6.152408e+02 0.000000e+00
    endloop
  endfacet
  facet normal 9.812717e-01 -1.926288e-01 3.474793e-06
    outer loop
      vertex   3.014124e+02 6.152408e+02 0.000000e+00
      vertex   3.016131e+02 6.162633e+02 0.000000e+00
      vertex   3.016132e+02 6.162638e+02 1.724302e+01
    endloop
  endfacet
  facet normal 9.995285e-01 3.070310e-02 -3.471252e-06
    outer loop
      vertex   3.016132e+02 6.162638e+02 1.724302e+01
      vertex   3.016131e+02 6.162633e+02 0.000000e+00
      vertex   3.015811e+02 6.173047e+02 0.000000e+00
    endloop
  endfacet
  facet normal 9.995281e-01 3.071680e-02 -2.643255e-06
    outer loop
      vertex   3.016132e+02 6.162638e+02 1.724302e+01
      vertex   3.015811e+02 6.173047e+02 0.000000e+00
      vertex   3.015812e+02 6.173043e+02 1.724302e+01
    endloop
  endfacet
  facet normal 9.676446e-01 2.523172e-01 2.641360e-06
    outer loop
      vertex   3.015812e+02 6.173043e+02 1.724302e+01
      vertex   3.015811e+02 6.173047e+02 0.000000e+00
      vertex   3.013185e+02 6.183117e+02 1.724302e+01
    endloop
  endfacet
  facet normal 9.675986e-01 2.524933e-01 -8.343231e-06
    outer loop
      vertex   3.015811e+02 6.173047e+02 0.000000e+00
      vertex   3.013180e+02 6.183129e+02 0.000000e+00
      vertex   3.013185e+02 6.183117e+02 1.724302e+01
    endloop
  endfacet
  facet normal 8.872535e-01 4.612822e-01 8.336693e-06
    outer loop
      vertex   3.013185e+02 6.183117e+02 1.724302e+01
      vertex   3.013180e+02 6.183129e+02 0.000000e+00
      vertex   3.008383e+02 6.192355e+02 1.724302e+01
    endloop
  endfacet
  facet normal 8.870852e-01 4.616058e-01 -1.365827e-05
    outer loop
      vertex   3.013180e+02 6.183129e+02 0.000000e+00
      vertex   3.008371e+02 6.192372e+02 0.000000e+00
      vertex   3.008383e+02 6.192355e+02 1.724302e+01
    endloop
  endfacet
  facet normal 5.988549e-01 8.008576e-01 7.944600e-06
    outer loop
      vertex   3.001633e+02 6.200304e+02 1.724302e+01
      vertex   3.001624e+02 6.200312e+02 0.000000e+00
      vertex   2.993281e+02 6.206549e+02 1.724302e+01
    endloop
  endfacet
  facet normal 5.987145e-01 8.009625e-01 -2.640235e-06
    outer loop
      vertex   2.993281e+02 6.206549e+02 1.724302e+01
      vertex   3.001624e+02 6.200312e+02 0.000000e+00
      vertex   2.993278e+02 6.206551e+02 0.000000e+00
    endloop
  endfacet
  facet normal 4.053367e-01 9.141675e-01 2.642280e-06
    outer loop
      vertex   2.993281e+02 6.206549e+02 1.724302e+01
      vertex   2.993278e+02 6.206551e+02 0.000000e+00
      vertex   2.983749e+02 6.210775e+02 1.724302e+01
    endloop
  endfacet
  facet normal 4.053365e-01 9.141675e-01 2.633239e-06
    outer loop
      vertex   2.983749e+02 6.210775e+02 1.724302e+01
      vertex   2.993278e+02 6.206551e+02 0.000000e+00
      vertex   2.983753e+02 6.210774e+02 0.000000e+00
    endloop
  endfacet
  facet normal 1.916064e-01 9.814718e-01 -2.631205e-06
    outer loop
      vertex   2.983749e+02 6.210775e+02 1.724302e+01
      vertex   2.983753e+02 6.210774e+02 0.000000e+00
      vertex   2.973526e+02 6.212771e+02 0.000000e+00
    endloop
  endfacet
  facet normal 1.914359e-01 9.815051e-01 7.864719e-06
    outer loop
      vertex   2.983749e+02 6.210775e+02 1.724302e+01
      vertex   2.973526e+02 6.212771e+02 0.000000e+00
      vertex   2.973514e+02 6.212772e+02 1.724302e+01
    endloop
  endfacet
  facet normal -3.174434e-02 9.994960e-01 -7.858673e-06
    outer loop
      vertex   2.973514e+02 6.212772e+02 1.724302e+01
      vertex   2.973526e+02 6.212771e+02 0.000000e+00
      vertex   2.963112e+02 6.212440e+02 0.000000e+00
    endloop
  endfacet
  facet normal -3.209723e-02 9.994848e-01 1.345150e-05
    outer loop
      vertex   2.973514e+02 6.212772e+02 1.724302e+01
      vertex   2.963112e+02 6.212440e+02 0.000000e+00
      vertex   2.963091e+02 6.212437e+02 1.724302e+01
    endloop
  endfacet
  facet normal -2.534916e-01 9.673376e-01 -1.343925e-05
    outer loop
      vertex   2.963091e+02 6.212437e+02 1.724302e+01
      vertex   2.963112e+02 6.212440e+02 0.000000e+00
      vertex   2.953053e+02 6.209806e+02 1.724302e+01
    endloop
  endfacet
  facet normal -2.534916e-01 9.673376e-01 -1.398106e-05
    outer loop
      vertex   2.963091e+02 6.212437e+02 1.724302e+01
      vertex   2.953053e+02 6.209806e+02 1.724302e+01
      vertex   2.953071e+02 6.209813e+02 3.255796e+01
    endloop
  endfacet
  facet normal -4.609878e-01 8.874065e-01 1.393070e-05
    outer loop
      vertex   2.953071e+02 6.209813e+02 3.255796e+01
      vertex   2.953053e+02 6.209806e+02 1.724302e+01
      vertex   2.943896e+02 6.205047e+02 3.162908e+01
    endloop
  endfacet
  facet normal -4.623233e-01 8.867114e-01 -9.406552e-05
    outer loop
      vertex   2.943896e+02 6.205047e+02 3.162908e+01
      vertex   2.953053e+02 6.209806e+02 1.724302e+01
      vertex   2.943795e+02 6.204979e+02 1.724302e+01
    endloop
  endfacet
  facet normal -6.457328e-01 7.635634e-01 9.320443e-05
    outer loop
      vertex   2.943896e+02 6.205047e+02 3.162908e+01
      vertex   2.943795e+02 6.204979e+02 1.724302e+01
      vertex   2.936001e+02 6.198372e+02 3.071378e+01
    endloop
  endfacet
  facet normal -6.483343e-01 7.613558e-01 -1.655935e-04
    outer loop
      vertex   2.936001e+02 6.198372e+02 3.071378e+01
      vertex   2.943795e+02 6.204979e+02 1.724302e+01
      vertex   2.935862e+02 6.198224e+02 1.724302e+01
    endloop
  endfacet
  facet normal -7.985251e-01 6.019615e-01 1.644915e-04
    outer loop
      vertex   2.936001e+02 6.198372e+02 3.071378e+01
      vertex   2.935862e+02 6.198224e+02 1.724302e+01
      vertex   2.929776e+02 6.190117e+02 2.985731e+01
    endloop
  endfacet
  facet normal -8.611937e-01 5.081993e-01 -8.885043e-03
    outer loop
      vertex   2.929776e+02 6.190117e+02 2.985731e+01
      vertex   2.935862e+02 6.198224e+02 1.724302e+01
      vertex   2.929728e+02 6.190035e+02 2.985790e+01
    endloop
  endfacet
  facet normal -8.003665e-01 5.995111e-01 0.000000e+00
    outer loop
      vertex   2.929728e+02 6.190035e+02 2.985790e+01
      vertex   2.935862e+02 6.198224e+02 1.724302e+01
      vertex   2.935862e+02 6.198224e+02 0.000000e+00
    endloop
  endfacet
  facet normal -8.015858e-01 5.978798e-01 -6.978906e-05
    outer loop
      vertex   2.929728e+02 6.190035e+02 2.985790e+01
      vertex   2.935862e+02 6.198224e+02 0.000000e+00
      vertex   2.929632e+02 6.189872e+02 0.000000e+00
    endloop
  endfacet
  facet normal -2.535012e-01 9.673351e-01 -1.403465e-05
    outer loop
      vertex   2.963112e+02 6.212440e+02 0.000000e+00
      vertex   2.953033e+02 6.209799e+02 0.000000e+00
      vertex   2.953053e+02 6.209806e+02 1.724302e+01
    endloop
  endfacet
  facet normal -4.623233e-01 8.867114e-01 1.406368e-05
    outer loop
      vertex   2.953053e+02 6.209806e+02 1.724302e+01
      vertex   2.953033e+02 6.209799e+02 0.000000e+00
      vertex   2.943795e+02 6.204979e+02 1.724302e+01
    endloop
  endfacet
  facet normal -4.625296e-01 8.866038e-01 0.000000e+00
    outer loop
      vertex   2.953033e+02 6.209799e+02 0.000000e+00
      vertex   2.943795e+02 6.204979e+02 0.000000e+00
      vertex   2.943795e+02 6.204979e+02 1.724302e+01
    endloop
  endfacet
  facet normal -6.483343e-01 7.613558e-01 0.000000e+00
    outer loop
      vertex   2.943795e+02 6.204979e+02 1.724302e+01
      vertex   2.943795e+02 6.204979e+02 0.000000e+00
      vertex   2.935862e+02 6.198224e+02 1.724302e+01
    endloop
  endfacet
  facet normal -6.483343e-01 7.613558e-01 0.000000e+00
    outer loop
      vertex   2.943795e+02 6.204979e+02 0.000000e+00
      vertex   2.935862e+02 6.198224e+02 0.000000e+00
      vertex   2.935862e+02 6.198224e+02 1.724302e+01
    endloop
  endfacet
  facet normal -8.630104e-01 5.051861e-01 0.000000e+00
    outer loop
      vertex   2.929632e+02 6.189872e+02 2.985908e+01
      vertex   2.929680e+02 6.189953e+02 2.985849e+01
      vertex   2.929632e+02 6.189872e+02 0.000000e+00
    endloop
  endfacet
  facet normal -8.619798e-01 5.069427e-01 -6.459596e-07
    outer loop
      vertex   2.929632e+02 6.189872e+02 0.000000e+00
      vertex   2.929680e+02 6.189953e+02 2.985849e+01
      vertex   2.929728e+02 6.190035e+02 2.985790e+01
    endloop
  endfacet
  facet normal -2.534831e-01 9.673398e-01 -1.338656e-05
    outer loop
      vertex   2.953071e+02 6.209813e+02 3.255796e+01
      vertex   2.963072e+02 6.212434e+02 3.345451e+01
      vertex   2.963091e+02 6.212437e+02 1.724302e+01
    endloop
  endfacet
  facet normal -1.441749e-01 9.895522e-01 0.000000e+00
    outer loop
      vertex   2.963091e+02 6.212437e+02 1.724302e+01
      vertex   2.963072e+02 6.212434e+02 3.345451e+01
      vertex   2.963072e+02 6.212434e+02 3.448603e+01
    endloop
  endfacet
  facet normal -3.243426e-02 9.994739e-01 1.265749e-05
    outer loop
      vertex   2.963091e+02 6.212437e+02 1.724302e+01
      vertex   2.963072e+02 6.212434e+02 3.448603e+01
      vertex   2.973502e+02 6.212773e+02 3.435797e+01
    endloop
  endfacet
  facet normal -3.209723e-02 9.994848e-01 -7.865207e-06
    outer loop
      vertex   2.963091e+02 6.212437e+02 1.724302e+01
      vertex   2.973502e+02 6.212773e+02 3.435797e+01
      vertex   2.973514e+02 6.212772e+02 1.724302e+01
    endloop
  endfacet
  facet normal 1.912678e-01 9.815379e-01 7.870876e-06
    outer loop
      vertex   2.973514e+02 6.212772e+02 1.724302e+01
      vertex   2.973502e+02 6.212773e+02 3.435797e+01
      vertex   2.983745e+02 6.210777e+02 3.423220e+01
    endloop
  endfacet
  facet normal 1.914359e-01 9.815051e-01 -2.633242e-06
    outer loop
      vertex   2.973514e+02 6.212772e+02 1.724302e+01
      vertex   2.983745e+02 6.210777e+02 3.423220e+01
      vertex   2.983749e+02 6.210775e+02 1.724302e+01
    endloop
  endfacet
  facet normal 4.053368e-01 9.141674e-01 2.635264e-06
    outer loop
      vertex   2.983749e+02 6.210775e+02 1.724302e+01
      vertex   2.983745e+02 6.210777e+02 3.423220e+01
      vertex   2.993285e+02 6.206547e+02 3.411507e+01
    endloop
  endfacet
  facet normal 4.053367e-01 9.141675e-01 2.644306e-06
    outer loop
      vertex   2.983749e+02 6.210775e+02 1.724302e+01
      vertex   2.993285e+02 6.206547e+02 3.411507e+01
      vertex   2.993281e+02 6.206549e+02 1.724302e+01
    endloop
  endfacet
  facet normal 5.988549e-01 8.008576e-01 -2.642315e-06
    outer loop
      vertex   2.993281e+02 6.206549e+02 1.724302e+01
      vertex   2.993285e+02 6.206547e+02 3.411507e+01
      vertex   3.001633e+02 6.200304e+02 1.724302e+01
    endloop
  endfacet
  facet normal 5.989922e-01 8.007549e-01 7.950801e-06
    outer loop
      vertex   2.993285e+02 6.206547e+02 3.411507e+01
      vertex   3.001641e+02 6.200296e+02 3.401247e+01
      vertex   3.001633e+02 6.200304e+02 1.724302e+01
    endloop
  endfacet
  facet normal -9.914449e-01 1.305262e-01 0.000000e+00
    outer loop
      vertex   2.990553e+02 6.160857e+02 0.000000e+00
      vertex   2.990553e+02 6.160857e+02 1.155586e+01
      vertex   2.991286e+02 6.166421e+02 0.000000e+00
    endloop
  endfacet
  facet normal -9.914449e-01 1.305262e-01 0.000000e+00
    outer loop
      vertex   2.991286e+02 6.166421e+02 0.000000e+00
      vertex   2.990553e+02 6.160857e+02 1.155586e+01
      vertex   2.991286e+02 6.166421e+02 1.155586e+01
    endloop
  endfacet
  facet normal -9.914449e-01 -1.305262e-01 0.000000e+00
    outer loop
      vertex   2.991286e+02 6.166421e+02 0.000000e+00
      vertex   2.991286e+02 6.166421e+02 1.155586e+01
      vertex   2.990553e+02 6.171986e+02 0.000000e+00
    endloop
  endfacet
  facet normal -9.914449e-01 -1.305262e-01 0.000000e+00
    outer loop
      vertex   2.990553e+02 6.171986e+02 0.000000e+00
      vertex   2.991286e+02 6.166421e+02 1.155586e+01
      vertex   2.990553e+02 6.171986e+02 1.155586e+01
    endloop
  endfacet
  facet normal -9.238795e-01 -3.826834e-01 0.000000e+00
    outer loop
      vertex   2.990553e+02 6.171986e+02 0.000000e+00
      vertex   2.990553e+02 6.171986e+02 1.155586e+01
      vertex   2.988405e+02 6.177171e+02 0.000000e+00
    endloop
  endfacet
  facet normal -9.238795e-01 -3.826834e-01 0.000000e+00
    outer loop
      vertex   2.988405e+02 6.177171e+02 0.000000e+00
      vertex   2.990553e+02 6.171986e+02 1.155586e+01
      vertex   2.988405e+02 6.177171e+02 1.155586e+01
    endloop
  endfacet
  facet normal -7.933533e-01 -6.087614e-01 0.000000e+00
    outer loop
      vertex   2.988405e+02 6.177171e+02 0.000000e+00
      vertex   2.988405e+02 6.177171e+02 1.155586e+01
      vertex   2.984989e+02 6.181624e+02 0.000000e+00
    endloop
  endfacet
  facet normal -7.933533e-01 -6.087614e-01 0.000000e+00
    outer loop
      vertex   2.984989e+02 6.181624e+02 0.000000e+00
      vertex   2.988405e+02 6.177171e+02 1.155586e+01
      vertex   2.984989e+02 6.181624e+02 1.155586e+01
    endloop
  endfacet
  facet normal -6.087614e-01 -7.933533e-01 0.000000e+00
    outer loop
      vertex   2.984989e+02 6.181624e+02 0.000000e+00
      vertex   2.984989e+02 6.181624e+02 1.155586e+01
      vertex   2.980536e+02 6.185041e+02 0.000000e+00
    endloop
  endfacet
  facet normal -6.087614e-01 -7.933533e-01 0.000000e+00
    outer loop
      vertex   2.980536e+02 6.185041e+02 0.000000e+00
      vertex   2.984989e+02 6.181624e+02 1.155586e+01
      vertex   2.980536e+02 6.185041e+02 1.155586e+01
    endloop
  endfacet
  facet normal -3.826834e-01 -9.238795e-01 0.000000e+00
    outer loop
      vertex   2.980536e+02 6.185041e+02 0.000000e+00
      vertex   2.980536e+02 6.185041e+02 1.155586e+01
      vertex   2.975350e+02 6.187189e+02 0.000000e+00
    endloop
  endfacet
  facet normal -3.826834e-01 -9.238795e-01 0.000000e+00
    outer loop
      vertex   2.975350e+02 6.187189e+02 0.000000e+00
      vertex   2.980536e+02 6.185041e+02 1.155586e+01
      vertex   2.975350e+02 6.187189e+02 1.155586e+01
    endloop
  endfacet
  facet normal -1.305262e-01 -9.914449e-01 0.000000e+00
    outer loop
      vertex   2.975350e+02 6.187189e+02 0.000000e+00
      vertex   2.975350e+02 6.187189e+02 1.155586e+01
      vertex   2.969786e+02 6.187921e+02 0.000000e+00
    endloop
  endfacet
  facet normal -1.305262e-01 -9.914449e-01 0.000000e+00
    outer loop
      vertex   2.969786e+02 6.187921e+02 0.000000e+00
      vertex   2.975350e+02 6.187189e+02 1.155586e+01
      vertex   2.969786e+02 6.187921e+02 1.155586e+01
    endloop
  endfacet
  facet normal 1.305262e-01 -9.914449e-01 0.000000e+00
    outer loop
      vertex   2.969786e+02 6.187921e+02 0.000000e+00
      vertex   2.969786e+02 6.187921e+02 1.155586e+01
      vertex   2.964221e+02 6.187189e+02 0.000000e+00
    endloop
  endfacet
  facet normal 1.305262e-01 -9.914449e-01 0.000000e+00
    outer loop
      vertex   2.964221e+02 6.187189e+02 0.000000e+00
      vertex   2.969786e+02 6.187921e+02 1.155586e+01
      vertex   2.964221e+02 6.187189e+02 1.155586e+01
    endloop
  endfacet
  facet normal 3.826834e-01 -9.238795e-01 0.000000e+00
    outer loop
      vertex   2.964221e+02 6.187189e+02 0.000000e+00
      vertex   2.964221e+02 6.187189e+02 1.155586e+01
      vertex   2.959036e+02 6.185041e+02 0.000000e+00
    endloop
  endfacet
  facet normal 3.826834e-01 -9.238795e-01 0.000000e+00
    outer loop
      vertex   2.959036e+02 6.185041e+02 0.000000e+00
      vertex   2.964221e+02 6.187189e+02 1.155586e+01
      vertex   2.959036e+02 6.185041e+02 1.155586e+01
    endloop
  endfacet
  facet normal 6.087614e-01 -7.933533e-01 0.000000e+00
    outer loop
      vertex   2.959036e+02 6.185041e+02 0.000000e+00
      vertex   2.959036e+02 6.185041e+02 1.155586e+01
      vertex   2.954583e+02 6.181624e+02 0.000000e+00
    endloop
  endfacet
  facet normal 6.087614e-01 -7.933533e-01 0.000000e+00
    outer loop
      vertex   2.954583e+02 6.181624e+02 0.000000e+00
      vertex   2.959036e+02 6.185041e+02 1.155586e+01
      vertex   2.954583e+02 6.181624e+02 1.155586e+01
    endloop
  endfacet
  facet normal 7.933533e-01 -6.087614e-01 0.000000e+00
    outer loop
      vertex   2.954583e+02 6.181624e+02 0.000000e+00
      vertex   2.954583e+02 6.181624e+02 1.155586e+01
      vertex   2.951166e+02 6.177171e+02 0.000000e+00
    endloop
  endfacet
  facet normal 7.933533e-01 -6.087614e-01 0.000000e+00
    outer loop
      vertex   2.951166e+02 6.177171e+02 0.000000e+00
      vertex   2.954583e+02 6.181624e+02 1.155586e+01
      vertex   2.951166e+02 6.177171e+02 1.155586e+01
    endloop
  endfacet
  facet normal 9.238795e-01 -3.826834e-01 0.000000e+00
    outer loop
      vertex   2.951166e+02 6.177171e+02 0.000000e+00
      vertex   2.951166e+02 6.177171e+02 1.155586e+01
      vertex   2.949018e+02 6.171986e+02 0.000000e+00
    endloop
  endfacet
  facet normal 9.238795e-01 -3.826834e-01 4.544574e-15
    outer loop
      vertex   2.949018e+02 6.171986e+02 0.000000e+00
      vertex   2.951166e+02 6.177171e+02 1.155586e+01
      vertex   2.949018e+02 6.171986e+02 1.155586e+01
    endloop
  endfacet
  facet normal 9.914449e-01 -1.305262e-01 4.876929e-15
    outer loop
      vertex   2.949018e+02 6.171986e+02 0.000000e+00
      vertex   2.949018e+02 6.171986e+02 1.155586e+01
      vertex   2.948286e+02 6.166421e+02 0.000000e+00
    endloop
  endfacet
  facet normal 9.914449e-01 -1.305262e-01 0.000000e+00
    outer loop
      vertex   2.948286e+02 6.166421e+02 0.000000e+00
      vertex   2.949018e+02 6.171986e+02 1.155586e+01
      vertex   2.948286e+02 6.166421e+02 1.155586e+01
    endloop
  endfacet
  facet normal 9.914449e-01 1.305262e-01 -0.000000e+00
    outer loop
      vertex   2.948286e+02 6.166421e+02 0.000000e+00
      vertex   2.948286e+02 6.166421e+02 1.155586e+01
      vertex   2.949018e+02 6.160857e+02 0.000000e+00
    endloop
  endfacet
  facet normal 9.914449e-01 1.305262e-01 4.876929e-15
    outer loop
      vertex   2.949018e+02 6.160857e+02 0.000000e+00
      vertex   2.948286e+02 6.166421e+02 1.155586e+01
      vertex   2.949018e+02 6.160857e+02 1.155586e+01
    endloop
  endfacet
  facet normal 9.238795e-01 3.826834e-01 4.544574e-15
    outer loop
      vertex   2.949018e+02 6.160857e+02 0.000000e+00
      vertex   2.949018e+02 6.160857e+02 1.155586e+01
      vertex   2.951166e+02 6.155671e+02 0.000000e+00
    endloop
  endfacet
  facet normal 9.238795e-01 3.826834e-01 -0.000000e+00
    outer loop
      vertex   2.951166e+02 6.155671e+02 0.000000e+00
      vertex   2.949018e+02 6.160857e+02 1.155586e+01
      vertex   2.951166e+02 6.155671e+02 1.155586e+01
    endloop
  endfacet
  facet normal 7.933533e-01 6.087614e-01 -0.000000e+00
    outer loop
      vertex   2.951166e+02 6.155671e+02 0.000000e+00
      vertex   2.951166e+02 6.155671e+02 1.155586e+01
      vertex   2.954583e+02 6.151219e+02 0.000000e+00
    endloop
  endfacet
  facet normal 7.933533e-01 6.087614e-01 -0.000000e+00
    outer loop
      vertex   2.954583e+02 6.151219e+02 0.000000e+00
      vertex   2.951166e+02 6.155671e+02 1.155586e+01
      vertex   2.954583e+02 6.151219e+02 1.155586e+01
    endloop
  endfacet
  facet normal 6.087614e-01 7.933533e-01 -0.000000e+00
    outer loop
      vertex   2.954583e+02 6.151219e+02 0.000000e+00
      vertex   2.954583e+02 6.151219e+02 1.155586e+01
      vertex   2.959036e+02 6.147802e+02 0.000000e+00
    endloop
  endfacet
  facet normal 6.087614e-01 7.933533e-01 -0.000000e+00
    outer loop
      vertex   2.959036e+02 6.147802e+02 0.000000e+00
      vertex   2.954583e+02 6.151219e+02 1.155586e+01
      vertex   2.959036e+02 6.147802e+02 1.155586e+01
    endloop
  endfacet
  facet normal 3.826834e-01 9.238795e-01 -0.000000e+00
    outer loop
      vertex   2.959036e+02 6.147802e+02 0.000000e+00
      vertex   2.959036e+02 6.147802e+02 1.155586e+01
      vertex   2.964221e+02 6.145654e+02 0.000000e+00
    endloop
  endfacet
  facet normal 3.826834e-01 9.238795e-01 -0.000000e+00
    outer loop
      vertex   2.964221e+02 6.145654e+02 0.000000e+00
      vertex   2.959036e+02 6.147802e+02 1.155586e+01
      vertex   2.964221e+02 6.145654e+02 1.155586e+01
    endloop
  endfacet
  facet normal 1.305262e-01 9.914449e-01 -0.000000e+00
    outer loop
      vertex   2.964221e+02 6.145654e+02 0.000000e+00
      vertex   2.964221e+02 6.145654e+02 1.155586e+01
      vertex   2.969786e+02 6.144921e+02 0.000000e+00
    endloop
  endfacet
  facet normal 1.305262e-01 9.914449e-01 -0.000000e+00
    outer loop
      vertex   2.969786e+02 6.144921e+02 0.000000e+00
      vertex   2.964221e+02 6.145654e+02 1.155586e+01
      vertex   2.969786e+02 6.144921e+02 1.155586e+01
    endloop
  endfacet
  facet normal -1.305262e-01 9.914449e-01 0.000000e+00
    outer loop
      vertex   2.969786e+02 6.144921e+02 0.000000e+00
      vertex   2.969786e+02 6.144921e+02 1.155586e+01
      vertex   2.975350e+02 6.145654e+02 0.000000e+00
    endloop
  endfacet
  facet normal -1.305262e-01 9.914449e-01 0.000000e+00
    outer loop
      vertex   2.975350e+02 6.145654e+02 0.000000e+00
      vertex   2.969786e+02 6.144921e+02 1.155586e+01
      vertex   2.975350e+02 6.145654e+02 1.155586e+01
    endloop
  endfacet
  facet normal -3.826834e-01 9.238795e-01 0.000000e+00
    outer loop
      vertex   2.975350e+02 6.145654e+02 0.000000e+00
      vertex   2.975350e+02 6.145654e+02 1.155586e+01
      vertex   2.980536e+02 6.147802e+02 0.000000e+00
    endloop
  endfacet
  facet normal -3.826834e-01 9.238795e-01 0.000000e+00
    outer loop
      vertex   2.980536e+02 6.147802e+02 0.000000e+00
      vertex   2.975350e+02 6.145654e+02 1.155586e+01
      vertex   2.980536e+02 6.147802e+02 1.155586e+01
    endloop
  endfacet
  facet normal -6.087614e-01 7.933533e-01 0.000000e+00
    outer loop
      vertex   2.980536e+02 6.147802e+02 0.000000e+00
      vertex   2.980536e+02 6.147802e+02 1.155586e+01
      vertex   2.984989e+02 6.151219e+02 0.000000e+00
    endloop
  endfacet
  facet normal -6.087614e-01 7.933533e-01 0.000000e+00
    outer loop
      vertex   2.984989e+02 6.151219e+02 0.000000e+00
      vertex   2.980536e+02 6.147802e+02 1.155586e+01
      vertex   2.984989e+02 6.151219e+02 1.155586e+01
    endloop
  endfacet
  facet normal -7.933533e-01 6.087614e-01 0.000000e+00
    outer loop
      vertex   2.984989e+02 6.151219e+02 0.000000e+00
      vertex   2.984989e+02 6.151219e+02 1.155586e+01
      vertex   2.988405e+02 6.155671e+02 0.000000e+00
    endloop
  endfacet
  facet normal -7.933533e-01 6.087614e-01 0.000000e+00
    outer loop
      vertex   2.988405e+02 6.155671e+02 0.000000e+00
      vertex   2.984989e+02 6.151219e+02 1.155586e+01
      vertex   2.988405e+02 6.155671e+02 1.155586e+01
    endloop
  endfacet
  facet normal -9.238795e-01 3.826834e-01 0.000000e+00
    outer loop
      vertex   2.988405e+02 6.155671e+02 0.000000e+00
      vertex   2.988405e+02 6.155671e+02 1.155586e+01
      vertex   2.990553e+02 6.160857e+02 0.000000e+00
    endloop
  endfacet
  facet normal -9.238795e-01 3.826834e-01 0.000000e+00
    outer loop
      vertex   2.990553e+02 6.160857e+02 0.000000e+00
      vertex   2.988405e+02 6.155671e+02 1.155586e+01
      vertex   2.990553e+02 6.160857e+02 1.155586e+01
    endloop
  endfacet
  facet normal -9.914449e-01 -1.305262e-01 -0.000000e+00
    outer loop
      vertex   2.990553e+02 6.171986e+02 3.414861e+01
      vertex   2.990553e+02 6.171986e+02 2.311172e+01
      vertex   2.991286e+02 6.166421e+02 3.413961e+01
    endloop
  endfacet
  facet normal -9.914449e-01 -1.305262e-01 -0.000000e+00
    outer loop
      vertex   2.991286e+02 6.166421e+02 3.413961e+01
      vertex   2.990553e+02 6.171986e+02 2.311172e+01
      vertex   2.991286e+02 6.166421e+02 2.311172e+01
    endloop
  endfacet
  facet normal -9.914449e-01 1.305262e-01 0.000000e+00
    outer loop
      vertex   2.991286e+02 6.166421e+02 3.413961e+01
      vertex   2.991286e+02 6.166421e+02 2.311172e+01
      vertex   2.990553e+02 6.160857e+02 2.311172e+01
    endloop
  endfacet
  facet normal -9.914449e-01 1.305262e-01 0.000000e+00
    outer loop
      vertex   2.990553e+02 6.160857e+02 2.311172e+01
      vertex   2.991286e+02 6.166421e+02 2.311172e+01
      vertex   2.991286e+02 6.166421e+02 1.155586e+01
    endloop
  endfacet
  facet normal -9.914449e-01 1.305262e-01 0.000000e+00
    outer loop
      vertex   2.990553e+02 6.160857e+02 2.311172e+01
      vertex   2.991286e+02 6.166421e+02 1.155586e+01
      vertex   2.990553e+02 6.160857e+02 1.155586e+01
    endloop
  endfacet
  facet normal -9.238795e-01 -3.826834e-01 0.000000e+00
    outer loop
      vertex   2.990553e+02 6.171986e+02 2.311172e+01
      vertex   2.990553e+02 6.171986e+02 3.414861e+01
      vertex   2.988405e+02 6.177171e+02 2.311172e+01
    endloop
  endfacet
  facet normal -9.238795e-01 -3.826834e-01 0.000000e+00
    outer loop
      vertex   2.988405e+02 6.177171e+02 2.311172e+01
      vertex   2.990553e+02 6.171986e+02 3.414861e+01
      vertex   2.988405e+02 6.177171e+02 3.417498e+01
    endloop
  endfacet
  facet normal -7.933533e-01 -6.087614e-01 0.000000e+00
    outer loop
      vertex   2.988405e+02 6.177171e+02 2.311172e+01
      vertex   2.988405e+02 6.177171e+02 3.417498e+01
      vertex   2.984989e+02 6.181624e+02 2.311172e+01
    endloop
  endfacet
  facet normal -7.933533e-01 -6.087614e-01 0.000000e+00
    outer loop
      vertex   2.984989e+02 6.181624e+02 2.311172e+01
      vertex   2.988405e+02 6.177171e+02 3.417498e+01
      vertex   2.984989e+02 6.181624e+02 3.421693e+01
    endloop
  endfacet
  facet normal -6.087614e-01 -7.933533e-01 0.000000e+00
    outer loop
      vertex   2.984989e+02 6.181624e+02 2.311172e+01
      vertex   2.984989e+02 6.181624e+02 3.421693e+01
      vertex   2.980536e+02 6.185041e+02 2.311172e+01
    endloop
  endfacet
  facet normal -6.087614e-01 -7.933533e-01 0.000000e+00
    outer loop
      vertex   2.980536e+02 6.185041e+02 2.311172e+01
      vertex   2.984989e+02 6.181624e+02 3.421693e+01
      vertex   2.980536e+02 6.185041e+02 3.427161e+01
    endloop
  endfacet
  facet normal -3.826834e-01 -9.238795e-01 0.000000e+00
    outer loop
      vertex   2.980536e+02 6.185041e+02 2.311172e+01
      vertex   2.980536e+02 6.185041e+02 3.427161e+01
      vertex   2.975350e+02 6.187189e+02 2.311172e+01
    endloop
  endfacet
  facet normal -3.826834e-01 -9.238795e-01 0.000000e+00
    outer loop
      vertex   2.975350e+02 6.187189e+02 2.311172e+01
      vertex   2.980536e+02 6.185041e+02 3.427161e+01
      vertex   2.975350e+02 6.187189e+02 3.433527e+01
    endloop
  endfacet
  facet normal -1.305262e-01 -9.914449e-01 0.000000e+00
    outer loop
      vertex   2.975350e+02 6.187189e+02 2.311172e+01
      vertex   2.975350e+02 6.187189e+02 3.433527e+01
      vertex   2.969786e+02 6.187921e+02 2.311172e+01
    endloop
  endfacet
  facet normal -1.305262e-01 -9.914449e-01 0.000000e+00
    outer loop
      vertex   2.969786e+02 6.187921e+02 2.311172e+01
      vertex   2.975350e+02 6.187189e+02 3.433527e+01
      vertex   2.969786e+02 6.187921e+02 3.440360e+01
    endloop
  endfacet
  facet normal 1.305262e-01 -9.914449e-01 0.000000e+00
    outer loop
      vertex   2.969786e+02 6.187921e+02 2.311172e+01
      vertex   2.969786e+02 6.187921e+02 3.440360e+01
      vertex   2.964221e+02 6.187189e+02 2.311172e+01
    endloop
  endfacet
  facet normal 1.305262e-01 -9.914449e-01 0.000000e+00
    outer loop
      vertex   2.964221e+02 6.187189e+02 2.311172e+01
      vertex   2.969786e+02 6.187921e+02 3.440360e+01
      vertex   2.964221e+02 6.187189e+02 3.447192e+01
    endloop
  endfacet
  facet normal 3.826834e-01 -9.238795e-01 0.000000e+00
    outer loop
      vertex   2.964221e+02 6.187189e+02 2.311172e+01
      vertex   2.964221e+02 6.187189e+02 3.447192e+01
      vertex   2.959036e+02 6.185041e+02 2.311172e+01
    endloop
  endfacet
  facet normal 3.826834e-01 -9.238795e-01 0.000000e+00
    outer loop
      vertex   2.959036e+02 6.185041e+02 2.311172e+01
      vertex   2.964221e+02 6.187189e+02 3.447192e+01
      vertex   2.959036e+02 6.185041e+02 3.453559e+01
    endloop
  endfacet
  facet normal 6.087614e-01 -7.933533e-01 0.000000e+00
    outer loop
      vertex   2.959036e+02 6.185041e+02 2.311172e+01
      vertex   2.959036e+02 6.185041e+02 3.453559e+01
      vertex   2.954583e+02 6.181624e+02 2.311172e+01
    endloop
  endfacet
  facet normal 6.087614e-01 -7.933533e-01 0.000000e+00
    outer loop
      vertex   2.954583e+02 6.181624e+02 2.311172e+01
      vertex   2.959036e+02 6.185041e+02 3.453559e+01
      vertex   2.954583e+02 6.181624e+02 3.459027e+01
    endloop
  endfacet
  facet normal 7.933533e-01 -6.087614e-01 0.000000e+00
    outer loop
      vertex   2.954583e+02 6.181624e+02 2.311172e+01
      vertex   2.954583e+02 6.181624e+02 3.459027e+01
      vertex   2.951166e+02 6.177171e+02 2.311172e+01
    endloop
  endfacet
  facet normal 7.933533e-01 -6.087614e-01 0.000000e+00
    outer loop
      vertex   2.951166e+02 6.177171e+02 2.311172e+01
      vertex   2.954583e+02 6.181624e+02 3.459027e+01
      vertex   2.951166e+02 6.177171e+02 3.463222e+01
    endloop
  endfacet
  facet normal 9.238795e-01 -3.826834e-01 0.000000e+00
    outer loop
      vertex   2.951166e+02 6.177171e+02 2.311172e+01
      vertex   2.951166e+02 6.177171e+02 3.463222e+01
      vertex   2.949018e+02 6.171986e+02 2.311172e+01
    endloop
  endfacet
  facet normal 9.238795e-01 -3.826834e-01 -4.548114e-15
    outer loop
      vertex   2.949018e+02 6.171986e+02 2.311172e+01
      vertex   2.951166e+02 6.177171e+02 3.463222e+01
      vertex   2.949018e+02 6.171986e+02 3.465859e+01
    endloop
  endfacet
  facet normal 9.914449e-01 -1.305262e-01 -4.880728e-15
    outer loop
      vertex   2.949018e+02 6.171986e+02 2.311172e+01
      vertex   2.949018e+02 6.171986e+02 3.465859e+01
      vertex   2.948286e+02 6.166421e+02 2.311172e+01
    endloop
  endfacet
  facet normal 9.914449e-01 -1.305262e-01 0.000000e+00
    outer loop
      vertex   2.948286e+02 6.166421e+02 2.311172e+01
      vertex   2.949018e+02 6.171986e+02 3.465859e+01
      vertex   2.948286e+02 6.166421e+02 3.466759e+01
    endloop
  endfacet
  facet normal 9.914449e-01 1.305262e-01 -0.000000e+00
    outer loop
      vertex   2.948286e+02 6.166421e+02 2.311172e+01
      vertex   2.948286e+02 6.166421e+02 3.466759e+01
      vertex   2.949018e+02 6.160857e+02 3.465859e+01
    endloop
  endfacet
  facet normal 9.914449e-01 1.305262e-01 -4.880162e-15
    outer loop
      vertex   2.948286e+02 6.166421e+02 2.311172e+01
      vertex   2.949018e+02 6.160857e+02 3.465859e+01
      vertex   2.949018e+02 6.160857e+02 2.311172e+01
    endloop
  endfacet
  facet normal 9.238795e-01 3.826834e-01 -4.548114e-15
    outer loop
      vertex   2.949018e+02 6.160857e+02 2.311172e+01
      vertex   2.949018e+02 6.160857e+02 3.465859e+01
      vertex   2.951166e+02 6.155671e+02 3.463222e+01
    endloop
  endfacet
  facet normal 9.238795e-01 3.826834e-01 0.000000e+00
    outer loop
      vertex   2.949018e+02 6.160857e+02 2.311172e+01
      vertex   2.951166e+02 6.155671e+02 3.463222e+01
      vertex   2.951166e+02 6.155671e+02 2.311172e+01
    endloop
  endfacet
  facet normal 7.933533e-01 6.087614e-01 -0.000000e+00
    outer loop
      vertex   2.951166e+02 6.155671e+02 2.311172e+01
      vertex   2.951166e+02 6.155671e+02 3.463222e+01
      vertex   2.954583e+02 6.151219e+02 3.459027e+01
    endloop
  endfacet
  facet normal 7.933533e-01 6.087614e-01 0.000000e+00
    outer loop
      vertex   2.951166e+02 6.155671e+02 2.311172e+01
      vertex   2.954583e+02 6.151219e+02 3.459027e+01
      vertex   2.954583e+02 6.151219e+02 2.311172e+01
    endloop
  endfacet
  facet normal 6.087614e-01 7.933533e-01 -0.000000e+00
    outer loop
      vertex   2.954583e+02 6.151219e+02 2.311172e+01
      vertex   2.954583e+02 6.151219e+02 3.459027e+01
      vertex   2.959036e+02 6.147802e+02 3.453559e+01
    endloop
  endfacet
  facet normal 6.087614e-01 7.933533e-01 0.000000e+00
    outer loop
      vertex   2.954583e+02 6.151219e+02 2.311172e+01
      vertex   2.959036e+02 6.147802e+02 3.453559e+01
      vertex   2.959036e+02 6.147802e+02 2.311172e+01
    endloop
  endfacet
  facet normal 3.826834e-01 9.238795e-01 -0.000000e+00
    outer loop
      vertex   2.959036e+02 6.147802e+02 2.311172e+01
      vertex   2.959036e+02 6.147802e+02 3.453559e+01
      vertex   2.964221e+02 6.145654e+02 3.447192e+01
    endloop
  endfacet
  facet normal 3.826834e-01 9.238795e-01 0.000000e+00
    outer loop
      vertex   2.959036e+02 6.147802e+02 2.311172e+01
      vertex   2.964221e+02 6.145654e+02 3.447192e+01
      vertex   2.964221e+02 6.145654e+02 2.311172e+01
    endloop
  endfacet
  facet normal 1.305262e-01 9.914449e-01 -0.000000e+00
    outer loop
      vertex   2.964221e+02 6.145654e+02 2.311172e+01
      vertex   2.964221e+02 6.145654e+02 3.447192e+01
      vertex   2.969786e+02 6.144921e+02 3.440360e+01
    endloop
  endfacet
  facet normal 1.305262e-01 9.914449e-01 0.000000e+00
    outer loop
      vertex   2.964221e+02 6.145654e+02 2.311172e+01
      vertex   2.969786e+02 6.144921e+02 3.440360e+01
      vertex   2.969786e+02 6.144921e+02 2.311172e+01
    endloop
  endfacet
  facet normal -1.305262e-01 9.914449e-01 0.000000e+00
    outer loop
      vertex   2.969786e+02 6.144921e+02 2.311172e+01
      vertex   2.969786e+02 6.144921e+02 3.440360e+01
      vertex   2.975350e+02 6.145654e+02 3.433527e+01
    endloop
  endfacet
  facet normal -1.305262e-01 9.914449e-01 0.000000e+00
    outer loop
      vertex   2.969786e+02 6.144921e+02 2.311172e+01
      vertex   2.975350e+02 6.145654e+02 3.433527e+01
      vertex   2.975350e+02 6.145654e+02 2.311172e+01
    endloop
  endfacet
  facet normal -3.826834e-01 9.238795e-01 0.000000e+00
    outer loop
      vertex   2.975350e+02 6.145654e+02 2.311172e+01
      vertex   2.975350e+02 6.145654e+02 3.433527e+01
      vertex   2.980536e+02 6.147802e+02 3.427161e+01
    endloop
  endfacet
  facet normal -3.826834e-01 9.238795e-01 0.000000e+00
    outer loop
      vertex   2.975350e+02 6.145654e+02 2.311172e+01
      vertex   2.980536e+02 6.147802e+02 3.427161e+01
      vertex   2.980536e+02 6.147802e+02 2.311172e+01
    endloop
  endfacet
  facet normal -6.087614e-01 7.933533e-01 0.000000e+00
    outer loop
      vertex   2.980536e+02 6.147802e+02 2.311172e+01
      vertex   2.980536e+02 6.147802e+02 3.427161e+01
      vertex   2.984989e+02 6.151219e+02 3.421693e+01
    endloop
  endfacet
  facet normal -6.087614e-01 7.933533e-01 0.000000e+00
    outer loop
      vertex   2.980536e+02 6.147802e+02 2.311172e+01
      vertex   2.984989e+02 6.151219e+02 3.421693e+01
      vertex   2.984989e+02 6.151219e+02 2.311172e+01
    endloop
  endfacet
  facet normal -7.933533e-01 6.087614e-01 0.000000e+00
    outer loop
      vertex   2.984989e+02 6.151219e+02 2.311172e+01
      vertex   2.984989e+02 6.151219e+02 3.421693e+01
      vertex   2.988405e+02 6.155671e+02 3.417498e+01
    endloop
  endfacet
  facet normal -7.933533e-01 6.087614e-01 0.000000e+00
    outer loop
      vertex   2.984989e+02 6.151219e+02 2.311172e+01
      vertex   2.988405e+02 6.155671e+02 3.417498e+01
      vertex   2.988405e+02 6.155671e+02 2.311172e+01
    endloop
  endfacet
  facet normal -9.238795e-01 3.826834e-01 0.000000e+00
    outer loop
      vertex   2.988405e+02 6.155671e+02 2.311172e+01
      vertex   2.988405e+02 6.155671e+02 3.417498e+01
      vertex   2.990553e+02 6.160857e+02 3.414861e+01
    endloop
  endfacet
  facet normal -9.238795e-01 3.826834e-01 0.000000e+00
    outer loop
      vertex   2.988405e+02 6.155671e+02 2.311172e+01
      vertex   2.990553e+02 6.160857e+02 3.414861e+01
      vertex   2.990553e+02 6.160857e+02 2.311172e+01
    endloop
  endfacet
  facet normal -9.914449e-01 1.305262e-01 0.000000e+00
    outer loop
      vertex   2.990553e+02 6.160857e+02 2.311172e+01
      vertex   2.990553e+02 6.160857e+02 3.414861e+01
      vertex   2.991286e+02 6.166421e+02 3.413961e+01
    endloop
  endfacet
  facet normal -9.914449e-01 -1.305262e-01 0.000000e+00
    outer loop
      vertex   2.991286e+02 6.166421e+02 1.155586e+01
      vertex   2.991286e+02 6.166421e+02 2.311172e+01
      vertex   2.990553e+02 6.171986e+02 1.155586e+01
    endloop
  endfacet
  facet normal -9.914449e-01 -1.305262e-01 0.000000e+00
    outer loop
      vertex   2.990553e+02 6.171986e+02 1.155586e+01
      vertex   2.991286e+02 6.166421e+02 2.311172e+01
      vertex   2.990553e+02 6.171986e+02 2.311172e+01
    endloop
  endfacet
  facet normal -9.238795e-01 -3.826834e-01 0.000000e+00
    outer loop
      vertex   2.990553e+02 6.171986e+02 1.155586e+01
      vertex   2.990553e+02 6.171986e+02 2.311172e+01
      vertex   2.988405e+02 6.177171e+02 1.155586e+01
    endloop
  endfacet
  facet normal -9.238795e-01 -3.826834e-01 0.000000e+00
    outer loop
      vertex   2.988405e+02 6.177171e+02 1.155586e+01
      vertex   2.990553e+02 6.171986e+02 2.311172e+01
      vertex   2.988405e+02 6.177171e+02 2.311172e+01
    endloop
  endfacet
  facet normal -7.933533e-01 -6.087614e-01 0.000000e+00
    outer loop
      vertex   2.988405e+02 6.177171e+02 1.155586e+01
      vertex   2.988405e+02 6.177171e+02 2.311172e+01
      vertex   2.984989e+02 6.181624e+02 1.155586e+01
    endloop
  endfacet
  facet normal -7.933533e-01 -6.087614e-01 0.000000e+00
    outer loop
      vertex   2.984989e+02 6.181624e+02 1.155586e+01
      vertex   2.988405e+02 6.177171e+02 2.311172e+01
      vertex   2.984989e+02 6.181624e+02 2.311172e+01
    endloop
  endfacet
  facet normal -6.087614e-01 -7.933533e-01 0.000000e+00
    outer loop
      vertex   2.984989e+02 6.181624e+02 1.155586e+01
      vertex   2.984989e+02 6.181624e+02 2.311172e+01
      vertex   2.980536e+02 6.185041e+02 1.155586e+01
    endloop
  endfacet
  facet normal -6.087614e-01 -7.933533e-01 0.000000e+00
    outer loop
      vertex   2.980536e+02 6.185041e+02 1.155586e+01
      vertex   2.984989e+02 6.181624e+02 2.311172e+01
      vertex   2.980536e+02 6.185041e+02 2.311172e+01
    endloop
  endfacet
  facet normal -3.826834e-01 -9.238795e-01 0.000000e+00
    outer loop
      vertex   2.980536e+02 6.185041e+02 1.155586e+01
      vertex   2.980536e+02 6.185041e+02 2.311172e+01
      vertex   2.975350e+02 6.187189e+02 1.155586e+01
    endloop
  endfacet
  facet normal -3.826834e-01 -9.238795e-01 0.000000e+00
    outer loop
      vertex   2.975350e+02 6.187189e+02 1.155586e+01
      vertex   2.980536e+02 6.185041e+02 2.311172e+01
      vertex   2.975350e+02 6.187189e+02 2.311172e+01
    endloop
  endfacet
  facet normal -1.305262e-01 -9.914449e-01 0.000000e+00
    outer loop
      vertex   2.975350e+02 6.187189e+02 1.155586e+01
      vertex   2.975350e+02 6.187189e+02 2.311172e+01
      vertex   2.969786e+02 6.187921e+02 1.155586e+01
    endloop
  endfacet
  facet normal -1.305262e-01 -9.914449e-01 0.000000e+00
    outer loop
      vertex   2.969786e+02 6.187921e+02 1.155586e+01
      vertex   2.975350e+02 6.187189e+02 2.311172e+01
      vertex   2.969786e+02 6.187921e+02 2.311172e+01
    endloop
  endfacet
  facet normal 1.305262e-01 -9.914449e-01 0.000000e+00
    outer loop
      vertex   2.969786e+02 6.187921e+02 1.155586e+01
      vertex   2.969786e+02 6.187921e+02 2.311172e+01
      vertex   2.964221e+02 6.187189e+02 1.155586e+01
    endloop
  endfacet
  facet normal 1.305262e-01 -9.914449e-01 0.000000e+00
    outer loop
      vertex   2.964221e+02 6.187189e+02 1.155586e+01
      vertex   2.969786e+02 6.187921e+02 2.311172e+01
      vertex   2.964221e+02 6.187189e+02 2.311172e+01
    endloop
  endfacet
  facet normal 3.826834e-01 -9.238795e-01 0.000000e+00
    outer loop
      vertex   2.964221e+02 6.187189e+02 1.155586e+01
      vertex   2.964221e+02 6.187189e+02 2.311172e+01
      vertex   2.959036e+02 6.185041e+02 1.155586e+01
    endloop
  endfacet
  facet normal 3.826834e-01 -9.238795e-01 0.000000e+00
    outer loop
      vertex   2.959036e+02 6.185041e+02 1.155586e+01
      vertex   2.964221e+02 6.187189e+02 2.311172e+01
      vertex   2.959036e+02 6.185041e+02 2.311172e+01
    endloop
  endfacet
  facet normal 6.087614e-01 -7.933533e-01 0.000000e+00
    outer loop
      vertex   2.959036e+02 6.185041e+02 1.155586e+01
      vertex   2.959036e+02 6.185041e+02 2.311172e+01
      vertex   2.954583e+02 6.181624e+02 1.155586e+01
    endloop
  endfacet
  facet normal 6.087614e-01 -7.933533e-01 0.000000e+00
    outer loop
      vertex   2.954583e+02 6.181624e+02 1.155586e+01
      vertex   2.959036e+02 6.185041e+02 2.311172e+01
      vertex   2.954583e+02 6.181624e+02 2.311172e+01
    endloop
  endfacet
  facet normal 7.933533e-01 -6.087614e-01 0.000000e+00
    outer loop
      vertex   2.954583e+02 6.181624e+02 1.155586e+01
      vertex   2.954583e+02 6.181624e+02 2.311172e+01
      vertex   2.951166e+02 6.177171e+02 1.155586e+01
    endloop
  endfacet
  facet normal 7.933533e-01 -6.087614e-01 0.000000e+00
    outer loop
      vertex   2.951166e+02 6.177171e+02 1.155586e+01
      vertex   2.954583e+02 6.181624e+02 2.311172e+01
      vertex   2.951166e+02 6.177171e+02 2.311172e+01
    endloop
  endfacet
  facet normal 9.238795e-01 -3.826834e-01 0.000000e+00
    outer loop
      vertex   2.951166e+02 6.177171e+02 1.155586e+01
      vertex   2.951166e+02 6.177171e+02 2.311172e+01
      vertex   2.949018e+02 6.171986e+02 1.155586e+01
    endloop
  endfacet
  facet normal 9.238795e-01 -3.826834e-01 0.000000e+00
    outer loop
      vertex   2.949018e+02 6.171986e+02 1.155586e+01
      vertex   2.951166e+02 6.177171e+02 2.311172e+01
      vertex   2.949018e+02 6.171986e+02 2.311172e+01
    endloop
  endfacet
  facet normal 9.914449e-01 -1.305262e-01 0.000000e+00
    outer loop
      vertex   2.949018e+02 6.171986e+02 1.155586e+01
      vertex   2.949018e+02 6.171986e+02 2.311172e+01
      vertex   2.948286e+02 6.166421e+02 1.155586e+01
    endloop
  endfacet
  facet normal 9.914449e-01 -1.305262e-01 0.000000e+00
    outer loop
      vertex   2.948286e+02 6.166421e+02 1.155586e+01
      vertex   2.949018e+02 6.171986e+02 2.311172e+01
      vertex   2.948286e+02 6.166421e+02 2.311172e+01
    endloop
  endfacet
  facet normal 9.914449e-01 1.305262e-01 -0.000000e+00
    outer loop
      vertex   2.948286e+02 6.166421e+02 1.155586e+01
      vertex   2.948286e+02 6.166421e+02 2.311172e+01
      vertex   2.949018e+02 6.160857e+02 1.155586e+01
    endloop
  endfacet
  facet normal 9.914449e-01 1.305262e-01 -0.000000e+00
    outer loop
      vertex   2.949018e+02 6.160857e+02 1.155586e+01
      vertex   2.948286e+02 6.166421e+02 2.311172e+01
      vertex   2.949018e+02 6.160857e+02 2.311172e+01
    endloop
  endfacet
  facet normal 9.238795e-01 3.826834e-01 -0.000000e+00
    outer loop
      vertex   2.949018e+02 6.160857e+02 1.155586e+01
      vertex   2.949018e+02 6.160857e+02 2.311172e+01
      vertex   2.951166e+02 6.155671e+02 1.155586e+01
    endloop
  endfacet
  facet normal 9.238795e-01 3.826834e-01 -0.000000e+00
    outer loop
      vertex   2.951166e+02 6.155671e+02 1.155586e+01
      vertex   2.949018e+02 6.160857e+02 2.311172e+01
      vertex   2.951166e+02 6.155671e+02 2.311172e+01
    endloop
  endfacet
  facet normal 7.933533e-01 6.087614e-01 -0.000000e+00
    outer loop
      vertex   2.951166e+02 6.155671e+02 1.155586e+01
      vertex   2.951166e+02 6.155671e+02 2.311172e+01
      vertex   2.954583e+02 6.151219e+02 1.155586e+01
    endloop
  endfacet
  facet normal 7.933533e-01 6.087614e-01 -0.000000e+00
    outer loop
      vertex   2.954583e+02 6.151219e+02 1.155586e+01
      vertex   2.951166e+02 6.155671e+02 2.311172e+01
      vertex   2.954583e+02 6.151219e+02 2.311172e+01
    endloop
  endfacet
  facet normal 6.087614e-01 7.933533e-01 -0.000000e+00
    outer loop
      vertex   2.954583e+02 6.151219e+02 1.155586e+01
      vertex   2.954583e+02 6.151219e+02 2.311172e+01
      vertex   2.959036e+02 6.147802e+02 1.155586e+01
    endloop
  endfacet
  facet normal 6.087614e-01 7.933533e-01 -0.000000e+00
    outer loop
      vertex   2.959036e+02 6.147802e+02 1.155586e+01
      vertex   2.954583e+02 6.151219e+02 2.311172e+01
      vertex   2.959036e+02 6.147802e+02 2.311172e+01
    endloop
  endfacet
  facet normal 3.826834e-01 9.238795e-01 -0.000000e+00
    outer loop
      vertex   2.959036e+02 6.147802e+02 1.155586e+01
      vertex   2.959036e+02 6.147802e+02 2.311172e+01
      vertex   2.964221e+02 6.145654e+02 1.155586e+01
    endloop
  endfacet
  facet normal 3.826834e-01 9.238795e-01 -0.000000e+00
    outer loop
      vertex   2.964221e+02 6.145654e+02 1.155586e+01
      vertex   2.959036e+02 6.147802e+02 2.311172e+01
      vertex   2.964221e+02 6.145654e+02 2.311172e+01
    endloop
  endfacet
  facet normal 1.305262e-01 9.914449e-01 -0.000000e+00
    outer loop
      vertex   2.964221e+02 6.145654e+02 1.155586e+01
      vertex   2.964221e+02 6.145654e+02 2.311172e+01
      vertex   2.969786e+02 6.144921e+02 1.155586e+01
    endloop
  endfacet
  facet normal 1.305262e-01 9.914449e-01 -0.000000e+00
    outer loop
      vertex   2.969786e+02 6.144921e+02 1.155586e+01
      vertex   2.964221e+02 6.145654e+02 2.311172e+01
      vertex   2.969786e+02 6.144921e+02 2.311172e+01
    endloop
  endfacet
  facet normal -1.305262e-01 9.914449e-01 0.000000e+00
    outer loop
      vertex   2.969786e+02 6.144921e+02 1.155586e+01
      vertex   2.969786e+02 6.144921e+02 2.311172e+01
      vertex   2.975350e+02 6.145654e+02 1.155586e+01
    endloop
  endfacet
  facet normal -1.305262e-01 9.914449e-01 0.000000e+00
    outer loop
      vertex   2.975350e+02 6.145654e+02 1.155586e+01
      vertex   2.969786e+02 6.144921e+02 2.311172e+01
      vertex   2.975350e+02 6.145654e+02 2.311172e+01
    endloop
  endfacet
  facet normal -3.826834e-01 9.238795e-01 0.000000e+00
    outer loop
      vertex   2.975350e+02 6.145654e+02 1.155586e+01
      vertex   2.975350e+02 6.145654e+02 2.311172e+01
      vertex   2.980536e+02 6.147802e+02 1.155586e+01
    endloop
  endfacet
  facet normal -3.826834e-01 9.238795e-01 0.000000e+00
    outer loop
      vertex   2.980536e+02 6.147802e+02 1.155586e+01
      vertex   2.975350e+02 6.145654e+02 2.311172e+01
      vertex   2.980536e+02 6.147802e+02 2.311172e+01
    endloop
  endfacet
  facet normal -6.087614e-01 7.933533e-01 0.000000e+00
    outer loop
      vertex   2.980536e+02 6.147802e+02 1.155586e+01
      vertex   2.980536e+02 6.147802e+02 2.311172e+01
      vertex   2.984989e+02 6.151219e+02 1.155586e+01
    endloop
  endfacet
  facet normal -6.087614e-01 7.933533e-01 0.000000e+00
    outer loop
      vertex   2.984989e+02 6.151219e+02 1.155586e+01
      vertex   2.980536e+02 6.147802e+02 2.311172e+01
      vertex   2.984989e+02 6.151219e+02 2.311172e+01
    endloop
  endfacet
  facet normal -7.933533e-01 6.087614e-01 0.000000e+00
    outer loop
      vertex   2.984989e+02 6.151219e+02 1.155586e+01
      vertex   2.984989e+02 6.151219e+02 2.311172e+01
      vertex   2.988405e+02 6.155671e+02 1.155586e+01
    endloop
  endfacet
  facet normal -7.933533e-01 6.087614e-01 0.000000e+00
    outer loop
      vertex   2.988405e+02 6.155671e+02 1.155586e+01
      vertex   2.984989e+02 6.151219e+02 2.311172e+01
      vertex   2.988405e+02 6.155671e+02 2.311172e+01
    endloop
  endfacet
  facet normal -9.238795e-01 3.826834e-01 0.000000e+00
    outer loop
      vertex   2.988405e+02 6.155671e+02 1.155586e+01
      vertex   2.988405e+02 6.155671e+02 2.311172e+01
      vertex   2.990553e+02 6.160857e+02 1.155586e+01
    endloop
  endfacet
  facet normal -9.238795e-01 3.826834e-01 0.000000e+00
    outer loop
      vertex   2.990553e+02 6.160857e+02 1.155586e+01
      vertex   2.988405e+02 6.155671e+02 2.311172e+01
      vertex   2.990553e+02 6.160857e+02 2.311172e+01
    endloop
  endfacet
  facet normal -9.138012e-01 4.061617e-01 0.000000e+00
    outer loop
      vertex   3.014124e+02 6.152408e+02 3.385919e+01
      vertex   3.009897e+02 6.142899e+02 3.391109e+01
      vertex   3.014124e+02 6.152408e+02 3.535919e+01
    endloop
  endfacet
  facet normal -9.138012e-01 4.061617e-01 -3.079586e-14
    outer loop
      vertex   3.014124e+02 6.152408e+02 3.535919e+01
      vertex   3.009897e+02 6.142899e+02 3.391109e+01
      vertex   3.009897e+02 6.142899e+02 3.541109e+01
    endloop
  endfacet
  facet normal -8.005881e-01 5.992150e-01 -4.541524e-14
    outer loop
      vertex   3.009897e+02 6.142899e+02 3.541109e+01
      vertex   3.009897e+02 6.142899e+02 3.391109e+01
      vertex   3.003661e+02 6.134567e+02 3.398766e+01
    endloop
  endfacet
  facet normal -8.005881e-01 5.992150e-01 6.066713e-14
    outer loop
      vertex   3.009897e+02 6.142899e+02 3.541109e+01
      vertex   3.003661e+02 6.134567e+02 3.398766e+01
      vertex   3.003661e+02 6.134567e+02 3.548766e+01
    endloop
  endfacet
  facet normal -6.472761e-01 7.622556e-01 4.905785e-14
    outer loop
      vertex   3.003661e+02 6.134567e+02 3.548766e+01
      vertex   3.003661e+02 6.134567e+02 3.398766e+01
      vertex   2.995729e+02 6.127831e+02 3.408506e+01
    endloop
  endfacet
  facet normal -6.472761e-01 7.622556e-01 -3.328513e-14
    outer loop
      vertex   3.003661e+02 6.134567e+02 3.548766e+01
      vertex   2.995729e+02 6.127831e+02 3.408506e+01
      vertex   2.995729e+02 6.127831e+02 3.558506e+01
    endloop
  endfacet
  facet normal -4.615442e-01 8.871172e-01 -4.974520e-14
    outer loop
      vertex   2.995729e+02 6.127831e+02 3.558506e+01
      vertex   2.995729e+02 6.127831e+02 3.408506e+01
      vertex   2.986497e+02 6.123028e+02 3.419841e+01
    endloop
  endfacet
  facet normal -4.615442e-01 8.871172e-01 1.749603e-14
    outer loop
      vertex   2.995729e+02 6.127831e+02 3.558506e+01
      vertex   2.986497e+02 6.123028e+02 3.419841e+01
      vertex   2.986497e+02 6.123028e+02 3.569841e+01
    endloop
  endfacet
  facet normal -2.526949e-01 9.675460e-01 9.576029e-15
    outer loop
      vertex   2.986497e+02 6.123028e+02 3.569841e+01
      vertex   2.986497e+02 6.123028e+02 3.419841e+01
      vertex   2.976428e+02 6.120398e+02 3.432205e+01
    endloop
  endfacet
  facet normal -2.526949e-01 9.675460e-01 9.601480e-15
    outer loop
      vertex   2.986497e+02 6.123028e+02 3.569841e+01
      vertex   2.976428e+02 6.120398e+02 3.432205e+01
      vertex   2.976428e+02 6.120398e+02 3.582205e+01
    endloop
  endfacet
  facet normal -3.118902e-02 9.995135e-01 1.181927e-15
    outer loop
      vertex   2.976428e+02 6.120398e+02 3.582205e+01
      vertex   2.976428e+02 6.120398e+02 3.432205e+01
      vertex   2.966026e+02 6.120074e+02 3.444976e+01
    endloop
  endfacet
  facet normal -3.118902e-02 9.995135e-01 1.182404e-15
    outer loop
      vertex   2.976428e+02 6.120398e+02 3.582205e+01
      vertex   2.966026e+02 6.120074e+02 3.444976e+01
      vertex   2.966026e+02 6.120074e+02 3.594976e+01
    endloop
  endfacet
  facet normal 1.918791e-01 9.814186e-01 -7.271374e-15
    outer loop
      vertex   2.966026e+02 6.120074e+02 3.594976e+01
      vertex   2.966026e+02 6.120074e+02 3.444976e+01
      vertex   2.955813e+02 6.122070e+02 3.457517e+01
    endloop
  endfacet
  facet normal 1.918791e-01 9.814186e-01 0.000000e+00
    outer loop
      vertex   2.966026e+02 6.120074e+02 3.594976e+01
      vertex   2.955813e+02 6.122070e+02 3.457517e+01
      vertex   2.955813e+02 6.122070e+02 3.607517e+01
    endloop
  endfacet
  facet normal 4.053365e-01 9.141675e-01 0.000000e+00
    outer loop
      vertex   2.955813e+02 6.122070e+02 3.607517e+01
      vertex   2.955813e+02 6.122070e+02 3.457517e+01
      vertex   2.946299e+02 6.126289e+02 3.469198e+01
    endloop
  endfacet
  facet normal 4.053365e-01 9.141675e-01 0.000000e+00
    outer loop
      vertex   2.955813e+02 6.122070e+02 3.607517e+01
      vertex   2.946299e+02 6.126289e+02 3.469198e+01
      vertex   2.946299e+02 6.126289e+02 3.619198e+01
    endloop
  endfacet
  facet normal 5.984920e-01 8.011288e-01 0.000000e+00
    outer loop
      vertex   2.946299e+02 6.126289e+02 3.619198e+01
      vertex   2.946299e+02 6.126289e+02 3.469198e+01
      vertex   2.937962e+02 6.132517e+02 3.479435e+01
    endloop
  endfacet
  facet normal 5.984920e-01 8.011288e-01 -3.797919e-14
    outer loop
      vertex   2.946299e+02 6.126289e+02 3.619198e+01
      vertex   2.937962e+02 6.132517e+02 3.479435e+01
      vertex   2.937962e+02 6.132517e+02 3.629435e+01
    endloop
  endfacet
  facet normal 7.616709e-01 6.479641e-01 -2.024601e-14
    outer loop
      vertex   2.937962e+02 6.132517e+02 3.629435e+01
      vertex   2.937962e+02 6.132517e+02 3.479435e+01
      vertex   2.931219e+02 6.140443e+02 3.487714e+01
    endloop
  endfacet
  facet normal 7.616709e-01 6.479641e-01 0.000000e+00
    outer loop
      vertex   2.937962e+02 6.132517e+02 3.629435e+01
      vertex   2.931219e+02 6.140443e+02 3.487714e+01
      vertex   2.931219e+02 6.140443e+02 3.637714e+01
    endloop
  endfacet
  facet normal 8.867002e-01 4.623449e-01 0.000000e+00
    outer loop
      vertex   2.931219e+02 6.140443e+02 3.637714e+01
      vertex   2.931219e+02 6.140443e+02 3.487714e+01
      vertex   2.926408e+02 6.149671e+02 3.493622e+01
    endloop
  endfacet
  facet normal 8.867002e-01 4.623449e-01 -3.502762e-14
    outer loop
      vertex   2.931219e+02 6.140443e+02 3.637714e+01
      vertex   2.926408e+02 6.149671e+02 3.493622e+01
      vertex   2.926408e+02 6.149671e+02 3.643622e+01
    endloop
  endfacet
  facet normal 9.673175e-01 2.535684e-01 -1.921826e-14
    outer loop
      vertex   2.926408e+02 6.149671e+02 3.643622e+01
      vertex   2.926408e+02 6.149671e+02 3.493622e+01
      vertex   2.923769e+02 6.159738e+02 3.496862e+01
    endloop
  endfacet
  facet normal 9.673175e-01 2.535684e-01 0.000000e+00
    outer loop
      vertex   2.926408e+02 6.149671e+02 3.643622e+01
      vertex   2.923769e+02 6.159738e+02 3.496862e+01
      vertex   2.923769e+02 6.159738e+02 3.646862e+01
    endloop
  endfacet
  facet normal 9.994849e-01 3.209142e-02 0.000000e+00
    outer loop
      vertex   2.923769e+02 6.159738e+02 3.646862e+01
      vertex   2.923769e+02 6.159738e+02 3.496862e+01
      vertex   2.923435e+02 6.170139e+02 3.497272e+01
    endloop
  endfacet
  facet normal 9.994849e-01 3.209142e-02 0.000000e+00
    outer loop
      vertex   2.923769e+02 6.159738e+02 3.646862e+01
      vertex   2.923435e+02 6.170139e+02 3.497272e+01
      vertex   2.923435e+02 6.170139e+02 3.647272e+01
    endloop
  endfacet
  facet normal 9.815914e-01 -1.909929e-01 0.000000e+00
    outer loop
      vertex   2.923435e+02 6.170139e+02 3.647272e+01
      vertex   2.923435e+02 6.170139e+02 3.497272e+01
      vertex   2.925422e+02 6.180354e+02 3.644832e+01
    endloop
  endfacet
  facet normal 9.815914e-01 -1.909929e-01 -2.272242e-14
    outer loop
      vertex   2.925422e+02 6.180354e+02 3.644832e+01
      vertex   2.923435e+02 6.170139e+02 3.497272e+01
      vertex   2.925422e+02 6.180354e+02 3.494832e+01
    endloop
  endfacet
  facet normal 9.145331e-01 -4.045110e-01 -3.998409e-15
    outer loop
      vertex   2.925422e+02 6.180354e+02 3.644832e+01
      vertex   2.925422e+02 6.180354e+02 3.494832e+01
      vertex   2.929632e+02 6.189872e+02 3.639663e+01
    endloop
  endfacet
  facet normal 9.145331e-01 -4.045110e-01 0.000000e+00
    outer loop
      vertex   2.929632e+02 6.189872e+02 3.639663e+01
      vertex   2.925422e+02 6.180354e+02 3.494832e+01
      vertex   2.929632e+02 6.189872e+02 3.489663e+01
    endloop
  endfacet
  facet normal 5.968607e-01 -2.986333e-01 -7.446982e-01
    outer loop
      vertex   2.805555e+02 6.859743e+02 3.433222e+01
      vertex   2.966983e+02 7.305361e+02 2.940047e+01
      vertex   2.814692e+02 6.854491e+02 3.527514e+01
    endloop
  endfacet
  facet normal 5.968607e-01 -2.986333e-01 -7.446982e-01
    outer loop
      vertex   2.814692e+02 6.854491e+02 3.527514e+01
      vertex   2.966983e+02 7.305361e+02 2.940047e+01
      vertex   2.973318e+02 7.297103e+02 3.023939e+01
    endloop
  endfacet
  facet normal 5.968607e-01 -2.986333e-01 -7.446982e-01
    outer loop
      vertex   2.814692e+02 6.854491e+02 3.527514e+01
      vertex   2.973318e+02 7.297103e+02 3.023939e+01
      vertex   2.981332e+02 7.290462e+02 3.114799e+01
    endloop
  endfacet
  facet normal 5.968607e-01 -2.986333e-01 -7.446982e-01
    outer loop
      vertex   2.805555e+02 6.859743e+02 3.433222e+01
      vertex   2.795471e+02 6.862804e+02 3.340123e+01
      vertex   2.966983e+02 7.305361e+02 2.940047e+01
    endloop
  endfacet
  facet normal 5.968607e-01 -2.986333e-01 -7.446982e-01
    outer loop
      vertex   2.966983e+02 7.305361e+02 2.940047e+01
      vertex   2.795471e+02 6.862804e+02 3.340123e+01
      vertex   2.784956e+02 6.863514e+02 3.252998e+01
    endloop
  endfacet
  facet normal 5.968607e-01 -2.986333e-01 -7.446982e-01
    outer loop
      vertex   2.966983e+02 7.305361e+02 2.940047e+01
      vertex   2.784956e+02 6.863514e+02 3.252998e+01
      vertex   2.779706e+02 6.862972e+02 3.213093e+01
    endloop
  endfacet
  facet normal 5.968607e-01 -2.986333e-01 -7.446982e-01
    outer loop
      vertex   2.779706e+02 6.862972e+02 3.213093e+01
      vertex   2.774551e+02 6.861839e+02 3.176324e+01
      vertex   2.966983e+02 7.305361e+02 2.940047e+01
    endloop
  endfacet
  facet normal 5.968607e-01 -2.986333e-01 -7.446982e-01
    outer loop
      vertex   2.981332e+02 7.290462e+02 3.114799e+01
      vertex   2.990621e+02 7.285768e+02 3.208076e+01
      vertex   2.814692e+02 6.854491e+02 3.527514e+01
    endloop
  endfacet
  facet normal 5.968607e-01 -2.986333e-01 -7.446982e-01
    outer loop
      vertex   2.814692e+02 6.854491e+02 3.527514e+01
      vertex   2.990621e+02 7.285768e+02 3.208076e+01
      vertex   3.000723e+02 7.283259e+02 3.299097e+01
    endloop
  endfacet
  facet normal -1.218693e-01 -3.961061e-14 -9.925462e-01
    outer loop
      vertex   2.966983e+02 7.305361e+02 2.940047e+01
      vertex   2.774551e+02 6.861839e+02 3.176324e+01
      vertex   2.966930e+02 7.305449e+02 2.940112e+01
    endloop
  endfacet
  facet normal -1.218693e-01 -1.149047e-13 -9.925462e-01
    outer loop
      vertex   2.966930e+02 7.305449e+02 2.940112e+01
      vertex   2.774551e+02 6.861839e+02 3.176324e+01
      vertex   2.966877e+02 7.305538e+02 2.940177e+01
    endloop
  endfacet
  facet normal -1.218693e-01 -1.909170e-14 -9.925462e-01
    outer loop
      vertex   2.966877e+02 7.305538e+02 2.940177e+01
      vertex   2.774551e+02 6.861839e+02 3.176324e+01
      vertex   2.966824e+02 7.305626e+02 2.940241e+01
    endloop
  endfacet
  facet normal -1.218693e-01 -4.350982e-13 -9.925462e-01
    outer loop
      vertex   2.966824e+02 7.305626e+02 2.940241e+01
      vertex   2.774551e+02 6.861839e+02 3.176324e+01
      vertex   2.774447e+02 6.861810e+02 3.176451e+01
    endloop
  endfacet
  facet normal -1.218693e-01 2.266805e-13 -9.925462e-01
    outer loop
      vertex   2.966824e+02 7.305626e+02 2.940241e+01
      vertex   2.774447e+02 6.861810e+02 3.176451e+01
      vertex   2.774343e+02 6.861780e+02 3.176579e+01
    endloop
  endfacet
  facet normal -1.218693e-01 2.346367e-13 -9.925462e-01
    outer loop
      vertex   2.774343e+02 6.861780e+02 3.176579e+01
      vertex   2.774239e+02 6.861750e+02 3.176706e+01
      vertex   2.966824e+02 7.305626e+02 2.940241e+01
    endloop
  endfacet
  facet normal 9.173752e-01 -3.980235e-01 0.000000e+00
    outer loop
      vertex   3.000723e+02 7.283259e+02 3.299097e+01
      vertex   3.000723e+02 7.283259e+02 3.402374e+01
      vertex   2.814692e+02 6.854491e+02 3.527514e+01
    endloop
  endfacet
  facet normal 9.173752e-01 -3.980235e-01 0.000000e+00
    outer loop
      vertex   2.814692e+02 6.854491e+02 3.527514e+01
      vertex   3.000723e+02 7.283259e+02 3.402374e+01
      vertex   2.814692e+02 6.854491e+02 3.630791e+01
    endloop
  endfacet
  facet normal 9.173752e-01 -3.980235e-01 0.000000e+00
    outer loop
      vertex   2.966824e+02 7.305626e+02 3.443996e+01
      vertex   2.966824e+02 7.305626e+02 3.593996e+01
      vertex   2.774239e+02 6.861750e+02 3.680461e+01
    endloop
  endfacet
  facet normal 9.173752e-01 -3.980235e-01 0.000000e+00
    outer loop
      vertex   2.774239e+02 6.861750e+02 3.680461e+01
      vertex   2.966824e+02 7.305626e+02 3.593996e+01
      vertex   2.774239e+02 6.861750e+02 3.830461e+01
    endloop
  endfacet
  facet normal 9.173752e-01 -3.980235e-01 -9.384357e-14
    outer loop
      vertex   2.919754e+02 7.197138e+02 1.317999e+01
      vertex   2.966824e+02 7.305626e+02 0.000000e+00
      vertex   2.920285e+02 7.198360e+02 1.500000e+01
    endloop
  endfacet
  facet normal 9.173752e-01 -3.980235e-01 0.000000e+00
    outer loop
      vertex   2.920285e+02 7.198360e+02 1.500000e+01
      vertex   2.966824e+02 7.305626e+02 0.000000e+00
      vertex   2.966824e+02 7.305626e+02 2.940241e+01
    endloop
  endfacet
  facet normal 9.173752e-01 -3.980235e-01 9.416558e-14
    outer loop
      vertex   2.920285e+02 7.198360e+02 1.500000e+01
      vertex   2.966824e+02 7.305626e+02 2.940241e+01
      vertex   2.919754e+02 7.197138e+02 1.682001e+01
    endloop
  endfacet
  facet normal 9.173752e-01 -3.980235e-01 -9.816723e-15
    outer loop
      vertex   2.919754e+02 7.197138e+02 1.682001e+01
      vertex   2.966824e+02 7.305626e+02 2.940241e+01
      vertex   2.918175e+02 7.193498e+02 1.860124e+01
    endloop
  endfacet
  facet normal 9.173752e-01 -3.980235e-01 1.102474e-14
    outer loop
      vertex   2.918175e+02 7.193498e+02 1.860124e+01
      vertex   2.966824e+02 7.305626e+02 2.940241e+01
      vertex   2.915580e+02 7.187518e+02 2.030571e+01
    endloop
  endfacet
  facet normal 9.173752e-01 -3.980235e-01 7.605056e-15
    outer loop
      vertex   2.915580e+02 7.187518e+02 2.030571e+01
      vertex   2.966824e+02 7.305626e+02 2.940241e+01
      vertex   2.912025e+02 7.179324e+02 2.189710e+01
    endloop
  endfacet
  facet normal 9.173752e-01 -3.980235e-01 -2.137403e-15
    outer loop
      vertex   2.912025e+02 7.179324e+02 2.189710e+01
      vertex   2.966824e+02 7.305626e+02 2.940241e+01
      vertex   2.907586e+02 7.169093e+02 2.334149e+01
    endloop
  endfacet
  facet normal 9.173752e-01 -3.980235e-01 -2.666514e-14
    outer loop
      vertex   2.907586e+02 7.169093e+02 2.334149e+01
      vertex   2.966824e+02 7.305626e+02 2.940241e+01
      vertex   2.902357e+02 7.157041e+02 2.460809e+01
    endloop
  endfacet
  facet normal 9.173752e-01 -3.980235e-01 1.329691e-14
    outer loop
      vertex   2.902357e+02 7.157041e+02 2.460809e+01
      vertex   2.966824e+02 7.305626e+02 2.940241e+01
      vertex   2.896450e+02 7.143425e+02 2.566991e+01
    endloop
  endfacet
  facet normal 9.173752e-01 -3.980235e-01 3.200893e-14
    outer loop
      vertex   2.896450e+02 7.143425e+02 2.566991e+01
      vertex   2.966824e+02 7.305626e+02 2.940241e+01
      vertex   2.889990e+02 7.128537e+02 2.650433e+01
    endloop
  endfacet
  facet normal 9.173752e-01 -3.980235e-01 3.199250e-14
    outer loop
      vertex   2.889990e+02 7.128537e+02 2.650433e+01
      vertex   2.966824e+02 7.305626e+02 2.940241e+01
      vertex   2.883116e+02 7.112693e+02 2.709355e+01
    endloop
  endfacet
  facet normal 9.173752e-01 -3.980235e-01 7.351941e-15
    outer loop
      vertex   2.883116e+02 7.112693e+02 2.709355e+01
      vertex   2.966824e+02 7.305626e+02 2.940241e+01
      vertex   2.875973e+02 7.096230e+02 2.742501e+01
    endloop
  endfacet
  facet normal 9.173752e-01 -3.980235e-01 -1.234472e-14
    outer loop
      vertex   2.875973e+02 7.096230e+02 2.742501e+01
      vertex   2.966824e+02 7.305626e+02 2.940241e+01
      vertex   2.774239e+02 6.861750e+02 3.176706e+01
    endloop
  endfacet
  facet normal 9.173752e-01 -3.980235e-01 -8.917616e-14
    outer loop
      vertex   2.875973e+02 7.096230e+02 2.742501e+01
      vertex   2.774239e+02 6.861750e+02 3.176706e+01
      vertex   2.868715e+02 7.079500e+02 2.749166e+01
    endloop
  endfacet
  facet normal 9.173752e-01 -3.980235e-01 3.270380e-15
    outer loop
      vertex   2.868715e+02 7.079500e+02 2.749166e+01
      vertex   2.774239e+02 6.861750e+02 3.176706e+01
      vertex   2.861495e+02 7.062860e+02 2.729207e+01
    endloop
  endfacet
  facet normal 9.173752e-01 -3.980235e-01 7.245594e-14
    outer loop
      vertex   2.861495e+02 7.062860e+02 2.729207e+01
      vertex   2.774239e+02 6.861750e+02 3.176706e+01
      vertex   2.854467e+02 7.046663e+02 2.683050e+01
    endloop
  endfacet
  facet normal 9.173752e-01 -3.980235e-01 -2.240291e-14
    outer loop
      vertex   2.854467e+02 7.046663e+02 2.683050e+01
      vertex   2.774239e+02 6.861750e+02 3.176706e+01
      vertex   2.847783e+02 7.031255e+02 2.611678e+01
    endloop
  endfacet
  facet normal 9.173752e-01 -3.980235e-01 2.708301e-14
    outer loop
      vertex   2.847783e+02 7.031255e+02 2.611678e+01
      vertex   2.774239e+02 6.861750e+02 3.176706e+01
      vertex   2.841582e+02 7.016965e+02 2.516612e+01
    endloop
  endfacet
  facet normal 9.173752e-01 -3.980235e-01 -6.123329e-14
    outer loop
      vertex   2.841582e+02 7.016965e+02 2.516612e+01
      vertex   2.774239e+02 6.861750e+02 3.176706e+01
      vertex   2.835999e+02 7.004097e+02 2.399879e+01
    endloop
  endfacet
  facet normal 9.173752e-01 -3.980235e-01 3.151587e-14
    outer loop
      vertex   2.835999e+02 7.004097e+02 2.399879e+01
      vertex   2.774239e+02 6.861750e+02 3.176706e+01
      vertex   2.831152e+02 6.992926e+02 2.263967e+01
    endloop
  endfacet
  facet normal 9.173752e-01 -3.980235e-01 -2.946935e-14
    outer loop
      vertex   2.831152e+02 6.992926e+02 2.263967e+01
      vertex   2.774239e+02 6.861750e+02 3.176706e+01
      vertex   2.827145e+02 6.983689e+02 2.111772e+01
    endloop
  endfacet
  facet normal 9.173752e-01 -3.980235e-01 -1.405243e-14
    outer loop
      vertex   2.827145e+02 6.983689e+02 2.111772e+01
      vertex   2.774239e+02 6.861750e+02 3.176706e+01
      vertex   2.824062e+02 6.976583e+02 1.946539e+01
    endloop
  endfacet
  facet normal 9.173752e-01 -3.980235e-01 1.725149e-14
    outer loop
      vertex   2.824062e+02 6.976583e+02 1.946539e+01
      vertex   2.774239e+02 6.861750e+02 3.176706e+01
      vertex   2.821969e+02 6.971760e+02 1.771788e+01
    endloop
  endfacet
  facet normal 9.173752e-01 -3.980235e-01 -6.473275e-16
    outer loop
      vertex   2.821969e+02 6.971760e+02 1.771788e+01
      vertex   2.774239e+02 6.861750e+02 3.176706e+01
      vertex   2.820911e+02 6.969322e+02 1.591244e+01
    endloop
  endfacet
  facet normal 9.173752e-01 -3.980235e-01 0.000000e+00
    outer loop
      vertex   2.820911e+02 6.969322e+02 1.591244e+01
      vertex   2.774239e+02 6.861750e+02 3.176706e+01
      vertex   2.774239e+02 6.861750e+02 0.000000e+00
    endloop
  endfacet
  facet normal 9.173752e-01 -3.980235e-01 0.000000e+00
    outer loop
      vertex   2.820911e+02 6.969322e+02 1.591244e+01
      vertex   2.774239e+02 6.861750e+02 0.000000e+00
      vertex   2.820911e+02 6.969322e+02 1.408756e+01
    endloop
  endfacet
  facet normal 9.173752e-01 -3.980235e-01 6.684394e-16
    outer loop
      vertex   2.820911e+02 6.969322e+02 1.408756e+01
      vertex   2.774239e+02 6.861750e+02 0.000000e+00
      vertex   2.821969e+02 6.971760e+02 1.228212e+01
    endloop
  endfacet
  facet normal 9.173752e-01 -3.980235e-01 -1.783615e-14
    outer loop
      vertex   2.821969e+02 6.971760e+02 1.228212e+01
      vertex   2.774239e+02 6.861750e+02 0.000000e+00
      vertex   2.824062e+02 6.976583e+02 1.053461e+01
    endloop
  endfacet
  facet normal 9.173752e-01 -3.980235e-01 1.473468e-14
    outer loop
      vertex   2.824062e+02 6.976583e+02 1.053461e+01
      vertex   2.774239e+02 6.861750e+02 0.000000e+00
      vertex   2.827145e+02 6.983689e+02 8.882277e+00
    endloop
  endfacet
  facet normal 9.173752e-01 -3.980235e-01 3.123622e-14
    outer loop
      vertex   2.827145e+02 6.983689e+02 8.882277e+00
      vertex   2.774239e+02 6.861750e+02 0.000000e+00
      vertex   2.831152e+02 6.992926e+02 7.360329e+00
    endloop
  endfacet
  facet normal 9.173752e-01 -3.980235e-01 -3.393535e-14
    outer loop
      vertex   2.831152e+02 6.992926e+02 7.360329e+00
      vertex   2.774239e+02 6.861750e+02 0.000000e+00
      vertex   2.835999e+02 7.004097e+02 6.001207e+00
    endloop
  endfacet
  facet normal 9.173752e-01 -3.980235e-01 6.695398e-14
    outer loop
      vertex   2.835999e+02 7.004097e+02 6.001207e+00
      vertex   2.774239e+02 6.861750e+02 0.000000e+00
      vertex   2.841582e+02 7.016965e+02 4.833878e+00
    endloop
  endfacet
  facet normal 9.173752e-01 -3.980235e-01 -3.031512e-14
    outer loop
      vertex   2.841582e+02 7.016965e+02 4.833878e+00
      vertex   2.774239e+02 6.861750e+02 0.000000e+00
      vertex   2.847783e+02 7.031255e+02 3.883223e+00
    endloop
  endfacet
  facet normal 9.173752e-01 -3.980235e-01 2.577630e-14
    outer loop
      vertex   2.847783e+02 7.031255e+02 3.883223e+00
      vertex   2.774239e+02 6.861750e+02 0.000000e+00
      vertex   2.854467e+02 7.046663e+02 3.169503e+00
    endloop
  endfacet
  facet normal 9.173752e-01 -3.980235e-01 -8.762740e-14
    outer loop
      vertex   2.854467e+02 7.046663e+02 3.169503e+00
      vertex   2.774239e+02 6.861750e+02 0.000000e+00
      vertex   2.861495e+02 7.062860e+02 2.707929e+00
    endloop
  endfacet
  facet normal 9.173752e-01 -3.980235e-01 -4.399072e-15
    outer loop
      vertex   2.861495e+02 7.062860e+02 2.707929e+00
      vertex   2.774239e+02 6.861750e+02 0.000000e+00
      vertex   2.868715e+02 7.079500e+02 2.508339e+00
    endloop
  endfacet
  facet normal 9.173752e-01 -3.980235e-01 2.294962e-14
    outer loop
      vertex   2.868715e+02 7.079500e+02 2.508339e+00
      vertex   2.774239e+02 6.861750e+02 0.000000e+00
      vertex   2.966824e+02 7.305626e+02 0.000000e+00
    endloop
  endfacet
  facet normal 9.173752e-01 -3.980235e-01 -5.771470e-14
    outer loop
      vertex   2.868715e+02 7.079500e+02 2.508339e+00
      vertex   2.966824e+02 7.305626e+02 0.000000e+00
      vertex   2.875973e+02 7.096230e+02 2.574988e+00
    endloop
  endfacet
  facet normal 9.173752e-01 -3.980235e-01 -6.705002e-15
    outer loop
      vertex   2.875973e+02 7.096230e+02 2.574988e+00
      vertex   2.966824e+02 7.305626e+02 0.000000e+00
      vertex   2.883116e+02 7.112693e+02 2.906454e+00
    endloop
  endfacet
  facet normal 9.173752e-01 -3.980235e-01 -3.009608e-14
    outer loop
      vertex   2.883116e+02 7.112693e+02 2.906454e+00
      vertex   2.966824e+02 7.305626e+02 0.000000e+00
      vertex   2.889990e+02 7.128537e+02 3.495673e+00
    endloop
  endfacet
  facet normal 9.173752e-01 -3.980235e-01 -3.058364e-14
    outer loop
      vertex   2.889990e+02 7.128537e+02 3.495673e+00
      vertex   2.966824e+02 7.305626e+02 0.000000e+00
      vertex   2.896450e+02 7.143425e+02 4.330086e+00
    endloop
  endfacet
  facet normal 9.173752e-01 -3.980235e-01 -1.289943e-14
    outer loop
      vertex   2.896450e+02 7.143425e+02 4.330086e+00
      vertex   2.966824e+02 7.305626e+02 0.000000e+00
      vertex   2.902357e+02 7.157041e+02 5.391911e+00
    endloop
  endfacet
  facet normal 9.173752e-01 -3.980235e-01 2.590662e-14
    outer loop
      vertex   2.902357e+02 7.157041e+02 5.391911e+00
      vertex   2.966824e+02 7.305626e+02 0.000000e+00
      vertex   2.907586e+02 7.169093e+02 6.658515e+00
    endloop
  endfacet
  facet normal 9.173752e-01 -3.980235e-01 2.088149e-15
    outer loop
      vertex   2.907586e+02 7.169093e+02 6.658515e+00
      vertex   2.966824e+02 7.305626e+02 0.000000e+00
      vertex   2.912025e+02 7.179324e+02 8.102903e+00
    endloop
  endfacet
  facet normal 9.173752e-01 -3.980235e-01 -7.435323e-15
    outer loop
      vertex   2.912025e+02 7.179324e+02 8.102903e+00
      vertex   2.966824e+02 7.305626e+02 0.000000e+00
      vertex   2.915580e+02 7.187518e+02 9.694291e+00
    endloop
  endfacet
  facet normal 9.173752e-01 -3.980235e-01 -1.087278e-14
    outer loop
      vertex   2.915580e+02 7.187518e+02 9.694291e+00
      vertex   2.966824e+02 7.305626e+02 0.000000e+00
      vertex   2.918175e+02 7.193498e+02 1.139876e+01
    endloop
  endfacet
  facet normal 9.173752e-01 -3.980235e-01 9.728199e-15
    outer loop
      vertex   2.918175e+02 7.193498e+02 1.139876e+01
      vertex   2.966824e+02 7.305626e+02 0.000000e+00
      vertex   2.919754e+02 7.197138e+02 1.317999e+01
    endloop
  endfacet
  facet normal 1.000000e+00 0.000000e+00 0.000000e+00
    outer loop
      vertex   2.757515e+02 6.781187e+02 3.197241e+01
      vertex   2.757515e+02 6.534105e+02 3.197241e+01
      vertex   2.757515e+02 6.781187e+02 0.000000e+00
    endloop
  endfacet
  facet normal 1.000000e+00 0.000000e+00 0.000000e+00
    outer loop
      vertex   2.757515e+02 6.781187e+02 0.000000e+00
      vertex   2.757515e+02 6.534105e+02 3.197241e+01
      vertex   2.757515e+02 6.534105e+02 0.000000e+00
    endloop
  endfacet
  facet normal 8.944272e-01 4.472136e-01 0.000000e+00
    outer loop
      vertex   2.757515e+02 6.534105e+02 3.197241e+01
      vertex   2.929632e+02 6.189872e+02 2.985908e+01
      vertex   2.757515e+02 6.534105e+02 0.000000e+00
    endloop
  endfacet
  facet normal 8.944272e-01 4.472136e-01 0.000000e+00
    outer loop
      vertex   2.757515e+02 6.534105e+02 0.000000e+00
      vertex   2.929632e+02 6.189872e+02 2.985908e+01
      vertex   2.929632e+02 6.189872e+02 0.000000e+00
    endloop
  endfacet
  facet normal -2.690966e-01 9.631132e-01 0.000000e+00
    outer loop
      vertex   4.162103e+02 6.473157e+02 1.976379e+01
      vertex   3.014124e+02 6.152408e+02 3.385919e+01
      vertex   4.162103e+02 6.473157e+02 2.126379e+01
    endloop
  endfacet
  facet normal -2.690966e-01 9.631132e-01 0.000000e+00
    outer loop
      vertex   4.162103e+02 6.473157e+02 2.126379e+01
      vertex   3.014124e+02 6.152408e+02 3.385919e+01
      vertex   3.014124e+02 6.152408e+02 3.535919e+01
    endloop
  endfacet
  facet normal -2.690966e-01 9.631132e-01 -5.307251e-16
    outer loop
      vertex   3.014124e+02 6.152408e+02 2.882164e+01
      vertex   4.162103e+02 6.473157e+02 1.472624e+01
      vertex   3.014124e+02 6.152408e+02 0.000000e+00
    endloop
  endfacet
  facet normal -2.690966e-01 9.631132e-01 0.000000e+00
    outer loop
      vertex   3.014124e+02 6.152408e+02 0.000000e+00
      vertex   4.162103e+02 6.473157e+02 1.472624e+01
      vertex   4.162103e+02 6.473157e+02 0.000000e+00
    endloop
  endfacet
  facet normal 9.173752e-01 -3.980235e-01 1.095472e-14
    outer loop
      vertex   2.892233e+02 7.209079e+02 1.317999e+01
      vertex   2.892763e+02 7.210301e+02 1.500000e+01
      vertex   2.880823e+02 7.182780e+02 1.500000e+01
    endloop
  endfacet
  facet normal 9.173752e-01 -3.980235e-01 -1.089881e-14
    outer loop
      vertex   2.880823e+02 7.182780e+02 1.500000e+01
      vertex   2.892763e+02 7.210301e+02 1.500000e+01
      vertex   2.892233e+02 7.209079e+02 1.682001e+01
    endloop
  endfacet
  facet normal 9.173752e-01 -3.980235e-01 5.194093e-15
    outer loop
      vertex   2.880823e+02 7.182780e+02 1.500000e+01
      vertex   2.892233e+02 7.209079e+02 1.682001e+01
      vertex   2.880307e+02 7.181591e+02 1.656365e+01
    endloop
  endfacet
  facet normal 9.173752e-01 -3.980235e-01 5.960479e-15
    outer loop
      vertex   2.880307e+02 7.181591e+02 1.656365e+01
      vertex   2.892233e+02 7.209079e+02 1.682001e+01
      vertex   2.890654e+02 7.205439e+02 1.860124e+01
    endloop
  endfacet
  facet normal 9.173752e-01 -3.980235e-01 1.212428e-14
    outer loop
      vertex   2.880307e+02 7.181591e+02 1.656365e+01
      vertex   2.890654e+02 7.205439e+02 1.860124e+01
      vertex   2.878774e+02 7.178058e+02 1.808464e+01
    endloop
  endfacet
  facet normal 9.173752e-01 -3.980235e-01 -2.439792e-14
    outer loop
      vertex   2.878774e+02 7.178058e+02 1.808464e+01
      vertex   2.890654e+02 7.205439e+02 1.860124e+01
      vertex   2.888059e+02 7.199458e+02 2.030571e+01
    endloop
  endfacet
  facet normal 9.173752e-01 -3.980235e-01 -3.002303e-14
    outer loop
      vertex   2.878774e+02 7.178058e+02 1.808464e+01
      vertex   2.888059e+02 7.199458e+02 2.030571e+01
      vertex   2.876265e+02 7.172276e+02 1.952150e+01
    endloop
  endfacet
  facet normal 9.173752e-01 -3.980235e-01 1.762960e-14
    outer loop
      vertex   2.876265e+02 7.172276e+02 1.952150e+01
      vertex   2.888059e+02 7.199458e+02 2.030571e+01
      vertex   2.884504e+02 7.191265e+02 2.189710e+01
    endloop
  endfacet
  facet normal 9.173752e-01 -3.980235e-01 1.166787e-15
    outer loop
      vertex   2.876265e+02 7.172276e+02 1.952150e+01
      vertex   2.884504e+02 7.191265e+02 2.189710e+01
      vertex   2.872850e+02 7.164403e+02 2.083502e+01
    endloop
  endfacet
  facet normal 9.173752e-01 -3.980235e-01 -3.748645e-14
    outer loop
      vertex   2.872850e+02 7.164403e+02 2.083502e+01
      vertex   2.884504e+02 7.191265e+02 2.189710e+01
      vertex   2.880065e+02 7.181033e+02 2.334149e+01
    endloop
  endfacet
  facet normal 9.173752e-01 -3.980235e-01 -4.325432e-14
    outer loop
      vertex   2.872850e+02 7.164403e+02 2.083502e+01
      vertex   2.880065e+02 7.181033e+02 2.334149e+01
      vertex   2.868620e+02 7.154654e+02 2.198938e+01
    endloop
  endfacet
  facet normal 9.173752e-01 -3.980235e-01 -9.507283e-15
    outer loop
      vertex   2.868620e+02 7.154654e+02 2.198938e+01
      vertex   2.880065e+02 7.181033e+02 2.334149e+01
      vertex   2.874836e+02 7.168981e+02 2.460809e+01
    endloop
  endfacet
  facet normal 9.173752e-01 -3.980235e-01 9.143783e-15
    outer loop
      vertex   2.868620e+02 7.154654e+02 2.198938e+01
      vertex   2.874836e+02 7.168981e+02 2.460809e+01
      vertex   2.863692e+02 7.143296e+02 2.295308e+01
    endloop
  endfacet
  facet normal 9.173752e-01 -3.980235e-01 -2.474296e-14
    outer loop
      vertex   2.863692e+02 7.143296e+02 2.295308e+01
      vertex   2.874836e+02 7.168981e+02 2.460809e+01
      vertex   2.868929e+02 7.155366e+02 2.566991e+01
    endloop
  endfacet
  facet normal 9.173752e-01 -3.980235e-01 -5.471907e-14
    outer loop
      vertex   2.863692e+02 7.143296e+02 2.295308e+01
      vertex   2.868929e+02 7.155366e+02 2.566991e+01
      vertex   2.858199e+02 7.130637e+02 2.369985e+01
    endloop
  endfacet
  facet normal 9.173752e-01 -3.980235e-01 -6.563582e-15
    outer loop
      vertex   2.858199e+02 7.130637e+02 2.369985e+01
      vertex   2.868929e+02 7.155366e+02 2.566991e+01
      vertex   2.862469e+02 7.140478e+02 2.650433e+01
    endloop
  endfacet
  facet normal 9.173752e-01 -3.980235e-01 1.412441e-14
    outer loop
      vertex   2.858199e+02 7.130637e+02 2.369985e+01
      vertex   2.862469e+02 7.140478e+02 2.650433e+01
      vertex   2.852293e+02 7.117023e+02 2.420930e+01
    endloop
  endfacet
  facet normal 9.173752e-01 -3.980235e-01 -1.804271e-14
    outer loop
      vertex   2.852293e+02 7.117023e+02 2.420930e+01
      vertex   2.862469e+02 7.140478e+02 2.650433e+01
      vertex   2.855595e+02 7.124633e+02 2.709355e+01
    endloop
  endfacet
  facet normal 9.173752e-01 -3.980235e-01 -2.217056e-14
    outer loop
      vertex   2.852293e+02 7.117023e+02 2.420930e+01
      vertex   2.855595e+02 7.124633e+02 2.709355e+01
      vertex   2.848452e+02 7.108171e+02 2.742501e+01
    endloop
  endfacet
  facet normal 9.173752e-01 -3.980235e-01 -2.710121e-14
    outer loop
      vertex   2.852293e+02 7.117023e+02 2.420930e+01
      vertex   2.848452e+02 7.108171e+02 2.742501e+01
      vertex   2.846133e+02 7.102826e+02 2.446755e+01
    endloop
  endfacet
  facet normal 9.173752e-01 -3.980235e-01 -2.960391e-14
    outer loop
      vertex   2.846133e+02 7.102826e+02 2.446755e+01
      vertex   2.848452e+02 7.108171e+02 2.742501e+01
      vertex   2.841193e+02 7.091441e+02 2.749166e+01
    endloop
  endfacet
  facet normal 9.173752e-01 -3.980235e-01 -1.265859e-14
    outer loop
      vertex   2.846133e+02 7.102826e+02 2.446755e+01
      vertex   2.841193e+02 7.091441e+02 2.749166e+01
      vertex   2.839888e+02 7.088432e+02 2.446755e+01
    endloop
  endfacet
  facet normal 9.173752e-01 -3.980235e-01 -9.903789e-15
    outer loop
      vertex   2.839888e+02 7.088432e+02 2.446755e+01
      vertex   2.841193e+02 7.091441e+02 2.749166e+01
      vertex   2.833973e+02 7.074800e+02 2.729207e+01
    endloop
  endfacet
  facet normal 9.173752e-01 -3.980235e-01 -4.459574e-15
    outer loop
      vertex   2.839888e+02 7.088432e+02 2.446755e+01
      vertex   2.833973e+02 7.074800e+02 2.729207e+01
      vertex   2.833728e+02 7.074235e+02 2.420930e+01
    endloop
  endfacet
  facet normal 9.173752e-01 -3.980235e-01 -4.318940e-15
    outer loop
      vertex   2.833728e+02 7.074235e+02 2.420930e+01
      vertex   2.833973e+02 7.074800e+02 2.729207e+01
      vertex   2.826946e+02 7.058604e+02 2.683050e+01
    endloop
  endfacet
  facet normal 9.173752e-01 -3.980235e-01 -3.728825e-14
    outer loop
      vertex   2.833728e+02 7.074235e+02 2.420930e+01
      vertex   2.826946e+02 7.058604e+02 2.683050e+01
      vertex   2.827821e+02 7.060621e+02 2.369985e+01
    endloop
  endfacet
  facet normal 9.173752e-01 -3.980235e-01 -3.406561e-14
    outer loop
      vertex   2.827821e+02 7.060621e+02 2.369985e+01
      vertex   2.826946e+02 7.058604e+02 2.683050e+01
      vertex   2.820261e+02 7.043196e+02 2.611678e+01
    endloop
  endfacet
  facet normal 9.173752e-01 -3.980235e-01 -6.189254e-15
    outer loop
      vertex   2.827821e+02 7.060621e+02 2.369985e+01
      vertex   2.820261e+02 7.043196e+02 2.611678e+01
      vertex   2.822329e+02 7.047962e+02 2.295308e+01
    endloop
  endfacet
  facet normal 9.173752e-01 -3.980235e-01 -7.525031e-15
    outer loop
      vertex   2.822329e+02 7.047962e+02 2.295308e+01
      vertex   2.820261e+02 7.043196e+02 2.611678e+01
      vertex   2.814061e+02 7.028906e+02 2.516612e+01
    endloop
  endfacet
  facet normal 9.173752e-01 -3.980235e-01 -2.846996e-14
    outer loop
      vertex   2.822329e+02 7.047962e+02 2.295308e+01
      vertex   2.814061e+02 7.028906e+02 2.516612e+01
      vertex   2.817401e+02 7.036603e+02 2.198938e+01
    endloop
  endfacet
  facet normal 9.173752e-01 -3.980235e-01 -4.158650e-14
    outer loop
      vertex   2.817401e+02 7.036603e+02 2.198938e+01
      vertex   2.814061e+02 7.028906e+02 2.516612e+01
      vertex   2.808478e+02 7.016038e+02 2.399879e+01
    endloop
  endfacet
  facet normal 9.173752e-01 -3.980235e-01 2.771381e-14
    outer loop
      vertex   2.817401e+02 7.036603e+02 2.198938e+01
      vertex   2.808478e+02 7.016038e+02 2.399879e+01
      vertex   2.813171e+02 7.026855e+02 2.083502e+01
    endloop
  endfacet
  facet normal 9.173752e-01 -3.980235e-01 2.902089e-14
    outer loop
      vertex   2.813171e+02 7.026855e+02 2.083502e+01
      vertex   2.808478e+02 7.016038e+02 2.399879e+01
      vertex   2.803631e+02 7.004867e+02 2.263967e+01
    endloop
  endfacet
  facet normal 9.173752e-01 -3.980235e-01 -8.613565e-15
    outer loop
      vertex   2.813171e+02 7.026855e+02 2.083502e+01
      vertex   2.803631e+02 7.004867e+02 2.263967e+01
      vertex   2.799623e+02 6.995629e+02 2.111772e+01
    endloop
  endfacet
  facet normal 9.173752e-01 -3.980235e-01 -4.786151e-14
    outer loop
      vertex   2.813171e+02 7.026855e+02 2.083502e+01
      vertex   2.799623e+02 6.995629e+02 2.111772e+01
      vertex   2.809756e+02 7.018982e+02 1.952150e+01
    endloop
  endfacet
  facet normal 9.173752e-01 -3.980235e-01 -2.096983e-14
    outer loop
      vertex   2.809756e+02 7.018982e+02 1.952150e+01
      vertex   2.799623e+02 6.995629e+02 2.111772e+01
      vertex   2.796540e+02 6.988524e+02 1.946539e+01
    endloop
  endfacet
  facet normal 9.173752e-01 -3.980235e-01 5.200271e-14
    outer loop
      vertex   2.809756e+02 7.018982e+02 1.952150e+01
      vertex   2.796540e+02 6.988524e+02 1.946539e+01
      vertex   2.807247e+02 7.013200e+02 1.808464e+01
    endloop
  endfacet
  facet normal 9.173752e-01 -3.980235e-01 2.635102e-14
    outer loop
      vertex   2.807247e+02 7.013200e+02 1.808464e+01
      vertex   2.796540e+02 6.988524e+02 1.946539e+01
      vertex   2.794448e+02 6.983700e+02 1.771788e+01
    endloop
  endfacet
  facet normal 9.173752e-01 -3.980235e-01 -2.139909e-14
    outer loop
      vertex   2.807247e+02 7.013200e+02 1.808464e+01
      vertex   2.794448e+02 6.983700e+02 1.771788e+01
      vertex   2.805714e+02 7.009667e+02 1.656365e+01
    endloop
  endfacet
  facet normal 9.173752e-01 -3.980235e-01 -1.311691e-15
    outer loop
      vertex   2.805714e+02 7.009667e+02 1.656365e+01
      vertex   2.794448e+02 6.983700e+02 1.771788e+01
      vertex   2.793390e+02 6.981263e+02 1.591244e+01
    endloop
  endfacet
  facet normal 9.173752e-01 -3.980235e-01 -3.808858e-14
    outer loop
      vertex   2.805714e+02 7.009667e+02 1.656365e+01
      vertex   2.793390e+02 6.981263e+02 1.591244e+01
      vertex   2.805198e+02 7.008478e+02 1.500000e+01
    endloop
  endfacet
  facet normal 9.173752e-01 -3.980235e-01 0.000000e+00
    outer loop
      vertex   2.805198e+02 7.008478e+02 1.500000e+01
      vertex   2.793390e+02 6.981263e+02 1.591244e+01
      vertex   2.793390e+02 6.981263e+02 1.408756e+01
    endloop
  endfacet
  facet normal 9.173752e-01 -3.980235e-01 3.808858e-14
    outer loop
      vertex   2.805198e+02 7.008478e+02 1.500000e+01
      vertex   2.793390e+02 6.981263e+02 1.408756e+01
      vertex   2.805714e+02 7.009667e+02 1.343635e+01
    endloop
  endfacet
  facet normal 9.173752e-01 -3.980235e-01 1.311691e-15
    outer loop
      vertex   2.805714e+02 7.009667e+02 1.343635e+01
      vertex   2.793390e+02 6.981263e+02 1.408756e+01
      vertex   2.794448e+02 6.983700e+02 1.228212e+01
    endloop
  endfacet
  facet normal 9.173752e-01 -3.980235e-01 2.141078e-14
    outer loop
      vertex   2.805714e+02 7.009667e+02 1.343635e+01
      vertex   2.794448e+02 6.983700e+02 1.228212e+01
      vertex   2.807247e+02 7.013200e+02 1.191536e+01
    endloop
  endfacet
  facet normal 9.173752e-01 -3.980235e-01 -2.635102e-14
    outer loop
      vertex   2.807247e+02 7.013200e+02 1.191536e+01
      vertex   2.794448e+02 6.983700e+02 1.228212e+01
      vertex   2.796540e+02 6.988524e+02 1.053461e+01
    endloop
  endfacet
  facet normal 9.173752e-01 -3.980235e-01 -5.200271e-14
    outer loop
      vertex   2.807247e+02 7.013200e+02 1.191536e+01
      vertex   2.796540e+02 6.988524e+02 1.053461e+01
      vertex   2.809756e+02 7.018982e+02 1.047850e+01
    endloop
  endfacet
  facet normal 9.173752e-01 -3.980235e-01 2.096983e-14
    outer loop
      vertex   2.809756e+02 7.018982e+02 1.047850e+01
      vertex   2.796540e+02 6.988524e+02 1.053461e+01
      vertex   2.799623e+02 6.995629e+02 8.882277e+00
    endloop
  endfacet
  facet normal 9.173752e-01 -3.980235e-01 4.790861e-14
    outer loop
      vertex   2.809756e+02 7.018982e+02 1.047850e+01
      vertex   2.799623e+02 6.995629e+02 8.882277e+00
      vertex   2.813171e+02 7.026855e+02 9.164979e+00
    endloop
  endfacet
  facet normal 9.173752e-01 -3.980235e-01 8.613565e-15
    outer loop
      vertex   2.813171e+02 7.026855e+02 9.164979e+00
      vertex   2.799623e+02 6.995629e+02 8.882277e+00
      vertex   2.803631e+02 7.004867e+02 7.360329e+00
    endloop
  endfacet
  facet normal 9.173752e-01 -3.980235e-01 -2.902089e-14
    outer loop
      vertex   2.813171e+02 7.026855e+02 9.164979e+00
      vertex   2.803631e+02 7.004867e+02 7.360329e+00
      vertex   2.808478e+02 7.016038e+02 6.001207e+00
    endloop
  endfacet
  facet normal 9.173752e-01 -3.980235e-01 -2.770206e-14
    outer loop
      vertex   2.813171e+02 7.026855e+02 9.164979e+00
      vertex   2.808478e+02 7.016038e+02 6.001207e+00
      vertex   2.817401e+02 7.036603e+02 8.010623e+00
    endloop
  endfacet
  facet normal 9.173752e-01 -3.980235e-01 4.158650e-14
    outer loop
      vertex   2.817401e+02 7.036603e+02 8.010623e+00
      vertex   2.808478e+02 7.016038e+02 6.001207e+00
      vertex   2.814061e+02 7.028906e+02 4.833878e+00
    endloop
  endfacet
  facet normal 9.173752e-01 -3.980235e-01 2.845826e-14
    outer loop
      vertex   2.817401e+02 7.036603e+02 8.010623e+00
      vertex   2.814061e+02 7.028906e+02 4.833878e+00
      vertex   2.822329e+02 7.047962e+02 7.046918e+00
    endloop
  endfacet
  facet normal 9.173752e-01 -3.980235e-01 7.525031e-15
    outer loop
      vertex   2.822329e+02 7.047962e+02 7.046918e+00
      vertex   2.814061e+02 7.028906e+02 4.833878e+00
      vertex   2.820261e+02 7.043196e+02 3.883223e+00
    endloop
  endfacet
  facet normal 9.173752e-01 -3.980235e-01 6.189254e-15
    outer loop
      vertex   2.822329e+02 7.047962e+02 7.046918e+00
      vertex   2.820261e+02 7.043196e+02 3.883223e+00
      vertex   2.827821e+02 7.060621e+02 6.300153e+00
    endloop
  endfacet
  facet normal 9.173752e-01 -3.980235e-01 3.406561e-14
    outer loop
      vertex   2.827821e+02 7.060621e+02 6.300153e+00
      vertex   2.820261e+02 7.043196e+02 3.883223e+00
      vertex   2.826946e+02 7.058604e+02 3.169503e+00
    endloop
  endfacet
  facet normal 9.173752e-01 -3.980235e-01 3.520275e-14
    outer loop
      vertex   2.827821e+02 7.060621e+02 6.300153e+00
      vertex   2.826946e+02 7.058604e+02 3.169503e+00
      vertex   2.833728e+02 7.074235e+02 5.790697e+00
    endloop
  endfacet
  facet normal 9.173752e-01 -3.980235e-01 1.907511e-14
    outer loop
      vertex   2.833728e+02 7.074235e+02 5.790697e+00
      vertex   2.826946e+02 7.058604e+02 3.169503e+00
      vertex   2.833973e+02 7.074800e+02 2.707929e+00
    endloop
  endfacet
  facet normal 9.173752e-01 -3.980235e-01 1.860296e-14
    outer loop
      vertex   2.833728e+02 7.074235e+02 5.790697e+00
      vertex   2.833973e+02 7.074800e+02 2.707929e+00
      vertex   2.839888e+02 7.088432e+02 5.532447e+00
    endloop
  endfacet
  facet normal 9.173752e-01 -3.980235e-01 9.903789e-15
    outer loop
      vertex   2.839888e+02 7.088432e+02 5.532447e+00
      vertex   2.833973e+02 7.074800e+02 2.707929e+00
      vertex   2.841193e+02 7.091441e+02 2.508339e+00
    endloop
  endfacet
  facet normal 9.173752e-01 -3.980235e-01 1.265274e-14
    outer loop
      vertex   2.839888e+02 7.088432e+02 5.532447e+00
      vertex   2.841193e+02 7.091441e+02 2.508339e+00
      vertex   2.846133e+02 7.102826e+02 5.532447e+00
    endloop
  endfacet
  facet normal 9.173752e-01 -3.980235e-01 2.960391e-14
    outer loop
      vertex   2.846133e+02 7.102826e+02 5.532447e+00
      vertex   2.841193e+02 7.091441e+02 2.508339e+00
      vertex   2.848452e+02 7.108171e+02 2.574988e+00
    endloop
  endfacet
  facet normal 9.173752e-01 -3.980235e-01 2.152362e-14
    outer loop
      vertex   2.846133e+02 7.102826e+02 5.532447e+00
      vertex   2.848452e+02 7.108171e+02 2.574988e+00
      vertex   2.852293e+02 7.117023e+02 5.790697e+00
    endloop
  endfacet
  facet normal 9.173752e-01 -3.980235e-01 7.271372e-15
    outer loop
      vertex   2.852293e+02 7.117023e+02 5.790697e+00
      vertex   2.848452e+02 7.108171e+02 2.574988e+00
      vertex   2.855595e+02 7.124633e+02 2.906454e+00
    endloop
  endfacet
  facet normal 9.173752e-01 -3.980235e-01 3.734375e-15
    outer loop
      vertex   2.852293e+02 7.117023e+02 5.790697e+00
      vertex   2.855595e+02 7.124633e+02 2.906454e+00
      vertex   2.862469e+02 7.140478e+02 3.495673e+00
    endloop
  endfacet
  facet normal 9.173752e-01 -3.980235e-01 -3.819957e-15
    outer loop
      vertex   2.852293e+02 7.117023e+02 5.790697e+00
      vertex   2.862469e+02 7.140478e+02 3.495673e+00
      vertex   2.858199e+02 7.130637e+02 6.300153e+00
    endloop
  endfacet
  facet normal 9.173752e-01 -3.980235e-01 6.563582e-15
    outer loop
      vertex   2.858199e+02 7.130637e+02 6.300153e+00
      vertex   2.862469e+02 7.140478e+02 3.495673e+00
      vertex   2.868929e+02 7.155366e+02 4.330086e+00
    endloop
  endfacet
  facet normal 9.173752e-01 -3.980235e-01 5.471907e-14
    outer loop
      vertex   2.858199e+02 7.130637e+02 6.300153e+00
      vertex   2.868929e+02 7.155366e+02 4.330086e+00
      vertex   2.863692e+02 7.143296e+02 7.046918e+00
    endloop
  endfacet
  facet normal 9.173752e-01 -3.980235e-01 2.474296e-14
    outer loop
      vertex   2.863692e+02 7.143296e+02 7.046918e+00
      vertex   2.868929e+02 7.155366e+02 4.330086e+00
      vertex   2.874836e+02 7.168981e+02 5.391911e+00
    endloop
  endfacet
  facet normal 9.173752e-01 -3.980235e-01 -9.120397e-15
    outer loop
      vertex   2.863692e+02 7.143296e+02 7.046918e+00
      vertex   2.874836e+02 7.168981e+02 5.391911e+00
      vertex   2.868620e+02 7.154654e+02 8.010623e+00
    endloop
  endfacet
  facet normal 9.173752e-01 -3.980235e-01 9.507283e-15
    outer loop
      vertex   2.868620e+02 7.154654e+02 8.010623e+00
      vertex   2.874836e+02 7.168981e+02 5.391911e+00
      vertex   2.880065e+02 7.181033e+02 6.658515e+00
    endloop
  endfacet
  facet normal 9.173752e-01 -3.980235e-01 4.323098e-14
    outer loop
      vertex   2.868620e+02 7.154654e+02 8.010623e+00
      vertex   2.880065e+02 7.181033e+02 6.658515e+00
      vertex   2.872850e+02 7.164403e+02 9.164979e+00
    endloop
  endfacet
  facet normal 9.173752e-01 -3.980235e-01 3.748645e-14
    outer loop
      vertex   2.872850e+02 7.164403e+02 9.164979e+00
      vertex   2.880065e+02 7.181033e+02 6.658515e+00
      vertex   2.884504e+02 7.191265e+02 8.102903e+00
    endloop
  endfacet
  facet normal 9.173752e-01 -3.980235e-01 -1.190123e-15
    outer loop
      vertex   2.872850e+02 7.164403e+02 9.164979e+00
      vertex   2.884504e+02 7.191265e+02 8.102903e+00
      vertex   2.876265e+02 7.172276e+02 1.047850e+01
    endloop
  endfacet
  facet normal 9.173752e-01 -3.980235e-01 -1.762960e-14
    outer loop
      vertex   2.876265e+02 7.172276e+02 1.047850e+01
      vertex   2.884504e+02 7.191265e+02 8.102903e+00
      vertex   2.888059e+02 7.199458e+02 9.694291e+00
    endloop
  endfacet
  facet normal 9.173752e-01 -3.980235e-01 3.002303e-14
    outer loop
      vertex   2.876265e+02 7.172276e+02 1.047850e+01
      vertex   2.888059e+02 7.199458e+02 9.694291e+00
      vertex   2.878774e+02 7.178058e+02 1.191536e+01
    endloop
  endfacet
  facet normal 9.173752e-01 -3.980235e-01 2.439792e-14
    outer loop
      vertex   2.878774e+02 7.178058e+02 1.191536e+01
      vertex   2.888059e+02 7.199458e+02 9.694291e+00
      vertex   2.890654e+02 7.205439e+02 1.139876e+01
    endloop
  endfacet
  facet normal 9.173752e-01 -3.980235e-01 -1.212428e-14
    outer loop
      vertex   2.878774e+02 7.178058e+02 1.191536e+01
      vertex   2.890654e+02 7.205439e+02 1.139876e+01
      vertex   2.880307e+02 7.181591e+02 1.343635e+01
    endloop
  endfacet
  facet normal 9.173752e-01 -3.980235e-01 -5.960479e-15
    outer loop
      vertex   2.880307e+02 7.181591e+02 1.343635e+01
      vertex   2.890654e+02 7.205439e+02 1.139876e+01
      vertex   2.892233e+02 7.209079e+02 1.317999e+01
    endloop
  endfacet
  facet normal 9.173752e-01 -3.980235e-01 -5.194093e-15
    outer loop
      vertex   2.880307e+02 7.181591e+02 1.343635e+01
      vertex   2.892233e+02 7.209079e+02 1.317999e+01
      vertex   2.880823e+02 7.182780e+02 1.500000e+01
    endloop
  endfacet
  facet normal -3.969616e-01 -9.149279e-01 -7.299531e-02
    outer loop
      vertex   2.919754e+02 7.197138e+02 1.682001e+01
      vertex   2.892763e+02 7.210301e+02 1.500000e+01
      vertex   2.920285e+02 7.198360e+02 1.500000e+01
    endloop
  endfacet
  facet normal -3.969616e-01 -9.149279e-01 7.299531e-02
    outer loop
      vertex   2.920285e+02 7.198360e+02 1.500000e+01
      vertex   2.892763e+02 7.210301e+02 1.500000e+01
      vertex   2.892233e+02 7.209079e+02 1.317999e+01
    endloop
  endfacet
  facet normal -3.969616e-01 -9.149279e-01 7.299531e-02
    outer loop
      vertex   2.920285e+02 7.198360e+02 1.500000e+01
      vertex   2.892233e+02 7.209079e+02 1.317999e+01
      vertex   2.919754e+02 7.197138e+02 1.317999e+01
    endloop
  endfacet
  facet normal -3.885011e-01 -8.954278e-01 2.174302e-01
    outer loop
      vertex   2.919754e+02 7.197138e+02 1.317999e+01
      vertex   2.892233e+02 7.209079e+02 1.317999e+01
      vertex   2.890654e+02 7.205439e+02 1.139876e+01
    endloop
  endfacet
  facet normal -3.885011e-01 -8.954278e-01 2.174302e-01
    outer loop
      vertex   2.919754e+02 7.197138e+02 1.317999e+01
      vertex   2.890654e+02 7.205439e+02 1.139876e+01
      vertex   2.918175e+02 7.193498e+02 1.139876e+01
    endloop
  endfacet
  facet normal -3.717603e-01 -8.568433e-01 3.572309e-01
    outer loop
      vertex   2.918175e+02 7.193498e+02 1.139876e+01
      vertex   2.890654e+02 7.205439e+02 1.139876e+01
      vertex   2.888059e+02 7.199458e+02 9.694291e+00
    endloop
  endfacet
  facet normal -3.717603e-01 -8.568433e-01 3.572309e-01
    outer loop
      vertex   2.918175e+02 7.193498e+02 1.139876e+01
      vertex   2.888059e+02 7.199458e+02 9.694291e+00
      vertex   2.915580e+02 7.187518e+02 9.694291e+00
    endloop
  endfacet
  facet normal -3.470961e-01 -7.999965e-01 4.894178e-01
    outer loop
      vertex   2.915580e+02 7.187518e+02 9.694291e+00
      vertex   2.888059e+02 7.199458e+02 9.694291e+00
      vertex   2.884504e+02 7.191265e+02 8.102903e+00
    endloop
  endfacet
  facet normal -3.470961e-01 -7.999965e-01 4.894178e-01
    outer loop
      vertex   2.915580e+02 7.187518e+02 9.694291e+00
      vertex   2.884504e+02 7.191265e+02 8.102903e+00
      vertex   2.912025e+02 7.179324e+02 8.102903e+00
    endloop
  endfacet
  facet normal -3.150342e-01 -7.260993e-01 6.111737e-01
    outer loop
      vertex   2.912025e+02 7.179324e+02 8.102903e+00
      vertex   2.884504e+02 7.191265e+02 8.102903e+00
      vertex   2.880065e+02 7.181033e+02 6.658515e+00
    endloop
  endfacet
  facet normal -3.150342e-01 -7.260993e-01 6.111737e-01
    outer loop
      vertex   2.912025e+02 7.179324e+02 8.102903e+00
      vertex   2.880065e+02 7.181033e+02 6.658515e+00
      vertex   2.907586e+02 7.169093e+02 6.658515e+00
    endloop
  endfacet
  facet normal -2.762578e-01 -6.367265e-01 7.199035e-01
    outer loop
      vertex   2.907586e+02 7.169093e+02 6.658515e+00
      vertex   2.880065e+02 7.181033e+02 6.658515e+00
      vertex   2.874836e+02 7.168981e+02 5.391911e+00
    endloop
  endfacet
  facet normal -2.762578e-01 -6.367265e-01 7.199035e-01
    outer loop
      vertex   2.907586e+02 7.169093e+02 6.658515e+00
      vertex   2.874836e+02 7.168981e+02 5.391911e+00
      vertex   2.902357e+02 7.157041e+02 5.391911e+00
    endloop
  endfacet
  facet normal -2.315935e-01 -5.337830e-01 8.132897e-01
    outer loop
      vertex   2.902357e+02 7.157041e+02 5.391911e+00
      vertex   2.874836e+02 7.168981e+02 5.391911e+00
      vertex   2.868929e+02 7.155366e+02 4.330086e+00
    endloop
  endfacet
  facet normal -2.315935e-01 -5.337830e-01 8.132897e-01
    outer loop
      vertex   2.902357e+02 7.157041e+02 5.391911e+00
      vertex   2.868929e+02 7.155366e+02 4.330086e+00
      vertex   2.896450e+02 7.143425e+02 4.330086e+00
    endloop
  endfacet
  facet normal -1.819932e-01 -4.194628e-01 8.893421e-01
    outer loop
      vertex   2.896450e+02 7.143425e+02 4.330086e+00
      vertex   2.868929e+02 7.155366e+02 4.330086e+00
      vertex   2.862469e+02 7.140478e+02 3.495673e+00
    endloop
  endfacet
  facet normal -1.819932e-01 -4.194628e-01 8.893421e-01
    outer loop
      vertex   2.896450e+02 7.143425e+02 4.330086e+00
      vertex   2.862469e+02 7.140478e+02 3.495673e+00
      vertex   2.889990e+02 7.128537e+02 3.495673e+00
    endloop
  endfacet
  facet normal -1.285140e-01 -2.962025e-01 9.464398e-01
    outer loop
      vertex   2.889990e+02 7.128537e+02 3.495673e+00
      vertex   2.862469e+02 7.140478e+02 3.495673e+00
      vertex   2.855595e+02 7.124633e+02 2.906454e+00
    endloop
  endfacet
  facet normal -1.285140e-01 -2.962025e-01 9.464398e-01
    outer loop
      vertex   2.889990e+02 7.128537e+02 3.495673e+00
      vertex   2.855595e+02 7.124633e+02 2.906454e+00
      vertex   2.883116e+02 7.112693e+02 2.906454e+00
    endloop
  endfacet
  facet normal -7.229573e-02 -1.666291e-01 9.833657e-01
    outer loop
      vertex   2.883116e+02 7.112693e+02 2.906454e+00
      vertex   2.855595e+02 7.124633e+02 2.906454e+00
      vertex   2.848452e+02 7.108171e+02 2.574988e+00
    endloop
  endfacet
  facet normal -7.229573e-02 -1.666291e-01 9.833657e-01
    outer loop
      vertex   2.883116e+02 7.112693e+02 2.906454e+00
      vertex   2.848452e+02 7.108171e+02 2.574988e+00
      vertex   2.875973e+02 7.096230e+02 2.574988e+00
    endloop
  endfacet
  facet normal -1.453662e-02 -3.350440e-02 9.993328e-01
    outer loop
      vertex   2.875973e+02 7.096230e+02 2.574988e+00
      vertex   2.848452e+02 7.108171e+02 2.574988e+00
      vertex   2.841193e+02 7.091441e+02 2.508339e+00
    endloop
  endfacet
  facet normal -1.453662e-02 -3.350440e-02 9.993328e-01
    outer loop
      vertex   2.875973e+02 7.096230e+02 2.574988e+00
      vertex   2.841193e+02 7.091441e+02 2.508339e+00
      vertex   2.868715e+02 7.079500e+02 2.508339e+00
    endloop
  endfacet
  facet normal 4.353231e-02 1.003344e-01 9.940010e-01
    outer loop
      vertex   2.868715e+02 7.079500e+02 2.508339e+00
      vertex   2.841193e+02 7.091441e+02 2.508339e+00
      vertex   2.833973e+02 7.074800e+02 2.707929e+00
    endloop
  endfacet
  facet normal 4.353231e-02 1.003344e-01 9.940010e-01
    outer loop
      vertex   2.868715e+02 7.079500e+02 2.508339e+00
      vertex   2.833973e+02 7.074800e+02 2.707929e+00
      vertex   2.861495e+02 7.062860e+02 2.707929e+00
    endloop
  endfacet
  facet normal 1.006734e-01 2.320348e-01 9.674837e-01
    outer loop
      vertex   2.861495e+02 7.062860e+02 2.707929e+00
      vertex   2.833973e+02 7.074800e+02 2.707929e+00
      vertex   2.826946e+02 7.058604e+02 3.169503e+00
    endloop
  endfacet
  facet normal 1.006734e-01 2.320348e-01 9.674837e-01
    outer loop
      vertex   2.861495e+02 7.062860e+02 2.707929e+00
      vertex   2.826946e+02 7.058604e+02 3.169503e+00
      vertex   2.854467e+02 7.046663e+02 3.169503e+00
    endloop
  endfacet
  facet normal 1.556689e-01 3.587898e-01 9.203462e-01
    outer loop
      vertex   2.854467e+02 7.046663e+02 3.169503e+00
      vertex   2.826946e+02 7.058604e+02 3.169503e+00
      vertex   2.820261e+02 7.043196e+02 3.883223e+00
    endloop
  endfacet
  facet normal 1.556689e-01 3.587898e-01 9.203462e-01
    outer loop
      vertex   2.854467e+02 7.046663e+02 3.169503e+00
      vertex   2.820261e+02 7.043196e+02 3.883223e+00
      vertex   2.847783e+02 7.031255e+02 3.883223e+00
    endloop
  endfacet
  facet normal 2.073465e-01 4.778978e-01 8.535931e-01
    outer loop
      vertex   2.847783e+02 7.031255e+02 3.883223e+00
      vertex   2.820261e+02 7.043196e+02 3.883223e+00
      vertex   2.814061e+02 7.028906e+02 4.833878e+00
    endloop
  endfacet
  facet normal 2.073465e-01 4.778978e-01 8.535931e-01
    outer loop
      vertex   2.847783e+02 7.031255e+02 3.883223e+00
      vertex   2.814061e+02 7.028906e+02 4.833878e+00
      vertex   2.841582e+02 7.016965e+02 4.833878e+00
    endloop
  endfacet
  facet normal 2.546049e-01 5.868202e-01 7.686471e-01
    outer loop
      vertex   2.841582e+02 7.016965e+02 4.833878e+00
      vertex   2.814061e+02 7.028906e+02 4.833878e+00
      vertex   2.808478e+02 7.016038e+02 6.001207e+00
    endloop
  endfacet
  facet normal 2.546049e-01 5.868202e-01 7.686471e-01
    outer loop
      vertex   2.841582e+02 7.016965e+02 4.833878e+00
      vertex   2.808478e+02 7.016038e+02 6.001207e+00
      vertex   2.835999e+02 7.004097e+02 6.001207e+00
    endloop
  endfacet
  facet normal 2.964368e-01 6.832356e-01 6.673188e-01
    outer loop
      vertex   2.835999e+02 7.004097e+02 6.001207e+00
      vertex   2.808478e+02 7.016038e+02 6.001207e+00
      vertex   2.803631e+02 7.004867e+02 7.360329e+00
    endloop
  endfacet
  facet normal 2.964368e-01 6.832356e-01 6.673188e-01
    outer loop
      vertex   2.835999e+02 7.004097e+02 6.001207e+00
      vertex   2.803631e+02 7.004867e+02 7.360329e+00
      vertex   2.831152e+02 6.992926e+02 7.360329e+00
    endloop
  endfacet
  facet normal 3.319507e-01 7.650889e-01 5.517677e-01
    outer loop
      vertex   2.831152e+02 6.992926e+02 7.360329e+00
      vertex   2.803631e+02 7.004867e+02 7.360329e+00
      vertex   2.799623e+02 6.995629e+02 8.882277e+00
    endloop
  endfacet
  facet normal 3.319507e-01 7.650889e-01 5.517677e-01
    outer loop
      vertex   2.831152e+02 6.992926e+02 7.360329e+00
      vertex   2.799623e+02 6.995629e+02 8.882277e+00
      vertex   2.827145e+02 6.983689e+02 8.882277e+00
    endloop
  endfacet
  facet normal 3.603896e-01 8.306358e-01 4.244567e-01
    outer loop
      vertex   2.827145e+02 6.983689e+02 8.882277e+00
      vertex   2.799623e+02 6.995629e+02 8.882277e+00
      vertex   2.796540e+02 6.988524e+02 1.053461e+01
    endloop
  endfacet
  facet normal 3.603896e-01 8.306358e-01 4.244567e-01
    outer loop
      vertex   2.827145e+02 6.983689e+02 8.882277e+00
      vertex   2.796540e+02 6.988524e+02 1.053461e+01
      vertex   2.824062e+02 6.976583e+02 1.053461e+01
    endloop
  endfacet
  facet normal 3.811475e-01 8.784791e-01 2.880991e-01
    outer loop
      vertex   2.824062e+02 6.976583e+02 1.053461e+01
      vertex   2.796540e+02 6.988524e+02 1.053461e+01
      vertex   2.794448e+02 6.983700e+02 1.228212e+01
    endloop
  endfacet
  facet normal 3.811475e-01 8.784791e-01 2.880991e-01
    outer loop
      vertex   2.824062e+02 6.976583e+02 1.053461e+01
      vertex   2.794448e+02 6.983700e+02 1.228212e+01
      vertex   2.821969e+02 6.971760e+02 1.228212e+01
    endloop
  endfacet
  facet normal 3.937819e-01 9.075991e-01 1.456012e-01
    outer loop
      vertex   2.821969e+02 6.971760e+02 1.228212e+01
      vertex   2.794448e+02 6.983700e+02 1.228212e+01
      vertex   2.793390e+02 6.981263e+02 1.408756e+01
    endloop
  endfacet
  facet normal 3.937819e-01 9.075991e-01 1.456012e-01
    outer loop
      vertex   2.821969e+02 6.971760e+02 1.228212e+01
      vertex   2.793390e+02 6.981263e+02 1.408756e+01
      vertex   2.820911e+02 6.969322e+02 1.408756e+01
    endloop
  endfacet
  facet normal 3.980235e-01 9.173752e-01 0.000000e+00
    outer loop
      vertex   2.820911e+02 6.969322e+02 1.408756e+01
      vertex   2.793390e+02 6.981263e+02 1.408756e+01
      vertex   2.793390e+02 6.981263e+02 1.591244e+01
    endloop
  endfacet
  facet normal 3.980235e-01 9.173752e-01 -0.000000e+00
    outer loop
      vertex   2.820911e+02 6.969322e+02 1.408756e+01
      vertex   2.793390e+02 6.981263e+02 1.591244e+01
      vertex   2.820911e+02 6.969322e+02 1.591244e+01
    endloop
  endfacet
  facet normal 3.937819e-01 9.075991e-01 -1.456012e-01
    outer loop
      vertex   2.820911e+02 6.969322e+02 1.591244e+01
      vertex   2.793390e+02 6.981263e+02 1.591244e+01
      vertex   2.794448e+02 6.983700e+02 1.771788e+01
    endloop
  endfacet
  facet normal 3.937819e-01 9.075991e-01 -1.456012e-01
    outer loop
      vertex   2.820911e+02 6.969322e+02 1.591244e+01
      vertex   2.794448e+02 6.983700e+02 1.771788e+01
      vertex   2.821969e+02 6.971760e+02 1.771788e+01
    endloop
  endfacet
  facet normal 3.811475e-01 8.784791e-01 -2.880991e-01
    outer loop
      vertex   2.821969e+02 6.971760e+02 1.771788e+01
      vertex   2.794448e+02 6.983700e+02 1.771788e+01
      vertex   2.796540e+02 6.988524e+02 1.946539e+01
    endloop
  endfacet
  facet normal 3.811475e-01 8.784791e-01 -2.880991e-01
    outer loop
      vertex   2.821969e+02 6.971760e+02 1.771788e+01
      vertex   2.796540e+02 6.988524e+02 1.946539e+01
      vertex   2.824062e+02 6.976583e+02 1.946539e+01
    endloop
  endfacet
  facet normal 3.603896e-01 8.306358e-01 -4.244567e-01
    outer loop
      vertex   2.824062e+02 6.976583e+02 1.946539e+01
      vertex   2.796540e+02 6.988524e+02 1.946539e+01
      vertex   2.799623e+02 6.995629e+02 2.111772e+01
    endloop
  endfacet
  facet normal 3.603896e-01 8.306358e-01 -4.244567e-01
    outer loop
      vertex   2.824062e+02 6.976583e+02 1.946539e+01
      vertex   2.799623e+02 6.995629e+02 2.111772e+01
      vertex   2.827145e+02 6.983689e+02 2.111772e+01
    endloop
  endfacet
  facet normal 3.319507e-01 7.650889e-01 -5.517677e-01
    outer loop
      vertex   2.827145e+02 6.983689e+02 2.111772e+01
      vertex   2.799623e+02 6.995629e+02 2.111772e+01
      vertex   2.803631e+02 7.004867e+02 2.263967e+01
    endloop
  endfacet
  facet normal 3.319507e-01 7.650889e-01 -5.517677e-01
    outer loop
      vertex   2.827145e+02 6.983689e+02 2.111772e+01
      vertex   2.803631e+02 7.004867e+02 2.263967e+01
      vertex   2.831152e+02 6.992926e+02 2.263967e+01
    endloop
  endfacet
  facet normal 2.964368e-01 6.832356e-01 -6.673188e-01
    outer loop
      vertex   2.831152e+02 6.992926e+02 2.263967e+01
      vertex   2.803631e+02 7.004867e+02 2.263967e+01
      vertex   2.808478e+02 7.016038e+02 2.399879e+01
    endloop
  endfacet
  facet normal 2.964368e-01 6.832356e-01 -6.673188e-01
    outer loop
      vertex   2.831152e+02 6.992926e+02 2.263967e+01
      vertex   2.808478e+02 7.016038e+02 2.399879e+01
      vertex   2.835999e+02 7.004097e+02 2.399879e+01
    endloop
  endfacet
  facet normal 2.546049e-01 5.868202e-01 -7.686471e-01
    outer loop
      vertex   2.835999e+02 7.004097e+02 2.399879e+01
      vertex   2.808478e+02 7.016038e+02 2.399879e+01
      vertex   2.814061e+02 7.028906e+02 2.516612e+01
    endloop
  endfacet
  facet normal 2.546049e-01 5.868202e-01 -7.686471e-01
    outer loop
      vertex   2.835999e+02 7.004097e+02 2.399879e+01
      vertex   2.814061e+02 7.028906e+02 2.516612e+01
      vertex   2.841582e+02 7.016965e+02 2.516612e+01
    endloop
  endfacet
  facet normal 2.073465e-01 4.778978e-01 -8.535931e-01
    outer loop
      vertex   2.841582e+02 7.016965e+02 2.516612e+01
      vertex   2.814061e+02 7.028906e+02 2.516612e+01
      vertex   2.820261e+02 7.043196e+02 2.611678e+01
    endloop
  endfacet
  facet normal 2.073465e-01 4.778978e-01 -8.535931e-01
    outer loop
      vertex   2.841582e+02 7.016965e+02 2.516612e+01
      vertex   2.820261e+02 7.043196e+02 2.611678e+01
      vertex   2.847783e+02 7.031255e+02 2.611678e+01
    endloop
  endfacet
  facet normal 1.556689e-01 3.587898e-01 -9.203462e-01
    outer loop
      vertex   2.847783e+02 7.031255e+02 2.611678e+01
      vertex   2.820261e+02 7.043196e+02 2.611678e+01
      vertex   2.826946e+02 7.058604e+02 2.683050e+01
    endloop
  endfacet
  facet normal 1.556689e-01 3.587898e-01 -9.203462e-01
    outer loop
      vertex   2.847783e+02 7.031255e+02 2.611678e+01
      vertex   2.826946e+02 7.058604e+02 2.683050e+01
      vertex   2.854467e+02 7.046663e+02 2.683050e+01
    endloop
  endfacet
  facet normal 1.006734e-01 2.320348e-01 -9.674837e-01
    outer loop
      vertex   2.854467e+02 7.046663e+02 2.683050e+01
      vertex   2.826946e+02 7.058604e+02 2.683050e+01
      vertex   2.833973e+02 7.074800e+02 2.729207e+01
    endloop
  endfacet
  facet normal 1.006734e-01 2.320348e-01 -9.674837e-01
    outer loop
      vertex   2.854467e+02 7.046663e+02 2.683050e+01
      vertex   2.833973e+02 7.074800e+02 2.729207e+01
      vertex   2.861495e+02 7.062860e+02 2.729207e+01
    endloop
  endfacet
  facet normal 4.353231e-02 1.003344e-01 -9.940010e-01
    outer loop
      vertex   2.861495e+02 7.062860e+02 2.729207e+01
      vertex   2.833973e+02 7.074800e+02 2.729207e+01
      vertex   2.841193e+02 7.091441e+02 2.749166e+01
    endloop
  endfacet
  facet normal 4.353231e-02 1.003344e-01 -9.940010e-01
    outer loop
      vertex   2.861495e+02 7.062860e+02 2.729207e+01
      vertex   2.841193e+02 7.091441e+02 2.749166e+01
      vertex   2.868715e+02 7.079500e+02 2.749166e+01
    endloop
  endfacet
  facet normal -1.453662e-02 -3.350440e-02 -9.993328e-01
    outer loop
      vertex   2.868715e+02 7.079500e+02 2.749166e+01
      vertex   2.841193e+02 7.091441e+02 2.749166e+01
      vertex   2.848452e+02 7.108171e+02 2.742501e+01
    endloop
  endfacet
  facet normal -1.453662e-02 -3.350440e-02 -9.993328e-01
    outer loop
      vertex   2.868715e+02 7.079500e+02 2.749166e+01
      vertex   2.848452e+02 7.108171e+02 2.742501e+01
      vertex   2.875973e+02 7.096230e+02 2.742501e+01
    endloop
  endfacet
  facet normal -7.229573e-02 -1.666291e-01 -9.833657e-01
    outer loop
      vertex   2.875973e+02 7.096230e+02 2.742501e+01
      vertex   2.848452e+02 7.108171e+02 2.742501e+01
      vertex   2.855595e+02 7.124633e+02 2.709355e+01
    endloop
  endfacet
  facet normal -7.229573e-02 -1.666291e-01 -9.833657e-01
    outer loop
      vertex   2.875973e+02 7.096230e+02 2.742501e+01
      vertex   2.855595e+02 7.124633e+02 2.709355e+01
      vertex   2.883116e+02 7.112693e+02 2.709355e+01
    endloop
  endfacet
  facet normal -1.285140e-01 -2.962025e-01 -9.464398e-01
    outer loop
      vertex   2.883116e+02 7.112693e+02 2.709355e+01
      vertex   2.855595e+02 7.124633e+02 2.709355e+01
      vertex   2.862469e+02 7.140478e+02 2.650433e+01
    endloop
  endfacet
  facet normal -1.285140e-01 -2.962025e-01 -9.464398e-01
    outer loop
      vertex   2.883116e+02 7.112693e+02 2.709355e+01
      vertex   2.862469e+02 7.140478e+02 2.650433e+01
      vertex   2.889990e+02 7.128537e+02 2.650433e+01
    endloop
  endfacet
  facet normal -1.819932e-01 -4.194628e-01 -8.893421e-01
    outer loop
      vertex   2.889990e+02 7.128537e+02 2.650433e+01
      vertex   2.862469e+02 7.140478e+02 2.650433e+01
      vertex   2.868929e+02 7.155366e+02 2.566991e+01
    endloop
  endfacet
  facet normal -1.819932e-01 -4.194628e-01 -8.893421e-01
    outer loop
      vertex   2.889990e+02 7.128537e+02 2.650433e+01
      vertex   2.868929e+02 7.155366e+02 2.566991e+01
      vertex   2.896450e+02 7.143425e+02 2.566991e+01
    endloop
  endfacet
  facet normal -2.315935e-01 -5.337830e-01 -8.132897e-01
    outer loop
      vertex   2.896450e+02 7.143425e+02 2.566991e+01
      vertex   2.868929e+02 7.155366e+02 2.566991e+01
      vertex   2.874836e+02 7.168981e+02 2.460809e+01
    endloop
  endfacet
  facet normal -2.315935e-01 -5.337830e-01 -8.132897e-01
    outer loop
      vertex   2.896450e+02 7.143425e+02 2.566991e+01
      vertex   2.874836e+02 7.168981e+02 2.460809e+01
      vertex   2.902357e+02 7.157041e+02 2.460809e+01
    endloop
  endfacet
  facet normal -2.762578e-01 -6.367265e-01 -7.199035e-01
    outer loop
      vertex   2.902357e+02 7.157041e+02 2.460809e+01
      vertex   2.874836e+02 7.168981e+02 2.460809e+01
      vertex   2.880065e+02 7.181033e+02 2.334149e+01
    endloop
  endfacet
  facet normal -2.762578e-01 -6.367265e-01 -7.199035e-01
    outer loop
      vertex   2.902357e+02 7.157041e+02 2.460809e+01
      vertex   2.880065e+02 7.181033e+02 2.334149e+01
      vertex   2.907586e+02 7.169093e+02 2.334149e+01
    endloop
  endfacet
  facet normal -3.150342e-01 -7.260993e-01 -6.111737e-01
    outer loop
      vertex   2.907586e+02 7.169093e+02 2.334149e+01
      vertex   2.880065e+02 7.181033e+02 2.334149e+01
      vertex   2.884504e+02 7.191265e+02 2.189710e+01
    endloop
  endfacet
  facet normal -3.150342e-01 -7.260993e-01 -6.111737e-01
    outer loop
      vertex   2.907586e+02 7.169093e+02 2.334149e+01
      vertex   2.884504e+02 7.191265e+02 2.189710e+01
      vertex   2.912025e+02 7.179324e+02 2.189710e+01
    endloop
  endfacet
  facet normal -3.470961e-01 -7.999965e-01 -4.894178e-01
    outer loop
      vertex   2.912025e+02 7.179324e+02 2.189710e+01
      vertex   2.884504e+02 7.191265e+02 2.189710e+01
      vertex   2.888059e+02 7.199458e+02 2.030571e+01
    endloop
  endfacet
  facet normal -3.470961e-01 -7.999965e-01 -4.894178e-01
    outer loop
      vertex   2.912025e+02 7.179324e+02 2.189710e+01
      vertex   2.888059e+02 7.199458e+02 2.030571e+01
      vertex   2.915580e+02 7.187518e+02 2.030571e+01
    endloop
  endfacet
  facet normal -3.717603e-01 -8.568433e-01 -3.572309e-01
    outer loop
      vertex   2.915580e+02 7.187518e+02 2.030571e+01
      vertex   2.888059e+02 7.199458e+02 2.030571e+01
      vertex   2.890654e+02 7.205439e+02 1.860124e+01
    endloop
  endfacet
  facet normal -3.717603e-01 -8.568433e-01 -3.572309e-01
    outer loop
      vertex   2.915580e+02 7.187518e+02 2.030571e+01
      vertex   2.890654e+02 7.205439e+02 1.860124e+01
      vertex   2.918175e+02 7.193498e+02 1.860124e+01
    endloop
  endfacet
  facet normal -3.885011e-01 -8.954278e-01 -2.174302e-01
    outer loop
      vertex   2.918175e+02 7.193498e+02 1.860124e+01
      vertex   2.890654e+02 7.205439e+02 1.860124e+01
      vertex   2.892233e+02 7.209079e+02 1.682001e+01
    endloop
  endfacet
  facet normal -3.885011e-01 -8.954278e-01 -2.174302e-01
    outer loop
      vertex   2.918175e+02 7.193498e+02 1.860124e+01
      vertex   2.892233e+02 7.209079e+02 1.682001e+01
      vertex   2.919754e+02 7.197138e+02 1.682001e+01
    endloop
  endfacet
  facet normal -3.969616e-01 -9.149279e-01 -7.299531e-02
    outer loop
      vertex   2.919754e+02 7.197138e+02 1.682001e+01
      vertex   2.892233e+02 7.209079e+02 1.682001e+01
      vertex   2.892763e+02 7.210301e+02 1.500000e+01
    endloop
  endfacet
  facet normal 3.966640e-01 9.142419e-01 8.257935e-02
    outer loop
      vertex   2.805714e+02 7.009667e+02 1.343635e+01
      vertex   2.787366e+02 7.017627e+02 1.343635e+01
      vertex   2.805198e+02 7.008478e+02 1.500000e+01
    endloop
  endfacet
  facet normal 3.966640e-01 9.142419e-01 8.257935e-02
    outer loop
      vertex   2.805198e+02 7.008478e+02 1.500000e+01
      vertex   2.787366e+02 7.017627e+02 1.343635e+01
      vertex   2.786851e+02 7.016439e+02 1.500000e+01
    endloop
  endfacet
  facet normal 3.966640e-01 9.142419e-01 -8.257935e-02
    outer loop
      vertex   2.805198e+02 7.008478e+02 1.500000e+01
      vertex   2.786851e+02 7.016439e+02 1.500000e+01
      vertex   2.805714e+02 7.009667e+02 1.656365e+01
    endloop
  endfacet
  facet normal 3.966640e-01 9.142419e-01 -8.257935e-02
    outer loop
      vertex   2.805714e+02 7.009667e+02 1.656365e+01
      vertex   2.786851e+02 7.016439e+02 1.500000e+01
      vertex   2.787366e+02 7.017627e+02 1.656365e+01
    endloop
  endfacet
  facet normal 3.858440e-01 8.893038e-01 -2.454855e-01
    outer loop
      vertex   2.805714e+02 7.009667e+02 1.656365e+01
      vertex   2.787366e+02 7.017627e+02 1.656365e+01
      vertex   2.807247e+02 7.013200e+02 1.808464e+01
    endloop
  endfacet
  facet normal 3.858440e-01 8.893038e-01 -2.454855e-01
    outer loop
      vertex   2.807247e+02 7.013200e+02 1.808464e+01
      vertex   2.787366e+02 7.017627e+02 1.656365e+01
      vertex   2.788899e+02 7.021161e+02 1.808464e+01
    endloop
  endfacet
  facet normal 3.644993e-01 8.401078e-01 -4.016954e-01
    outer loop
      vertex   2.807247e+02 7.013200e+02 1.808464e+01
      vertex   2.788899e+02 7.021161e+02 1.808464e+01
      vertex   2.809756e+02 7.018982e+02 1.952150e+01
    endloop
  endfacet
  facet normal 3.644993e-01 8.401078e-01 -4.016954e-01
    outer loop
      vertex   2.809756e+02 7.018982e+02 1.952150e+01
      vertex   2.788899e+02 7.021161e+02 1.808464e+01
      vertex   2.791408e+02 7.026943e+02 1.952150e+01
    endloop
  endfacet
  facet normal 3.332119e-01 7.679958e-01 -5.469482e-01
    outer loop
      vertex   2.809756e+02 7.018982e+02 1.952150e+01
      vertex   2.791408e+02 7.026943e+02 1.952150e+01
      vertex   2.813171e+02 7.026855e+02 2.083502e+01
    endloop
  endfacet
  facet normal 3.332119e-01 7.679958e-01 -5.469482e-01
    outer loop
      vertex   2.813171e+02 7.026855e+02 2.083502e+01
      vertex   2.791408e+02 7.026943e+02 1.952150e+01
      vertex   2.794824e+02 7.034815e+02 2.083502e+01
    endloop
  endfacet
  facet normal 2.928354e-01 6.749349e-01 -6.772816e-01
    outer loop
      vertex   2.813171e+02 7.026855e+02 2.083502e+01
      vertex   2.794824e+02 7.034815e+02 2.083502e+01
      vertex   2.817401e+02 7.036603e+02 2.198938e+01
    endloop
  endfacet
  facet normal 2.928354e-01 6.749349e-01 -6.772816e-01
    outer loop
      vertex   2.817401e+02 7.036603e+02 2.198938e+01
      vertex   2.794824e+02 7.034815e+02 2.083502e+01
      vertex   2.799053e+02 7.044564e+02 2.198938e+01
    endloop
  endfacet
  facet normal 2.444711e-01 5.634635e-01 -7.891405e-01
    outer loop
      vertex   2.817401e+02 7.036603e+02 2.198938e+01
      vertex   2.799053e+02 7.044564e+02 2.198938e+01
      vertex   2.822329e+02 7.047962e+02 2.295308e+01
    endloop
  endfacet
  facet normal 2.444711e-01 5.634635e-01 -7.891405e-01
    outer loop
      vertex   2.822329e+02 7.047962e+02 2.295308e+01
      vertex   2.799053e+02 7.044564e+02 2.198938e+01
      vertex   2.803982e+02 7.055923e+02 2.295308e+01
    endloop
  endfacet
  facet normal 1.894382e-01 4.366224e-01 -8.794738e-01
    outer loop
      vertex   2.822329e+02 7.047962e+02 2.295308e+01
      vertex   2.803982e+02 7.055923e+02 2.295308e+01
      vertex   2.827821e+02 7.060621e+02 2.369985e+01
    endloop
  endfacet
  facet normal 1.894382e-01 4.366224e-01 -8.794738e-01
    outer loop
      vertex   2.827821e+02 7.060621e+02 2.369985e+01
      vertex   2.803982e+02 7.055923e+02 2.295308e+01
      vertex   2.809474e+02 7.068581e+02 2.369985e+01
    endloop
  endfacet
  facet normal 1.292380e-01 2.978713e-01 -9.458172e-01
    outer loop
      vertex   2.827821e+02 7.060621e+02 2.369985e+01
      vertex   2.809474e+02 7.068581e+02 2.369985e+01
      vertex   2.833728e+02 7.074235e+02 2.420930e+01
    endloop
  endfacet
  facet normal 1.292380e-01 2.978713e-01 -9.458172e-01
    outer loop
      vertex   2.833728e+02 7.074235e+02 2.420930e+01
      vertex   2.809474e+02 7.068581e+02 2.369985e+01
      vertex   2.815381e+02 7.082195e+02 2.420930e+01
    endloop
  endfacet
  facet normal 6.551251e-02 1.509950e-01 -9.863613e-01
    outer loop
      vertex   2.833728e+02 7.074235e+02 2.420930e+01
      vertex   2.815381e+02 7.082195e+02 2.420930e+01
      vertex   2.839888e+02 7.088432e+02 2.446755e+01
    endloop
  endfacet
  facet normal 6.551251e-02 1.509950e-01 -9.863613e-01
    outer loop
      vertex   2.839888e+02 7.088432e+02 2.446755e+01
      vertex   2.815381e+02 7.082195e+02 2.420930e+01
      vertex   2.821540e+02 7.096393e+02 2.446755e+01
    endloop
  endfacet
  facet normal 0.000000e+00 0.000000e+00 -1.000000e+00
    outer loop
      vertex   2.839888e+02 7.088432e+02 2.446755e+01
      vertex   2.821540e+02 7.096393e+02 2.446755e+01
      vertex   2.846133e+02 7.102826e+02 2.446755e+01
    endloop
  endfacet
  facet normal -0.000000e+00 0.000000e+00 -1.000000e+00
    outer loop
      vertex   2.846133e+02 7.102826e+02 2.446755e+01
      vertex   2.821540e+02 7.096393e+02 2.446755e+01
      vertex   2.827785e+02 7.110786e+02 2.446755e+01
    endloop
  endfacet
  facet normal -6.551251e-02 -1.509950e-01 -9.863613e-01
    outer loop
      vertex   2.846133e+02 7.102826e+02 2.446755e+01
      vertex   2.827785e+02 7.110786e+02 2.446755e+01
      vertex   2.852293e+02 7.117023e+02 2.420930e+01
    endloop
  endfacet
  facet normal -6.551251e-02 -1.509950e-01 -9.863613e-01
    outer loop
      vertex   2.852293e+02 7.117023e+02 2.420930e+01
      vertex   2.827785e+02 7.110786e+02 2.446755e+01
      vertex   2.833945e+02 7.124984e+02 2.420930e+01
    endloop
  endfacet
  facet normal -1.292380e-01 -2.978713e-01 -9.458172e-01
    outer loop
      vertex   2.852293e+02 7.117023e+02 2.420930e+01
      vertex   2.833945e+02 7.124984e+02 2.420930e+01
      vertex   2.858199e+02 7.130637e+02 2.369985e+01
    endloop
  endfacet
  facet normal -1.292380e-01 -2.978713e-01 -9.458172e-01
    outer loop
      vertex   2.858199e+02 7.130637e+02 2.369985e+01
      vertex   2.833945e+02 7.124984e+02 2.420930e+01
      vertex   2.839852e+02 7.138597e+02 2.369985e+01
    endloop
  endfacet
  facet normal -1.894382e-01 -4.366224e-01 -8.794738e-01
    outer loop
      vertex   2.858199e+02 7.130637e+02 2.369985e+01
      vertex   2.839852e+02 7.138597e+02 2.369985e+01
      vertex   2.863692e+02 7.143296e+02 2.295308e+01
    endloop
  endfacet
  facet normal -1.894382e-01 -4.366224e-01 -8.794738e-01
    outer loop
      vertex   2.863692e+02 7.143296e+02 2.295308e+01
      vertex   2.839852e+02 7.138597e+02 2.369985e+01
      vertex   2.845344e+02 7.151256e+02 2.295308e+01
    endloop
  endfacet
  facet normal -2.444711e-01 -5.634635e-01 -7.891405e-01
    outer loop
      vertex   2.863692e+02 7.143296e+02 2.295308e+01
      vertex   2.845344e+02 7.151256e+02 2.295308e+01
      vertex   2.868620e+02 7.154654e+02 2.198938e+01
    endloop
  endfacet
  facet normal -2.444711e-01 -5.634635e-01 -7.891405e-01
    outer loop
      vertex   2.868620e+02 7.154654e+02 2.198938e+01
      vertex   2.845344e+02 7.151256e+02 2.295308e+01
      vertex   2.850272e+02 7.162615e+02 2.198938e+01
    endloop
  endfacet
  facet normal -2.928354e-01 -6.749349e-01 -6.772816e-01
    outer loop
      vertex   2.868620e+02 7.154654e+02 2.198938e+01
      vertex   2.850272e+02 7.162615e+02 2.198938e+01
      vertex   2.872850e+02 7.164403e+02 2.083502e+01
    endloop
  endfacet
  facet normal -2.928354e-01 -6.749349e-01 -6.772816e-01
    outer loop
      vertex   2.872850e+02 7.164403e+02 2.083502e+01
      vertex   2.850272e+02 7.162615e+02 2.198938e+01
      vertex   2.854502e+02 7.172364e+02 2.083502e+01
    endloop
  endfacet
  facet normal -3.332119e-01 -7.679958e-01 -5.469482e-01
    outer loop
      vertex   2.872850e+02 7.164403e+02 2.083502e+01
      vertex   2.854502e+02 7.172364e+02 2.083502e+01
      vertex   2.876265e+02 7.172276e+02 1.952150e+01
    endloop
  endfacet
  facet normal -3.332119e-01 -7.679958e-01 -5.469482e-01
    outer loop
      vertex   2.876265e+02 7.172276e+02 1.952150e+01
      vertex   2.854502e+02 7.172364e+02 2.083502e+01
      vertex   2.857918e+02 7.180236e+02 1.952150e+01
    endloop
  endfacet
  facet normal -3.644993e-01 -8.401078e-01 -4.016954e-01
    outer loop
      vertex   2.876265e+02 7.172276e+02 1.952150e+01
      vertex   2.857918e+02 7.180236e+02 1.952150e+01
      vertex   2.878774e+02 7.178058e+02 1.808464e+01
    endloop
  endfacet
  facet normal -3.644993e-01 -8.401078e-01 -4.016954e-01
    outer loop
      vertex   2.878774e+02 7.178058e+02 1.808464e+01
      vertex   2.857918e+02 7.180236e+02 1.952150e+01
      vertex   2.860426e+02 7.186018e+02 1.808464e+01
    endloop
  endfacet
  facet normal -3.858440e-01 -8.893038e-01 -2.454855e-01
    outer loop
      vertex   2.878774e+02 7.178058e+02 1.808464e+01
      vertex   2.860426e+02 7.186018e+02 1.808464e+01
      vertex   2.880307e+02 7.181591e+02 1.656365e+01
    endloop
  endfacet
  facet normal -3.858440e-01 -8.893038e-01 -2.454855e-01
    outer loop
      vertex   2.880307e+02 7.181591e+02 1.656365e+01
      vertex   2.860426e+02 7.186018e+02 1.808464e+01
      vertex   2.861959e+02 7.189551e+02 1.656365e+01
    endloop
  endfacet
  facet normal -3.966640e-01 -9.142419e-01 -8.257935e-02
    outer loop
      vertex   2.880307e+02 7.181591e+02 1.656365e+01
      vertex   2.861959e+02 7.189551e+02 1.656365e+01
      vertex   2.880823e+02 7.182780e+02 1.500000e+01
    endloop
  endfacet
  facet normal -3.966640e-01 -9.142419e-01 -8.257935e-02
    outer loop
      vertex   2.880823e+02 7.182780e+02 1.500000e+01
      vertex   2.861959e+02 7.189551e+02 1.656365e+01
      vertex   2.862475e+02 7.190740e+02 1.500000e+01
    endloop
  endfacet
  facet normal -3.966640e-01 -9.142419e-01 8.257935e-02
    outer loop
      vertex   2.880823e+02 7.182780e+02 1.500000e+01
      vertex   2.862475e+02 7.190740e+02 1.500000e+01
      vertex   2.880307e+02 7.181591e+02 1.343635e+01
    endloop
  endfacet
  facet normal -3.966640e-01 -9.142419e-01 8.257935e-02
    outer loop
      vertex   2.880307e+02 7.181591e+02 1.343635e+01
      vertex   2.862475e+02 7.190740e+02 1.500000e+01
      vertex   2.861959e+02 7.189551e+02 1.343635e+01
    endloop
  endfacet
  facet normal -3.858440e-01 -8.893038e-01 2.454855e-01
    outer loop
      vertex   2.880307e+02 7.181591e+02 1.343635e+01
      vertex   2.861959e+02 7.189551e+02 1.343635e+01
      vertex   2.878774e+02 7.178058e+02 1.191536e+01
    endloop
  endfacet
  facet normal -3.858440e-01 -8.893038e-01 2.454855e-01
    outer loop
      vertex   2.878774e+02 7.178058e+02 1.191536e+01
      vertex   2.861959e+02 7.189551e+02 1.343635e+01
      vertex   2.860426e+02 7.186018e+02 1.191536e+01
    endloop
  endfacet
  facet normal -3.644993e-01 -8.401078e-01 4.016954e-01
    outer loop
      vertex   2.878774e+02 7.178058e+02 1.191536e+01
      vertex   2.860426e+02 7.186018e+02 1.191536e+01
      vertex   2.876265e+02 7.172276e+02 1.047850e+01
    endloop
  endfacet
  facet normal -3.644993e-01 -8.401078e-01 4.016954e-01
    outer loop
      vertex   2.876265e+02 7.172276e+02 1.047850e+01
      vertex   2.860426e+02 7.186018e+02 1.191536e+01
      vertex   2.857918e+02 7.180236e+02 1.047850e+01
    endloop
  endfacet
  facet normal -3.332119e-01 -7.679958e-01 5.469482e-01
    outer loop
      vertex   2.876265e+02 7.172276e+02 1.047850e+01
      vertex   2.857918e+02 7.180236e+02 1.047850e+01
      vertex   2.872850e+02 7.164403e+02 9.164979e+00
    endloop
  endfacet
  facet normal -3.332119e-01 -7.679958e-01 5.469482e-01
    outer loop
      vertex   2.872850e+02 7.164403e+02 9.164979e+00
      vertex   2.857918e+02 7.180236e+02 1.047850e+01
      vertex   2.854502e+02 7.172364e+02 9.164979e+00
    endloop
  endfacet
  facet normal -2.928354e-01 -6.749349e-01 6.772816e-01
    outer loop
      vertex   2.872850e+02 7.164403e+02 9.164979e+00
      vertex   2.854502e+02 7.172364e+02 9.164979e+00
      vertex   2.868620e+02 7.154654e+02 8.010623e+00
    endloop
  endfacet
  facet normal -2.928354e-01 -6.749349e-01 6.772816e-01
    outer loop
      vertex   2.868620e+02 7.154654e+02 8.010623e+00
      vertex   2.854502e+02 7.172364e+02 9.164979e+00
      vertex   2.850272e+02 7.162615e+02 8.010623e+00
    endloop
  endfacet
  facet normal -2.444711e-01 -5.634635e-01 7.891405e-01
    outer loop
      vertex   2.868620e+02 7.154654e+02 8.010623e+00
      vertex   2.850272e+02 7.162615e+02 8.010623e+00
      vertex   2.863692e+02 7.143296e+02 7.046918e+00
    endloop
  endfacet
  facet normal -2.444711e-01 -5.634635e-01 7.891405e-01
    outer loop
      vertex   2.863692e+02 7.143296e+02 7.046918e+00
      vertex   2.850272e+02 7.162615e+02 8.010623e+00
      vertex   2.845344e+02 7.151256e+02 7.046918e+00
    endloop
  endfacet
  facet normal -1.894382e-01 -4.366224e-01 8.794738e-01
    outer loop
      vertex   2.863692e+02 7.143296e+02 7.046918e+00
      vertex   2.845344e+02 7.151256e+02 7.046918e+00
      vertex   2.858199e+02 7.130637e+02 6.300153e+00
    endloop
  endfacet
  facet normal -1.894382e-01 -4.366224e-01 8.794738e-01
    outer loop
      vertex   2.858199e+02 7.130637e+02 6.300153e+00
      vertex   2.845344e+02 7.151256e+02 7.046918e+00
      vertex   2.839852e+02 7.138597e+02 6.300153e+00
    endloop
  endfacet
  facet normal -1.292380e-01 -2.978713e-01 9.458172e-01
    outer loop
      vertex   2.858199e+02 7.130637e+02 6.300153e+00
      vertex   2.839852e+02 7.138597e+02 6.300153e+00
      vertex   2.852293e+02 7.117023e+02 5.790697e+00
    endloop
  endfacet
  facet normal -1.292380e-01 -2.978713e-01 9.458172e-01
    outer loop
      vertex   2.852293e+02 7.117023e+02 5.790697e+00
      vertex   2.839852e+02 7.138597e+02 6.300153e+00
      vertex   2.833945e+02 7.124984e+02 5.790697e+00
    endloop
  endfacet
  facet normal -6.551251e-02 -1.509950e-01 9.863613e-01
    outer loop
      vertex   2.852293e+02 7.117023e+02 5.790697e+00
      vertex   2.833945e+02 7.124984e+02 5.790697e+00
      vertex   2.846133e+02 7.102826e+02 5.532447e+00
    endloop
  endfacet
  facet normal -6.551251e-02 -1.509950e-01 9.863613e-01
    outer loop
      vertex   2.846133e+02 7.102826e+02 5.532447e+00
      vertex   2.833945e+02 7.124984e+02 5.790697e+00
      vertex   2.827785e+02 7.110786e+02 5.532447e+00
    endloop
  endfacet
  facet normal -4.073964e-16 1.767579e-16 1.000000e+00
    outer loop
      vertex   2.846133e+02 7.102826e+02 5.532447e+00
      vertex   2.827785e+02 7.110786e+02 5.532447e+00
      vertex   2.839888e+02 7.088432e+02 5.532447e+00
    endloop
  endfacet
  facet normal -4.073964e-16 1.767579e-16 1.000000e+00
    outer loop
      vertex   2.839888e+02 7.088432e+02 5.532447e+00
      vertex   2.827785e+02 7.110786e+02 5.532447e+00
      vertex   2.821540e+02 7.096393e+02 5.532447e+00
    endloop
  endfacet
  facet normal 6.551251e-02 1.509950e-01 9.863613e-01
    outer loop
      vertex   2.839888e+02 7.088432e+02 5.532447e+00
      vertex   2.821540e+02 7.096393e+02 5.532447e+00
      vertex   2.833728e+02 7.074235e+02 5.790697e+00
    endloop
  endfacet
  facet normal 6.551251e-02 1.509950e-01 9.863613e-01
    outer loop
      vertex   2.833728e+02 7.074235e+02 5.790697e+00
      vertex   2.821540e+02 7.096393e+02 5.532447e+00
      vertex   2.815381e+02 7.082195e+02 5.790697e+00
    endloop
  endfacet
  facet normal 1.292380e-01 2.978713e-01 9.458172e-01
    outer loop
      vertex   2.833728e+02 7.074235e+02 5.790697e+00
      vertex   2.815381e+02 7.082195e+02 5.790697e+00
      vertex   2.827821e+02 7.060621e+02 6.300153e+00
    endloop
  endfacet
  facet normal 1.292380e-01 2.978713e-01 9.458172e-01
    outer loop
      vertex   2.827821e+02 7.060621e+02 6.300153e+00
      vertex   2.815381e+02 7.082195e+02 5.790697e+00
      vertex   2.809474e+02 7.068581e+02 6.300153e+00
    endloop
  endfacet
  facet normal 1.894382e-01 4.366224e-01 8.794738e-01
    outer loop
      vertex   2.827821e+02 7.060621e+02 6.300153e+00
      vertex   2.809474e+02 7.068581e+02 6.300153e+00
      vertex   2.822329e+02 7.047962e+02 7.046918e+00
    endloop
  endfacet
  facet normal 1.894382e-01 4.366224e-01 8.794738e-01
    outer loop
      vertex   2.822329e+02 7.047962e+02 7.046918e+00
      vertex   2.809474e+02 7.068581e+02 6.300153e+00
      vertex   2.803982e+02 7.055923e+02 7.046918e+00
    endloop
  endfacet
  facet normal 2.444711e-01 5.634635e-01 7.891405e-01
    outer loop
      vertex   2.822329e+02 7.047962e+02 7.046918e+00
      vertex   2.803982e+02 7.055923e+02 7.046918e+00
      vertex   2.817401e+02 7.036603e+02 8.010623e+00
    endloop
  endfacet
  facet normal 2.444711e-01 5.634635e-01 7.891405e-01
    outer loop
      vertex   2.817401e+02 7.036603e+02 8.010623e+00
      vertex   2.803982e+02 7.055923e+02 7.046918e+00
      vertex   2.799053e+02 7.044564e+02 8.010623e+00
    endloop
  endfacet
  facet normal 2.928354e-01 6.749349e-01 6.772816e-01
    outer loop
      vertex   2.817401e+02 7.036603e+02 8.010623e+00
      vertex   2.799053e+02 7.044564e+02 8.010623e+00
      vertex   2.813171e+02 7.026855e+02 9.164979e+00
    endloop
  endfacet
  facet normal 2.928354e-01 6.749349e-01 6.772816e-01
    outer loop
      vertex   2.813171e+02 7.026855e+02 9.164979e+00
      vertex   2.799053e+02 7.044564e+02 8.010623e+00
      vertex   2.794824e+02 7.034815e+02 9.164979e+00
    endloop
  endfacet
  facet normal 3.332119e-01 7.679958e-01 5.469482e-01
    outer loop
      vertex   2.813171e+02 7.026855e+02 9.164979e+00
      vertex   2.794824e+02 7.034815e+02 9.164979e+00
      vertex   2.809756e+02 7.018982e+02 1.047850e+01
    endloop
  endfacet
  facet normal 3.332119e-01 7.679958e-01 5.469482e-01
    outer loop
      vertex   2.809756e+02 7.018982e+02 1.047850e+01
      vertex   2.794824e+02 7.034815e+02 9.164979e+00
      vertex   2.791408e+02 7.026943e+02 1.047850e+01
    endloop
  endfacet
  facet normal 3.644993e-01 8.401078e-01 4.016954e-01
    outer loop
      vertex   2.809756e+02 7.018982e+02 1.047850e+01
      vertex   2.791408e+02 7.026943e+02 1.047850e+01
      vertex   2.807247e+02 7.013200e+02 1.191536e+01
    endloop
  endfacet
  facet normal 3.644993e-01 8.401078e-01 4.016954e-01
    outer loop
      vertex   2.807247e+02 7.013200e+02 1.191536e+01
      vertex   2.791408e+02 7.026943e+02 1.047850e+01
      vertex   2.788899e+02 7.021161e+02 1.191536e+01
    endloop
  endfacet
  facet normal 3.858440e-01 8.893038e-01 2.454855e-01
    outer loop
      vertex   2.807247e+02 7.013200e+02 1.191536e+01
      vertex   2.788899e+02 7.021161e+02 1.191536e+01
      vertex   2.805714e+02 7.009667e+02 1.343635e+01
    endloop
  endfacet
  facet normal 3.858440e-01 8.893038e-01 2.454855e-01
    outer loop
      vertex   2.805714e+02 7.009667e+02 1.343635e+01
      vertex   2.788899e+02 7.021161e+02 1.191536e+01
      vertex   2.787366e+02 7.017627e+02 1.343635e+01
    endloop
  endfacet
  facet normal -5.787278e-01 -3.350222e-01 7.435282e-01
    outer loop
      vertex   2.940553e+02 6.100681e+02 3.626254e+01
      vertex   2.727366e+02 6.527040e+02 3.888014e+01
      vertex   2.930106e+02 6.077120e+02 3.438779e+01
    endloop
  endfacet
  facet normal -5.787278e-01 -3.350222e-01 7.435282e-01
    outer loop
      vertex   2.930106e+02 6.077120e+02 3.438779e+01
      vertex   2.727366e+02 6.527040e+02 3.888014e+01
      vertex   2.707515e+02 6.522287e+02 3.712087e+01
    endloop
  endfacet
  facet normal -5.787278e-01 -3.350222e-01 7.435282e-01
    outer loop
      vertex   2.707515e+02 6.522287e+02 3.712087e+01
      vertex   2.727366e+02 6.527040e+02 3.888014e+01
      vertex   2.707515e+02 6.522354e+02 3.712388e+01
    endloop
  endfacet
  facet normal -6.626200e-01 0.000000e+00 7.489557e-01
    outer loop
      vertex   2.727366e+02 6.829404e+02 3.888014e+01
      vertex   2.707515e+02 6.833524e+02 3.712388e+01
      vertex   2.727366e+02 6.527040e+02 3.888014e+01
    endloop
  endfacet
  facet normal -6.626200e-01 0.000000e+00 7.489557e-01
    outer loop
      vertex   2.727366e+02 6.527040e+02 3.888014e+01
      vertex   2.707515e+02 6.833524e+02 3.712388e+01
      vertex   2.707515e+02 6.522354e+02 3.712388e+01
    endloop
  endfacet
  facet normal 1.727597e-02 7.079543e-01 7.060470e-01
    outer loop
      vertex   3.505593e+02 7.455873e+02 2.730984e+01
      vertex   2.954045e+02 7.401793e+02 3.408200e+01
      vertex   3.505572e+02 7.435776e+02 2.932497e+01
    endloop
  endfacet
  facet normal 1.727597e-02 7.079543e-01 7.060470e-01
    outer loop
      vertex   3.505572e+02 7.435776e+02 2.932497e+01
      vertex   2.954045e+02 7.401793e+02 3.408200e+01
      vertex   2.953989e+02 7.401663e+02 3.409518e+01
    endloop
  endfacet
  facet normal 1.727597e-02 7.079543e-01 7.060470e-01
    outer loop
      vertex   3.505572e+02 7.435776e+02 2.932497e+01
      vertex   2.953989e+02 7.401663e+02 3.409518e+01
      vertex   2.967566e+02 7.383024e+02 3.593085e+01
    endloop
  endfacet
  facet normal -5.968607e-01 2.986333e-01 7.446982e-01
    outer loop
      vertex   2.967566e+02 7.383024e+02 3.593085e+01
      vertex   2.953989e+02 7.401663e+02 3.409518e+01
      vertex   2.727366e+02 6.829404e+02 3.888014e+01
    endloop
  endfacet
  facet normal -5.968607e-01 2.986333e-01 7.446982e-01
    outer loop
      vertex   2.727366e+02 6.829404e+02 3.888014e+01
      vertex   2.953989e+02 7.401663e+02 3.409518e+01
      vertex   2.707515e+02 6.833584e+02 3.712149e+01
    endloop
  endfacet
  facet normal -5.968607e-01 2.986333e-01 7.446982e-01
    outer loop
      vertex   2.727366e+02 6.829404e+02 3.888014e+01
      vertex   2.707515e+02 6.833584e+02 3.712149e+01
      vertex   2.707515e+02 6.833524e+02 3.712388e+01
    endloop
  endfacet
  facet normal 1.556780e-01 6.993573e-01 6.976129e-01
    outer loop
      vertex   3.505593e+02 7.455873e+02 2.730984e+01
      vertex   3.505572e+02 7.435776e+02 2.932497e+01
      vertex   4.265030e+02 7.379835e+02 1.798513e+01
    endloop
  endfacet
  facet normal 1.556781e-01 6.993562e-01 6.976139e-01
    outer loop
      vertex   4.265030e+02 7.379835e+02 1.798513e+01
      vertex   3.505572e+02 7.435776e+02 2.932497e+01
      vertex   4.265030e+02 7.379687e+02 1.800000e+01
    endloop
  endfacet
  facet normal 1.556781e-01 6.993562e-01 6.976139e-01
    outer loop
      vertex   4.265030e+02 7.379687e+02 1.800000e+01
      vertex   3.505572e+02 7.435776e+02 2.932497e+01
      vertex   4.245179e+02 7.361724e+02 2.024374e+01
    endloop
  endfacet
  facet normal 7.489557e-01 0.000000e+00 6.626200e-01
    outer loop
      vertex   4.265030e+02 7.379687e+02 1.800000e+01
      vertex   4.245179e+02 7.361724e+02 2.024374e+01
      vertex   4.265030e+02 6.450144e+02 1.800000e+01
    endloop
  endfacet
  facet normal 7.489557e-01 -5.291101e-17 6.626200e-01
    outer loop
      vertex   4.265030e+02 6.450144e+02 1.800000e+01
      vertex   4.245179e+02 7.361724e+02 2.024374e+01
      vertex   4.245179e+02 6.465208e+02 2.024374e+01
    endloop
  endfacet
  facet normal 2.720349e-01 -6.701226e-01 6.906031e-01
    outer loop
      vertex   2.930106e+02 6.077120e+02 3.438779e+01
      vertex   2.930155e+02 6.077021e+02 3.437627e+01
      vertex   2.940553e+02 6.100681e+02 3.626254e+01
    endloop
  endfacet
  facet normal 2.720349e-01 -6.701226e-01 6.906031e-01
    outer loop
      vertex   2.940553e+02 6.100681e+02 3.626254e+01
      vertex   2.930155e+02 6.077021e+02 3.437627e+01
      vertex   4.265030e+02 6.450000e+02 1.798606e+01
    endloop
  endfacet
  facet normal 2.720349e-01 -6.701226e-01 6.906031e-01
    outer loop
      vertex   2.940553e+02 6.100681e+02 3.626254e+01
      vertex   4.265030e+02 6.450000e+02 1.798606e+01
      vertex   4.245179e+02 6.465208e+02 2.024374e+01
    endloop
  endfacet
  facet normal 2.720349e-01 -6.701226e-01 6.906031e-01
    outer loop
      vertex   4.245179e+02 6.465208e+02 2.024374e+01
      vertex   4.265030e+02 6.450000e+02 1.798606e+01
      vertex   4.265030e+02 6.450144e+02 1.800000e+01
    endloop
  endfacet
  facet normal -8.944211e-01 -4.472258e-01 -9.279536e-12
    outer loop
      vertex   2.930106e+02 6.077120e+02 3.438779e+01
      vertex   2.707515e+02 6.522287e+02 3.712087e+01
      vertex   2.930155e+02 6.077021e+02 3.437627e+01
    endloop
  endfacet
  facet normal -8.944211e-01 -4.472258e-01 0.000000e+00
    outer loop
      vertex   2.930155e+02 6.077021e+02 3.437627e+01
      vertex   2.707515e+02 6.522287e+02 3.712087e+01
      vertex   2.707515e+02 6.522287e+02 0.000000e+00
    endloop
  endfacet
  facet normal -8.944211e-01 -4.472258e-01 -0.000000e+00
    outer loop
      vertex   2.930155e+02 6.077021e+02 3.437627e+01
      vertex   2.707515e+02 6.522287e+02 0.000000e+00
      vertex   2.930155e+02 6.077021e+02 0.000000e+00
    endloop
  endfacet
  facet normal -1.000000e+00 0.000000e+00 0.000000e+00
    outer loop
      vertex   2.707515e+02 6.522287e+02 3.712087e+01
      vertex   2.707515e+02 6.522354e+02 3.712388e+01
      vertex   2.707515e+02 6.522287e+02 0.000000e+00
    endloop
  endfacet
  facet normal -1.000000e+00 0.000000e+00 0.000000e+00
    outer loop
      vertex   2.707515e+02 6.522287e+02 0.000000e+00
      vertex   2.707515e+02 6.522354e+02 3.712388e+01
      vertex   2.707515e+02 6.833584e+02 0.000000e+00
    endloop
  endfacet
  facet normal -1.000000e+00 0.000000e+00 0.000000e+00
    outer loop
      vertex   2.707515e+02 6.833584e+02 0.000000e+00
      vertex   2.707515e+02 6.522354e+02 3.712388e+01
      vertex   2.707515e+02 6.833524e+02 3.712388e+01
    endloop
  endfacet
  facet normal -1.000000e+00 0.000000e+00 0.000000e+00
    outer loop
      vertex   2.707515e+02 6.833584e+02 0.000000e+00
      vertex   2.707515e+02 6.833524e+02 3.712388e+01
      vertex   2.707515e+02 6.833584e+02 3.712149e+01
    endloop
  endfacet
  facet normal -9.173752e-01 3.980235e-01 3.487870e-14
    outer loop
      vertex   2.861959e+02 7.189551e+02 1.343635e+01
      vertex   2.862475e+02 7.190740e+02 1.500000e+01
      vertex   2.954045e+02 7.401793e+02 0.000000e+00
    endloop
  endfacet
  facet normal -9.173752e-01 3.980235e-01 -3.841897e-14
    outer loop
      vertex   2.954045e+02 7.401793e+02 0.000000e+00
      vertex   2.862475e+02 7.190740e+02 1.500000e+01
      vertex   2.861959e+02 7.189551e+02 1.656365e+01
    endloop
  endfacet
  facet normal -9.173752e-01 3.980235e-01 0.000000e+00
    outer loop
      vertex   2.954045e+02 7.401793e+02 0.000000e+00
      vertex   2.861959e+02 7.189551e+02 1.656365e+01
      vertex   2.954045e+02 7.401793e+02 3.408200e+01
    endloop
  endfacet
  facet normal -9.173752e-01 3.980235e-01 7.454987e-15
    outer loop
      vertex   2.954045e+02 7.401793e+02 3.408200e+01
      vertex   2.861959e+02 7.189551e+02 1.656365e+01
      vertex   2.860426e+02 7.186018e+02 1.808464e+01
    endloop
  endfacet
  facet normal -9.173752e-01 3.980235e-01 1.878429e-14
    outer loop
      vertex   2.954045e+02 7.401793e+02 3.408200e+01
      vertex   2.860426e+02 7.186018e+02 1.808464e+01
      vertex   2.857918e+02 7.180236e+02 1.952150e+01
    endloop
  endfacet
  facet normal -9.173752e-01 3.980235e-01 -1.315646e-14
    outer loop
      vertex   2.857918e+02 7.180236e+02 1.952150e+01
      vertex   2.854502e+02 7.172364e+02 2.083502e+01
      vertex   2.954045e+02 7.401793e+02 3.408200e+01
    endloop
  endfacet
  facet normal -9.173752e-01 3.980235e-01 3.176593e-14
    outer loop
      vertex   2.954045e+02 7.401793e+02 3.408200e+01
      vertex   2.854502e+02 7.172364e+02 2.083502e+01
      vertex   2.850272e+02 7.162615e+02 2.198938e+01
    endloop
  endfacet
  facet normal -9.173752e-01 3.980235e-01 -4.252798e-14
    outer loop
      vertex   2.954045e+02 7.401793e+02 3.408200e+01
      vertex   2.850272e+02 7.162615e+02 2.198938e+01
      vertex   2.845344e+02 7.151256e+02 2.295308e+01
    endloop
  endfacet
  facet normal -9.173752e-01 3.980235e-01 2.648026e-12
    outer loop
      vertex   2.954045e+02 7.401793e+02 3.408200e+01
      vertex   2.845344e+02 7.151256e+02 2.295308e+01
      vertex   2.953989e+02 7.401663e+02 3.409518e+01
    endloop
  endfacet
  facet normal -9.173752e-01 3.980235e-01 3.974101e-14
    outer loop
      vertex   2.953989e+02 7.401663e+02 3.409518e+01
      vertex   2.845344e+02 7.151256e+02 2.295308e+01
      vertex   2.839852e+02 7.138597e+02 2.369985e+01
    endloop
  endfacet
  facet normal -9.173752e-01 3.980235e-01 -3.406551e-14
    outer loop
      vertex   2.953989e+02 7.401663e+02 3.409518e+01
      vertex   2.839852e+02 7.138597e+02 2.369985e+01
      vertex   2.833945e+02 7.124984e+02 2.420930e+01
    endloop
  endfacet
  facet normal -9.173752e-01 3.980235e-01 3.385258e-14
    outer loop
      vertex   2.833945e+02 7.124984e+02 2.420930e+01
      vertex   2.827785e+02 7.110786e+02 2.446755e+01
      vertex   2.953989e+02 7.401663e+02 3.409518e+01
    endloop
  endfacet
  facet normal -9.173752e-01 3.980235e-01 -9.855226e-16
    outer loop
      vertex   2.953989e+02 7.401663e+02 3.409518e+01
      vertex   2.827785e+02 7.110786e+02 2.446755e+01
      vertex   2.707515e+02 6.833584e+02 3.712149e+01
    endloop
  endfacet
  facet normal -9.173752e-01 3.980235e-01 2.863053e-15
    outer loop
      vertex   2.707515e+02 6.833584e+02 3.712149e+01
      vertex   2.827785e+02 7.110786e+02 2.446755e+01
      vertex   2.821540e+02 7.096393e+02 2.446755e+01
    endloop
  endfacet
  facet normal -9.173752e-01 3.980235e-01 -2.738765e-14
    outer loop
      vertex   2.707515e+02 6.833584e+02 3.712149e+01
      vertex   2.821540e+02 7.096393e+02 2.446755e+01
      vertex   2.815381e+02 7.082195e+02 2.420930e+01
    endloop
  endfacet
  facet normal -9.173752e-01 3.980235e-01 6.395700e-14
    outer loop
      vertex   2.815381e+02 7.082195e+02 2.420930e+01
      vertex   2.809474e+02 7.068581e+02 2.369985e+01
      vertex   2.707515e+02 6.833584e+02 3.712149e+01
    endloop
  endfacet
  facet normal -9.173752e-01 3.980235e-01 -2.264685e-15
    outer loop
      vertex   2.707515e+02 6.833584e+02 3.712149e+01
      vertex   2.809474e+02 7.068581e+02 2.369985e+01
      vertex   2.803982e+02 7.055923e+02 2.295308e+01
    endloop
  endfacet
  facet normal -9.173752e-01 3.980235e-01 -4.725419e-14
    outer loop
      vertex   2.707515e+02 6.833584e+02 3.712149e+01
      vertex   2.803982e+02 7.055923e+02 2.295308e+01
      vertex   2.799053e+02 7.044564e+02 2.198938e+01
    endloop
  endfacet
  facet normal -9.173752e-01 3.980235e-01 2.133540e-14
    outer loop
      vertex   2.799053e+02 7.044564e+02 2.198938e+01
      vertex   2.794824e+02 7.034815e+02 2.083502e+01
      vertex   2.707515e+02 6.833584e+02 3.712149e+01
    endloop
  endfacet
  facet normal -9.173752e-01 3.980235e-01 1.129182e-14
    outer loop
      vertex   2.707515e+02 6.833584e+02 3.712149e+01
      vertex   2.794824e+02 7.034815e+02 2.083502e+01
      vertex   2.791408e+02 7.026943e+02 1.952150e+01
    endloop
  endfacet
  facet normal -9.173752e-01 3.980235e-01 -1.785896e-14
    outer loop
      vertex   2.707515e+02 6.833584e+02 3.712149e+01
      vertex   2.791408e+02 7.026943e+02 1.952150e+01
      vertex   2.788899e+02 7.021161e+02 1.808464e+01
    endloop
  endfacet
  facet normal -9.173752e-01 3.980235e-01 1.668552e-14
    outer loop
      vertex   2.788899e+02 7.021161e+02 1.808464e+01
      vertex   2.787366e+02 7.017627e+02 1.656365e+01
      vertex   2.707515e+02 6.833584e+02 3.712149e+01
    endloop
  endfacet
  facet normal -9.173752e-01 3.980235e-01 0.000000e+00
    outer loop
      vertex   2.707515e+02 6.833584e+02 3.712149e+01
      vertex   2.787366e+02 7.017627e+02 1.656365e+01
      vertex   2.707515e+02 6.833584e+02 0.000000e+00
    endloop
  endfacet
  facet normal -9.173752e-01 3.980235e-01 -2.236877e-14
    outer loop
      vertex   2.707515e+02 6.833584e+02 0.000000e+00
      vertex   2.787366e+02 7.017627e+02 1.656365e+01
      vertex   2.786851e+02 7.016439e+02 1.500000e+01
    endloop
  endfacet
  facet normal -9.173752e-01 3.980235e-01 1.974280e-14
    outer loop
      vertex   2.707515e+02 6.833584e+02 0.000000e+00
      vertex   2.786851e+02 7.016439e+02 1.500000e+01
      vertex   2.787366e+02 7.017627e+02 1.343635e+01
    endloop
  endfacet
  facet normal -9.173752e-01 3.980235e-01 -1.796792e-14
    outer loop
      vertex   2.787366e+02 7.017627e+02 1.343635e+01
      vertex   2.788899e+02 7.021161e+02 1.191536e+01
      vertex   2.707515e+02 6.833584e+02 0.000000e+00
    endloop
  endfacet
  facet normal -9.173752e-01 3.980235e-01 2.003191e-14
    outer loop
      vertex   2.707515e+02 6.833584e+02 0.000000e+00
      vertex   2.788899e+02 7.021161e+02 1.191536e+01
      vertex   2.791408e+02 7.026943e+02 1.047850e+01
    endloop
  endfacet
  facet normal -9.173752e-01 3.980235e-01 -1.317331e-14
    outer loop
      vertex   2.707515e+02 6.833584e+02 0.000000e+00
      vertex   2.791408e+02 7.026943e+02 1.047850e+01
      vertex   2.794824e+02 7.034815e+02 9.164979e+00
    endloop
  endfacet
  facet normal -9.173752e-01 3.980235e-01 -2.594057e-14
    outer loop
      vertex   2.794824e+02 7.034815e+02 9.164979e+00
      vertex   2.799053e+02 7.044564e+02 8.010623e+00
      vertex   2.707515e+02 6.833584e+02 0.000000e+00
    endloop
  endfacet
  facet normal -9.173752e-01 3.980235e-01 2.834909e-14
    outer loop
      vertex   2.707515e+02 6.833584e+02 0.000000e+00
      vertex   2.799053e+02 7.044564e+02 8.010623e+00
      vertex   2.803982e+02 7.055923e+02 7.046918e+00
    endloop
  endfacet
  facet normal -9.173752e-01 3.980235e-01 4.494692e-14
    outer loop
      vertex   2.707515e+02 6.833584e+02 0.000000e+00
      vertex   2.803982e+02 7.055923e+02 7.046918e+00
      vertex   2.809474e+02 7.068581e+02 6.300153e+00
    endloop
  endfacet
  facet normal -9.173752e-01 3.980235e-01 -9.413206e-14
    outer loop
      vertex   2.809474e+02 7.068581e+02 6.300153e+00
      vertex   2.815381e+02 7.082195e+02 5.790697e+00
      vertex   2.707515e+02 6.833584e+02 0.000000e+00
    endloop
  endfacet
  facet normal -9.173752e-01 3.980235e-01 4.629992e-14
    outer loop
      vertex   2.707515e+02 6.833584e+02 0.000000e+00
      vertex   2.815381e+02 7.082195e+02 5.790697e+00
      vertex   2.821540e+02 7.096393e+02 5.532447e+00
    endloop
  endfacet
  facet normal -9.173752e-01 3.980235e-01 -6.548440e-15
    outer loop
      vertex   2.707515e+02 6.833584e+02 0.000000e+00
      vertex   2.821540e+02 7.096393e+02 5.532447e+00
      vertex   2.827785e+02 7.110786e+02 5.532447e+00
    endloop
  endfacet
  facet normal -9.173752e-01 3.980235e-01 6.303554e-15
    outer loop
      vertex   2.707515e+02 6.833584e+02 0.000000e+00
      vertex   2.827785e+02 7.110786e+02 5.532447e+00
      vertex   2.954045e+02 7.401793e+02 0.000000e+00
    endloop
  endfacet
  facet normal -9.173752e-01 3.980235e-01 4.410626e-14
    outer loop
      vertex   2.954045e+02 7.401793e+02 0.000000e+00
      vertex   2.827785e+02 7.110786e+02 5.532447e+00
      vertex   2.833945e+02 7.124984e+02 5.790697e+00
    endloop
  endfacet
  facet normal -9.173752e-01 3.980235e-01 -9.487459e-15
    outer loop
      vertex   2.954045e+02 7.401793e+02 0.000000e+00
      vertex   2.833945e+02 7.124984e+02 5.790697e+00
      vertex   2.839852e+02 7.138597e+02 6.300153e+00
    endloop
  endfacet
  facet normal -9.173752e-01 3.980235e-01 -2.654068e-15
    outer loop
      vertex   2.839852e+02 7.138597e+02 6.300153e+00
      vertex   2.845344e+02 7.151256e+02 7.046918e+00
      vertex   2.954045e+02 7.401793e+02 0.000000e+00
    endloop
  endfacet
  facet normal -9.173752e-01 3.980235e-01 1.459845e-14
    outer loop
      vertex   2.954045e+02 7.401793e+02 0.000000e+00
      vertex   2.845344e+02 7.151256e+02 7.046918e+00
      vertex   2.850272e+02 7.162615e+02 8.010623e+00
    endloop
  endfacet
  facet normal -9.173752e-01 3.980235e-01 -3.533489e-14
    outer loop
      vertex   2.954045e+02 7.401793e+02 0.000000e+00
      vertex   2.850272e+02 7.162615e+02 8.010623e+00
      vertex   2.854502e+02 7.172364e+02 9.164979e+00
    endloop
  endfacet
  facet normal -9.173752e-01 3.980235e-01 1.426658e-14
    outer loop
      vertex   2.854502e+02 7.172364e+02 9.164979e+00
      vertex   2.857918e+02 7.180236e+02 1.047850e+01
      vertex   2.954045e+02 7.401793e+02 0.000000e+00
    endloop
  endfacet
  facet normal -9.173752e-01 3.980235e-01 -1.995427e-14
    outer loop
      vertex   2.954045e+02 7.401793e+02 0.000000e+00
      vertex   2.857918e+02 7.180236e+02 1.047850e+01
      vertex   2.860426e+02 7.186018e+02 1.191536e+01
    endloop
  endfacet
  facet normal -9.173752e-01 3.980235e-01 -7.745368e-15
    outer loop
      vertex   2.954045e+02 7.401793e+02 0.000000e+00
      vertex   2.860426e+02 7.186018e+02 1.191536e+01
      vertex   2.861959e+02 7.189551e+02 1.343635e+01
    endloop
  endfacet
  facet normal 1.218693e-01 -1.594741e-15 9.925462e-01
    outer loop
      vertex   2.925422e+02 6.180354e+02 3.644832e+01
      vertex   2.929632e+02 6.189872e+02 3.639663e+01
      vertex   2.727366e+02 6.527040e+02 3.888014e+01
    endloop
  endfacet
  facet normal 1.218693e-01 -8.515703e-16 9.925462e-01
    outer loop
      vertex   2.727366e+02 6.527040e+02 3.888014e+01
      vertex   2.929632e+02 6.189872e+02 3.639663e+01
      vertex   2.757515e+02 6.534105e+02 3.850996e+01
    endloop
  endfacet
  facet normal 1.218693e-01 0.000000e+00 9.925462e-01
    outer loop
      vertex   2.727366e+02 6.527040e+02 3.888014e+01
      vertex   2.757515e+02 6.534105e+02 3.850996e+01
      vertex   2.757515e+02 6.781187e+02 3.850996e+01
    endloop
  endfacet
  facet normal 1.218693e-01 3.186512e-16 9.925462e-01
    outer loop
      vertex   2.757515e+02 6.781187e+02 3.850996e+01
      vertex   2.750479e+02 6.788404e+02 3.859635e+01
      vertex   2.727366e+02 6.527040e+02 3.888014e+01
    endloop
  endfacet
  facet normal 1.218693e-01 -1.735706e-16 9.925462e-01
    outer loop
      vertex   2.727366e+02 6.527040e+02 3.888014e+01
      vertex   2.750479e+02 6.788404e+02 3.859635e+01
      vertex   2.745164e+02 6.796968e+02 3.866161e+01
    endloop
  endfacet
  facet normal 1.218693e-01 -0.000000e+00 9.925462e-01
    outer loop
      vertex   2.727366e+02 6.527040e+02 3.888014e+01
      vertex   2.745164e+02 6.796968e+02 3.866161e+01
      vertex   2.727366e+02 6.829404e+02 3.888014e+01
    endloop
  endfacet
  facet normal 1.218693e-01 1.769230e-14 9.925462e-01
    outer loop
      vertex   2.727366e+02 6.829404e+02 3.888014e+01
      vertex   2.745164e+02 6.796968e+02 3.866161e+01
      vertex   2.741819e+02 6.806476e+02 3.870268e+01
    endloop
  endfacet
  facet normal 1.218693e-01 -4.461917e-15 9.925462e-01
    outer loop
      vertex   2.727366e+02 6.829404e+02 3.888014e+01
      vertex   2.741819e+02 6.806476e+02 3.870268e+01
      vertex   2.740601e+02 6.816482e+02 3.871763e+01
    endloop
  endfacet
  facet normal 1.218693e-01 1.253871e-15 9.925462e-01
    outer loop
      vertex   2.740601e+02 6.816482e+02 3.871763e+01
      vertex   2.741568e+02 6.826515e+02 3.870576e+01
      vertex   2.727366e+02 6.829404e+02 3.888014e+01
    endloop
  endfacet
  facet normal 1.218693e-01 -7.591508e-16 9.925462e-01
    outer loop
      vertex   2.727366e+02 6.829404e+02 3.888014e+01
      vertex   2.741568e+02 6.826515e+02 3.870576e+01
      vertex   2.744674e+02 6.836104e+02 3.866762e+01
    endloop
  endfacet
  facet normal 1.218693e-01 -9.426368e-15 9.925462e-01
    outer loop
      vertex   2.727366e+02 6.829404e+02 3.888014e+01
      vertex   2.744674e+02 6.836104e+02 3.866762e+01
      vertex   2.749774e+02 6.844798e+02 3.860501e+01
    endloop
  endfacet
  facet normal 1.218693e-01 2.025373e-14 9.925462e-01
    outer loop
      vertex   2.749774e+02 6.844798e+02 3.860501e+01
      vertex   2.756627e+02 6.852189e+02 3.852086e+01
      vertex   2.727366e+02 6.829404e+02 3.888014e+01
    endloop
  endfacet
  facet normal 1.218693e-01 2.680797e-16 9.925462e-01
    outer loop
      vertex   2.727366e+02 6.829404e+02 3.888014e+01
      vertex   2.756627e+02 6.852189e+02 3.852086e+01
      vertex   2.960465e+02 7.325586e+02 3.601804e+01
    endloop
  endfacet
  facet normal 1.218693e-01 2.467247e-15 9.925462e-01
    outer loop
      vertex   2.727366e+02 6.829404e+02 3.888014e+01
      vertex   2.960465e+02 7.325586e+02 3.601804e+01
      vertex   2.960807e+02 7.336123e+02 3.601385e+01
    endloop
  endfacet
  facet normal 1.218693e-01 -4.053760e-15 9.925462e-01
    outer loop
      vertex   2.960465e+02 7.325586e+02 3.601804e+01
      vertex   2.756627e+02 6.852189e+02 3.852086e+01
      vertex   2.962506e+02 7.315244e+02 3.599298e+01
    endloop
  endfacet
  facet normal 1.218693e-01 2.922569e-15 9.925462e-01
    outer loop
      vertex   2.962506e+02 7.315244e+02 3.599298e+01
      vertex   2.756627e+02 6.852189e+02 3.852086e+01
      vertex   2.764912e+02 6.857930e+02 3.841914e+01
    endloop
  endfacet
  facet normal 1.218693e-01 5.459783e-15 9.925462e-01
    outer loop
      vertex   2.962506e+02 7.315244e+02 3.599298e+01
      vertex   2.764912e+02 6.857930e+02 3.841914e+01
      vertex   2.966824e+02 7.305626e+02 3.593996e+01
    endloop
  endfacet
  facet normal 1.218693e-01 -2.071623e-15 9.925462e-01
    outer loop
      vertex   2.966824e+02 7.305626e+02 3.593996e+01
      vertex   2.764912e+02 6.857930e+02 3.841914e+01
      vertex   2.774239e+02 6.861750e+02 3.830461e+01
    endloop
  endfacet
  facet normal 1.218693e-01 -9.374326e-16 9.925462e-01
    outer loop
      vertex   2.727366e+02 6.829404e+02 3.888014e+01
      vertex   2.960807e+02 7.336123e+02 3.601385e+01
      vertex   2.967566e+02 7.383024e+02 3.593085e+01
    endloop
  endfacet
  facet normal 1.218693e-01 2.432604e-15 9.925462e-01
    outer loop
      vertex   2.967566e+02 7.383024e+02 3.593085e+01
      vertex   2.960807e+02 7.336123e+02 3.601385e+01
      vertex   2.963513e+02 7.346312e+02 3.598063e+01
    endloop
  endfacet
  facet normal 1.218693e-01 3.364792e-17 9.925462e-01
    outer loop
      vertex   2.967566e+02 7.383024e+02 3.593085e+01
      vertex   2.963513e+02 7.346312e+02 3.598063e+01
      vertex   2.968444e+02 7.355630e+02 3.592007e+01
    endloop
  endfacet
  facet normal 1.218693e-01 4.481883e-16 9.925462e-01
    outer loop
      vertex   2.968444e+02 7.355630e+02 3.592007e+01
      vertex   2.975348e+02 7.363597e+02 3.583530e+01
      vertex   2.967566e+02 7.383024e+02 3.593085e+01
    endloop
  endfacet
  facet normal 1.218693e-01 -4.663579e-15 9.925462e-01
    outer loop
      vertex   2.967566e+02 7.383024e+02 3.593085e+01
      vertex   2.975348e+02 7.363597e+02 3.583530e+01
      vertex   2.983869e+02 7.369805e+02 3.573068e+01
    endloop
  endfacet
  facet normal 1.218693e-01 4.508397e-16 9.925462e-01
    outer loop
      vertex   2.967566e+02 7.383024e+02 3.593085e+01
      vertex   2.983869e+02 7.369805e+02 3.573068e+01
      vertex   2.993570e+02 7.373933e+02 3.561157e+01
    endloop
  endfacet
  facet normal 1.218693e-01 -2.236498e-14 9.925462e-01
    outer loop
      vertex   2.993570e+02 7.373933e+02 3.561157e+01
      vertex   3.003951e+02 7.375771e+02 3.548411e+01
      vertex   2.967566e+02 7.383024e+02 3.593085e+01
    endloop
  endfacet
  facet normal 1.218693e-01 1.875133e-14 9.925462e-01
    outer loop
      vertex   2.967566e+02 7.383024e+02 3.593085e+01
      vertex   3.003951e+02 7.375771e+02 3.548411e+01
      vertex   3.014479e+02 7.375222e+02 3.535484e+01
    endloop
  endfacet
  facet normal 1.218693e-01 -6.077835e-15 9.925462e-01
    outer loop
      vertex   2.967566e+02 7.383024e+02 3.593085e+01
      vertex   3.014479e+02 7.375222e+02 3.535484e+01
      vertex   3.505572e+02 7.435776e+02 2.932497e+01
    endloop
  endfacet
  facet normal 1.218693e-01 1.105930e-14 9.925462e-01
    outer loop
      vertex   3.505572e+02 7.435776e+02 2.932497e+01
      vertex   3.014479e+02 7.375222e+02 3.535484e+01
      vertex   3.024613e+02 7.372317e+02 3.523041e+01
    endloop
  endfacet
  facet normal 1.218693e-01 -3.706270e-15 9.925462e-01
    outer loop
      vertex   3.505572e+02 7.435776e+02 2.932497e+01
      vertex   3.024613e+02 7.372317e+02 3.523041e+01
      vertex   3.033832e+02 7.367203e+02 3.511722e+01
    endloop
  endfacet
  facet normal 1.218693e-01 6.611191e-15 9.925462e-01
    outer loop
      vertex   3.033832e+02 7.367203e+02 3.511722e+01
      vertex   3.041662e+02 7.360144e+02 3.502107e+01
      vertex   3.505572e+02 7.435776e+02 2.932497e+01
    endloop
  endfacet
  facet normal 1.218693e-01 7.812971e-16 9.925462e-01
    outer loop
      vertex   3.505572e+02 7.435776e+02 2.932497e+01
      vertex   3.041662e+02 7.360144e+02 3.502107e+01
      vertex   3.505541e+02 7.405628e+02 2.932536e+01
    endloop
  endfacet
  facet normal 1.218693e-01 7.811693e-16 9.925462e-01
    outer loop
      vertex   3.505572e+02 7.435776e+02 2.932497e+01
      vertex   3.505541e+02 7.405628e+02 2.932536e+01
      vertex   4.154725e+02 7.340615e+02 2.135438e+01
    endloop
  endfacet
  facet normal 1.218693e-01 1.208644e-14 9.925462e-01
    outer loop
      vertex   4.154725e+02 7.340615e+02 2.135438e+01
      vertex   4.162431e+02 7.348159e+02 2.125976e+01
      vertex   3.505572e+02 7.435776e+02 2.932497e+01
    endloop
  endfacet
  facet normal 1.218693e-01 2.526878e-15 9.925462e-01
    outer loop
      vertex   3.505572e+02 7.435776e+02 2.932497e+01
      vertex   4.162431e+02 7.348159e+02 2.125976e+01
      vertex   4.171668e+02 7.353726e+02 2.114634e+01
    endloop
  endfacet
  facet normal 1.218693e-01 -1.859980e-14 9.925462e-01
    outer loop
      vertex   3.505572e+02 7.435776e+02 2.932497e+01
      vertex   4.171668e+02 7.353726e+02 2.114634e+01
      vertex   4.181939e+02 7.357014e+02 2.102023e+01
    endloop
  endfacet
  facet normal 1.218693e-01 -9.620307e-15 9.925462e-01
    outer loop
      vertex   4.181939e+02 7.357014e+02 2.102023e+01
      vertex   4.192691e+02 7.357849e+02 2.088821e+01
      vertex   3.505572e+02 7.435776e+02 2.932497e+01
    endloop
  endfacet
  facet normal 1.218693e-01 -1.670887e-15 9.925462e-01
    outer loop
      vertex   3.505572e+02 7.435776e+02 2.932497e+01
      vertex   4.192691e+02 7.357849e+02 2.088821e+01
      vertex   4.245179e+02 7.361724e+02 2.024374e+01
    endloop
  endfacet
  facet normal 1.218693e-01 -4.110302e-14 9.925462e-01
    outer loop
      vertex   4.245179e+02 7.361724e+02 2.024374e+01
      vertex   4.192691e+02 7.357849e+02 2.088821e+01
      vertex   4.203346e+02 7.356184e+02 2.075739e+01
    endloop
  endfacet
  facet normal 1.218693e-01 -3.709284e-15 9.925462e-01
    outer loop
      vertex   4.245179e+02 7.361724e+02 2.024374e+01
      vertex   4.203346e+02 7.356184e+02 2.075739e+01
      vertex   4.213331e+02 7.352109e+02 2.063478e+01
    endloop
  endfacet
  facet normal 1.218693e-01 -7.179757e-16 9.925462e-01
    outer loop
      vertex   4.213331e+02 7.352109e+02 2.063478e+01
      vertex   4.222109e+02 7.345844e+02 2.052701e+01
      vertex   4.245179e+02 7.361724e+02 2.024374e+01
    endloop
  endfacet
  facet normal 1.218693e-01 6.060079e-16 9.925462e-01
    outer loop
      vertex   4.245179e+02 7.361724e+02 2.024374e+01
      vertex   4.222109e+02 7.345844e+02 2.052701e+01
      vertex   4.229207e+02 7.337725e+02 2.043985e+01
    endloop
  endfacet
  facet normal 1.218693e-01 -2.107534e-15 9.925462e-01
    outer loop
      vertex   4.245179e+02 7.361724e+02 2.024374e+01
      vertex   4.229207e+02 7.337725e+02 2.043985e+01
      vertex   4.234245e+02 7.328189e+02 2.037800e+01
    endloop
  endfacet
  facet normal 1.218693e-01 -2.588506e-16 9.925462e-01
    outer loop
      vertex   4.234245e+02 7.328189e+02 2.037800e+01
      vertex   4.236950e+02 7.317750e+02 2.034478e+01
      vertex   4.245179e+02 7.361724e+02 2.024374e+01
    endloop
  endfacet
  facet normal 1.218693e-01 -4.115392e-15 9.925462e-01
    outer loop
      vertex   4.245179e+02 7.361724e+02 2.024374e+01
      vertex   4.236950e+02 7.317750e+02 2.034478e+01
      vertex   4.237178e+02 7.306968e+02 2.034198e+01
    endloop
  endfacet
  facet normal 1.218693e-01 -7.866524e-17 9.925462e-01
    outer loop
      vertex   4.245179e+02 7.361724e+02 2.024374e+01
      vertex   4.237178e+02 7.306968e+02 2.034198e+01
      vertex   4.245179e+02 6.465208e+02 2.024374e+01
    endloop
  endfacet
  facet normal 1.218693e-01 8.696394e-17 9.925462e-01
    outer loop
      vertex   4.245179e+02 6.465208e+02 2.024374e+01
      vertex   4.237178e+02 7.306968e+02 2.034198e+01
      vertex   4.237189e+02 6.513973e+02 2.034185e+01
    endloop
  endfacet
  facet normal 1.218693e-01 -1.849886e-15 9.925462e-01
    outer loop
      vertex   4.245179e+02 6.465208e+02 2.024374e+01
      vertex   4.237189e+02 6.513973e+02 2.034185e+01
      vertex   4.236930e+02 6.503163e+02 2.034503e+01
    endloop
  endfacet
  facet normal 1.218693e-01 8.657462e-17 9.925462e-01
    outer loop
      vertex   4.237189e+02 6.513973e+02 2.034185e+01
      vertex   4.237178e+02 7.306968e+02 2.034198e+01
      vertex   4.234944e+02 6.524552e+02 2.036941e+01
    endloop
  endfacet
  facet normal 1.218693e-01 -6.777237e-18 9.925462e-01
    outer loop
      vertex   4.234944e+02 6.524552e+02 2.036941e+01
      vertex   4.237178e+02 7.306968e+02 2.034198e+01
      vertex   4.234916e+02 7.296423e+02 2.036976e+01
    endloop
  endfacet
  facet normal 1.218693e-01 -7.217044e-18 9.925462e-01
    outer loop
      vertex   4.234944e+02 6.524552e+02 2.036941e+01
      vertex   4.234916e+02 7.296423e+02 2.036976e+01
      vertex   4.230317e+02 6.534326e+02 2.042623e+01
    endloop
  endfacet
  facet normal 1.218693e-01 -5.617561e-17 9.925462e-01
    outer loop
      vertex   4.230317e+02 6.534326e+02 2.042623e+01
      vertex   4.234916e+02 7.296423e+02 2.036976e+01
      vertex   4.230285e+02 7.286683e+02 2.042661e+01
    endloop
  endfacet
  facet normal 1.218693e-01 -5.643300e-17 9.925462e-01
    outer loop
      vertex   4.230317e+02 6.534326e+02 2.042623e+01
      vertex   4.230285e+02 7.286683e+02 2.042661e+01
      vertex   4.223557e+02 6.542767e+02 2.050923e+01
    endloop
  endfacet
  facet normal 1.218693e-01 4.406376e-17 9.925462e-01
    outer loop
      vertex   4.223557e+02 6.542767e+02 2.050923e+01
      vertex   4.230285e+02 7.286683e+02 2.042661e+01
      vertex   4.223536e+02 7.278272e+02 2.050949e+01
    endloop
  endfacet
  facet normal 1.218693e-01 4.459834e-17 9.925462e-01
    outer loop
      vertex   4.223557e+02 6.542767e+02 2.050923e+01
      vertex   4.223536e+02 7.278272e+02 2.050949e+01
      vertex   4.215030e+02 6.549418e+02 2.061392e+01
    endloop
  endfacet
  facet normal 1.218693e-01 -0.000000e+00 9.925462e-01
    outer loop
      vertex   4.215030e+02 6.549418e+02 2.061392e+01
      vertex   4.223536e+02 7.278272e+02 2.050949e+01
      vertex   4.215030e+02 7.271642e+02 2.061392e+01
    endloop
  endfacet
  facet normal 1.218693e-01 4.750733e-16 9.925462e-01
    outer loop
      vertex   4.236930e+02 6.503163e+02 2.034503e+01
      vertex   4.234180e+02 6.492704e+02 2.037879e+01
      vertex   4.245179e+02 6.465208e+02 2.024374e+01
    endloop
  endfacet
  facet normal 1.218693e-01 -2.902012e-15 9.925462e-01
    outer loop
      vertex   4.245179e+02 6.465208e+02 2.024374e+01
      vertex   4.234180e+02 6.492704e+02 2.037879e+01
      vertex   4.229089e+02 6.483163e+02 2.044130e+01
    endloop
  endfacet
  facet normal 1.218693e-01 4.213012e-15 9.925462e-01
    outer loop
      vertex   4.245179e+02 6.465208e+02 2.024374e+01
      vertex   4.229089e+02 6.483163e+02 2.044130e+01
      vertex   4.221932e+02 6.475056e+02 2.052918e+01
    endloop
  endfacet
  facet normal 1.218693e-01 -2.565428e-15 9.925462e-01
    outer loop
      vertex   4.221932e+02 6.475056e+02 2.052918e+01
      vertex   4.213096e+02 6.468822e+02 2.063767e+01
      vertex   4.245179e+02 6.465208e+02 2.024374e+01
    endloop
  endfacet
  facet normal 1.218693e-01 -7.994709e-15 9.925462e-01
    outer loop
      vertex   4.245179e+02 6.465208e+02 2.024374e+01
      vertex   4.213096e+02 6.468822e+02 2.063767e+01
      vertex   4.203059e+02 6.464797e+02 2.076091e+01
    endloop
  endfacet
  facet normal 1.218693e-01 2.873328e-14 9.925462e-01
    outer loop
      vertex   4.245179e+02 6.465208e+02 2.024374e+01
      vertex   4.203059e+02 6.464797e+02 2.076091e+01
      vertex   4.192364e+02 6.463199e+02 2.089223e+01
    endloop
  endfacet
  facet normal 1.218693e-01 -9.213675e-16 9.925462e-01
    outer loop
      vertex   4.245179e+02 6.465208e+02 2.024374e+01
      vertex   4.192364e+02 6.463199e+02 2.089223e+01
      vertex   2.995729e+02 6.127831e+02 3.558506e+01
    endloop
  endfacet
  facet normal 1.218693e-01 1.916707e-14 9.925462e-01
    outer loop
      vertex   2.995729e+02 6.127831e+02 3.558506e+01
      vertex   4.192364e+02 6.463199e+02 2.089223e+01
      vertex   4.181589e+02 6.464115e+02 2.102453e+01
    endloop
  endfacet
  facet normal 1.218693e-01 -1.315614e-14 9.925462e-01
    outer loop
      vertex   2.995729e+02 6.127831e+02 3.558506e+01
      vertex   4.181589e+02 6.464115e+02 2.102453e+01
      vertex   3.003661e+02 6.134567e+02 3.548766e+01
    endloop
  endfacet
  facet normal 1.218693e-01 -1.225408e-14 9.925462e-01
    outer loop
      vertex   3.003661e+02 6.134567e+02 3.548766e+01
      vertex   4.181589e+02 6.464115e+02 2.102453e+01
      vertex   4.171316e+02 6.467495e+02 2.115066e+01
    endloop
  endfacet
  facet normal 1.218693e-01 -9.677034e-16 9.925462e-01
    outer loop
      vertex   3.003661e+02 6.134567e+02 3.548766e+01
      vertex   4.171316e+02 6.467495e+02 2.115066e+01
      vertex   3.009897e+02 6.142899e+02 3.541109e+01
    endloop
  endfacet
  facet normal 1.218693e-01 2.779727e-15 9.925462e-01
    outer loop
      vertex   3.009897e+02 6.142899e+02 3.541109e+01
      vertex   4.171316e+02 6.467495e+02 2.115066e+01
      vertex   3.014124e+02 6.152408e+02 3.535919e+01
    endloop
  endfacet
  facet normal 1.218693e-01 -2.387028e-15 9.925462e-01
    outer loop
      vertex   3.014124e+02 6.152408e+02 3.535919e+01
      vertex   4.171316e+02 6.467495e+02 2.115066e+01
      vertex   4.162103e+02 6.473157e+02 2.126379e+01
    endloop
  endfacet
  facet normal 1.218693e-01 2.974507e-14 9.925462e-01
    outer loop
      vertex   2.995729e+02 6.127831e+02 3.558506e+01
      vertex   2.986497e+02 6.123028e+02 3.569841e+01
      vertex   4.245179e+02 6.465208e+02 2.024374e+01
    endloop
  endfacet
  facet normal 1.218693e-01 0.000000e+00 9.925462e-01
    outer loop
      vertex   4.245179e+02 6.465208e+02 2.024374e+01
      vertex   2.986497e+02 6.123028e+02 3.569841e+01
      vertex   2.940553e+02 6.100681e+02 3.626254e+01
    endloop
  endfacet
  facet normal 1.218693e-01 -5.499939e-15 9.925462e-01
    outer loop
      vertex   2.940553e+02 6.100681e+02 3.626254e+01
      vertex   2.986497e+02 6.123028e+02 3.569841e+01
      vertex   2.976428e+02 6.120398e+02 3.582205e+01
    endloop
  endfacet
  facet normal 1.218693e-01 -3.531834e-15 9.925462e-01
    outer loop
      vertex   2.940553e+02 6.100681e+02 3.626254e+01
      vertex   2.976428e+02 6.120398e+02 3.582205e+01
      vertex   2.966026e+02 6.120074e+02 3.594976e+01
    endloop
  endfacet
  facet normal 1.218693e-01 2.523283e-15 9.925462e-01
    outer loop
      vertex   2.966026e+02 6.120074e+02 3.594976e+01
      vertex   2.955813e+02 6.122070e+02 3.607517e+01
      vertex   2.940553e+02 6.100681e+02 3.626254e+01
    endloop
  endfacet
  facet normal 1.218693e-01 7.970803e-16 9.925462e-01
    outer loop
      vertex   2.940553e+02 6.100681e+02 3.626254e+01
      vertex   2.955813e+02 6.122070e+02 3.607517e+01
      vertex   2.946299e+02 6.126289e+02 3.619198e+01
    endloop
  endfacet
  facet normal 1.218693e-01 9.863139e-16 9.925462e-01
    outer loop
      vertex   2.940553e+02 6.100681e+02 3.626254e+01
      vertex   2.946299e+02 6.126289e+02 3.619198e+01
      vertex   2.937962e+02 6.132517e+02 3.629435e+01
    endloop
  endfacet
  facet normal 1.218693e-01 1.381757e-15 9.925462e-01
    outer loop
      vertex   2.937962e+02 6.132517e+02 3.629435e+01
      vertex   2.931219e+02 6.140443e+02 3.637714e+01
      vertex   2.940553e+02 6.100681e+02 3.626254e+01
    endloop
  endfacet
  facet normal 1.218693e-01 1.623770e-15 9.925462e-01
    outer loop
      vertex   2.940553e+02 6.100681e+02 3.626254e+01
      vertex   2.931219e+02 6.140443e+02 3.637714e+01
      vertex   2.926408e+02 6.149671e+02 3.643622e+01
    endloop
  endfacet
  facet normal 1.218693e-01 6.192559e-16 9.925462e-01
    outer loop
      vertex   2.940553e+02 6.100681e+02 3.626254e+01
      vertex   2.926408e+02 6.149671e+02 3.643622e+01
      vertex   2.727366e+02 6.527040e+02 3.888014e+01
    endloop
  endfacet
  facet normal 1.218693e-01 -6.297676e-15 9.925462e-01
    outer loop
      vertex   2.727366e+02 6.527040e+02 3.888014e+01
      vertex   2.926408e+02 6.149671e+02 3.643622e+01
      vertex   2.923769e+02 6.159738e+02 3.646862e+01
    endloop
  endfacet
  facet normal 1.218693e-01 1.836396e-15 9.925462e-01
    outer loop
      vertex   2.727366e+02 6.527040e+02 3.888014e+01
      vertex   2.923769e+02 6.159738e+02 3.646862e+01
      vertex   2.923435e+02 6.170139e+02 3.647272e+01
    endloop
  endfacet
  facet normal 1.218693e-01 3.142612e-15 9.925462e-01
    outer loop
      vertex   2.923435e+02 6.170139e+02 3.647272e+01
      vertex   2.925422e+02 6.180354e+02 3.644832e+01
      vertex   2.727366e+02 6.527040e+02 3.888014e+01
    endloop
  endfacet
  facet normal 0.000000e+00 0.000000e+00 -1.000000e+00
    outer loop
      vertex   4.211655e+02 7.305819e+02 0.000000e+00
      vertex   4.212388e+02 7.311384e+02 0.000000e+00
      vertex   4.265030e+02 7.379835e+02 0.000000e+00
    endloop
  endfacet
  facet normal 0.000000e+00 0.000000e+00 -1.000000e+00
    outer loop
      vertex   4.265030e+02 7.379835e+02 0.000000e+00
      vertex   4.212388e+02 7.311384e+02 0.000000e+00
      vertex   4.211655e+02 7.316948e+02 0.000000e+00
    endloop
  endfacet
  facet normal 0.000000e+00 0.000000e+00 -1.000000e+00
    outer loop
      vertex   4.265030e+02 7.379835e+02 0.000000e+00
      vertex   4.211655e+02 7.316948e+02 0.000000e+00
      vertex   4.209508e+02 7.322134e+02 0.000000e+00
    endloop
  endfacet
  facet normal 0.000000e+00 0.000000e+00 -1.000000e+00
    outer loop
      vertex   4.209508e+02 7.322134e+02 0.000000e+00
      vertex   4.206091e+02 7.326587e+02 0.000000e+00
      vertex   4.265030e+02 7.379835e+02 0.000000e+00
    endloop
  endfacet
  facet normal 0.000000e+00 0.000000e+00 -1.000000e+00
    outer loop
      vertex   4.265030e+02 7.379835e+02 0.000000e+00
      vertex   4.206091e+02 7.326587e+02 0.000000e+00
      vertex   4.201638e+02 7.330003e+02 0.000000e+00
    endloop
  endfacet
  facet normal 0.000000e+00 0.000000e+00 -1.000000e+00
    outer loop
      vertex   4.265030e+02 7.379835e+02 0.000000e+00
      vertex   4.201638e+02 7.330003e+02 0.000000e+00
      vertex   4.196453e+02 7.332151e+02 0.000000e+00
    endloop
  endfacet
  facet normal 0.000000e+00 0.000000e+00 -1.000000e+00
    outer loop
      vertex   4.196453e+02 7.332151e+02 0.000000e+00
      vertex   4.190888e+02 7.332884e+02 0.000000e+00
      vertex   4.265030e+02 7.379835e+02 0.000000e+00
    endloop
  endfacet
  facet normal 0.000000e+00 0.000000e+00 -1.000000e+00
    outer loop
      vertex   4.265030e+02 7.379835e+02 0.000000e+00
      vertex   4.190888e+02 7.332884e+02 0.000000e+00
      vertex   4.154725e+02 7.340615e+02 0.000000e+00
    endloop
  endfacet
  facet normal -0.000000e+00 0.000000e+00 -1.000000e+00
    outer loop
      vertex   4.265030e+02 7.379835e+02 0.000000e+00
      vertex   4.154725e+02 7.340615e+02 0.000000e+00
      vertex   3.505593e+02 7.455873e+02 0.000000e+00
    endloop
  endfacet
  facet normal 0.000000e+00 -0.000000e+00 -1.000000e+00
    outer loop
      vertex   3.505593e+02 7.455873e+02 0.000000e+00
      vertex   4.154725e+02 7.340615e+02 0.000000e+00
      vertex   3.505541e+02 7.405628e+02 0.000000e+00
    endloop
  endfacet
  facet normal 0.000000e+00 0.000000e+00 -1.000000e+00
    outer loop
      vertex   3.505593e+02 7.455873e+02 0.000000e+00
      vertex   3.505541e+02 7.405628e+02 0.000000e+00
      vertex   3.041662e+02 7.360144e+02 0.000000e+00
    endloop
  endfacet
  facet normal -0.000000e+00 0.000000e+00 -1.000000e+00
    outer loop
      vertex   4.190888e+02 7.332884e+02 0.000000e+00
      vertex   4.185323e+02 7.332151e+02 0.000000e+00
      vertex   4.154725e+02 7.340615e+02 0.000000e+00
    endloop
  endfacet
  facet normal 0.000000e+00 0.000000e+00 -1.000000e+00
    outer loop
      vertex   4.154725e+02 7.340615e+02 0.000000e+00
      vertex   4.185323e+02 7.332151e+02 0.000000e+00
      vertex   4.180138e+02 7.330003e+02 0.000000e+00
    endloop
  endfacet
  facet normal 0.000000e+00 0.000000e+00 -1.000000e+00
    outer loop
      vertex   4.154725e+02 7.340615e+02 0.000000e+00
      vertex   4.180138e+02 7.330003e+02 0.000000e+00
      vertex   4.175685e+02 7.326587e+02 0.000000e+00
    endloop
  endfacet
  facet normal -0.000000e+00 0.000000e+00 -1.000000e+00
    outer loop
      vertex   4.175685e+02 7.326587e+02 0.000000e+00
      vertex   4.172268e+02 7.322134e+02 0.000000e+00
      vertex   4.154725e+02 7.340615e+02 0.000000e+00
    endloop
  endfacet
  facet normal 0.000000e+00 -0.000000e+00 -1.000000e+00
    outer loop
      vertex   4.154725e+02 7.340615e+02 0.000000e+00
      vertex   4.172268e+02 7.322134e+02 0.000000e+00
      vertex   4.148952e+02 7.331473e+02 0.000000e+00
    endloop
  endfacet
  facet normal 0.000000e+00 0.000000e+00 -1.000000e+00
    outer loop
      vertex   4.148952e+02 7.331473e+02 0.000000e+00
      vertex   4.172268e+02 7.322134e+02 0.000000e+00
      vertex   4.170121e+02 7.316948e+02 0.000000e+00
    endloop
  endfacet
  facet normal 0.000000e+00 -0.000000e+00 -1.000000e+00
    outer loop
      vertex   4.148952e+02 7.331473e+02 0.000000e+00
      vertex   4.170121e+02 7.316948e+02 0.000000e+00
      vertex   4.145446e+02 7.321246e+02 0.000000e+00
    endloop
  endfacet
  facet normal 0.000000e+00 0.000000e+00 -1.000000e+00
    outer loop
      vertex   4.145446e+02 7.321246e+02 0.000000e+00
      vertex   4.170121e+02 7.316948e+02 0.000000e+00
      vertex   4.169388e+02 7.311384e+02 0.000000e+00
    endloop
  endfacet
  facet normal 0.000000e+00 -0.000000e+00 -1.000000e+00
    outer loop
      vertex   4.145446e+02 7.321246e+02 0.000000e+00
      vertex   4.169388e+02 7.311384e+02 0.000000e+00
      vertex   4.144397e+02 7.310485e+02 0.000000e+00
    endloop
  endfacet
  facet normal 0.000000e+00 0.000000e+00 -1.000000e+00
    outer loop
      vertex   4.144397e+02 7.310485e+02 0.000000e+00
      vertex   4.169388e+02 7.311384e+02 0.000000e+00
      vertex   4.170121e+02 7.305819e+02 0.000000e+00
    endloop
  endfacet
  facet normal 0.000000e+00 0.000000e+00 -1.000000e+00
    outer loop
      vertex   4.144397e+02 7.310485e+02 0.000000e+00
      vertex   4.170121e+02 7.305819e+02 0.000000e+00
      vertex   4.145861e+02 7.299773e+02 0.000000e+00
    endloop
  endfacet
  facet normal 0.000000e+00 0.000000e+00 -1.000000e+00
    outer loop
      vertex   4.145861e+02 7.299773e+02 0.000000e+00
      vertex   4.170121e+02 7.305819e+02 0.000000e+00
      vertex   4.172268e+02 7.300634e+02 0.000000e+00
    endloop
  endfacet
  facet normal 0.000000e+00 0.000000e+00 -1.000000e+00
    outer loop
      vertex   4.145861e+02 7.299773e+02 0.000000e+00
      vertex   4.172268e+02 7.300634e+02 0.000000e+00
      vertex   4.149760e+02 7.289688e+02 0.000000e+00
    endloop
  endfacet
  facet normal 0.000000e+00 0.000000e+00 -1.000000e+00
    outer loop
      vertex   4.149760e+02 7.289688e+02 0.000000e+00
      vertex   4.172268e+02 7.300634e+02 0.000000e+00
      vertex   4.175685e+02 7.296181e+02 0.000000e+00
    endloop
  endfacet
  facet normal 0.000000e+00 0.000000e+00 -1.000000e+00
    outer loop
      vertex   4.149760e+02 7.289688e+02 0.000000e+00
      vertex   4.175685e+02 7.296181e+02 0.000000e+00
      vertex   4.155882e+02 7.280776e+02 0.000000e+00
    endloop
  endfacet
  facet normal 0.000000e+00 0.000000e+00 -1.000000e+00
    outer loop
      vertex   4.155882e+02 7.280776e+02 0.000000e+00
      vertex   4.175685e+02 7.296181e+02 0.000000e+00
      vertex   4.180138e+02 7.292764e+02 0.000000e+00
    endloop
  endfacet
  facet normal 0.000000e+00 0.000000e+00 -1.000000e+00
    outer loop
      vertex   4.155882e+02 7.280776e+02 0.000000e+00
      vertex   4.180138e+02 7.292764e+02 0.000000e+00
      vertex   4.163896e+02 7.273520e+02 0.000000e+00
    endloop
  endfacet
  facet normal 0.000000e+00 0.000000e+00 -1.000000e+00
    outer loop
      vertex   4.163896e+02 7.273520e+02 0.000000e+00
      vertex   4.180138e+02 7.292764e+02 0.000000e+00
      vertex   4.173370e+02 7.268310e+02 0.000000e+00
    endloop
  endfacet
  facet normal 0.000000e+00 0.000000e+00 -1.000000e+00
    outer loop
      vertex   4.173370e+02 7.268310e+02 0.000000e+00
      vertex   4.180138e+02 7.292764e+02 0.000000e+00
      vertex   4.185323e+02 7.290616e+02 0.000000e+00
    endloop
  endfacet
  facet normal 0.000000e+00 0.000000e+00 -1.000000e+00
    outer loop
      vertex   4.173370e+02 7.268310e+02 0.000000e+00
      vertex   4.185323e+02 7.290616e+02 0.000000e+00
      vertex   4.183791e+02 7.265428e+02 0.000000e+00
    endloop
  endfacet
  facet normal 0.000000e+00 0.000000e+00 -1.000000e+00
    outer loop
      vertex   4.183791e+02 7.265428e+02 0.000000e+00
      vertex   4.185323e+02 7.290616e+02 0.000000e+00
      vertex   4.190888e+02 7.289884e+02 0.000000e+00
    endloop
  endfacet
  facet normal 0.000000e+00 0.000000e+00 -1.000000e+00
    outer loop
      vertex   4.183791e+02 7.265428e+02 0.000000e+00
      vertex   4.190888e+02 7.289884e+02 0.000000e+00
      vertex   4.194596e+02 7.265032e+02 0.000000e+00
    endloop
  endfacet
  facet normal 0.000000e+00 0.000000e+00 -1.000000e+00
    outer loop
      vertex   4.194596e+02 7.265032e+02 0.000000e+00
      vertex   4.190888e+02 7.289884e+02 0.000000e+00
      vertex   4.196453e+02 7.290616e+02 0.000000e+00
    endloop
  endfacet
  facet normal 0.000000e+00 0.000000e+00 -1.000000e+00
    outer loop
      vertex   4.194596e+02 7.265032e+02 0.000000e+00
      vertex   4.196453e+02 7.290616e+02 0.000000e+00
      vertex   4.205200e+02 7.267141e+02 0.000000e+00
    endloop
  endfacet
  facet normal 0.000000e+00 0.000000e+00 -1.000000e+00
    outer loop
      vertex   4.205200e+02 7.267141e+02 0.000000e+00
      vertex   4.196453e+02 7.290616e+02 0.000000e+00
      vertex   4.215030e+02 7.271642e+02 0.000000e+00
    endloop
  endfacet
  facet normal 0.000000e+00 0.000000e+00 -1.000000e+00
    outer loop
      vertex   4.215030e+02 7.271642e+02 0.000000e+00
      vertex   4.196453e+02 7.290616e+02 0.000000e+00
      vertex   4.201638e+02 7.292764e+02 0.000000e+00
    endloop
  endfacet
  facet normal 0.000000e+00 0.000000e+00 -1.000000e+00
    outer loop
      vertex   4.215030e+02 7.271642e+02 0.000000e+00
      vertex   4.201638e+02 7.292764e+02 0.000000e+00
      vertex   4.206091e+02 7.296181e+02 0.000000e+00
    endloop
  endfacet
  facet normal 0.000000e+00 0.000000e+00 -1.000000e+00
    outer loop
      vertex   4.206091e+02 7.296181e+02 0.000000e+00
      vertex   4.209508e+02 7.300634e+02 0.000000e+00
      vertex   4.215030e+02 7.271642e+02 0.000000e+00
    endloop
  endfacet
  facet normal 0.000000e+00 0.000000e+00 -1.000000e+00
    outer loop
      vertex   4.215030e+02 7.271642e+02 0.000000e+00
      vertex   4.209508e+02 7.300634e+02 0.000000e+00
      vertex   4.211655e+02 7.305819e+02 0.000000e+00
    endloop
  endfacet
  facet normal 0.000000e+00 0.000000e+00 -1.000000e+00
    outer loop
      vertex   4.215030e+02 7.271642e+02 0.000000e+00
      vertex   4.211655e+02 7.305819e+02 0.000000e+00
      vertex   4.265030e+02 7.379835e+02 0.000000e+00
    endloop
  endfacet
  facet normal 0.000000e+00 0.000000e+00 -1.000000e+00
    outer loop
      vertex   3.027579e+02 7.334923e+02 0.000000e+00
      vertex   3.053310e+02 7.329828e+02 0.000000e+00
      vertex   3.028312e+02 7.329359e+02 0.000000e+00
    endloop
  endfacet
  facet normal 0.000000e+00 0.000000e+00 -1.000000e+00
    outer loop
      vertex   3.028312e+02 7.329359e+02 0.000000e+00
      vertex   3.053310e+02 7.329828e+02 0.000000e+00
      vertex   3.052111e+02 7.318860e+02 0.000000e+00
    endloop
  endfacet
  facet normal 0.000000e+00 -0.000000e+00 -1.000000e+00
    outer loop
      vertex   3.028312e+02 7.329359e+02 0.000000e+00
      vertex   3.052111e+02 7.318860e+02 0.000000e+00
      vertex   3.027579e+02 7.323794e+02 0.000000e+00
    endloop
  endfacet
  facet normal 0.000000e+00 -0.000000e+00 -1.000000e+00
    outer loop
      vertex   3.027579e+02 7.323794e+02 0.000000e+00
      vertex   3.052111e+02 7.318860e+02 0.000000e+00
      vertex   3.025431e+02 7.318609e+02 0.000000e+00
    endloop
  endfacet
  facet normal 0.000000e+00 0.000000e+00 -1.000000e+00
    outer loop
      vertex   3.025431e+02 7.318609e+02 0.000000e+00
      vertex   3.052111e+02 7.318860e+02 0.000000e+00
      vertex   3.048363e+02 7.308484e+02 0.000000e+00
    endloop
  endfacet
  facet normal 0.000000e+00 -0.000000e+00 -1.000000e+00
    outer loop
      vertex   3.025431e+02 7.318609e+02 0.000000e+00
      vertex   3.048363e+02 7.308484e+02 0.000000e+00
      vertex   3.022015e+02 7.314156e+02 0.000000e+00
    endloop
  endfacet
  facet normal 0.000000e+00 0.000000e+00 -1.000000e+00
    outer loop
      vertex   3.022015e+02 7.314156e+02 0.000000e+00
      vertex   3.048363e+02 7.308484e+02 0.000000e+00
      vertex   3.042275e+02 7.299282e+02 0.000000e+00
    endloop
  endfacet
  facet normal 0.000000e+00 0.000000e+00 -1.000000e+00
    outer loop
      vertex   3.022015e+02 7.314156e+02 0.000000e+00
      vertex   3.042275e+02 7.299282e+02 0.000000e+00
      vertex   3.034192e+02 7.291774e+02 0.000000e+00
    endloop
  endfacet
  facet normal 0.000000e+00 0.000000e+00 -1.000000e+00
    outer loop
      vertex   3.053310e+02 7.329828e+02 0.000000e+00
      vertex   3.027579e+02 7.334923e+02 0.000000e+00
      vertex   3.051890e+02 7.340769e+02 0.000000e+00
    endloop
  endfacet
  facet normal 0.000000e+00 0.000000e+00 -1.000000e+00
    outer loop
      vertex   3.051890e+02 7.340769e+02 0.000000e+00
      vertex   3.027579e+02 7.334923e+02 0.000000e+00
      vertex   3.025431e+02 7.340109e+02 0.000000e+00
    endloop
  endfacet
  facet normal -0.000000e+00 0.000000e+00 -1.000000e+00
    outer loop
      vertex   3.051890e+02 7.340769e+02 0.000000e+00
      vertex   3.025431e+02 7.340109e+02 0.000000e+00
      vertex   3.047934e+02 7.351067e+02 0.000000e+00
    endloop
  endfacet
  facet normal 0.000000e+00 0.000000e+00 -1.000000e+00
    outer loop
      vertex   3.047934e+02 7.351067e+02 0.000000e+00
      vertex   3.025431e+02 7.340109e+02 0.000000e+00
      vertex   3.022015e+02 7.344562e+02 0.000000e+00
    endloop
  endfacet
  facet normal -0.000000e+00 0.000000e+00 -1.000000e+00
    outer loop
      vertex   3.047934e+02 7.351067e+02 0.000000e+00
      vertex   3.022015e+02 7.344562e+02 0.000000e+00
      vertex   3.041662e+02 7.360144e+02 0.000000e+00
    endloop
  endfacet
  facet normal 0.000000e+00 0.000000e+00 -1.000000e+00
    outer loop
      vertex   3.041662e+02 7.360144e+02 0.000000e+00
      vertex   3.022015e+02 7.344562e+02 0.000000e+00
      vertex   3.017562e+02 7.347978e+02 0.000000e+00
    endloop
  endfacet
  facet normal 0.000000e+00 0.000000e+00 -1.000000e+00
    outer loop
      vertex   3.041662e+02 7.360144e+02 0.000000e+00
      vertex   3.017562e+02 7.347978e+02 0.000000e+00
      vertex   3.012376e+02 7.350126e+02 0.000000e+00
    endloop
  endfacet
  facet normal 0.000000e+00 0.000000e+00 -1.000000e+00
    outer loop
      vertex   3.012376e+02 7.350126e+02 0.000000e+00
      vertex   3.006812e+02 7.350859e+02 0.000000e+00
      vertex   3.041662e+02 7.360144e+02 0.000000e+00
    endloop
  endfacet
  facet normal -0.000000e+00 0.000000e+00 -1.000000e+00
    outer loop
      vertex   3.041662e+02 7.360144e+02 0.000000e+00
      vertex   3.006812e+02 7.350859e+02 0.000000e+00
      vertex   2.954045e+02 7.401793e+02 0.000000e+00
    endloop
  endfacet
  facet normal 0.000000e+00 0.000000e+00 -1.000000e+00
    outer loop
      vertex   3.041662e+02 7.360144e+02 0.000000e+00
      vertex   2.954045e+02 7.401793e+02 0.000000e+00
      vertex   3.505593e+02 7.455873e+02 0.000000e+00
    endloop
  endfacet
  facet normal -0.000000e+00 0.000000e+00 -1.000000e+00
    outer loop
      vertex   3.006812e+02 7.350859e+02 0.000000e+00
      vertex   3.001247e+02 7.350126e+02 0.000000e+00
      vertex   2.954045e+02 7.401793e+02 0.000000e+00
    endloop
  endfacet
  facet normal 0.000000e+00 0.000000e+00 -1.000000e+00
    outer loop
      vertex   2.954045e+02 7.401793e+02 0.000000e+00
      vertex   3.001247e+02 7.350126e+02 0.000000e+00
      vertex   2.996062e+02 7.347978e+02 0.000000e+00
    endloop
  endfacet
  facet normal 0.000000e+00 0.000000e+00 -1.000000e+00
    outer loop
      vertex   2.954045e+02 7.401793e+02 0.000000e+00
      vertex   2.996062e+02 7.347978e+02 0.000000e+00
      vertex   2.991609e+02 7.344562e+02 0.000000e+00
    endloop
  endfacet
  facet normal -0.000000e+00 0.000000e+00 -1.000000e+00
    outer loop
      vertex   2.991609e+02 7.344562e+02 0.000000e+00
      vertex   2.988192e+02 7.340109e+02 0.000000e+00
      vertex   2.954045e+02 7.401793e+02 0.000000e+00
    endloop
  endfacet
  facet normal 0.000000e+00 0.000000e+00 -1.000000e+00
    outer loop
      vertex   2.954045e+02 7.401793e+02 0.000000e+00
      vertex   2.988192e+02 7.340109e+02 0.000000e+00
      vertex   2.986044e+02 7.334923e+02 0.000000e+00
    endloop
  endfacet
  facet normal 0.000000e+00 0.000000e+00 -1.000000e+00
    outer loop
      vertex   2.954045e+02 7.401793e+02 0.000000e+00
      vertex   2.986044e+02 7.334923e+02 0.000000e+00
      vertex   2.966824e+02 7.305626e+02 0.000000e+00
    endloop
  endfacet
  facet normal 0.000000e+00 0.000000e+00 -1.000000e+00
    outer loop
      vertex   2.966824e+02 7.305626e+02 0.000000e+00
      vertex   2.986044e+02 7.334923e+02 0.000000e+00
      vertex   2.985312e+02 7.329359e+02 0.000000e+00
    endloop
  endfacet
  facet normal 0.000000e+00 0.000000e+00 -1.000000e+00
    outer loop
      vertex   2.966824e+02 7.305626e+02 0.000000e+00
      vertex   2.985312e+02 7.329359e+02 0.000000e+00
      vertex   2.986044e+02 7.323794e+02 0.000000e+00
    endloop
  endfacet
  facet normal 0.000000e+00 -0.000000e+00 -1.000000e+00
    outer loop
      vertex   2.986044e+02 7.323794e+02 0.000000e+00
      vertex   2.988192e+02 7.318609e+02 0.000000e+00
      vertex   2.966824e+02 7.305626e+02 0.000000e+00
    endloop
  endfacet
  facet normal 0.000000e+00 0.000000e+00 -1.000000e+00
    outer loop
      vertex   2.966824e+02 7.305626e+02 0.000000e+00
      vertex   2.988192e+02 7.318609e+02 0.000000e+00
      vertex   2.991609e+02 7.314156e+02 0.000000e+00
    endloop
  endfacet
  facet normal 0.000000e+00 0.000000e+00 -1.000000e+00
    outer loop
      vertex   2.966824e+02 7.305626e+02 0.000000e+00
      vertex   2.991609e+02 7.314156e+02 0.000000e+00
      vertex   2.973541e+02 7.296874e+02 0.000000e+00
    endloop
  endfacet
  facet normal 0.000000e+00 0.000000e+00 -1.000000e+00
    outer loop
      vertex   2.973541e+02 7.296874e+02 0.000000e+00
      vertex   2.991609e+02 7.314156e+02 0.000000e+00
      vertex   2.996062e+02 7.310739e+02 0.000000e+00
    endloop
  endfacet
  facet normal 0.000000e+00 0.000000e+00 -1.000000e+00
    outer loop
      vertex   2.973541e+02 7.296874e+02 0.000000e+00
      vertex   2.996062e+02 7.310739e+02 0.000000e+00
      vertex   2.982130e+02 7.289950e+02 0.000000e+00
    endloop
  endfacet
  facet normal 0.000000e+00 0.000000e+00 -1.000000e+00
    outer loop
      vertex   2.982130e+02 7.289950e+02 0.000000e+00
      vertex   2.996062e+02 7.310739e+02 0.000000e+00
      vertex   3.001247e+02 7.308591e+02 0.000000e+00
    endloop
  endfacet
  facet normal 0.000000e+00 0.000000e+00 -1.000000e+00
    outer loop
      vertex   2.982130e+02 7.289950e+02 0.000000e+00
      vertex   3.001247e+02 7.308591e+02 0.000000e+00
      vertex   2.992109e+02 7.285244e+02 0.000000e+00
    endloop
  endfacet
  facet normal 0.000000e+00 0.000000e+00 -1.000000e+00
    outer loop
      vertex   2.992109e+02 7.285244e+02 0.000000e+00
      vertex   3.001247e+02 7.308591e+02 0.000000e+00
      vertex   3.002916e+02 7.283022e+02 0.000000e+00
    endloop
  endfacet
  facet normal 0.000000e+00 0.000000e+00 -1.000000e+00
    outer loop
      vertex   3.002916e+02 7.283022e+02 0.000000e+00
      vertex   3.001247e+02 7.308591e+02 0.000000e+00
      vertex   3.006812e+02 7.307859e+02 0.000000e+00
    endloop
  endfacet
  facet normal 0.000000e+00 0.000000e+00 -1.000000e+00
    outer loop
      vertex   3.002916e+02 7.283022e+02 0.000000e+00
      vertex   3.006812e+02 7.307859e+02 0.000000e+00
      vertex   3.013942e+02 7.283409e+02 0.000000e+00
    endloop
  endfacet
  facet normal 0.000000e+00 0.000000e+00 -1.000000e+00
    outer loop
      vertex   3.013942e+02 7.283409e+02 0.000000e+00
      vertex   3.006812e+02 7.307859e+02 0.000000e+00
      vertex   3.012376e+02 7.308591e+02 0.000000e+00
    endloop
  endfacet
  facet normal 0.000000e+00 0.000000e+00 -1.000000e+00
    outer loop
      vertex   3.013942e+02 7.283409e+02 0.000000e+00
      vertex   3.012376e+02 7.308591e+02 0.000000e+00
      vertex   3.024567e+02 7.286382e+02 0.000000e+00
    endloop
  endfacet
  facet normal 0.000000e+00 0.000000e+00 -1.000000e+00
    outer loop
      vertex   3.024567e+02 7.286382e+02 0.000000e+00
      vertex   3.012376e+02 7.308591e+02 0.000000e+00
      vertex   3.017562e+02 7.310739e+02 0.000000e+00
    endloop
  endfacet
  facet normal 0.000000e+00 0.000000e+00 -1.000000e+00
    outer loop
      vertex   3.024567e+02 7.286382e+02 0.000000e+00
      vertex   3.017562e+02 7.310739e+02 0.000000e+00
      vertex   3.034192e+02 7.291774e+02 0.000000e+00
    endloop
  endfacet
  facet normal 0.000000e+00 0.000000e+00 -1.000000e+00
    outer loop
      vertex   3.034192e+02 7.291774e+02 0.000000e+00
      vertex   3.017562e+02 7.310739e+02 0.000000e+00
      vertex   3.022015e+02 7.314156e+02 0.000000e+00
    endloop
  endfacet
  facet normal 0.000000e+00 0.000000e+00 -1.000000e+00
    outer loop
      vertex   4.211655e+02 6.504111e+02 0.000000e+00
      vertex   4.212388e+02 6.509676e+02 0.000000e+00
      vertex   4.265030e+02 6.450000e+02 0.000000e+00
    endloop
  endfacet
  facet normal 0.000000e+00 0.000000e+00 -1.000000e+00
    outer loop
      vertex   4.265030e+02 6.450000e+02 0.000000e+00
      vertex   4.212388e+02 6.509676e+02 0.000000e+00
      vertex   4.211655e+02 6.515241e+02 0.000000e+00
    endloop
  endfacet
  facet normal 0.000000e+00 0.000000e+00 -1.000000e+00
    outer loop
      vertex   4.265030e+02 6.450000e+02 0.000000e+00
      vertex   4.211655e+02 6.515241e+02 0.000000e+00
      vertex   4.215030e+02 6.549418e+02 0.000000e+00
    endloop
  endfacet
  facet normal 0.000000e+00 0.000000e+00 -1.000000e+00
    outer loop
      vertex   4.215030e+02 6.549418e+02 0.000000e+00
      vertex   4.211655e+02 6.515241e+02 0.000000e+00
      vertex   4.209508e+02 6.520426e+02 0.000000e+00
    endloop
  endfacet
  facet normal 0.000000e+00 0.000000e+00 -1.000000e+00
    outer loop
      vertex   4.215030e+02 6.549418e+02 0.000000e+00
      vertex   4.209508e+02 6.520426e+02 0.000000e+00
      vertex   4.206091e+02 6.524879e+02 0.000000e+00
    endloop
  endfacet
  facet normal 0.000000e+00 0.000000e+00 -1.000000e+00
    outer loop
      vertex   4.206091e+02 6.524879e+02 0.000000e+00
      vertex   4.201638e+02 6.528295e+02 0.000000e+00
      vertex   4.215030e+02 6.549418e+02 0.000000e+00
    endloop
  endfacet
  facet normal 0.000000e+00 0.000000e+00 -1.000000e+00
    outer loop
      vertex   4.215030e+02 6.549418e+02 0.000000e+00
      vertex   4.201638e+02 6.528295e+02 0.000000e+00
      vertex   4.196453e+02 6.530443e+02 0.000000e+00
    endloop
  endfacet
  facet normal -0.000000e+00 0.000000e+00 -1.000000e+00
    outer loop
      vertex   4.215030e+02 6.549418e+02 0.000000e+00
      vertex   4.196453e+02 6.530443e+02 0.000000e+00
      vertex   4.205232e+02 6.553908e+02 0.000000e+00
    endloop
  endfacet
  facet normal -0.000000e+00 0.000000e+00 -1.000000e+00
    outer loop
      vertex   4.205232e+02 6.553908e+02 0.000000e+00
      vertex   4.196453e+02 6.530443e+02 0.000000e+00
      vertex   4.194664e+02 6.556022e+02 0.000000e+00
    endloop
  endfacet
  facet normal 0.000000e+00 -0.000000e+00 -1.000000e+00
    outer loop
      vertex   4.194664e+02 6.556022e+02 0.000000e+00
      vertex   4.196453e+02 6.530443e+02 0.000000e+00
      vertex   4.190888e+02 6.531176e+02 0.000000e+00
    endloop
  endfacet
  facet normal 0.000000e+00 0.000000e+00 -1.000000e+00
    outer loop
      vertex   4.194664e+02 6.556022e+02 0.000000e+00
      vertex   4.190888e+02 6.531176e+02 0.000000e+00
      vertex   4.183892e+02 6.555647e+02 0.000000e+00
    endloop
  endfacet
  facet normal 0.000000e+00 0.000000e+00 -1.000000e+00
    outer loop
      vertex   4.183892e+02 6.555647e+02 0.000000e+00
      vertex   4.190888e+02 6.531176e+02 0.000000e+00
      vertex   4.185323e+02 6.530443e+02 0.000000e+00
    endloop
  endfacet
  facet normal 0.000000e+00 -0.000000e+00 -1.000000e+00
    outer loop
      vertex   4.183892e+02 6.555647e+02 0.000000e+00
      vertex   4.185323e+02 6.530443e+02 0.000000e+00
      vertex   4.173497e+02 6.552801e+02 0.000000e+00
    endloop
  endfacet
  facet normal 0.000000e+00 0.000000e+00 -1.000000e+00
    outer loop
      vertex   4.173497e+02 6.552801e+02 0.000000e+00
      vertex   4.185323e+02 6.530443e+02 0.000000e+00
      vertex   4.180138e+02 6.528295e+02 0.000000e+00
    endloop
  endfacet
  facet normal 0.000000e+00 -0.000000e+00 -1.000000e+00
    outer loop
      vertex   4.173497e+02 6.552801e+02 0.000000e+00
      vertex   4.180138e+02 6.528295e+02 0.000000e+00
      vertex   4.164036e+02 6.547639e+02 0.000000e+00
    endloop
  endfacet
  facet normal 0.000000e+00 -0.000000e+00 -1.000000e+00
    outer loop
      vertex   4.164036e+02 6.547639e+02 0.000000e+00
      vertex   4.180138e+02 6.528295e+02 0.000000e+00
      vertex   4.156017e+02 6.540437e+02 0.000000e+00
    endloop
  endfacet
  facet normal 0.000000e+00 0.000000e+00 -1.000000e+00
    outer loop
      vertex   4.156017e+02 6.540437e+02 0.000000e+00
      vertex   4.180138e+02 6.528295e+02 0.000000e+00
      vertex   4.175685e+02 6.524879e+02 0.000000e+00
    endloop
  endfacet
  facet normal 0.000000e+00 -0.000000e+00 -1.000000e+00
    outer loop
      vertex   4.156017e+02 6.540437e+02 0.000000e+00
      vertex   4.175685e+02 6.524879e+02 0.000000e+00
      vertex   4.149872e+02 6.531583e+02 0.000000e+00
    endloop
  endfacet
  facet normal 0.000000e+00 0.000000e+00 -1.000000e+00
    outer loop
      vertex   4.149872e+02 6.531583e+02 0.000000e+00
      vertex   4.175685e+02 6.524879e+02 0.000000e+00
      vertex   4.172268e+02 6.520426e+02 0.000000e+00
    endloop
  endfacet
  facet normal 0.000000e+00 -0.000000e+00 -1.000000e+00
    outer loop
      vertex   4.149872e+02 6.531583e+02 0.000000e+00
      vertex   4.172268e+02 6.520426e+02 0.000000e+00
      vertex   4.145930e+02 6.521552e+02 0.000000e+00
    endloop
  endfacet
  facet normal 0.000000e+00 0.000000e+00 -1.000000e+00
    outer loop
      vertex   4.145930e+02 6.521552e+02 0.000000e+00
      vertex   4.172268e+02 6.520426e+02 0.000000e+00
      vertex   4.170121e+02 6.515241e+02 0.000000e+00
    endloop
  endfacet
  facet normal 0.000000e+00 -0.000000e+00 -1.000000e+00
    outer loop
      vertex   4.145930e+02 6.521552e+02 0.000000e+00
      vertex   4.170121e+02 6.515241e+02 0.000000e+00
      vertex   4.144404e+02 6.510882e+02 0.000000e+00
    endloop
  endfacet
  facet normal 0.000000e+00 0.000000e+00 -1.000000e+00
    outer loop
      vertex   4.144404e+02 6.510882e+02 0.000000e+00
      vertex   4.170121e+02 6.515241e+02 0.000000e+00
      vertex   4.169388e+02 6.509676e+02 0.000000e+00
    endloop
  endfacet
  facet normal 0.000000e+00 0.000000e+00 -1.000000e+00
    outer loop
      vertex   4.144404e+02 6.510882e+02 0.000000e+00
      vertex   4.169388e+02 6.509676e+02 0.000000e+00
      vertex   4.145375e+02 6.500148e+02 0.000000e+00
    endloop
  endfacet
  facet normal 0.000000e+00 0.000000e+00 -1.000000e+00
    outer loop
      vertex   4.145375e+02 6.500148e+02 0.000000e+00
      vertex   4.169388e+02 6.509676e+02 0.000000e+00
      vertex   4.170121e+02 6.504111e+02 0.000000e+00
    endloop
  endfacet
  facet normal 0.000000e+00 0.000000e+00 -1.000000e+00
    outer loop
      vertex   4.145375e+02 6.500148e+02 0.000000e+00
      vertex   4.170121e+02 6.504111e+02 0.000000e+00
      vertex   4.148791e+02 6.489926e+02 0.000000e+00
    endloop
  endfacet
  facet normal 0.000000e+00 0.000000e+00 -1.000000e+00
    outer loop
      vertex   4.148791e+02 6.489926e+02 0.000000e+00
      vertex   4.170121e+02 6.504111e+02 0.000000e+00
      vertex   4.172268e+02 6.498926e+02 0.000000e+00
    endloop
  endfacet
  facet normal 0.000000e+00 0.000000e+00 -1.000000e+00
    outer loop
      vertex   4.148791e+02 6.489926e+02 0.000000e+00
      vertex   4.172268e+02 6.498926e+02 0.000000e+00
      vertex   4.154468e+02 6.480765e+02 0.000000e+00
    endloop
  endfacet
  facet normal 0.000000e+00 0.000000e+00 -1.000000e+00
    outer loop
      vertex   4.154468e+02 6.480765e+02 0.000000e+00
      vertex   4.172268e+02 6.498926e+02 0.000000e+00
      vertex   4.175685e+02 6.494473e+02 0.000000e+00
    endloop
  endfacet
  facet normal 0.000000e+00 0.000000e+00 -1.000000e+00
    outer loop
      vertex   4.154468e+02 6.480765e+02 0.000000e+00
      vertex   4.175685e+02 6.494473e+02 0.000000e+00
      vertex   4.162103e+02 6.473157e+02 0.000000e+00
    endloop
  endfacet
  facet normal 0.000000e+00 0.000000e+00 -1.000000e+00
    outer loop
      vertex   4.162103e+02 6.473157e+02 0.000000e+00
      vertex   4.175685e+02 6.494473e+02 0.000000e+00
      vertex   4.180138e+02 6.491056e+02 0.000000e+00
    endloop
  endfacet
  facet normal 0.000000e+00 0.000000e+00 -1.000000e+00
    outer loop
      vertex   4.162103e+02 6.473157e+02 0.000000e+00
      vertex   4.180138e+02 6.491056e+02 0.000000e+00
      vertex   4.185323e+02 6.488909e+02 0.000000e+00
    endloop
  endfacet
  facet normal 0.000000e+00 -0.000000e+00 -1.000000e+00
    outer loop
      vertex   4.185323e+02 6.488909e+02 0.000000e+00
      vertex   4.190888e+02 6.488176e+02 0.000000e+00
      vertex   4.162103e+02 6.473157e+02 0.000000e+00
    endloop
  endfacet
  facet normal 0.000000e+00 0.000000e+00 -1.000000e+00
    outer loop
      vertex   4.162103e+02 6.473157e+02 0.000000e+00
      vertex   4.190888e+02 6.488176e+02 0.000000e+00
      vertex   4.196453e+02 6.488909e+02 0.000000e+00
    endloop
  endfacet
  facet normal 0.000000e+00 0.000000e+00 -1.000000e+00
    outer loop
      vertex   4.162103e+02 6.473157e+02 0.000000e+00
      vertex   4.196453e+02 6.488909e+02 0.000000e+00
      vertex   4.265030e+02 6.450000e+02 0.000000e+00
    endloop
  endfacet
  facet normal 0.000000e+00 0.000000e+00 -1.000000e+00
    outer loop
      vertex   4.265030e+02 6.450000e+02 0.000000e+00
      vertex   4.196453e+02 6.488909e+02 0.000000e+00
      vertex   4.201638e+02 6.491056e+02 0.000000e+00
    endloop
  endfacet
  facet normal 0.000000e+00 0.000000e+00 -1.000000e+00
    outer loop
      vertex   4.265030e+02 6.450000e+02 0.000000e+00
      vertex   4.201638e+02 6.491056e+02 0.000000e+00
      vertex   4.206091e+02 6.494473e+02 0.000000e+00
    endloop
  endfacet
  facet normal 0.000000e+00 0.000000e+00 -1.000000e+00
    outer loop
      vertex   4.206091e+02 6.494473e+02 0.000000e+00
      vertex   4.209508e+02 6.498926e+02 0.000000e+00
      vertex   4.265030e+02 6.450000e+02 0.000000e+00
    endloop
  endfacet
  facet normal 0.000000e+00 0.000000e+00 -1.000000e+00
    outer loop
      vertex   4.265030e+02 6.450000e+02 0.000000e+00
      vertex   4.209508e+02 6.498926e+02 0.000000e+00
      vertex   4.211655e+02 6.504111e+02 0.000000e+00
    endloop
  endfacet
  facet normal 0.000000e+00 0.000000e+00 -1.000000e+00
    outer loop
      vertex   2.807865e+02 6.822628e+02 0.000000e+00
      vertex   2.833584e+02 6.818167e+02 0.000000e+00
      vertex   2.808598e+02 6.817064e+02 0.000000e+00
    endloop
  endfacet
  facet normal 0.000000e+00 0.000000e+00 -1.000000e+00
    outer loop
      vertex   2.808598e+02 6.817064e+02 0.000000e+00
      vertex   2.833584e+02 6.818167e+02 0.000000e+00
      vertex   2.832627e+02 6.807612e+02 0.000000e+00
    endloop
  endfacet
  facet normal 0.000000e+00 -0.000000e+00 -1.000000e+00
    outer loop
      vertex   2.808598e+02 6.817064e+02 0.000000e+00
      vertex   2.832627e+02 6.807612e+02 0.000000e+00
      vertex   2.807865e+02 6.811499e+02 0.000000e+00
    endloop
  endfacet
  facet normal 0.000000e+00 0.000000e+00 -1.000000e+00
    outer loop
      vertex   2.807865e+02 6.811499e+02 0.000000e+00
      vertex   2.832627e+02 6.807612e+02 0.000000e+00
      vertex   2.829304e+02 6.797549e+02 0.000000e+00
    endloop
  endfacet
  facet normal 0.000000e+00 -0.000000e+00 -1.000000e+00
    outer loop
      vertex   2.807865e+02 6.811499e+02 0.000000e+00
      vertex   2.829304e+02 6.797549e+02 0.000000e+00
      vertex   2.805717e+02 6.806314e+02 0.000000e+00
    endloop
  endfacet
  facet normal 0.000000e+00 0.000000e+00 -1.000000e+00
    outer loop
      vertex   2.805717e+02 6.806314e+02 0.000000e+00
      vertex   2.829304e+02 6.797549e+02 0.000000e+00
      vertex   2.823790e+02 6.788499e+02 0.000000e+00
    endloop
  endfacet
  facet normal 0.000000e+00 -0.000000e+00 -1.000000e+00
    outer loop
      vertex   2.805717e+02 6.806314e+02 0.000000e+00
      vertex   2.823790e+02 6.788499e+02 0.000000e+00
      vertex   2.802300e+02 6.801861e+02 0.000000e+00
    endloop
  endfacet
  facet normal 0.000000e+00 0.000000e+00 -1.000000e+00
    outer loop
      vertex   2.802300e+02 6.801861e+02 0.000000e+00
      vertex   2.823790e+02 6.788499e+02 0.000000e+00
      vertex   2.816369e+02 6.780933e+02 0.000000e+00
    endloop
  endfacet
  facet normal 0.000000e+00 -0.000000e+00 -1.000000e+00
    outer loop
      vertex   2.802300e+02 6.801861e+02 0.000000e+00
      vertex   2.816369e+02 6.780933e+02 0.000000e+00
      vertex   2.797848e+02 6.798444e+02 0.000000e+00
    endloop
  endfacet
  facet normal 0.000000e+00 0.000000e+00 -1.000000e+00
    outer loop
      vertex   2.797848e+02 6.798444e+02 0.000000e+00
      vertex   2.816369e+02 6.780933e+02 0.000000e+00
      vertex   2.807428e+02 6.775243e+02 0.000000e+00
    endloop
  endfacet
  facet normal 0.000000e+00 -0.000000e+00 -1.000000e+00
    outer loop
      vertex   2.797848e+02 6.798444e+02 0.000000e+00
      vertex   2.807428e+02 6.775243e+02 0.000000e+00
      vertex   2.792662e+02 6.796296e+02 0.000000e+00
    endloop
  endfacet
  facet normal 0.000000e+00 0.000000e+00 -1.000000e+00
    outer loop
      vertex   2.792662e+02 6.796296e+02 0.000000e+00
      vertex   2.807428e+02 6.775243e+02 0.000000e+00
      vertex   2.797431e+02 6.771726e+02 0.000000e+00
    endloop
  endfacet
  facet normal 0.000000e+00 -0.000000e+00 -1.000000e+00
    outer loop
      vertex   2.792662e+02 6.796296e+02 0.000000e+00
      vertex   2.797431e+02 6.771726e+02 0.000000e+00
      vertex   2.787098e+02 6.795564e+02 0.000000e+00
    endloop
  endfacet
  facet normal 0.000000e+00 -0.000000e+00 -1.000000e+00
    outer loop
      vertex   2.787098e+02 6.795564e+02 0.000000e+00
      vertex   2.797431e+02 6.771726e+02 0.000000e+00
      vertex   2.786897e+02 6.770564e+02 0.000000e+00
    endloop
  endfacet
  facet normal 0.000000e+00 0.000000e+00 -1.000000e+00
    outer loop
      vertex   2.787098e+02 6.795564e+02 0.000000e+00
      vertex   2.786897e+02 6.770564e+02 0.000000e+00
      vertex   2.776373e+02 6.771817e+02 0.000000e+00
    endloop
  endfacet
  facet normal 0.000000e+00 0.000000e+00 -1.000000e+00
    outer loop
      vertex   2.833584e+02 6.818167e+02 0.000000e+00
      vertex   2.807865e+02 6.822628e+02 0.000000e+00
      vertex   2.832127e+02 6.828664e+02 0.000000e+00
    endloop
  endfacet
  facet normal 0.000000e+00 0.000000e+00 -1.000000e+00
    outer loop
      vertex   2.832127e+02 6.828664e+02 0.000000e+00
      vertex   2.807865e+02 6.822628e+02 0.000000e+00
      vertex   2.805717e+02 6.827814e+02 0.000000e+00
    endloop
  endfacet
  facet normal -0.000000e+00 0.000000e+00 -1.000000e+00
    outer loop
      vertex   2.832127e+02 6.828664e+02 0.000000e+00
      vertex   2.805717e+02 6.827814e+02 0.000000e+00
      vertex   2.828331e+02 6.838559e+02 0.000000e+00
    endloop
  endfacet
  facet normal 0.000000e+00 0.000000e+00 -1.000000e+00
    outer loop
      vertex   2.828331e+02 6.838559e+02 0.000000e+00
      vertex   2.805717e+02 6.827814e+02 0.000000e+00
      vertex   2.802300e+02 6.832266e+02 0.000000e+00
    endloop
  endfacet
  facet normal -0.000000e+00 0.000000e+00 -1.000000e+00
    outer loop
      vertex   2.828331e+02 6.838559e+02 0.000000e+00
      vertex   2.802300e+02 6.832266e+02 0.000000e+00
      vertex   2.822393e+02 6.847337e+02 0.000000e+00
    endloop
  endfacet
  facet normal -0.000000e+00 0.000000e+00 -1.000000e+00
    outer loop
      vertex   2.822393e+02 6.847337e+02 0.000000e+00
      vertex   2.802300e+02 6.832266e+02 0.000000e+00
      vertex   2.814622e+02 6.854542e+02 0.000000e+00
    endloop
  endfacet
  facet normal 0.000000e+00 0.000000e+00 -1.000000e+00
    outer loop
      vertex   2.814622e+02 6.854542e+02 0.000000e+00
      vertex   2.802300e+02 6.832266e+02 0.000000e+00
      vertex   2.797848e+02 6.835683e+02 0.000000e+00
    endloop
  endfacet
  facet normal -0.000000e+00 0.000000e+00 -1.000000e+00
    outer loop
      vertex   2.814622e+02 6.854542e+02 0.000000e+00
      vertex   2.797848e+02 6.835683e+02 0.000000e+00
      vertex   2.805421e+02 6.859801e+02 0.000000e+00
    endloop
  endfacet
  facet normal 0.000000e+00 0.000000e+00 -1.000000e+00
    outer loop
      vertex   2.805421e+02 6.859801e+02 0.000000e+00
      vertex   2.797848e+02 6.835683e+02 0.000000e+00
      vertex   2.792662e+02 6.837831e+02 0.000000e+00
    endloop
  endfacet
  facet normal -0.000000e+00 0.000000e+00 -1.000000e+00
    outer loop
      vertex   2.805421e+02 6.859801e+02 0.000000e+00
      vertex   2.792662e+02 6.837831e+02 0.000000e+00
      vertex   2.795268e+02 6.862840e+02 0.000000e+00
    endloop
  endfacet
  facet normal 0.000000e+00 0.000000e+00 -1.000000e+00
    outer loop
      vertex   2.795268e+02 6.862840e+02 0.000000e+00
      vertex   2.792662e+02 6.837831e+02 0.000000e+00
      vertex   2.787098e+02 6.838564e+02 0.000000e+00
    endloop
  endfacet
  facet normal -0.000000e+00 0.000000e+00 -1.000000e+00
    outer loop
      vertex   2.795268e+02 6.862840e+02 0.000000e+00
      vertex   2.787098e+02 6.838564e+02 0.000000e+00
      vertex   2.784691e+02 6.863501e+02 0.000000e+00
    endloop
  endfacet
  facet normal 0.000000e+00 -0.000000e+00 -1.000000e+00
    outer loop
      vertex   2.784691e+02 6.863501e+02 0.000000e+00
      vertex   2.787098e+02 6.838564e+02 0.000000e+00
      vertex   2.781533e+02 6.837831e+02 0.000000e+00
    endloop
  endfacet
  facet normal 0.000000e+00 0.000000e+00 -1.000000e+00
    outer loop
      vertex   2.784691e+02 6.863501e+02 0.000000e+00
      vertex   2.781533e+02 6.837831e+02 0.000000e+00
      vertex   2.774239e+02 6.861750e+02 0.000000e+00
    endloop
  endfacet
  facet normal 0.000000e+00 0.000000e+00 -1.000000e+00
    outer loop
      vertex   2.774239e+02 6.861750e+02 0.000000e+00
      vertex   2.781533e+02 6.837831e+02 0.000000e+00
      vertex   2.776348e+02 6.835683e+02 0.000000e+00
    endloop
  endfacet
  facet normal 0.000000e+00 -0.000000e+00 -1.000000e+00
    outer loop
      vertex   2.774239e+02 6.861750e+02 0.000000e+00
      vertex   2.776348e+02 6.835683e+02 0.000000e+00
      vertex   2.771895e+02 6.832266e+02 0.000000e+00
    endloop
  endfacet
  facet normal 0.000000e+00 0.000000e+00 -1.000000e+00
    outer loop
      vertex   2.774239e+02 6.861750e+02 0.000000e+00
      vertex   2.771895e+02 6.832266e+02 0.000000e+00
      vertex   2.707515e+02 6.833584e+02 0.000000e+00
    endloop
  endfacet
  facet normal 0.000000e+00 0.000000e+00 -1.000000e+00
    outer loop
      vertex   2.707515e+02 6.833584e+02 0.000000e+00
      vertex   2.771895e+02 6.832266e+02 0.000000e+00
      vertex   2.768478e+02 6.827814e+02 0.000000e+00
    endloop
  endfacet
  facet normal 0.000000e+00 0.000000e+00 -1.000000e+00
    outer loop
      vertex   2.707515e+02 6.833584e+02 0.000000e+00
      vertex   2.768478e+02 6.827814e+02 0.000000e+00
      vertex   2.766330e+02 6.822628e+02 0.000000e+00
    endloop
  endfacet
  facet normal -0.000000e+00 0.000000e+00 -1.000000e+00
    outer loop
      vertex   2.766330e+02 6.822628e+02 0.000000e+00
      vertex   2.765598e+02 6.817064e+02 0.000000e+00
      vertex   2.707515e+02 6.833584e+02 0.000000e+00
    endloop
  endfacet
  facet normal 0.000000e+00 0.000000e+00 -1.000000e+00
    outer loop
      vertex   2.707515e+02 6.833584e+02 0.000000e+00
      vertex   2.765598e+02 6.817064e+02 0.000000e+00
      vertex   2.766330e+02 6.811499e+02 0.000000e+00
    endloop
  endfacet
  facet normal 0.000000e+00 0.000000e+00 -1.000000e+00
    outer loop
      vertex   2.707515e+02 6.833584e+02 0.000000e+00
      vertex   2.766330e+02 6.811499e+02 0.000000e+00
      vertex   2.757515e+02 6.781187e+02 0.000000e+00
    endloop
  endfacet
  facet normal 0.000000e+00 0.000000e+00 -1.000000e+00
    outer loop
      vertex   2.757515e+02 6.781187e+02 0.000000e+00
      vertex   2.766330e+02 6.811499e+02 0.000000e+00
      vertex   2.768478e+02 6.806314e+02 0.000000e+00
    endloop
  endfacet
  facet normal 0.000000e+00 0.000000e+00 -1.000000e+00
    outer loop
      vertex   2.757515e+02 6.781187e+02 0.000000e+00
      vertex   2.768478e+02 6.806314e+02 0.000000e+00
      vertex   2.771895e+02 6.801861e+02 0.000000e+00
    endloop
  endfacet
  facet normal 0.000000e+00 -0.000000e+00 -1.000000e+00
    outer loop
      vertex   2.771895e+02 6.801861e+02 0.000000e+00
      vertex   2.776348e+02 6.798444e+02 0.000000e+00
      vertex   2.757515e+02 6.781187e+02 0.000000e+00
    endloop
  endfacet
  facet normal 0.000000e+00 0.000000e+00 -1.000000e+00
    outer loop
      vertex   2.757515e+02 6.781187e+02 0.000000e+00
      vertex   2.776348e+02 6.798444e+02 0.000000e+00
      vertex   2.766407e+02 6.775421e+02 0.000000e+00
    endloop
  endfacet
  facet normal 0.000000e+00 0.000000e+00 -1.000000e+00
    outer loop
      vertex   2.766407e+02 6.775421e+02 0.000000e+00
      vertex   2.776348e+02 6.798444e+02 0.000000e+00
      vertex   2.781533e+02 6.796296e+02 0.000000e+00
    endloop
  endfacet
  facet normal 0.000000e+00 0.000000e+00 -1.000000e+00
    outer loop
      vertex   2.766407e+02 6.775421e+02 0.000000e+00
      vertex   2.781533e+02 6.796296e+02 0.000000e+00
      vertex   2.776373e+02 6.771817e+02 0.000000e+00
    endloop
  endfacet
  facet normal 0.000000e+00 0.000000e+00 -1.000000e+00
    outer loop
      vertex   2.776373e+02 6.771817e+02 0.000000e+00
      vertex   2.781533e+02 6.796296e+02 0.000000e+00
      vertex   2.787098e+02 6.795564e+02 0.000000e+00
    endloop
  endfacet
  facet normal 0.000000e+00 0.000000e+00 -1.000000e+00
    outer loop
      vertex   2.990553e+02 6.171986e+02 0.000000e+00
      vertex   3.015811e+02 6.173047e+02 0.000000e+00
      vertex   2.991286e+02 6.166421e+02 0.000000e+00
    endloop
  endfacet
  facet normal 0.000000e+00 0.000000e+00 -1.000000e+00
    outer loop
      vertex   2.991286e+02 6.166421e+02 0.000000e+00
      vertex   3.015811e+02 6.173047e+02 0.000000e+00
      vertex   3.016131e+02 6.162633e+02 0.000000e+00
    endloop
  endfacet
  facet normal 0.000000e+00 -0.000000e+00 -1.000000e+00
    outer loop
      vertex   2.991286e+02 6.166421e+02 0.000000e+00
      vertex   3.016131e+02 6.162633e+02 0.000000e+00
      vertex   2.990553e+02 6.160857e+02 0.000000e+00
    endloop
  endfacet
  facet normal 0.000000e+00 0.000000e+00 -1.000000e+00
    outer loop
      vertex   2.990553e+02 6.160857e+02 0.000000e+00
      vertex   3.016131e+02 6.162633e+02 0.000000e+00
      vertex   3.014124e+02 6.152408e+02 0.000000e+00
    endloop
  endfacet
  facet normal 0.000000e+00 -0.000000e+00 -1.000000e+00
    outer loop
      vertex   2.990553e+02 6.160857e+02 0.000000e+00
      vertex   3.014124e+02 6.152408e+02 0.000000e+00
      vertex   2.988405e+02 6.155671e+02 0.000000e+00
    endloop
  endfacet
  facet normal 0.000000e+00 -0.000000e+00 -1.000000e+00
    outer loop
      vertex   2.988405e+02 6.155671e+02 0.000000e+00
      vertex   3.014124e+02 6.152408e+02 0.000000e+00
      vertex   2.984989e+02 6.151219e+02 0.000000e+00
    endloop
  endfacet
  facet normal 0.000000e+00 -0.000000e+00 -1.000000e+00
    outer loop
      vertex   2.984989e+02 6.151219e+02 0.000000e+00
      vertex   3.014124e+02 6.152408e+02 0.000000e+00
      vertex   2.980536e+02 6.147802e+02 0.000000e+00
    endloop
  endfacet
  facet normal 0.000000e+00 -0.000000e+00 -1.000000e+00
    outer loop
      vertex   2.980536e+02 6.147802e+02 0.000000e+00
      vertex   3.014124e+02 6.152408e+02 0.000000e+00
      vertex   2.975350e+02 6.145654e+02 0.000000e+00
    endloop
  endfacet
  facet normal 0.000000e+00 -0.000000e+00 -1.000000e+00
    outer loop
      vertex   2.975350e+02 6.145654e+02 0.000000e+00
      vertex   3.014124e+02 6.152408e+02 0.000000e+00
      vertex   2.930155e+02 6.077021e+02 0.000000e+00
    endloop
  endfacet
  facet normal 0.000000e+00 0.000000e+00 -1.000000e+00
    outer loop
      vertex   2.975350e+02 6.145654e+02 0.000000e+00
      vertex   2.930155e+02 6.077021e+02 0.000000e+00
      vertex   2.969786e+02 6.144921e+02 0.000000e+00
    endloop
  endfacet
  facet normal -0.000000e+00 0.000000e+00 -1.000000e+00
    outer loop
      vertex   2.969786e+02 6.144921e+02 0.000000e+00
      vertex   2.930155e+02 6.077021e+02 0.000000e+00
      vertex   2.964221e+02 6.145654e+02 0.000000e+00
    endloop
  endfacet
  facet normal -0.000000e+00 0.000000e+00 -1.000000e+00
    outer loop
      vertex   2.964221e+02 6.145654e+02 0.000000e+00
      vertex   2.930155e+02 6.077021e+02 0.000000e+00
      vertex   2.959036e+02 6.147802e+02 0.000000e+00
    endloop
  endfacet
  facet normal -0.000000e+00 0.000000e+00 -1.000000e+00
    outer loop
      vertex   2.959036e+02 6.147802e+02 0.000000e+00
      vertex   2.930155e+02 6.077021e+02 0.000000e+00
      vertex   2.954583e+02 6.151219e+02 0.000000e+00
    endloop
  endfacet
  facet normal -0.000000e+00 0.000000e+00 -1.000000e+00
    outer loop
      vertex   2.954583e+02 6.151219e+02 0.000000e+00
      vertex   2.930155e+02 6.077021e+02 0.000000e+00
      vertex   2.951166e+02 6.155671e+02 0.000000e+00
    endloop
  endfacet
  facet normal -0.000000e+00 0.000000e+00 -1.000000e+00
    outer loop
      vertex   2.951166e+02 6.155671e+02 0.000000e+00
      vertex   2.930155e+02 6.077021e+02 0.000000e+00
      vertex   2.949018e+02 6.160857e+02 0.000000e+00
    endloop
  endfacet
  facet normal -0.000000e+00 0.000000e+00 -1.000000e+00
    outer loop
      vertex   2.949018e+02 6.160857e+02 0.000000e+00
      vertex   2.930155e+02 6.077021e+02 0.000000e+00
      vertex   2.929632e+02 6.189872e+02 0.000000e+00
    endloop
  endfacet
  facet normal 0.000000e+00 0.000000e+00 -1.000000e+00
    outer loop
      vertex   2.949018e+02 6.160857e+02 0.000000e+00
      vertex   2.929632e+02 6.189872e+02 0.000000e+00
      vertex   2.948286e+02 6.166421e+02 0.000000e+00
    endloop
  endfacet
  facet normal 0.000000e+00 0.000000e+00 -1.000000e+00
    outer loop
      vertex   2.948286e+02 6.166421e+02 0.000000e+00
      vertex   2.929632e+02 6.189872e+02 0.000000e+00
      vertex   2.949018e+02 6.171986e+02 0.000000e+00
    endloop
  endfacet
  facet normal 0.000000e+00 0.000000e+00 -1.000000e+00
    outer loop
      vertex   2.949018e+02 6.171986e+02 0.000000e+00
      vertex   2.929632e+02 6.189872e+02 0.000000e+00
      vertex   2.951166e+02 6.177171e+02 0.000000e+00
    endloop
  endfacet
  facet normal 0.000000e+00 0.000000e+00 -1.000000e+00
    outer loop
      vertex   2.951166e+02 6.177171e+02 0.000000e+00
      vertex   2.929632e+02 6.189872e+02 0.000000e+00
      vertex   2.954583e+02 6.181624e+02 0.000000e+00
    endloop
  endfacet
  facet normal 0.000000e+00 0.000000e+00 -1.000000e+00
    outer loop
      vertex   2.954583e+02 6.181624e+02 0.000000e+00
      vertex   2.929632e+02 6.189872e+02 0.000000e+00
      vertex   2.935862e+02 6.198224e+02 0.000000e+00
    endloop
  endfacet
  facet normal 0.000000e+00 0.000000e+00 -1.000000e+00
    outer loop
      vertex   2.954583e+02 6.181624e+02 0.000000e+00
      vertex   2.935862e+02 6.198224e+02 0.000000e+00
      vertex   2.959036e+02 6.185041e+02 0.000000e+00
    endloop
  endfacet
  facet normal 0.000000e+00 0.000000e+00 -1.000000e+00
    outer loop
      vertex   2.959036e+02 6.185041e+02 0.000000e+00
      vertex   2.935862e+02 6.198224e+02 0.000000e+00
      vertex   2.943795e+02 6.204979e+02 0.000000e+00
    endloop
  endfacet
  facet normal 0.000000e+00 0.000000e+00 -1.000000e+00
    outer loop
      vertex   2.959036e+02 6.185041e+02 0.000000e+00
      vertex   2.943795e+02 6.204979e+02 0.000000e+00
      vertex   2.953033e+02 6.209799e+02 0.000000e+00
    endloop
  endfacet
  facet normal -0.000000e+00 0.000000e+00 -1.000000e+00
    outer loop
      vertex   3.015811e+02 6.173047e+02 0.000000e+00
      vertex   2.990553e+02 6.171986e+02 0.000000e+00
      vertex   3.013180e+02 6.183129e+02 0.000000e+00
    endloop
  endfacet
  facet normal 0.000000e+00 0.000000e+00 -1.000000e+00
    outer loop
      vertex   3.013180e+02 6.183129e+02 0.000000e+00
      vertex   2.990553e+02 6.171986e+02 0.000000e+00
      vertex   2.988405e+02 6.177171e+02 0.000000e+00
    endloop
  endfacet
  facet normal -0.000000e+00 0.000000e+00 -1.000000e+00
    outer loop
      vertex   3.013180e+02 6.183129e+02 0.000000e+00
      vertex   2.988405e+02 6.177171e+02 0.000000e+00
      vertex   3.008371e+02 6.192372e+02 0.000000e+00
    endloop
  endfacet
  facet normal 0.000000e+00 0.000000e+00 -1.000000e+00
    outer loop
      vertex   3.008371e+02 6.192372e+02 0.000000e+00
      vertex   2.988405e+02 6.177171e+02 0.000000e+00
      vertex   2.984989e+02 6.181624e+02 0.000000e+00
    endloop
  endfacet
  facet normal -0.000000e+00 0.000000e+00 -1.000000e+00
    outer loop
      vertex   3.008371e+02 6.192372e+02 0.000000e+00
      vertex   2.984989e+02 6.181624e+02 0.000000e+00
      vertex   3.001624e+02 6.200312e+02 0.000000e+00
    endloop
  endfacet
  facet normal 0.000000e+00 0.000000e+00 -1.000000e+00
    outer loop
      vertex   3.001624e+02 6.200312e+02 0.000000e+00
      vertex   2.984989e+02 6.181624e+02 0.000000e+00
      vertex   2.980536e+02 6.185041e+02 0.000000e+00
    endloop
  endfacet
  facet normal -0.000000e+00 0.000000e+00 -1.000000e+00
    outer loop
      vertex   3.001624e+02 6.200312e+02 0.000000e+00
      vertex   2.980536e+02 6.185041e+02 0.000000e+00
      vertex   2.993278e+02 6.206551e+02 0.000000e+00
    endloop
  endfacet
  facet normal 0.000000e+00 0.000000e+00 -1.000000e+00
    outer loop
      vertex   2.993278e+02 6.206551e+02 0.000000e+00
      vertex   2.980536e+02 6.185041e+02 0.000000e+00
      vertex   2.975350e+02 6.187189e+02 0.000000e+00
    endloop
  endfacet
  facet normal -0.000000e+00 0.000000e+00 -1.000000e+00
    outer loop
      vertex   2.993278e+02 6.206551e+02 0.000000e+00
      vertex   2.975350e+02 6.187189e+02 0.000000e+00
      vertex   2.983753e+02 6.210774e+02 0.000000e+00
    endloop
  endfacet
  facet normal -0.000000e+00 0.000000e+00 -1.000000e+00
    outer loop
      vertex   2.983753e+02 6.210774e+02 0.000000e+00
      vertex   2.975350e+02 6.187189e+02 0.000000e+00
      vertex   2.973526e+02 6.212771e+02 0.000000e+00
    endloop
  endfacet
  facet normal 0.000000e+00 -0.000000e+00 -1.000000e+00
    outer loop
      vertex   2.973526e+02 6.212771e+02 0.000000e+00
      vertex   2.975350e+02 6.187189e+02 0.000000e+00
      vertex   2.969786e+02 6.187921e+02 0.000000e+00
    endloop
  endfacet
  facet normal 0.000000e+00 0.000000e+00 -1.000000e+00
    outer loop
      vertex   2.973526e+02 6.212771e+02 0.000000e+00
      vertex   2.969786e+02 6.187921e+02 0.000000e+00
      vertex   2.963112e+02 6.212440e+02 0.000000e+00
    endloop
  endfacet
  facet normal 0.000000e+00 0.000000e+00 -1.000000e+00
    outer loop
      vertex   2.963112e+02 6.212440e+02 0.000000e+00
      vertex   2.969786e+02 6.187921e+02 0.000000e+00
      vertex   2.964221e+02 6.187189e+02 0.000000e+00
    endloop
  endfacet
  facet normal 0.000000e+00 -0.000000e+00 -1.000000e+00
    outer loop
      vertex   2.963112e+02 6.212440e+02 0.000000e+00
      vertex   2.964221e+02 6.187189e+02 0.000000e+00
      vertex   2.953033e+02 6.209799e+02 0.000000e+00
    endloop
  endfacet
  facet normal 0.000000e+00 0.000000e+00 -1.000000e+00
    outer loop
      vertex   2.953033e+02 6.209799e+02 0.000000e+00
      vertex   2.964221e+02 6.187189e+02 0.000000e+00
      vertex   2.959036e+02 6.185041e+02 0.000000e+00
    endloop
  endfacet
  facet normal 0.000000e+00 0.000000e+00 -1.000000e+00
    outer loop
      vertex   2.930155e+02 6.077021e+02 0.000000e+00
      vertex   3.014124e+02 6.152408e+02 0.000000e+00
      vertex   4.265030e+02 6.450000e+02 0.000000e+00
    endloop
  endfacet
  facet normal -0.000000e+00 0.000000e+00 -1.000000e+00
    outer loop
      vertex   4.265030e+02 6.450000e+02 0.000000e+00
      vertex   3.014124e+02 6.152408e+02 0.000000e+00
      vertex   4.162103e+02 6.473157e+02 0.000000e+00
    endloop
  endfacet
  facet normal 0.000000e+00 0.000000e+00 -1.000000e+00
    outer loop
      vertex   4.215030e+02 6.549418e+02 0.000000e+00
      vertex   4.215030e+02 7.271642e+02 0.000000e+00
      vertex   4.265030e+02 6.450000e+02 0.000000e+00
    endloop
  endfacet
  facet normal 0.000000e+00 0.000000e+00 -1.000000e+00
    outer loop
      vertex   4.265030e+02 6.450000e+02 0.000000e+00
      vertex   4.215030e+02 7.271642e+02 0.000000e+00
      vertex   4.265030e+02 7.379835e+02 0.000000e+00
    endloop
  endfacet
  facet normal 0.000000e+00 -0.000000e+00 -1.000000e+00
    outer loop
      vertex   2.954045e+02 7.401793e+02 0.000000e+00
      vertex   2.966824e+02 7.305626e+02 0.000000e+00
      vertex   2.707515e+02 6.833584e+02 0.000000e+00
    endloop
  endfacet
  facet normal 0.000000e+00 0.000000e+00 -1.000000e+00
    outer loop
      vertex   2.707515e+02 6.833584e+02 0.000000e+00
      vertex   2.966824e+02 7.305626e+02 0.000000e+00
      vertex   2.774239e+02 6.861750e+02 0.000000e+00
    endloop
  endfacet
  facet normal 0.000000e+00 0.000000e+00 -1.000000e+00
    outer loop
      vertex   2.707515e+02 6.833584e+02 0.000000e+00
      vertex   2.757515e+02 6.781187e+02 0.000000e+00
      vertex   2.707515e+02 6.522287e+02 0.000000e+00
    endloop
  endfacet
  facet normal 0.000000e+00 0.000000e+00 -1.000000e+00
    outer loop
      vertex   2.707515e+02 6.522287e+02 0.000000e+00
      vertex   2.757515e+02 6.781187e+02 0.000000e+00
      vertex   2.757515e+02 6.534105e+02 0.000000e+00
    endloop
  endfacet
  facet normal 0.000000e+00 0.000000e+00 -1.000000e+00
    outer loop
      vertex   2.707515e+02 6.522287e+02 0.000000e+00
      vertex   2.757515e+02 6.534105e+02 0.000000e+00
      vertex   2.929632e+02 6.189872e+02 0.000000e+00
    endloop
  endfacet
  facet normal 0.000000e+00 0.000000e+00 -1.000000e+00
    outer loop
      vertex   2.930155e+02 6.077021e+02 0.000000e+00
      vertex   2.707515e+02 6.522287e+02 0.000000e+00
      vertex   2.929632e+02 6.189872e+02 0.000000e+00
    endloop
  endfacet
  facet normal 1.000000e+00 0.000000e+00 0.000000e+00
    outer loop
      vertex   2.757515e+02 6.534105e+02 3.700996e+01
      vertex   2.757515e+02 6.781187e+02 3.700996e+01
      vertex   2.757515e+02 6.534105e+02 3.850996e+01
    endloop
  endfacet
  facet normal 1.000000e+00 -0.000000e+00 0.000000e+00
    outer loop
      vertex   2.757515e+02 6.534105e+02 3.850996e+01
      vertex   2.757515e+02 6.781187e+02 3.700996e+01
      vertex   2.757515e+02 6.781187e+02 3.850996e+01
    endloop
  endfacet
  facet normal -9.964700e-02 -9.950229e-01 0.000000e+00
    outer loop
      vertex   4.154725e+02 7.340615e+02 1.985438e+01
      vertex   4.154725e+02 7.340615e+02 2.135438e+01
      vertex   3.505541e+02 7.405628e+02 2.782536e+01
    endloop
  endfacet
  facet normal -9.964700e-02 -9.950229e-01 0.000000e+00
    outer loop
      vertex   3.505541e+02 7.405628e+02 2.782536e+01
      vertex   4.154725e+02 7.340615e+02 2.135438e+01
      vertex   3.505541e+02 7.405628e+02 2.932536e+01
    endloop
  endfacet
  facet normal 9.758315e-02 -9.952274e-01 0.000000e+00
    outer loop
      vertex   3.041662e+02 7.360144e+02 2.848569e+01
      vertex   3.041662e+02 7.360144e+02 0.000000e+00
      vertex   3.447736e+02 7.399960e+02 2.349757e+01
    endloop
  endfacet
  facet normal 9.758315e-02 -9.952274e-01 8.761529e-15
    outer loop
      vertex   3.447736e+02 7.399960e+02 2.349757e+01
      vertex   3.041662e+02 7.360144e+02 0.000000e+00
      vertex   3.505541e+02 7.405628e+02 0.000000e+00
    endloop
  endfacet
  facet normal 9.758315e-02 -9.952274e-01 0.000000e+00
    outer loop
      vertex   3.447736e+02 7.399960e+02 2.349757e+01
      vertex   3.505541e+02 7.405628e+02 0.000000e+00
      vertex   3.505541e+02 7.405628e+02 2.278781e+01
    endloop
  endfacet
  facet normal 9.122611e-01 4.096092e-01 -0.000000e+00
    outer loop
      vertex   2.966824e+02 7.305626e+02 3.443996e+01
      vertex   2.962506e+02 7.315244e+02 3.449298e+01
      vertex   2.966824e+02 7.305626e+02 3.593996e+01
    endloop
  endfacet
  facet normal 9.122611e-01 4.096092e-01 3.103154e-14
    outer loop
      vertex   2.966824e+02 7.305626e+02 3.593996e+01
      vertex   2.962506e+02 7.315244e+02 3.449298e+01
      vertex   2.962506e+02 7.315244e+02 3.599298e+01
    endloop
  endfacet
  facet normal 9.810826e-01 1.935898e-01 1.467241e-14
    outer loop
      vertex   2.962506e+02 7.315244e+02 3.599298e+01
      vertex   2.962506e+02 7.315244e+02 3.449298e+01
      vertex   2.960465e+02 7.325586e+02 3.451804e+01
    endloop
  endfacet
  facet normal 9.810826e-01 1.935898e-01 1.467328e-14
    outer loop
      vertex   2.962506e+02 7.315244e+02 3.599298e+01
      vertex   2.960465e+02 7.325586e+02 3.451804e+01
      vertex   2.960465e+02 7.325586e+02 3.601804e+01
    endloop
  endfacet
  facet normal 9.994756e-01 -3.238037e-02 -2.454148e-15
    outer loop
      vertex   2.960465e+02 7.325586e+02 3.601804e+01
      vertex   2.960465e+02 7.325586e+02 3.451804e+01
      vertex   2.960807e+02 7.336123e+02 3.601385e+01
    endloop
  endfacet
  facet normal 9.994756e-01 -3.238037e-02 3.542159e-14
    outer loop
      vertex   2.960807e+02 7.336123e+02 3.601385e+01
      vertex   2.960465e+02 7.325586e+02 3.451804e+01
      vertex   2.960807e+02 7.336123e+02 3.451385e+01
    endloop
  endfacet
  facet normal 9.664948e-01 -2.566861e-01 1.717136e-14
    outer loop
      vertex   2.960807e+02 7.336123e+02 3.601385e+01
      vertex   2.960807e+02 7.336123e+02 3.451385e+01
      vertex   2.963513e+02 7.346312e+02 3.598063e+01
    endloop
  endfacet
  facet normal 9.664948e-01 -2.566861e-01 3.662591e-14
    outer loop
      vertex   2.963513e+02 7.346312e+02 3.598063e+01
      vertex   2.960807e+02 7.336123e+02 3.451385e+01
      vertex   2.963513e+02 7.346312e+02 3.448063e+01
    endloop
  endfacet
  facet normal 8.838354e-01 -4.677980e-01 3.349348e-14
    outer loop
      vertex   2.963513e+02 7.346312e+02 3.598063e+01
      vertex   2.963513e+02 7.346312e+02 3.448063e+01
      vertex   2.968444e+02 7.355630e+02 3.592007e+01
    endloop
  endfacet
  facet normal 8.838354e-01 -4.677980e-01 -1.961501e-15
    outer loop
      vertex   2.968444e+02 7.355630e+02 3.592007e+01
      vertex   2.963513e+02 7.346312e+02 3.448063e+01
      vertex   2.968444e+02 7.355630e+02 3.442007e+01
    endloop
  endfacet
  facet normal 7.557461e-01 -6.548647e-01 -2.099354e-14
    outer loop
      vertex   2.968444e+02 7.355630e+02 3.592007e+01
      vertex   2.968444e+02 7.355630e+02 3.442007e+01
      vertex   2.975348e+02 7.363597e+02 3.583530e+01
    endloop
  endfacet
  facet normal 7.557461e-01 -6.548647e-01 2.863946e-14
    outer loop
      vertex   2.975348e+02 7.363597e+02 3.583530e+01
      vertex   2.968444e+02 7.355630e+02 3.442007e+01
      vertex   2.975348e+02 7.363597e+02 3.433530e+01
    endloop
  endfacet
  facet normal 5.888109e-01 -8.082708e-01 2.231335e-14
    outer loop
      vertex   2.975348e+02 7.363597e+02 3.583530e+01
      vertex   2.975348e+02 7.363597e+02 3.433530e+01
      vertex   2.983869e+02 7.369805e+02 3.573068e+01
    endloop
  endfacet
  facet normal 5.888109e-01 -8.082708e-01 0.000000e+00
    outer loop
      vertex   2.983869e+02 7.369805e+02 3.573068e+01
      vertex   2.975348e+02 7.363597e+02 3.433530e+01
      vertex   2.983869e+02 7.369805e+02 3.423068e+01
    endloop
  endfacet
  facet normal 3.916103e-01 -9.201312e-01 0.000000e+00
    outer loop
      vertex   2.983869e+02 7.369805e+02 3.573068e+01
      vertex   2.983869e+02 7.369805e+02 3.423068e+01
      vertex   2.993570e+02 7.373933e+02 3.561157e+01
    endloop
  endfacet
  facet normal 3.916103e-01 -9.201312e-01 0.000000e+00
    outer loop
      vertex   2.993570e+02 7.373933e+02 3.561157e+01
      vertex   2.983869e+02 7.369805e+02 3.423068e+01
      vertex   2.993570e+02 7.373933e+02 3.411157e+01
    endloop
  endfacet
  facet normal 1.742806e-01 -9.846960e-01 0.000000e+00
    outer loop
      vertex   2.993570e+02 7.373933e+02 3.561157e+01
      vertex   2.993570e+02 7.373933e+02 3.411157e+01
      vertex   3.003951e+02 7.375771e+02 3.548411e+01
    endloop
  endfacet
  facet normal 1.742806e-01 -9.846960e-01 -6.604471e-15
    outer loop
      vertex   3.003951e+02 7.375771e+02 3.548411e+01
      vertex   2.993570e+02 7.373933e+02 3.411157e+01
      vertex   3.003951e+02 7.375771e+02 3.398411e+01
    endloop
  endfacet
  facet normal -5.200722e-02 -9.986467e-01 1.970845e-15
    outer loop
      vertex   3.003951e+02 7.375771e+02 3.548411e+01
      vertex   3.003951e+02 7.375771e+02 3.398411e+01
      vertex   3.014479e+02 7.375222e+02 3.535484e+01
    endloop
  endfacet
  facet normal -5.200722e-02 -9.986467e-01 -7.371781e-14
    outer loop
      vertex   3.014479e+02 7.375222e+02 3.535484e+01
      vertex   3.003951e+02 7.375771e+02 3.398411e+01
      vertex   3.014479e+02 7.375222e+02 3.385484e+01
    endloop
  endfacet
  facet normal -2.756218e-01 -9.612661e-01 -6.241068e-14
    outer loop
      vertex   3.014479e+02 7.375222e+02 3.535484e+01
      vertex   3.014479e+02 7.375222e+02 3.385484e+01
      vertex   3.024613e+02 7.372317e+02 3.523041e+01
    endloop
  endfacet
  facet normal -2.756218e-01 -9.612661e-01 2.088972e-14
    outer loop
      vertex   3.024613e+02 7.372317e+02 3.523041e+01
      vertex   3.014479e+02 7.375222e+02 3.385484e+01
      vertex   3.024613e+02 7.372317e+02 3.373041e+01
    endloop
  endfacet
  facet normal -4.850693e-01 -8.744757e-01 3.676400e-14
    outer loop
      vertex   3.024613e+02 7.372317e+02 3.523041e+01
      vertex   3.024613e+02 7.372317e+02 3.373041e+01
      vertex   3.033832e+02 7.367203e+02 3.511722e+01
    endloop
  endfacet
  facet normal -4.850693e-01 -8.744757e-01 3.676400e-14
    outer loop
      vertex   3.033832e+02 7.367203e+02 3.511722e+01
      vertex   3.024613e+02 7.372317e+02 3.373041e+01
      vertex   3.033832e+02 7.367203e+02 3.361722e+01
    endloop
  endfacet
  facet normal -6.695838e-01 -7.427365e-01 5.074857e-14
    outer loop
      vertex   3.033832e+02 7.367203e+02 3.511722e+01
      vertex   3.033832e+02 7.367203e+02 3.361722e+01
      vertex   3.041662e+02 7.360144e+02 3.502107e+01
    endloop
  endfacet
  facet normal -6.695838e-01 -7.427365e-01 -0.000000e+00
    outer loop
      vertex   3.041662e+02 7.360144e+02 3.502107e+01
      vertex   3.033832e+02 7.367203e+02 3.361722e+01
      vertex   3.041662e+02 7.360144e+02 3.352107e+01
    endloop
  endfacet
  facet normal -9.758315e-02 9.952274e-01 0.000000e+00
    outer loop
      vertex   2.954045e+02 7.401793e+02 3.408200e+01
      vertex   3.505593e+02 7.455873e+02 2.730984e+01
      vertex   2.954045e+02 7.401793e+02 0.000000e+00
    endloop
  endfacet
  facet normal -9.758315e-02 9.952274e-01 0.000000e+00
    outer loop
      vertex   2.954045e+02 7.401793e+02 0.000000e+00
      vertex   3.505593e+02 7.455873e+02 2.730984e+01
      vertex   3.505593e+02 7.455873e+02 0.000000e+00
    endloop
  endfacet
  facet normal 9.962522e-02 9.950250e-01 0.000000e+00
    outer loop
      vertex   3.505593e+02 7.455873e+02 2.730984e+01
      vertex   4.265030e+02 7.379835e+02 1.798513e+01
      vertex   3.505593e+02 7.455873e+02 0.000000e+00
    endloop
  endfacet
  facet normal 9.962522e-02 9.950250e-01 0.000000e+00
    outer loop
      vertex   3.505593e+02 7.455873e+02 0.000000e+00
      vertex   4.265030e+02 7.379835e+02 1.798513e+01
      vertex   4.265030e+02 7.379835e+02 0.000000e+00
    endloop
  endfacet
  facet normal 1.000000e+00 0.000000e+00 0.000000e+00
    outer loop
      vertex   4.265030e+02 7.379687e+02 1.800000e+01
      vertex   4.265030e+02 6.450144e+02 1.800000e+01
      vertex   4.265030e+02 7.379835e+02 1.798513e+01
    endloop
  endfacet
  facet normal 1.000000e+00 0.000000e+00 0.000000e+00
    outer loop
      vertex   4.265030e+02 7.379835e+02 1.798513e+01
      vertex   4.265030e+02 6.450144e+02 1.800000e+01
      vertex   4.265030e+02 6.450000e+02 1.798606e+01
    endloop
  endfacet
  facet normal 1.000000e+00 0.000000e+00 0.000000e+00
    outer loop
      vertex   4.265030e+02 7.379835e+02 1.798513e+01
      vertex   4.265030e+02 6.450000e+02 1.798606e+01
      vertex   4.265030e+02 6.450000e+02 0.000000e+00
    endloop
  endfacet
  facet normal 1.000000e+00 0.000000e+00 0.000000e+00
    outer loop
      vertex   4.265030e+02 6.450000e+02 0.000000e+00
      vertex   4.265030e+02 7.379835e+02 0.000000e+00
      vertex   4.265030e+02 7.379835e+02 1.798513e+01
    endloop
  endfacet
  facet normal 2.691037e-01 -9.631112e-01 0.000000e+00
    outer loop
      vertex   2.930155e+02 6.077021e+02 3.437627e+01
      vertex   2.930155e+02 6.077021e+02 0.000000e+00
      vertex   4.265030e+02 6.450000e+02 1.798606e+01
    endloop
  endfacet
  facet normal 2.691037e-01 -9.631112e-01 0.000000e+00
    outer loop
      vertex   4.265030e+02 6.450000e+02 1.798606e+01
      vertex   2.930155e+02 6.077021e+02 0.000000e+00
      vertex   4.265030e+02 6.450000e+02 0.000000e+00
    endloop
  endfacet
  facet normal 8.944272e-01 4.472136e-01 -0.000000e+00
    outer loop
      vertex   2.929632e+02 6.189872e+02 3.489663e+01
      vertex   2.757515e+02 6.534105e+02 3.700996e+01
      vertex   2.929632e+02 6.189872e+02 3.639663e+01
    endloop
  endfacet
  facet normal 8.944272e-01 4.472136e-01 0.000000e+00
    outer loop
      vertex   2.929632e+02 6.189872e+02 3.639663e+01
      vertex   2.757515e+02 6.534105e+02 3.700996e+01
      vertex   2.757515e+02 6.534105e+02 3.850996e+01
    endloop
  endfacet
  facet normal -2.720301e-01 6.701243e-01 -6.906034e-01
    outer loop
      vertex   4.144388e+02 6.509739e+02 1.897162e+01
      vertex   4.145556e+02 6.499317e+02 1.791429e+01
      vertex   3.008393e+02 6.192339e+02 3.291988e+01
    endloop
  endfacet
  facet normal -2.720301e-01 6.701243e-01 -6.906034e-01
    outer loop
      vertex   3.008393e+02 6.192339e+02 3.291988e+01
      vertex   4.145556e+02 6.499317e+02 1.791429e+01
      vertex   4.149031e+02 6.489422e+02 1.681726e+01
    endloop
  endfacet
  facet normal -2.720301e-01 6.701243e-01 -6.906034e-01
    outer loop
      vertex   3.008393e+02 6.192339e+02 3.291988e+01
      vertex   4.149031e+02 6.489422e+02 1.681726e+01
      vertex   4.154634e+02 6.480557e+02 1.573634e+01
    endloop
  endfacet
  facet normal -2.720301e-01 6.701243e-01 -6.906034e-01
    outer loop
      vertex   4.154634e+02 6.480557e+02 1.573634e+01
      vertex   4.162082e+02 6.473173e+02 1.472650e+01
      vertex   3.008393e+02 6.192339e+02 3.291988e+01
    endloop
  endfacet
  facet normal -2.720301e-01 6.701243e-01 -6.906034e-01
    outer loop
      vertex   3.008393e+02 6.192339e+02 3.291988e+01
      vertex   4.162082e+02 6.473173e+02 1.472650e+01
      vertex   3.013189e+02 6.183107e+02 3.183517e+01
    endloop
  endfacet
  facet normal -2.720301e-01 6.701243e-01 -6.906034e-01
    outer loop
      vertex   3.013189e+02 6.183107e+02 3.183517e+01
      vertex   4.162082e+02 6.473173e+02 1.472650e+01
      vertex   3.015812e+02 6.173040e+02 3.075499e+01
    endloop
  endfacet
  facet normal -2.720301e-01 6.701243e-01 -6.906034e-01
    outer loop
      vertex   3.015812e+02 6.173040e+02 3.075499e+01
      vertex   4.162082e+02 6.473173e+02 1.472650e+01
      vertex   3.016132e+02 6.162642e+02 2.973340e+01
    endloop
  endfacet
  facet normal -2.720301e-01 6.701243e-01 -6.906034e-01
    outer loop
      vertex   3.016132e+02 6.162642e+02 2.973340e+01
      vertex   4.162082e+02 6.473173e+02 1.472650e+01
      vertex   3.015418e+02 6.157481e+02 2.926075e+01
    endloop
  endfacet
  facet normal -2.720301e-01 6.701243e-01 -6.906034e-01
    outer loop
      vertex   3.015418e+02 6.157481e+02 2.926075e+01
      vertex   4.162082e+02 6.473173e+02 1.472650e+01
      vertex   3.014132e+02 6.152433e+02 2.882155e+01
    endloop
  endfacet
  facet normal -1.218693e-01 -3.901584e-13 -9.925462e-01
    outer loop
      vertex   4.162082e+02 6.473173e+02 1.472650e+01
      vertex   4.162089e+02 6.473168e+02 1.472641e+01
      vertex   3.014132e+02 6.152433e+02 2.882155e+01
    endloop
  endfacet
  facet normal -1.218693e-01 5.280128e-12 -9.925462e-01
    outer loop
      vertex   3.014132e+02 6.152433e+02 2.882155e+01
      vertex   4.162089e+02 6.473168e+02 1.472641e+01
      vertex   4.162096e+02 6.473162e+02 1.472633e+01
    endloop
  endfacet
  facet normal -1.218693e-01 5.280864e-12 -9.925462e-01
    outer loop
      vertex   3.014132e+02 6.152433e+02 2.882155e+01
      vertex   4.162096e+02 6.473162e+02 1.472633e+01
      vertex   4.162103e+02 6.473157e+02 1.472624e+01
    endloop
  endfacet
  facet normal -1.218693e-01 -4.405576e-12 -9.925462e-01
    outer loop
      vertex   3.014124e+02 6.152408e+02 2.882164e+01
      vertex   3.014127e+02 6.152416e+02 2.882161e+01
      vertex   4.162103e+02 6.473157e+02 1.472624e+01
    endloop
  endfacet
  facet normal -1.218693e-01 7.919995e-12 -9.925462e-01
    outer loop
      vertex   4.162103e+02 6.473157e+02 1.472624e+01
      vertex   3.014127e+02 6.152416e+02 2.882161e+01
      vertex   3.014129e+02 6.152425e+02 2.882158e+01
    endloop
  endfacet
  facet normal -1.218693e-01 -5.279362e-12 -9.925462e-01
    outer loop
      vertex   4.162103e+02 6.473157e+02 1.472624e+01
      vertex   3.014129e+02 6.152425e+02 2.882158e+01
      vertex   3.014132e+02 6.152433e+02 2.882155e+01
    endloop
  endfacet
  facet normal -2.690966e-01 9.631132e-01 0.000000e+00
    outer loop
      vertex   4.144388e+02 6.509739e+02 1.897162e+01
      vertex   3.008393e+02 6.192339e+02 3.291988e+01
      vertex   4.144388e+02 6.509739e+02 1.998130e+01
    endloop
  endfacet
  facet normal -2.690966e-01 9.631132e-01 0.000000e+00
    outer loop
      vertex   4.144388e+02 6.509739e+02 1.998130e+01
      vertex   3.008393e+02 6.192339e+02 3.291988e+01
      vertex   3.008393e+02 6.192339e+02 3.392956e+01
    endloop
  endfacet
  facet normal 6.626200e-01 0.000000e+00 -7.489557e-01
    outer loop
      vertex   2.797515e+02 6.771746e+02 3.548127e+01
      vertex   2.797515e+02 6.543414e+02 3.548127e+01
      vertex   2.787058e+02 6.770564e+02 3.455610e+01
    endloop
  endfacet
  facet normal 6.626200e-01 9.679667e-16 -7.489557e-01
    outer loop
      vertex   2.787058e+02 6.770564e+02 3.455610e+01
      vertex   2.797515e+02 6.543414e+02 3.548127e+01
      vertex   2.776603e+02 6.771763e+02 3.363111e+01
    endloop
  endfacet
  facet normal 6.626200e-01 -3.196081e-16 -7.489557e-01
    outer loop
      vertex   2.776603e+02 6.771763e+02 3.363111e+01
      vertex   2.797515e+02 6.543414e+02 3.548127e+01
      vertex   2.757813e+02 6.534042e+02 3.196875e+01
    endloop
  endfacet
  facet normal 6.626200e-01 6.861320e-18 -7.489557e-01
    outer loop
      vertex   2.776603e+02 6.771763e+02 3.363111e+01
      vertex   2.757813e+02 6.534042e+02 3.196875e+01
      vertex   2.766685e+02 6.775283e+02 3.275368e+01
    endloop
  endfacet
  facet normal 6.626200e-01 0.000000e+00 -7.489557e-01
    outer loop
      vertex   2.766685e+02 6.775283e+02 3.275368e+01
      vertex   2.757813e+02 6.534042e+02 3.196875e+01
      vertex   2.757813e+02 6.780943e+02 3.196875e+01
    endloop
  endfacet
  facet normal 5.787326e-01 3.350132e-01 -7.435286e-01
    outer loop
      vertex   2.757813e+02 6.534042e+02 3.196875e+01
      vertex   2.797515e+02 6.543414e+02 3.548127e+01
      vertex   2.929776e+02 6.190117e+02 2.985731e+01
    endloop
  endfacet
  facet normal 5.787326e-01 3.350132e-01 -7.435286e-01
    outer loop
      vertex   2.929776e+02 6.190117e+02 2.985731e+01
      vertex   2.797515e+02 6.543414e+02 3.548127e+01
      vertex   2.936001e+02 6.198372e+02 3.071378e+01
    endloop
  endfacet
  facet normal 5.787326e-01 3.350132e-01 -7.435286e-01
    outer loop
      vertex   2.936001e+02 6.198372e+02 3.071378e+01
      vertex   2.797515e+02 6.543414e+02 3.548127e+01
      vertex   2.943896e+02 6.205047e+02 3.162908e+01
    endloop
  endfacet
  facet normal 5.787326e-01 3.350132e-01 -7.435286e-01
    outer loop
      vertex   2.943896e+02 6.205047e+02 3.162908e+01
      vertex   2.797515e+02 6.543414e+02 3.548127e+01
      vertex   2.953071e+02 6.209813e+02 3.255796e+01
    endloop
  endfacet
  facet normal 5.787326e-01 3.350132e-01 -7.435286e-01
    outer loop
      vertex   2.953071e+02 6.209813e+02 3.255796e+01
      vertex   2.797515e+02 6.543414e+02 3.548127e+01
      vertex   2.797515e+02 6.543548e+02 3.548730e+01
    endloop
  endfacet
  facet normal 5.787326e-01 3.350132e-01 -7.435286e-01
    outer loop
      vertex   2.953071e+02 6.209813e+02 3.255796e+01
      vertex   2.797515e+02 6.543548e+02 3.548730e+01
      vertex   2.963072e+02 6.212434e+02 3.345451e+01
    endloop
  endfacet
  facet normal 8.944272e-01 4.472136e-01 -0.000000e+00
    outer loop
      vertex   2.963072e+02 6.212434e+02 3.345451e+01
      vertex   2.797515e+02 6.543548e+02 3.548730e+01
      vertex   2.963072e+02 6.212434e+02 3.448603e+01
    endloop
  endfacet
  facet normal 8.944272e-01 4.472136e-01 0.000000e+00
    outer loop
      vertex   2.963072e+02 6.212434e+02 3.448603e+01
      vertex   2.797515e+02 6.543548e+02 3.548730e+01
      vertex   2.797515e+02 6.543548e+02 3.651882e+01
    endloop
  endfacet
  facet normal -1.218693e-01 9.332876e-14 -9.925462e-01
    outer loop
      vertex   2.929776e+02 6.190117e+02 2.985731e+01
      vertex   2.929728e+02 6.190035e+02 2.985790e+01
      vertex   2.757813e+02 6.534042e+02 3.196875e+01
    endloop
  endfacet
  facet normal -1.218693e-01 4.617082e-14 -9.925462e-01
    outer loop
      vertex   2.757813e+02 6.534042e+02 3.196875e+01
      vertex   2.929728e+02 6.190035e+02 2.985790e+01
      vertex   2.929680e+02 6.189953e+02 2.985849e+01
    endloop
  endfacet
  facet normal -1.218693e-01 0.000000e+00 -9.925462e-01
    outer loop
      vertex   2.757813e+02 6.534042e+02 3.196875e+01
      vertex   2.929680e+02 6.189953e+02 2.985849e+01
      vertex   2.929632e+02 6.189872e+02 2.985908e+01
    endloop
  endfacet
  facet normal -1.218693e-01 -2.306475e-14 -9.925462e-01
    outer loop
      vertex   2.929632e+02 6.189872e+02 2.985908e+01
      vertex   2.757515e+02 6.534105e+02 3.197241e+01
      vertex   2.757813e+02 6.534042e+02 3.196875e+01
    endloop
  endfacet
  facet normal -1.218693e-01 0.000000e+00 -9.925462e-01
    outer loop
      vertex   2.757813e+02 6.534042e+02 3.196875e+01
      vertex   2.757515e+02 6.534105e+02 3.197241e+01
      vertex   2.757813e+02 6.780943e+02 3.196875e+01
    endloop
  endfacet
  facet normal -1.218693e-01 7.116165e-16 -9.925462e-01
    outer loop
      vertex   2.757813e+02 6.780943e+02 3.196875e+01
      vertex   2.757515e+02 6.534105e+02 3.197241e+01
      vertex   2.757714e+02 6.781024e+02 3.196997e+01
    endloop
  endfacet
  facet normal -1.218693e-01 -2.761664e-16 -9.925462e-01
    outer loop
      vertex   2.757714e+02 6.781024e+02 3.196997e+01
      vertex   2.757515e+02 6.534105e+02 3.197241e+01
      vertex   2.757614e+02 6.781106e+02 3.197119e+01
    endloop
  endfacet
  facet normal -1.218693e-01 0.000000e+00 -9.925462e-01
    outer loop
      vertex   2.757614e+02 6.781106e+02 3.197119e+01
      vertex   2.757515e+02 6.534105e+02 3.197241e+01
      vertex   2.757515e+02 6.781187e+02 3.197241e+01
    endloop
  endfacet
  facet normal 7.160553e-01 6.980436e-01 -0.000000e+00
    outer loop
      vertex   2.757515e+02 6.781187e+02 3.700996e+01
      vertex   2.750479e+02 6.788404e+02 3.709635e+01
      vertex   2.757515e+02 6.781187e+02 3.850996e+01
    endloop
  endfacet
  facet normal 7.160553e-01 6.980436e-01 -2.577466e-14
    outer loop
      vertex   2.757515e+02 6.781187e+02 3.850996e+01
      vertex   2.750479e+02 6.788404e+02 3.709635e+01
      vertex   2.750479e+02 6.788404e+02 3.859635e+01
    endloop
  endfacet
  facet normal 8.496503e-01 5.273465e-01 -7.770216e-15
    outer loop
      vertex   2.750479e+02 6.788404e+02 3.859635e+01
      vertex   2.750479e+02 6.788404e+02 3.709635e+01
      vertex   2.745164e+02 6.796968e+02 3.716161e+01
    endloop
  endfacet
  facet normal 8.496503e-01 5.273465e-01 -7.996752e-14
    outer loop
      vertex   2.750479e+02 6.788404e+02 3.859635e+01
      vertex   2.745164e+02 6.796968e+02 3.716161e+01
      vertex   2.745164e+02 6.796968e+02 3.866161e+01
    endloop
  endfacet
  facet normal 9.433244e-01 3.318719e-01 -5.030596e-14
    outer loop
      vertex   2.745164e+02 6.796968e+02 3.866161e+01
      vertex   2.745164e+02 6.796968e+02 3.716161e+01
      vertex   2.741819e+02 6.806476e+02 3.720268e+01
    endloop
  endfacet
  facet normal 9.433244e-01 3.318719e-01 3.572470e-14
    outer loop
      vertex   2.745164e+02 6.796968e+02 3.866161e+01
      vertex   2.741819e+02 6.806476e+02 3.720268e+01
      vertex   2.741819e+02 6.806476e+02 3.870268e+01
    endloop
  endfacet
  facet normal 9.926763e-01 1.208043e-01 3.761808e-14
    outer loop
      vertex   2.741819e+02 6.806476e+02 3.870268e+01
      vertex   2.741819e+02 6.806476e+02 3.720268e+01
      vertex   2.740601e+02 6.816482e+02 3.721763e+01
    endloop
  endfacet
  facet normal 9.926763e-01 1.208043e-01 0.000000e+00
    outer loop
      vertex   2.741819e+02 6.806476e+02 3.870268e+01
      vertex   2.740601e+02 6.816482e+02 3.721763e+01
      vertex   2.740601e+02 6.816482e+02 3.871763e+01
    endloop
  endfacet
  facet normal 9.953872e-01 -9.593926e-02 0.000000e+00
    outer loop
      vertex   2.740601e+02 6.816482e+02 3.871763e+01
      vertex   2.740601e+02 6.816482e+02 3.721763e+01
      vertex   2.741568e+02 6.826515e+02 3.870576e+01
    endloop
  endfacet
  facet normal 9.953872e-01 -9.593926e-02 7.271354e-15
    outer loop
      vertex   2.741568e+02 6.826515e+02 3.870576e+01
      vertex   2.740601e+02 6.816482e+02 3.721763e+01
      vertex   2.741568e+02 6.826515e+02 3.720576e+01
    endloop
  endfacet
  facet normal 9.513296e-01 -3.081751e-01 2.335697e-14
    outer loop
      vertex   2.741568e+02 6.826515e+02 3.870576e+01
      vertex   2.741568e+02 6.826515e+02 3.720576e+01
      vertex   2.744674e+02 6.836104e+02 3.866762e+01
    endloop
  endfacet
  facet normal 9.513296e-01 -3.081751e-01 0.000000e+00
    outer loop
      vertex   2.744674e+02 6.836104e+02 3.866762e+01
      vertex   2.741568e+02 6.826515e+02 3.720576e+01
      vertex   2.744674e+02 6.836104e+02 3.716762e+01
    endloop
  endfacet
  facet normal 8.625737e-01 -5.059314e-01 0.000000e+00
    outer loop
      vertex   2.744674e+02 6.836104e+02 3.866762e+01
      vertex   2.744674e+02 6.836104e+02 3.716762e+01
      vertex   2.749774e+02 6.844798e+02 3.860501e+01
    endloop
  endfacet
  facet normal 8.625737e-01 -5.059314e-01 5.657399e-15
    outer loop
      vertex   2.749774e+02 6.844798e+02 3.860501e+01
      vertex   2.744674e+02 6.836104e+02 3.716762e+01
      vertex   2.749774e+02 6.844798e+02 3.710501e+01
    endloop
  endfacet
  facet normal 7.332897e-01 -6.799164e-01 2.374323e-14
    outer loop
      vertex   2.749774e+02 6.844798e+02 3.860501e+01
      vertex   2.749774e+02 6.844798e+02 3.710501e+01
      vertex   2.756627e+02 6.852189e+02 3.852086e+01
    endloop
  endfacet
  facet normal 7.332897e-01 -6.799164e-01 5.153169e-14
    outer loop
      vertex   2.756627e+02 6.852189e+02 3.852086e+01
      vertex   2.749774e+02 6.844798e+02 3.710501e+01
      vertex   2.756627e+02 6.852189e+02 3.702086e+01
    endloop
  endfacet
  facet normal 5.695519e-01 -8.219554e-01 6.229700e-14
    outer loop
      vertex   2.756627e+02 6.852189e+02 3.852086e+01
      vertex   2.756627e+02 6.852189e+02 3.702086e+01
      vertex   2.764912e+02 6.857930e+02 3.841914e+01
    endloop
  endfacet
  facet normal 5.695519e-01 -8.219554e-01 0.000000e+00
    outer loop
      vertex   2.764912e+02 6.857930e+02 3.841914e+01
      vertex   2.756627e+02 6.852189e+02 3.702086e+01
      vertex   2.764912e+02 6.857930e+02 3.691914e+01
    endloop
  endfacet
  facet normal 3.790537e-01 -9.253747e-01 0.000000e+00
    outer loop
      vertex   2.764912e+02 6.857930e+02 3.841914e+01
      vertex   2.764912e+02 6.857930e+02 3.691914e+01
      vertex   2.774239e+02 6.861750e+02 3.830461e+01
    endloop
  endfacet
  facet normal 3.790537e-01 -9.253747e-01 0.000000e+00
    outer loop
      vertex   2.774239e+02 6.861750e+02 3.830461e+01
      vertex   2.764912e+02 6.857930e+02 3.691914e+01
      vertex   2.774239e+02 6.861750e+02 3.680461e+01
    endloop
  endfacet
  facet normal 1.000000e+00 0.000000e+00 0.000000e+00
    outer loop
      vertex   2.797515e+02 6.543414e+02 3.548127e+01
      vertex   2.797515e+02 6.771746e+02 3.548127e+01
      vertex   2.797515e+02 6.543548e+02 3.548730e+01
    endloop
  endfacet
  facet normal 1.000000e+00 -0.000000e+00 0.000000e+00
    outer loop
      vertex   2.797515e+02 6.543548e+02 3.548730e+01
      vertex   2.797515e+02 6.771746e+02 3.548127e+01
      vertex   2.797515e+02 6.771746e+02 3.651882e+01
    endloop
  endfacet
  facet normal 1.000000e+00 0.000000e+00 0.000000e+00
    outer loop
      vertex   2.797515e+02 6.543548e+02 3.548730e+01
      vertex   2.797515e+02 6.771746e+02 3.651882e+01
      vertex   2.797515e+02 6.543548e+02 3.651882e+01
    endloop
  endfacet
endsolid
